solid OpenSCAD_Model
  facet normal -0.695442637437805 -0.7185816154296947 0
    outer loop
      vertex -8.647442623972893 4.0172194838523865 0
      vertex -8.944900780916214 4.305099219083786 2.4
      vertex -8.944900780916214 4.305099219083786 0
    endloop
  endfacet
  facet normal 0 0 -1
    outer loop
      vertex -8.340724557638168 3.7392264381051064 0
      vertex -7.80238024271607 3.294674599024961 0
      vertex -7.905000001192093 3.3761194297272414 0
    endloop
  endfacet
  facet normal 0 0 -1
    outer loop
      vertex -8.025075048208237 3.471417762339115 0
      vertex -8.340724557638168 3.7392264381051064 0
      vertex -7.905000001192093 3.3761194297272414 0
    endloop
  endfacet
  facet normal 0 0 -1
    outer loop
      vertex -8.340724557638168 3.7392264381051064 0
      vertex -7.676158741116524 3.8965735137462616 0
      vertex -7.80238024271607 3.294674599024961 0
    endloop
  endfacet
  facet normal -0.6216605661295906 -0.7832867549751092 -1.9324715518803688e-18
    outer loop
      vertex -8.025075048208237 3.471417762339115 0
      vertex -7.905000001192093 3.3761194297272414 0
      vertex -7.905000001192093 3.3761194297272414 2.4
    endloop
  endfacet
  facet normal -0.6469561682723958 -0.7625271905540808 0
    outer loop
      vertex -8.025075048208237 3.471417762339115 0
      vertex -8.340724557638168 3.7392264381051064 2.4
      vertex -8.340724557638168 3.7392264381051064 0
    endloop
  endfacet
  facet normal 0 0 -1
    outer loop
      vertex -8.340724557638168 3.7392264381051064 0
      vertex -8.647442623972893 4.0172194838523865 0
      vertex -7.676158741116524 3.8965735137462616 0
    endloop
  endfacet
  facet normal -0.6715589477353039 -0.7409511318006413 0
    outer loop
      vertex -8.340724557638168 3.7392264381051064 0
      vertex -8.647442623972893 4.0172194838523865 2.4
      vertex -8.647442623972893 4.0172194838523865 0
    endloop
  endfacet
  facet normal -0.695442637437805 -0.7185816154296947 0
    outer loop
      vertex -8.647442623972893 4.0172194838523865 0
      vertex -8.647442623972893 4.0172194838523865 2.4
      vertex -8.944900780916214 4.305099219083786 2.4
    endloop
  endfacet
  facet normal -0.6216605661295906 -0.7832867549751092 0
    outer loop
      vertex -8.025075048208237 3.471417762339115 0
      vertex -7.905000001192093 3.3761194297272414 2.4
      vertex -8.025075048208237 3.471417762339115 2.4
    endloop
  endfacet
  facet normal -0.6469561682723958 -0.7625271905540808 0
    outer loop
      vertex -8.025075048208237 3.471417762339115 0
      vertex -8.025075048208237 3.471417762339115 2.4
      vertex -8.340724557638168 3.7392264381051064 2.4
    endloop
  endfacet
  facet normal -0.6715589477353039 -0.7409511318006413 0
    outer loop
      vertex -8.340724557638168 3.7392264381051064 0
      vertex -8.340724557638168 3.7392264381051064 2.4
      vertex -8.647442623972893 4.0172194838523865 2.4
    endloop
  endfacet
  facet normal 0 0 1
    outer loop
      vertex -8.025075048208237 3.471417762339115 2.4
      vertex -7.905000001192093 3.3761194297272414 2.4
      vertex -7.905000001192093 4 2.4
    endloop
  endfacet
  facet normal 0 0 1
    outer loop
      vertex -8.340724557638168 3.7392264381051064 2.4
      vertex -7.905000001192093 4 2.4
      vertex -8.647442623972893 4.0172194838523865 2.4
    endloop
  endfacet
  facet normal 0 0 1
    outer loop
      vertex -8.025075048208237 3.471417762339115 2.4
      vertex -7.905000001192093 4 2.4
      vertex -8.340724557638168 3.7392264381051064 2.4
    endloop
  endfacet
  facet normal -0.7625271905540808 -0.6469561682723958 0
    outer loop
      vertex -9.510773561894894 4.909275442361832 0
      vertex -9.778582237660885 5.224924951791763 2.4
      vertex -9.778582237660885 5.224924951791763 0
    endloop
  endfacet
  facet normal -0.7625271905540808 -0.6469561682723958 0
    outer loop
      vertex -9.510773561894894 4.909275442361832 0
      vertex -9.510773561894894 4.909275442361832 2.4
      vertex -9.778582237660885 5.224924951791763 2.4
    endloop
  endfacet
  facet normal -0.8222682253606736 -0.5691001366738622 0
    outer loop
      vertex -10.282510563731194 5.881657131016254 0
      vertex -10.518090598285198 6.2220365554094315 2.4
      vertex -10.518090598285198 6.2220365554094315 0
    endloop
  endfacet
  facet normal -0.7832867549751101 -0.6216605661295895 0
    outer loop
      vertex -9.778582237660885 5.224924951791763 0
      vertex -10.03591975569725 5.549167923629284 2.4
      vertex -10.03591975569725 5.549167923629284 0
    endloop
  endfacet
  facet normal -0.8032075248392601 -0.5956993134473041 0
    outer loop
      vertex -10.282510563731194 5.881657131016254 0
      vertex -10.03591975569725 5.549167923629284 0
      vertex -10.282510563731194 5.881657131016254 2.4
    endloop
  endfacet
  facet normal -0.8222682253606736 -0.5691001366738622 0
    outer loop
      vertex -10.282510563731194 5.881657131016254 0
      vertex -10.282510563731194 5.881657131016254 2.4
      vertex -10.518090598285198 6.2220365554094315 2.4
    endloop
  endfacet
  facet normal -0.8032075248392601 -0.5956993134473041 0
    outer loop
      vertex -10.03591975569725 5.549167923629284 0
      vertex -10.03591975569725 5.549167923629284 2.4
      vertex -10.282510563731194 5.881657131016254 2.4
    endloop
  endfacet
  facet normal -0.7832867549751101 -0.6216605661295895 0
    outer loop
      vertex -9.778582237660885 5.224924951791763 0
      vertex -9.778582237660885 5.224924951791763 2.4
      vertex -10.03591975569725 5.549167923629284 2.4
    endloop
  endfacet
  facet normal -0.874090341648113 -0.4857633936779152 0
    outer loop
      vertex -11.156303994357586 7.28683128207922 0
      vertex -10.955221354961395 6.924999997019768 0
      vertex -11.156303994357586 7.28683128207922 2.4
    endloop
  endfacet
  facet normal -0.8895160773651676 -0.4569038718471154 0
    outer loop
      vertex -11.156303994357586 7.28683128207922 0
      vertex -11.345440179109573 7.655048072338104 2.4
      vertex -11.345440179109573 7.655048072338104 0
    endloop
  endfacet
  facet normal -0.91749449793456 -0.3977484710967594 0
    outer loop
      vertex -11.522427387535572 8.029256075620651 0
      vertex -11.687076084315777 8.409054577350616 2.4
      vertex -11.687076084315777 8.409054577350616 0
    endloop
  endfacet
  facet normal -0.9039892893730374 -0.4275551013598493 0
    outer loop
      vertex -11.345440179109573 7.655048072338104 0
      vertex -11.522427387535572 8.029256075620651 2.4
      vertex -11.522427387535572 8.029256075620651 0
    endloop
  endfacet
  facet normal -0.8895160773651676 -0.4569038718471154 0
    outer loop
      vertex -11.156303994357586 7.28683128207922 0
      vertex -11.156303994357586 7.28683128207922 2.4
      vertex -11.345440179109573 7.655048072338104 2.4
    endloop
  endfacet
  facet normal -0.9039892893730374 -0.4275551013598493 0
    outer loop
      vertex -11.345440179109573 7.655048072338104 0
      vertex -11.345440179109573 7.655048072338104 2.4
      vertex -11.522427387535572 8.029256075620651 2.4
    endloop
  endfacet
  facet normal -0.91749449793456 -0.3977484710967594 0
    outer loop
      vertex -11.522427387535572 8.029256075620651 0
      vertex -11.522427387535572 8.029256075620651 2.4
      vertex -11.687076084315777 8.409054577350616 2.4
    endloop
  endfacet
  facet normal -0.8404484023680733 -0.5418915785994031 0
    outer loop
      vertex -10.518090598285198 6.2220365554094315 0
      vertex -10.742407597601414 6.569941692054272 2.4
      vertex -10.742407597601414 6.569941692054272 0
    endloop
  endfacet
  facet normal -0.8577286107976504 -0.5141027428628765 0
    outer loop
      vertex -10.742407597601414 6.569941692054272 0
      vertex -10.955221354961395 6.924999997019768 2.4
      vertex -10.955221354961395 6.924999997019768 0
    endloop
  endfacet
  facet normal -0.8577286107976504 -0.5141027428628765 0
    outer loop
      vertex -10.742407597601414 6.569941692054272 0
      vertex -10.742407597601414 6.569941692054272 2.4
      vertex -10.955221354961395 6.924999997019768 2.4
    endloop
  endfacet
  facet normal -0.8404484023680733 -0.5418915785994031 0
    outer loop
      vertex -10.518090598285198 6.2220365554094315 0
      vertex -10.518090598285198 6.2220365554094315 2.4
      vertex -10.742407597601414 6.569941692054272 2.4
    endloop
  endfacet
  facet normal -0.874090341648113 -0.4857633936779152 0
    outer loop
      vertex -10.955221354961395 6.924999997019768 0
      vertex -10.955221354961395 6.924999997019768 2.4
      vertex -11.156303994357586 7.28683128207922 2.4
    endloop
  endfacet
  facet normal -0.7185816154296947 -0.695442637437805 0
    outer loop
      vertex -9.232780516147614 4.602557376027107 0
      vertex -8.944900780916214 4.305099219083786 0
      vertex -9.232780516147614 4.602557376027107 2.4
    endloop
  endfacet
  facet normal -0.7409511318006413 -0.6715589477353039 0
    outer loop
      vertex -9.510773561894894 4.909275442361832 0
      vertex -9.232780516147614 4.602557376027107 0
      vertex -9.510773561894894 4.909275442361832 2.4
    endloop
  endfacet
  facet normal -0.7409511318006413 -0.6715589477353039 0
    outer loop
      vertex -9.510773561894894 4.909275442361832 2.4
      vertex -9.232780516147614 4.602557376027107 0
      vertex -9.232780516147614 4.602557376027107 2.4
    endloop
  endfacet
  facet normal -0.7185816154296947 -0.695442637437805 0
    outer loop
      vertex -8.944900780916214 4.305099219083786 0
      vertex -8.944900780916214 4.305099219083786 2.4
      vertex -9.232780516147614 4.602557376027107 2.4
    endloop
  endfacet
  facet normal 0 0 -1
    outer loop
      vertex -11.156303994357586 7.28683128207922 0
      vertex -11.345440179109573 7.655048072338104 0
      vertex -1.4549086464754049 7.759737116728221 0
    endloop
  endfacet
  facet normal 0 0 -1
    outer loop
      vertex -11.345440179109573 7.655048072338104 0
      vertex -11.522427387535572 8.029256075620651 0
      vertex -2.0025207207241866 8.10026418711198 0
    endloop
  endfacet
  facet normal 0 0 -1
    outer loop
      vertex -11.156303994357586 7.28683128207922 0
      vertex -0.42936590930785967 7.4486421285108495 0
      vertex -10.955221354961395 6.924999997019768 0
    endloop
  endfacet
  facet normal 0 0 1
    outer loop
      vertex -11.156303994357586 7.28683128207922 2.4
      vertex -1.6447500000000002 7.861209434251087 2.4
      vertex -11.345440179109573 7.655048072338104 2.4
    endloop
  endfacet
  facet normal 0 0 1
    outer loop
      vertex -11.345440179109573 7.655048072338104 2.4
      vertex -2.1689180587716765 8.236822953297903 2.4
      vertex -11.522427387535572 8.029256075620651 2.4
    endloop
  endfacet
  facet normal 0 0 1
    outer loop
      vertex -11.156303994357586 7.28683128207922 2.4
      vertex -10.955221354961395 6.924999997019768 2.4
      vertex -0.6417496142720539 7.4837068201135715 2.4
    endloop
  endfacet
  facet normal 0 0 -1
    outer loop
      vertex -3.512444593012333 1.6710219383239746 0
      vertex 3.512444593012333 1.6710219383239746 0
      vertex -3.131710447371006 1.5622975006699562 0
    endloop
  endfacet
  facet normal 0 0 -1
    outer loop
      vertex -3.131710447371006 1.5622975006699562 0
      vertex 3.131710447371006 1.5622975006699562 0
      vertex -2.7476227805018425 1.4660885483026505 0
    endloop
  endfacet
  facet normal 0 0 -1
    outer loop
      vertex -4.630469530820847 2.07105765491724 0
      vertex 4.630469530820847 2.07105765491724 0
      vertex -4.262225583195686 1.9255382865667343 0
    endloop
  endfacet
  facet normal 0 0 -1
    outer loop
      vertex -4.630469530820847 2.07105765491724 0
      vertex -4.993755057454109 2.2285477221012115 0
      vertex 4.993755057454109 2.2285477221012115 0
    endloop
  endfacet
  facet normal 0 0 -1
    outer loop
      vertex -3.512444593012333 1.6710219383239746 0
      vertex -3.88941752910614 1.7921454310417175 0
      vertex 3.88941752910614 1.7921454310417175 0
    endloop
  endfacet
  facet normal 0 0 -1
    outer loop
      vertex -4.262225583195686 1.9255382865667343 0
      vertex 4.630469530820847 2.07105765491724 0
      vertex -3.88941752910614 1.7921454310417175 0
    endloop
  endfacet
  facet normal 0 0 -1
    outer loop
      vertex -2.360592894256115 1.3824981078505516 0
      vertex 2.360592894256115 1.3824981078505516 0
      vertex -1.9710352271795273 1.3116156831383705 0
    endloop
  endfacet
  facet normal 0 0 -1
    outer loop
      vertex -1.9710352271795273 1.3116156831383705 0
      vertex 1.9710352271795273 1.3116156831383705 0
      vertex -1.57936692237854 1.2535171806812286 0
    endloop
  endfacet
  facet normal 0 0 -1
    outer loop
      vertex -1.57936692237854 1.2535171806812286 0
      vertex 1.57936692237854 1.2535171806812286 0
      vertex -1.1860073953866959 1.2082648053765297 0
    endloop
  endfacet
  facet normal 0 0 -1
    outer loop
      vertex -2.7476227805018425 1.4660885483026505 0
      vertex 2.7476227805018425 1.4660885483026505 0
      vertex -2.360592894256115 1.3824981078505516 0
    endloop
  endfacet
  facet normal 0 0 -1
    outer loop
      vertex -1.1860073953866959 1.2082648053765297 0
      vertex 1.1860073953866959 1.2082648053765297 0
      vertex -0.7913778647780418 1.1759070307016373 0
    endloop
  endfacet
  facet normal 0 0 -1
    outer loop
      vertex -0.3959009051322937 1.1564784944057465 0
      vertex -0.7913778647780418 1.1759070307016373 0
      vertex 0.7913778647780418 1.1759070307016373 0
    endloop
  endfacet
  facet normal 0 0 1
    outer loop
      vertex -3.512444593012333 1.6710219383239746 2.4
      vertex -3.131710447371006 1.5622975006699562 2.4
      vertex 4.262225583195686 1.9255382865667343 2.4
    endloop
  endfacet
  facet normal 0 0 1
    outer loop
      vertex -3.512444593012333 1.6710219383239746 2.4
      vertex 4.630469530820847 2.07105765491724 2.4
      vertex -3.88941752910614 1.7921454310417175 2.4
    endloop
  endfacet
  facet normal 0 0 1
    outer loop
      vertex -4.262225583195686 1.9255382865667343 2.4
      vertex -3.88941752910614 1.7921454310417175 2.4
      vertex 4.993755057454109 2.2285477221012115 2.4
    endloop
  endfacet
  facet normal 0 0 1
    outer loop
      vertex -4.630469530820847 2.07105765491724 2.4
      vertex -4.262225583195686 1.9255382865667343 2.4
      vertex 5.351693153381348 2.397839829325676 2.4
    endloop
  endfacet
  facet normal 0 0 1
    outer loop
      vertex -1.9710352271795273 1.3116156831383705 2.4
      vertex -1.57936692237854 1.2535171806812286 2.4
      vertex 2.360592894256115 1.3824981078505516 2.4
    endloop
  endfacet
  facet normal 0 0 1
    outer loop
      vertex -2.360592894256115 1.3824981078505516 2.4
      vertex -1.9710352271795273 1.3116156831383705 2.4
      vertex 3.131710447371006 1.5622975006699562 2.4
    endloop
  endfacet
  facet normal 0 0 1
    outer loop
      vertex -2.7476227805018425 1.4660885483026505 2.4
      vertex -2.360592894256115 1.3824981078505516 2.4
      vertex 3.131710447371006 1.5622975006699562 2.4
    endloop
  endfacet
  facet normal 0 0 1
    outer loop
      vertex -3.131710447371006 1.5622975006699562 2.4
      vertex -2.7476227805018425 1.4660885483026505 2.4
      vertex 3.88941752910614 1.7921454310417175 2.4
    endloop
  endfacet
  facet normal 0 0 1
    outer loop
      vertex -1.1860073953866959 1.2082648053765297 2.4
      vertex -0.7913778647780418 1.1759070307016373 2.4
      vertex 1.57936692237854 1.2535171806812286 2.4
    endloop
  endfacet
  facet normal 0 0 1
    outer loop
      vertex -1.57936692237854 1.2535171806812286 2.4
      vertex -1.1860073953866959 1.2082648053765297 2.4
      vertex 2.360592894256115 1.3824981078505516 2.4
    endloop
  endfacet
  facet normal 0 0 -1
    outer loop
      vertex -5.351693153381348 2.397839829325676 0
      vertex 5.351693153381348 2.397839829325676 0
      vertex -4.993755057454109 2.2285477221012115 0
    endloop
  endfacet
  facet normal 0 0 -1
    outer loop
      vertex -5.703900516033173 2.5787527039647102 0
      vertex 5.703900516033173 2.5787527039647102 0
      vertex -5.351693153381348 2.397839829325676 0
    endloop
  endfacet
  facet normal 0 0 -1
    outer loop
      vertex -6.722399815917015 3.189217694103718 0
      vertex 6.722399815917015 3.189217694103718 0
      vertex -6.389620989561081 2.9746536016464233 0
    endloop
  endfacet
  facet normal 0 0 -1
    outer loop
      vertex -5.703900516033173 2.5787527039647102 0
      vertex -6.049999997019768 2.771092616021633 0
      vertex 6.049999997019768 2.771092616021633 0
    endloop
  endfacet
  facet normal 0 0 -1
    outer loop
      vertex -6.389620989561081 2.9746536016464233 0
      vertex 6.722399815917015 3.189217694103718 0
      vertex -6.049999997019768 2.771092616021633 0
    endloop
  endfacet
  facet normal 0 0 -1
    outer loop
      vertex -8.647442623972893 4.0172194838523865 0
      vertex 8.944900780916214 4.305099219083786 0
      vertex -7.676158741116524 3.8965735137462616 0
    endloop
  endfacet
  facet normal 0 0 -1
    outer loop
      vertex -6.722399815917015 3.189217694103718 0
      vertex -7.0479801297187805 3.4145551174879074 0
      vertex 7.0479801297187805 3.4145551174879074 0
    endloop
  endfacet
  facet normal 0 0 -1
    outer loop
      vertex -7.366013288497925 3.650424584746361 0
      vertex 7.366013288497925 3.650424584746361 0
      vertex -7.0479801297187805 3.4145551174879074 0
    endloop
  endfacet
  facet normal 0 0 -1
    outer loop
      vertex -7.366013288497925 3.650424584746361 0
      vertex -7.676158741116524 3.8965735137462616 0
      vertex 8.647442623972893 4.0172194838523865 0
    endloop
  endfacet
  facet normal 0 0 1
    outer loop
      vertex -5.703900516033173 2.5787527039647102 2.4
      vertex 6.722399815917015 3.189217694103718 2.4
      vertex -6.049999997019768 2.771092616021633 2.4
    endloop
  endfacet
  facet normal 0 0 1
    outer loop
      vertex -6.389620989561081 2.9746536016464233 2.4
      vertex -6.049999997019768 2.771092616021633 2.4
      vertex 7.0479801297187805 3.4145551174879074 2.4
    endloop
  endfacet
  facet normal 0 0 1
    outer loop
      vertex -7.366013288497925 3.650424584746361 2.4
      vertex 7.798061139881611 4 2.4
      vertex -7.676158741116524 3.8965735137462616 2.4
    endloop
  endfacet
  facet normal 0 0 1
    outer loop
      vertex -8.647442623972893 4.0172194838523865 2.4
      vertex -7.905000001192093 4 2.4
      vertex 8.944900780916214 4.305099219083786 2.4
    endloop
  endfacet
  facet normal 0 0 1
    outer loop
      vertex -7.366013288497925 3.650424584746361 2.4
      vertex -7.0479801297187805 3.4145551174879074 2.4
      vertex 7.798061139881611 4 2.4
    endloop
  endfacet
  facet normal 0 0 1
    outer loop
      vertex -6.722399815917015 3.189217694103718 2.4
      vertex 7.676158741116524 3.8965735137462616 2.4
      vertex -7.0479801297187805 3.4145551174879074 2.4
    endloop
  endfacet
  facet normal 0 0 1
    outer loop
      vertex -6.722399815917015 3.189217694103718 2.4
      vertex -6.389620989561081 2.9746536016464233 2.4
      vertex 7.366013288497925 3.650424584746361 2.4
    endloop
  endfacet
  facet normal 0 0 1
    outer loop
      vertex -7.676158741116524 3.8965735137462616 2.4
      vertex 8.944900780916214 4.305099219083786 2.4
      vertex -7.798061139881611 4 2.4
    endloop
  endfacet
  facet normal 0 0 1
    outer loop
      vertex -7.905000001192093 4 2.4
      vertex -7.798061139881611 4 2.4
      vertex 8.944900780916214 4.305099219083786 2.4
    endloop
  endfacet
  facet normal 0 0 1
    outer loop
      vertex -4.630469530820847 2.07105765491724 2.4
      vertex 5.703900516033173 2.5787527039647102 2.4
      vertex -4.993755057454109 2.2285477221012115 2.4
    endloop
  endfacet
  facet normal 0 0 1
    outer loop
      vertex -5.351693153381348 2.397839829325676 2.4
      vertex -4.993755057454109 2.2285477221012115 2.4
      vertex 6.049999997019768 2.771092616021633 2.4
    endloop
  endfacet
  facet normal 0 0 1
    outer loop
      vertex -5.703900516033173 2.5787527039647102 2.4
      vertex -5.351693153381348 2.397839829325676 2.4
      vertex 6.389620989561081 2.9746536016464233 2.4
    endloop
  endfacet
  facet normal 0 0 -1
    outer loop
      vertex -9.778582237660885 5.224924951791763 0
      vertex -10.03591975569725 5.549167923629284 0
      vertex 10.282510563731194 5.881657131016254 0
    endloop
  endfacet
  facet normal 0 0 -1
    outer loop
      vertex -10.282510563731194 5.881657131016254 0
      vertex 10.518090598285198 6.2220365554094315 0
      vertex -10.03591975569725 5.549167923629284 0
    endloop
  endfacet
  facet normal 0 0 -1
    outer loop
      vertex -10.282510563731194 5.881657131016254 0
      vertex -10.518090598285198 6.2220365554094315 0
      vertex 10.742407597601414 6.569941692054272 0
    endloop
  endfacet
  facet normal 0 0 1
    outer loop
      vertex -9.778582237660885 5.224924951791763 2.4
      vertex 10.282510563731194 5.881657131016254 2.4
      vertex -10.03591975569725 5.549167923629284 2.4
    endloop
  endfacet
  facet normal 0 0 1
    outer loop
      vertex -10.282510563731194 5.881657131016254 2.4
      vertex -10.03591975569725 5.549167923629284 2.4
      vertex 10.518090598285198 6.2220365554094315 2.4
    endloop
  endfacet
  facet normal 0 0 1
    outer loop
      vertex -10.282510563731194 5.881657131016254 2.4
      vertex 10.742407597601414 6.569941692054272 2.4
      vertex -10.518090598285198 6.2220365554094315 2.4
    endloop
  endfacet
  facet normal 0 0 -1
    outer loop
      vertex -11.345440179109573 7.655048072338104 0
      vertex -1.6447500000000002 7.861209434251087 0
      vertex -1.4549086464754049 7.759737116728221 0
    endloop
  endfacet
  facet normal 0 0 -1
    outer loop
      vertex -11.522427387535572 8.029256075620651 0
      vertex -2.3260277567131484 8.38397224328685 0
      vertex -2.1689180587716765 8.236822953297903 0
    endloop
  endfacet
  facet normal 0 0 -1
    outer loop
      vertex -11.522427387535572 8.029256075620651 0
      vertex -2.1689180587716765 8.236822953297903 0
      vertex -2.0025207207241866 8.10026418711198 0
    endloop
  endfacet
  facet normal 0 0 -1
    outer loop
      vertex -11.345440179109573 7.655048072338104 0
      vertex -2.0025207207241866 8.10026418711198 0
      vertex -1.8275482815179815 7.974880710330776 0
    endloop
  endfacet
  facet normal 0 0 -1
    outer loop
      vertex -11.345440179109573 7.655048072338104 0
      vertex -1.8275482815179815 7.974880710330776 0
      vertex -1.6447500000000002 7.861209434251087 0
    endloop
  endfacet
  facet normal 0 0 -1
    outer loop
      vertex -10.518090598285198 6.2220365554094315 0
      vertex -10.742407597601414 6.569941692054272 0
      vertex 10.955221354961395 6.924999997019768 0
    endloop
  endfacet
  facet normal 0 0 -1
    outer loop
      vertex -10.955221354961395 6.924999997019768 0
      vertex -0.42936590930785967 7.4486421285108495 0
      vertex -0.2151435936025556 7.427543072006612 0
    endloop
  endfacet
  facet normal 0 0 -1
    outer loop
      vertex -10.955221354961395 6.924999997019768 0
      vertex -0.2151435936025556 7.427543072006612 0
      vertex 0 7.420499999999999 0
    endloop
  endfacet
  facet normal 0 0 -1
    outer loop
      vertex -10.955221354961395 6.924999997019768 0
      vertex 0 7.420499999999999 0
      vertex 0.2151435936025556 7.427543072006612 0
    endloop
  endfacet
  facet normal 0 0 -1
    outer loop
      vertex -10.742407597601414 6.569941692054272 0
      vertex -10.955221354961395 6.924999997019768 0
      vertex 11.156303994357586 7.28683128207922 0
    endloop
  endfacet
  facet normal 0 0 -1
    outer loop
      vertex -11.156303994357586 7.28683128207922 0
      vertex -1.258837150764963 7.67089827780412 0
      vertex -1.0573751211147502 7.5950733390258485 0
    endloop
  endfacet
  facet normal 0 0 -1
    outer loop
      vertex -11.156303994357586 7.28683128207922 0
      vertex -1.0573751211147502 7.5950733390258485 0
      vertex -0.8513852488647421 7.5325869944221076 0
    endloop
  endfacet
  facet normal 0 0 -1
    outer loop
      vertex -11.156303994357586 7.28683128207922 0
      vertex -1.4549086464754049 7.759737116728221 0
      vertex -1.258837150764963 7.67089827780412 0
    endloop
  endfacet
  facet normal 0 0 -1
    outer loop
      vertex -11.156303994357586 7.28683128207922 0
      vertex -0.8513852488647421 7.5325869944221076 0
      vertex -0.6417496142720539 7.4837068201135715 0
    endloop
  endfacet
  facet normal 0 0 -1
    outer loop
      vertex -11.156303994357586 7.28683128207922 0
      vertex -0.6417496142720539 7.4837068201135715 0
      vertex -0.42936590930785967 7.4486421285108495 0
    endloop
  endfacet
  facet normal 0 0 1
    outer loop
      vertex -11.156303994357586 7.28683128207922 2.4
      vertex -1.4549086464754049 7.759737116728221 2.4
      vertex -1.6447500000000002 7.861209434251087 2.4
    endloop
  endfacet
  facet normal 0 0 1
    outer loop
      vertex -11.345440179109573 7.655048072338104 2.4
      vertex -2.0025207207241866 8.10026418711198 2.4
      vertex -2.1689180587716765 8.236822953297903 2.4
    endloop
  endfacet
  facet normal 0 0 1
    outer loop
      vertex -11.522427387535572 8.029256075620651 2.4
      vertex -2.1689180587716765 8.236822953297903 2.4
      vertex -2.3260277567131484 8.38397224328685 2.4
    endloop
  endfacet
  facet normal 0 0 1
    outer loop
      vertex -11.345440179109573 7.655048072338104 2.4
      vertex -1.8275482815179815 7.974880710330776 2.4
      vertex -2.0025207207241866 8.10026418711198 2.4
    endloop
  endfacet
  facet normal 0 0 1
    outer loop
      vertex -11.345440179109573 7.655048072338104 2.4
      vertex -1.6447500000000002 7.861209434251087 2.4
      vertex -1.8275482815179815 7.974880710330776 2.4
    endloop
  endfacet
  facet normal 0 0 1
    outer loop
      vertex -10.518090598285198 6.2220365554094315 2.4
      vertex 10.955221354961395 6.924999997019768 2.4
      vertex -10.742407597601414 6.569941692054272 2.4
    endloop
  endfacet
  facet normal 0 0 1
    outer loop
      vertex -10.955221354961395 6.924999997019768 2.4
      vertex -0.2151435936025556 7.427543072006612 2.4
      vertex -0.42936590930785967 7.4486421285108495 2.4
    endloop
  endfacet
  facet normal 0 0 1
    outer loop
      vertex -10.955221354961395 6.924999997019768 2.4
      vertex 0 7.420499999999999 2.4
      vertex -0.2151435936025556 7.427543072006612 2.4
    endloop
  endfacet
  facet normal 0 0 1
    outer loop
      vertex -10.742407597601414 6.569941692054272 2.4
      vertex 11.156303994357586 7.28683128207922 2.4
      vertex -10.955221354961395 6.924999997019768 2.4
    endloop
  endfacet
  facet normal 0 0 1
    outer loop
      vertex -11.156303994357586 7.28683128207922 2.4
      vertex -1.0573751211147502 7.5950733390258485 2.4
      vertex -1.258837150764963 7.67089827780412 2.4
    endloop
  endfacet
  facet normal 0 0 1
    outer loop
      vertex -11.156303994357586 7.28683128207922 2.4
      vertex -0.8513852488647421 7.5325869944221076 2.4
      vertex -1.0573751211147502 7.5950733390258485 2.4
    endloop
  endfacet
  facet normal 0 0 1
    outer loop
      vertex -11.156303994357586 7.28683128207922 2.4
      vertex -1.258837150764963 7.67089827780412 2.4
      vertex -1.4549086464754049 7.759737116728221 2.4
    endloop
  endfacet
  facet normal 0 0 1
    outer loop
      vertex -11.156303994357586 7.28683128207922 2.4
      vertex -0.6417496142720539 7.4837068201135715 2.4
      vertex -0.8513852488647421 7.5325869944221076 2.4
    endloop
  endfacet
  facet normal 0 0 1
    outer loop
      vertex -10.955221354961395 6.924999997019768 2.4
      vertex -0.42936590930785967 7.4486421285108495 2.4
      vertex -0.6417496142720539 7.4837068201135715 2.4
    endloop
  endfacet
  facet normal 0 0 -1
    outer loop
      vertex -8.647442623972893 4.0172194838523865 0
      vertex -8.944900780916214 4.305099219083786 0
      vertex 9.232780516147614 4.602557376027107 0
    endloop
  endfacet
  facet normal 0 0 -1
    outer loop
      vertex -9.232780516147614 4.602557376027107 0
      vertex 9.510773561894894 4.909275442361832 0
      vertex -8.944900780916214 4.305099219083786 0
    endloop
  endfacet
  facet normal 0 0 -1
    outer loop
      vertex -9.510773561894894 4.909275442361832 0
      vertex 9.778582237660885 5.224924951791763 0
      vertex -9.232780516147614 4.602557376027107 0
    endloop
  endfacet
  facet normal 0 0 -1
    outer loop
      vertex -9.510773561894894 4.909275442361832 0
      vertex -9.778582237660885 5.224924951791763 0
      vertex 10.03591975569725 5.549167923629284 0
    endloop
  endfacet
  facet normal 0 0 1
    outer loop
      vertex -8.647442623972893 4.0172194838523865 2.4
      vertex 9.232780516147614 4.602557376027107 2.4
      vertex -8.944900780916214 4.305099219083786 2.4
    endloop
  endfacet
  facet normal 0 0 1
    outer loop
      vertex -9.232780516147614 4.602557376027107 2.4
      vertex -8.944900780916214 4.305099219083786 2.4
      vertex 9.510773561894894 4.909275442361832 2.4
    endloop
  endfacet
  facet normal 0 0 1
    outer loop
      vertex -9.510773561894894 4.909275442361832 2.4
      vertex -9.232780516147614 4.602557376027107 2.4
      vertex 9.778582237660885 5.224924951791763 2.4
    endloop
  endfacet
  facet normal 0 0 1
    outer loop
      vertex -9.510773561894894 4.909275442361832 2.4
      vertex 10.03591975569725 5.549167923629284 2.4
      vertex -9.778582237660885 5.224924951791763 2.4
    endloop
  endfacet
  facet normal -0.9415440628931689 -0.3368898597919272 0
    outer loop
      vertex -11.978666141629219 9.183790765702724 0
      vertex -11.839209973812103 8.794036895036697 0
      vertex -11.978666141629219 9.183790765702724 2.4
    endloop
  endfacet
  facet normal -0.9300172232571254 -0.3675159376749613 0
    outer loop
      vertex -11.687076084315777 8.409054577350616 0
      vertex -11.839209973812103 8.794036895036697 2.4
      vertex -11.839209973812103 8.794036895036697 0
    endloop
  endfacet
  facet normal -0.9415440628931689 -0.3368898597919272 0
    outer loop
      vertex -11.839209973812103 8.794036895036697 0
      vertex -11.839209973812103 8.794036895036697 2.4
      vertex -11.978666141629219 9.183790765702724 2.4
    endloop
  endfacet
  facet normal -0.9520626782791526 -0.30590301833739186 0
    outer loop
      vertex -11.978666141629219 9.183790765702724 0
      vertex -11.978666141629219 9.183790765702724 2.4
      vertex -12.10529524832964 9.5778988301754 2.4
    endloop
  endfacet
  facet normal -0.9300172232571254 -0.3675159376749613 0
    outer loop
      vertex -11.687076084315777 8.409054577350616 0
      vertex -11.687076084315777 8.409054577350616 2.4
      vertex -11.839209973812103 8.794036895036697 2.4
    endloop
  endfacet
  facet normal -0.9520626782791526 -0.30590301833739186 0
    outer loop
      vertex -11.978666141629219 9.183790765702724 0
      vertex -12.10529524832964 9.5778988301754 2.4
      vertex -12.10529524832964 9.5778988301754 0
    endloop
  endfacet
  facet normal -0.9700312533366239 -0.24298017933604865 0
    outer loop
      vertex -12.218961700797081 9.975939080119133 0
      vertex -12.319543786346912 10.377485275268555 2.4
      vertex -12.319543786346912 10.377485275268555 0
    endloop
  endfacet
  facet normal -0.9615618002322878 -0.27458860925763434 0
    outer loop
      vertex -12.10529524832964 9.5778988301754 0
      vertex -12.218961700797081 9.975939080119133 2.4
      vertex -12.218961700797081 9.975939080119133 0
    endloop
  endfacet
  facet normal -0.9615618002322878 -0.27458860925763434 0
    outer loop
      vertex -12.10529524832964 9.5778988301754 0
      vertex -12.10529524832964 9.5778988301754 2.4
      vertex -12.218961700797081 9.975939080119133 2.4
    endloop
  endfacet
  facet normal -0.9700312533366239 -0.24298017933604865 0
    outer loop
      vertex -12.218961700797081 9.975939080119133 0
      vertex -12.218961700797081 9.975939080119133 2.4
      vertex -12.319543786346912 10.377485275268555 2.4
    endloop
  endfacet
  facet normal -0.9774619728967269 -0.21111156183600754 0
    outer loop
      vertex -12.319543786346912 10.377485275268555 0
      vertex -12.406933799386024 10.782107427716255 2.4
      vertex -12.406933799386024 10.782107427716255 0
    endloop
  endfacet
  facet normal -0.9838460060045312 -0.17901686085096005 0
    outer loop
      vertex -12.406933799386024 10.782107427716255 0
      vertex -12.48103815317154 11.189372263848782 2.4
      vertex -12.48103815317154 11.189372263848782 0
    endloop
  endfacet
  facet normal -0.9774619728967269 -0.21111156183600754 0
    outer loop
      vertex -12.319543786346912 10.377485275268555 0
      vertex -12.319543786346912 10.377485275268555 2.4
      vertex -12.406933799386024 10.782107427716255 2.4
    endloop
  endfacet
  facet normal -0.9838460060045312 -0.17901686085096005 0
    outer loop
      vertex -12.406933799386024 10.782107427716255 0
      vertex -12.406933799386024 10.782107427716255 2.4
      vertex -12.48103815317154 11.189372263848782 2.4
    endloop
  endfacet
  facet normal -0.9891765098794101 -0.14673047503088588 0
    outer loop
      vertex -12.48103815317154 11.189372263848782 0
      vertex -12.48103815317154 11.189372263848782 2.4
      vertex -12.5417774990201 11.598843671381474 2.4
    endloop
  endfacet
  facet normal -0.9891765098794101 -0.14673047503088588 0
    outer loop
      vertex -12.48103815317154 11.189372263848782 0
      vertex -12.5417774990201 11.598843671381474 2.4
      vertex -12.5417774990201 11.598843671381474 0
    endloop
  endfacet
  facet normal -0.9934477794301668 -0.11428696139661167 0
    outer loop
      vertex -12.5417774990201 11.598843671381474 0
      vertex -12.589086793363094 12.010083176195621 2.4
      vertex -12.589086793363094 12.010083176195621 0
    endloop
  endfacet
  facet normal -0.9966552392747682 -0.0817210745533527 0
    outer loop
      vertex -12.589086793363094 12.010083176195621 0
      vertex -12.622915379703045 12.422650411725044 2.4
      vertex -12.622915379703045 12.422650411725044 0
    endloop
  endfacet
  facet normal -0.9934477794301668 -0.11428696139661167 0
    outer loop
      vertex -12.5417774990201 11.598843671381474 0
      vertex -12.5417774990201 11.598843671381474 2.4
      vertex -12.589086793363094 12.010083176195621 2.4
    endloop
  endfacet
  facet normal -0.9966552392747682 -0.0817210745533527 0
    outer loop
      vertex -12.589086793363094 12.010083176195621 0
      vertex -12.589086793363094 12.010083176195621 2.4
      vertex -12.622915379703045 12.422650411725044 2.4
    endloop
  endfacet
  facet normal 0 0 -1
    outer loop
      vertex -11.687076084315777 8.409054577350616 0
      vertex -11.839209973812103 8.794036895036697 0
      vertex -2.735119289669223 8.882451718482017 0
    endloop
  endfacet
  facet normal 0 0 -1
    outer loop
      vertex -11.978666141629219 9.183790765702724 0
      vertex -2.9502628832717783 9.255091353524595 0
      vertex -11.839209973812103 8.794036895036697 0
    endloop
  endfacet
  facet normal 0 0 -1
    outer loop
      vertex -11.522427387535572 8.029256075620651 0
      vertex -11.687076084315777 8.409054577350616 0
      vertex -2.4731770467020966 8.541081941228322 0
    endloop
  endfacet
  facet normal 0 0 -1
    outer loop
      vertex -11.978666141629219 9.183790765702724 0
      vertex -12.10529524832964 9.5778988301754 0
      vertex -3.1149266609741506 9.652624878885248 0
    endloop
  endfacet
  facet normal 0 0 -1
    outer loop
      vertex -12.10529524832964 9.5778988301754 0
      vertex -12.218961700797081 9.975939080119133 0
      vertex -3.2262931798864267 10.068250385727945 0
    endloop
  endfacet
  facet normal 0 0 -1
    outer loop
      vertex -12.218961700797081 9.975939080119133 0
      vertex -12.319543786346912 10.377485275268555 0
      vertex -3.2824569279933864 10.494856406397444 0
    endloop
  endfacet
  facet normal 0 0 1
    outer loop
      vertex -11.687076084315777 8.409054577350616 2.4
      vertex -2.848790565748911 9.065249999999999 2.4
      vertex -11.839209973812103 8.794036895036697 2.4
    endloop
  endfacet
  facet normal 0 0 1
    outer loop
      vertex -11.978666141629219 9.183790765702724 2.4
      vertex -11.839209973812103 8.794036895036697 2.4
      vertex -3.039101722195878 9.451162849235036 2.4
    endloop
  endfacet
  facet normal 0 0 1
    outer loop
      vertex -11.522427387535572 8.029256075620651 2.4
      vertex -2.6097358128880184 8.707479279275812 2.4
      vertex -11.687076084315777 8.409054577350616 2.4
    endloop
  endfacet
  facet normal 0 0 1
    outer loop
      vertex -11.978666141629219 9.183790765702724 2.4
      vertex -3.1774130055778906 9.858614751135256 2.4
      vertex -12.10529524832964 9.5778988301754 2.4
    endloop
  endfacet
  facet normal 0 0 1
    outer loop
      vertex -12.10529524832964 9.5778988301754 2.4
      vertex -3.2613578714891496 10.28063409069214 2.4
      vertex -12.218961700797081 9.975939080119133 2.4
    endloop
  endfacet
  facet normal 0 0 -1
    outer loop
      vertex -12.319543786346912 10.377485275268555 0
      vertex -12.406933799386024 10.782107427716255 0
      vertex -3.2824569279933864 10.925143593602554 0
    endloop
  endfacet
  facet normal 0 0 -1
    outer loop
      vertex -12.406933799386024 10.782107427716255 0
      vertex -12.48103815317154 11.189372263848782 0
      vertex -3.2613578714891496 11.139365909307859 0
    endloop
  endfacet
  facet normal 0 0 -1
    outer loop
      vertex -12.48103815317154 11.189372263848782 0
      vertex -12.5417774990201 11.598843671381474 0
      vertex -3.1774130055778906 11.561385248864742 0
    endloop
  endfacet
  facet normal 0 0 -1
    outer loop
      vertex -12.5417774990201 11.598843671381474 0
      vertex -12.589086793363094 12.010083176195621 0
      vertex -3.039101722195878 11.968837150764962 0
    endloop
  endfacet
  facet normal 0 0 -1
    outer loop
      vertex -12.589086793363094 12.010083176195621 0
      vertex -12.622915379703045 12.422650411725044 0
      vertex -2.9502628832717783 12.164908646475403 0
    endloop
  endfacet
  facet normal 0 0 1
    outer loop
      vertex -12.218961700797081 9.975939080119133 2.4
      vertex -3.2895000000000003 10.709999999999999 2.4
      vertex -12.319543786346912 10.377485275268555 2.4
    endloop
  endfacet
  facet normal 0 0 1
    outer loop
      vertex -12.319543786346912 10.377485275268555 2.4
      vertex -3.2613578714891496 11.139365909307859 2.4
      vertex -12.406933799386024 10.782107427716255 2.4
    endloop
  endfacet
  facet normal 0 0 1
    outer loop
      vertex -12.406933799386024 10.782107427716255 2.4
      vertex -3.2262931798864267 11.351749614272054 2.4
      vertex -12.48103815317154 11.189372263848782 2.4
    endloop
  endfacet
  facet normal 0 0 1
    outer loop
      vertex -12.48103815317154 11.189372263848782 2.4
      vertex -3.1774130055778906 11.561385248864742 2.4
      vertex -12.5417774990201 11.598843671381474 2.4
    endloop
  endfacet
  facet normal 0 0 1
    outer loop
      vertex -12.5417774990201 11.598843671381474 2.4
      vertex -3.039101722195878 11.968837150764962 2.4
      vertex -12.589086793363094 12.010083176195621 2.4
    endloop
  endfacet
  facet normal 0 0 1
    outer loop
      vertex -12.589086793363094 12.010083176195621 2.4
      vertex -2.848790565748911 12.35475 2.4
      vertex -12.622915379703045 12.422650411725044 2.4
    endloop
  endfacet
  facet normal -0.9987954561119277 -0.04906767622545993 0
    outer loop
      vertex -12.622915379703045 12.422650411725044 0
      vertex -12.643227033317089 12.836103603243828 2.4
      vertex -12.643227033317089 12.836103603243828 0
    endloop
  endfacet
  facet normal -0.9998661380366519 -0.016361723860007043 0
    outer loop
      vertex -12.643227033317089 12.836103603243828 0
      vertex -12.649999998509884 13.25 2.4
      vertex -12.649999998509884 13.25 0
    endloop
  endfacet
  facet normal -0.9987954561119277 -0.04906767622545993 0
    outer loop
      vertex -12.622915379703045 12.422650411725044 0
      vertex -12.622915379703045 12.422650411725044 2.4
      vertex -12.643227033317089 12.836103603243828 2.4
    endloop
  endfacet
  facet normal -0.9998661380366519 -0.016361723860007043 0
    outer loop
      vertex -12.643227033317089 12.836103603243828 0
      vertex -12.643227033317089 12.836103603243828 2.4
      vertex -12.649999998509884 13.25 2.4
    endloop
  endfacet
  facet normal -0.9998661380366519 0.016361723860007043 0
    outer loop
      vertex -12.649999998509884 13.25 0
      vertex -12.649999998509884 13.25 2.4
      vertex -12.643227033317089 13.663896396756172 2.4
    endloop
  endfacet
  facet normal -0.9998661380366519 0.016361723860007043 0
    outer loop
      vertex -12.649999998509884 13.25 0
      vertex -12.643227033317089 13.663896396756172 2.4
      vertex -12.643227033317089 13.663896396756172 0
    endloop
  endfacet
  facet normal -0.9987954561119277 0.04906767622545993 0
    outer loop
      vertex -12.643227033317089 13.663896396756172 0
      vertex -12.622915379703045 14.077349588274956 2.4
      vertex -12.622915379703045 14.077349588274956 0
    endloop
  endfacet
  facet normal -0.9966552392747682 0.0817210745533527 0
    outer loop
      vertex -12.622915379703045 14.077349588274956 0
      vertex -12.589086793363094 14.489916823804379 2.4
      vertex -12.589086793363094 14.489916823804379 0
    endloop
  endfacet
  facet normal -0.9987954561119277 0.04906767622545993 0
    outer loop
      vertex -12.643227033317089 13.663896396756172 0
      vertex -12.643227033317089 13.663896396756172 2.4
      vertex -12.622915379703045 14.077349588274956 2.4
    endloop
  endfacet
  facet normal -0.9966552392747682 0.0817210745533527 0
    outer loop
      vertex -12.622915379703045 14.077349588274956 0
      vertex -12.622915379703045 14.077349588274956 2.4
      vertex -12.589086793363094 14.489916823804379 2.4
    endloop
  endfacet
  facet normal -0.9934477794301668 0.11428696139661167 0
    outer loop
      vertex -12.589086793363094 14.489916823804379 0
      vertex -12.5417774990201 14.901156328618526 2.4
      vertex -12.5417774990201 14.901156328618526 0
    endloop
  endfacet
  facet normal -0.9891765098794101 0.14673047503088588 0
    outer loop
      vertex -12.5417774990201 14.901156328618526 0
      vertex -12.48103815317154 15.310627736151218 2.4
      vertex -12.48103815317154 15.310627736151218 0
    endloop
  endfacet
  facet normal -0.9934477794301668 0.11428696139661167 0
    outer loop
      vertex -12.589086793363094 14.489916823804379 0
      vertex -12.589086793363094 14.489916823804379 2.4
      vertex -12.5417774990201 14.901156328618526 2.4
    endloop
  endfacet
  facet normal -0.9891765098794101 0.14673047503088588 0
    outer loop
      vertex -12.5417774990201 14.901156328618526 0
      vertex -12.5417774990201 14.901156328618526 2.4
      vertex -12.48103815317154 15.310627736151218 2.4
    endloop
  endfacet
  facet normal -0.9838460060045312 0.17901686085096005 0
    outer loop
      vertex -12.48103815317154 15.310627736151218 0
      vertex -12.406933799386024 15.717892572283745 2.4
      vertex -12.406933799386024 15.717892572283745 0
    endloop
  endfacet
  facet normal -0.9774619728967269 0.21111156183600754 0
    outer loop
      vertex -12.406933799386024 15.717892572283745 0
      vertex -12.319543786346912 16.122514724731445 2.4
      vertex -12.319543786346912 16.122514724731445 0
    endloop
  endfacet
  facet normal -0.9700312524706086 0.2429801827933759 0
    outer loop
      vertex -12.319543786346912 16.122514724731445 0
      vertex -12.2381392121315 16.447499997913837 2.4
      vertex -12.2381392121315 16.447499997913837 0
    endloop
  endfacet
  facet normal -0.9838460060045312 0.17901686085096005 0
    outer loop
      vertex -12.48103815317154 15.310627736151218 0
      vertex -12.48103815317154 15.310627736151218 2.4
      vertex -12.406933799386024 15.717892572283745 2.4
    endloop
  endfacet
  facet normal -0.9774619728967269 0.21111156183600754 0
    outer loop
      vertex -12.406933799386024 15.717892572283745 0
      vertex -12.406933799386024 15.717892572283745 2.4
      vertex -12.319543786346912 16.122514724731445 2.4
    endloop
  endfacet
  facet normal -0.9700312524706086 0.2429801827933759 0
    outer loop
      vertex -12.319543786346912 16.122514724731445 0
      vertex -12.319543786346912 16.122514724731445 2.4
      vertex -12.2381392121315 16.447499997913837 2.4
    endloop
  endfacet
  facet normal 0 0 -1
    outer loop
      vertex -12.622915379703045 12.422650411725044 0
      vertex -12.643227033317089 12.836103603243828 0
      vertex -2.6097358128880184 12.712520720724186 0
    endloop
  endfacet
  facet normal 0 0 -1
    outer loop
      vertex -12.643227033317089 12.836103603243828 0
      vertex -12.649999998509884 13.25 0
      vertex -2.3260277567131484 13.036027756713146 0
    endloop
  endfacet
  facet normal 0 0 -1
    outer loop
      vertex -12.649999998509884 13.25 0
      vertex -12.643227033317089 13.663896396756172 0
      vertex -1.6447500000000002 13.558790565748911 0
    endloop
  endfacet
  facet normal 0 0 1
    outer loop
      vertex -12.622915379703045 12.422650411725044 2.4
      vertex -2.4731770467020966 12.878918058771676 2.4
      vertex -12.643227033317089 12.836103603243828 2.4
    endloop
  endfacet
  facet normal 0 0 1
    outer loop
      vertex -12.643227033317089 12.836103603243828 2.4
      vertex -2.1689180587716765 13.183177046702095 2.4
      vertex -12.649999998509884 13.25 2.4
    endloop
  endfacet
  facet normal 0 0 1
    outer loop
      vertex -12.649999998509884 13.25 2.4
      vertex -1.4549086464754049 13.660262883271777 2.4
      vertex -12.643227033317089 13.663896396756172 2.4
    endloop
  endfacet
  facet normal 0 0 -1
    outer loop
      vertex -11.687076084315777 8.409054577350616 0
      vertex -2.6097358128880184 8.707479279275812 0
      vertex -2.4731770467020966 8.541081941228322 0
    endloop
  endfacet
  facet normal 0 0 -1
    outer loop
      vertex -11.687076084315777 8.409054577350616 0
      vertex -2.735119289669223 8.882451718482017 0
      vertex -2.6097358128880184 8.707479279275812 0
    endloop
  endfacet
  facet normal 0 0 -1
    outer loop
      vertex -11.978666141629219 9.183790765702724 0
      vertex -3.039101722195878 9.451162849235036 0
      vertex -2.9502628832717783 9.255091353524595 0
    endloop
  endfacet
  facet normal 0 0 -1
    outer loop
      vertex -11.839209973812103 8.794036895036697 0
      vertex -2.848790565748911 9.065249999999999 0
      vertex -2.735119289669223 8.882451718482017 0
    endloop
  endfacet
  facet normal 0 0 -1
    outer loop
      vertex -11.839209973812103 8.794036895036697 0
      vertex -2.9502628832717783 9.255091353524595 0
      vertex -2.848790565748911 9.065249999999999 0
    endloop
  endfacet
  facet normal 0 0 -1
    outer loop
      vertex -11.522427387535572 8.029256075620651 0
      vertex -2.4731770467020966 8.541081941228322 0
      vertex -2.3260277567131484 8.38397224328685 0
    endloop
  endfacet
  facet normal 0 0 -1
    outer loop
      vertex -11.978666141629219 9.183790765702724 0
      vertex -3.1149266609741506 9.652624878885248 0
      vertex -3.039101722195878 9.451162849235036 0
    endloop
  endfacet
  facet normal 0 0 -1
    outer loop
      vertex -12.10529524832964 9.5778988301754 0
      vertex -3.1774130055778906 9.858614751135256 0
      vertex -3.1149266609741506 9.652624878885248 0
    endloop
  endfacet
  facet normal 0 0 -1
    outer loop
      vertex -12.10529524832964 9.5778988301754 0
      vertex -3.2262931798864267 10.068250385727945 0
      vertex -3.1774130055778906 9.858614751135256 0
    endloop
  endfacet
  facet normal 0 0 -1
    outer loop
      vertex -12.218961700797081 9.975939080119133 0
      vertex -3.2613578714891496 10.28063409069214 0
      vertex -3.2262931798864267 10.068250385727945 0
    endloop
  endfacet
  facet normal 0 0 -1
    outer loop
      vertex -12.218961700797081 9.975939080119133 0
      vertex -3.2824569279933864 10.494856406397444 0
      vertex -3.2613578714891496 10.28063409069214 0
    endloop
  endfacet
  facet normal 0 0 1
    outer loop
      vertex -11.522427387535572 8.029256075620651 2.4
      vertex -2.4731770467020966 8.541081941228322 2.4
      vertex -2.6097358128880184 8.707479279275812 2.4
    endloop
  endfacet
  facet normal 0 0 1
    outer loop
      vertex -11.687076084315777 8.409054577350616 2.4
      vertex -2.735119289669223 8.882451718482017 2.4
      vertex -2.848790565748911 9.065249999999999 2.4
    endloop
  endfacet
  facet normal 0 0 1
    outer loop
      vertex -11.687076084315777 8.409054577350616 2.4
      vertex -2.6097358128880184 8.707479279275812 2.4
      vertex -2.735119289669223 8.882451718482017 2.4
    endloop
  endfacet
  facet normal 0 0 1
    outer loop
      vertex -11.839209973812103 8.794036895036697 2.4
      vertex -2.9502628832717783 9.255091353524595 2.4
      vertex -3.039101722195878 9.451162849235036 2.4
    endloop
  endfacet
  facet normal 0 0 1
    outer loop
      vertex -11.839209973812103 8.794036895036697 2.4
      vertex -2.848790565748911 9.065249999999999 2.4
      vertex -2.9502628832717783 9.255091353524595 2.4
    endloop
  endfacet
  facet normal 0 0 1
    outer loop
      vertex -11.522427387535572 8.029256075620651 2.4
      vertex -2.3260277567131484 8.38397224328685 2.4
      vertex -2.4731770467020966 8.541081941228322 2.4
    endloop
  endfacet
  facet normal 0 0 1
    outer loop
      vertex -11.978666141629219 9.183790765702724 2.4
      vertex -3.039101722195878 9.451162849235036 2.4
      vertex -3.1149266609741506 9.652624878885248 2.4
    endloop
  endfacet
  facet normal 0 0 1
    outer loop
      vertex -11.978666141629219 9.183790765702724 2.4
      vertex -3.1149266609741506 9.652624878885248 2.4
      vertex -3.1774130055778906 9.858614751135256 2.4
    endloop
  endfacet
  facet normal 0 0 1
    outer loop
      vertex -12.10529524832964 9.5778988301754 2.4
      vertex -3.1774130055778906 9.858614751135256 2.4
      vertex -3.2262931798864267 10.068250385727945 2.4
    endloop
  endfacet
  facet normal 0 0 1
    outer loop
      vertex -12.10529524832964 9.5778988301754 2.4
      vertex -3.2262931798864267 10.068250385727945 2.4
      vertex -3.2613578714891496 10.28063409069214 2.4
    endloop
  endfacet
  facet normal 0 0 1
    outer loop
      vertex -12.218961700797081 9.975939080119133 2.4
      vertex -3.2613578714891496 10.28063409069214 2.4
      vertex -3.2824569279933864 10.494856406397444 2.4
    endloop
  endfacet
  facet normal 0 0 -1
    outer loop
      vertex -12.319543786346912 10.377485275268555 0
      vertex -3.2895000000000003 10.709999999999999 0
      vertex -3.2824569279933864 10.494856406397444 0
    endloop
  endfacet
  facet normal 0 0 -1
    outer loop
      vertex -12.319543786346912 10.377485275268555 0
      vertex -3.2824569279933864 10.925143593602554 0
      vertex -3.2895000000000003 10.709999999999999 0
    endloop
  endfacet
  facet normal 0 0 -1
    outer loop
      vertex -12.406933799386024 10.782107427716255 0
      vertex -3.2613578714891496 11.139365909307859 0
      vertex -3.2824569279933864 10.925143593602554 0
    endloop
  endfacet
  facet normal 0 0 -1
    outer loop
      vertex -12.48103815317154 11.189372263848782 0
      vertex -3.2262931798864267 11.351749614272054 0
      vertex -3.2613578714891496 11.139365909307859 0
    endloop
  endfacet
  facet normal 0 0 -1
    outer loop
      vertex -12.48103815317154 11.189372263848782 0
      vertex -3.1774130055778906 11.561385248864742 0
      vertex -3.2262931798864267 11.351749614272054 0
    endloop
  endfacet
  facet normal 0 0 -1
    outer loop
      vertex -12.5417774990201 11.598843671381474 0
      vertex -3.1149266609741506 11.76737512111475 0
      vertex -3.1774130055778906 11.561385248864742 0
    endloop
  endfacet
  facet normal 0 0 -1
    outer loop
      vertex -12.5417774990201 11.598843671381474 0
      vertex -3.039101722195878 11.968837150764962 0
      vertex -3.1149266609741506 11.76737512111475 0
    endloop
  endfacet
  facet normal 0 0 -1
    outer loop
      vertex -12.589086793363094 12.010083176195621 0
      vertex -2.9502628832717783 12.164908646475403 0
      vertex -3.039101722195878 11.968837150764962 0
    endloop
  endfacet
  facet normal 0 0 -1
    outer loop
      vertex -12.622915379703045 12.422650411725044 0
      vertex -2.848790565748911 12.35475 0
      vertex -2.9502628832717783 12.164908646475403 0
    endloop
  endfacet
  facet normal 0 0 1
    outer loop
      vertex -12.218961700797081 9.975939080119133 2.4
      vertex -3.2824569279933864 10.494856406397444 2.4
      vertex -3.2895000000000003 10.709999999999999 2.4
    endloop
  endfacet
  facet normal 0 0 1
    outer loop
      vertex -12.319543786346912 10.377485275268555 2.4
      vertex -3.2895000000000003 10.709999999999999 2.4
      vertex -3.2824569279933864 10.925143593602554 2.4
    endloop
  endfacet
  facet normal 0 0 1
    outer loop
      vertex -12.319543786346912 10.377485275268555 2.4
      vertex -3.2824569279933864 10.925143593602554 2.4
      vertex -3.2613578714891496 11.139365909307859 2.4
    endloop
  endfacet
  facet normal 0 0 1
    outer loop
      vertex -12.406933799386024 10.782107427716255 2.4
      vertex -3.2613578714891496 11.139365909307859 2.4
      vertex -3.2262931798864267 11.351749614272054 2.4
    endloop
  endfacet
  facet normal 0 0 1
    outer loop
      vertex -12.48103815317154 11.189372263848782 2.4
      vertex -3.2262931798864267 11.351749614272054 2.4
      vertex -3.1774130055778906 11.561385248864742 2.4
    endloop
  endfacet
  facet normal 0 0 1
    outer loop
      vertex -12.5417774990201 11.598843671381474 2.4
      vertex -3.1774130055778906 11.561385248864742 2.4
      vertex -3.1149266609741506 11.76737512111475 2.4
    endloop
  endfacet
  facet normal 0 0 1
    outer loop
      vertex -12.5417774990201 11.598843671381474 2.4
      vertex -3.1149266609741506 11.76737512111475 2.4
      vertex -3.039101722195878 11.968837150764962 2.4
    endloop
  endfacet
  facet normal 0 0 1
    outer loop
      vertex -12.589086793363094 12.010083176195621 2.4
      vertex -3.039101722195878 11.968837150764962 2.4
      vertex -2.9502628832717783 12.164908646475403 2.4
    endloop
  endfacet
  facet normal 0 0 1
    outer loop
      vertex -12.589086793363094 12.010083176195621 2.4
      vertex -2.9502628832717783 12.164908646475403 2.4
      vertex -2.848790565748911 12.35475 2.4
    endloop
  endfacet
  facet normal 0 0 -1
    outer loop
      vertex -12.622915379703045 12.422650411725044 0
      vertex -2.735119289669223 12.537548281517982 0
      vertex -2.848790565748911 12.35475 0
    endloop
  endfacet
  facet normal 0 0 -1
    outer loop
      vertex -12.622915379703045 12.422650411725044 0
      vertex -2.6097358128880184 12.712520720724186 0
      vertex -2.735119289669223 12.537548281517982 0
    endloop
  endfacet
  facet normal 0 0 -1
    outer loop
      vertex -12.643227033317089 12.836103603243828 0
      vertex -2.4731770467020966 12.878918058771676 0
      vertex -2.6097358128880184 12.712520720724186 0
    endloop
  endfacet
  facet normal 0 0 -1
    outer loop
      vertex -12.643227033317089 12.836103603243828 0
      vertex -2.3260277567131484 13.036027756713146 0
      vertex -2.4731770467020966 12.878918058771676 0
    endloop
  endfacet
  facet normal 0 0 -1
    outer loop
      vertex -12.649999998509884 13.25 0
      vertex -2.1689180587716765 13.183177046702095 0
      vertex -2.3260277567131484 13.036027756713146 0
    endloop
  endfacet
  facet normal 0 0 -1
    outer loop
      vertex -12.649999998509884 13.25 0
      vertex -2.0025207207241866 13.319735812888016 0
      vertex -2.1689180587716765 13.183177046702095 0
    endloop
  endfacet
  facet normal 0 0 -1
    outer loop
      vertex -12.649999998509884 13.25 0
      vertex -1.8275482815179815 13.445119289669222 0
      vertex -2.0025207207241866 13.319735812888016 0
    endloop
  endfacet
  facet normal 0 0 -1
    outer loop
      vertex -12.649999998509884 13.25 0
      vertex -1.6447500000000002 13.558790565748911 0
      vertex -1.8275482815179815 13.445119289669222 0
    endloop
  endfacet
  facet normal 0 0 -1
    outer loop
      vertex -12.643227033317089 13.663896396756172 0
      vertex -1.4549086464754049 13.660262883271777 0
      vertex -1.6447500000000002 13.558790565748911 0
    endloop
  endfacet
  facet normal 0 0 -1
    outer loop
      vertex -12.643227033317089 13.663896396756172 0
      vertex -1.258837150764963 13.749101722195878 0
      vertex -1.4549086464754049 13.660262883271777 0
    endloop
  endfacet
  facet normal 0 0 -1
    outer loop
      vertex -12.643227033317089 13.663896396756172 0
      vertex -1.0573751211147502 13.82492666097415 0
      vertex -1.258837150764963 13.749101722195878 0
    endloop
  endfacet
  facet normal 0 0 -1
    outer loop
      vertex -12.643227033317089 13.663896396756172 0
      vertex -0.8513852488647421 13.88741300557789 0
      vertex -1.0573751211147502 13.82492666097415 0
    endloop
  endfacet
  facet normal 0 0 -1
    outer loop
      vertex -12.643227033317089 13.663896396756172 0
      vertex -0.6417496142720539 13.936293179886427 0
      vertex -0.8513852488647421 13.88741300557789 0
    endloop
  endfacet
  facet normal 0 0 -1
    outer loop
      vertex -12.643227033317089 13.663896396756172 0
      vertex -0.42936590930785967 13.971357871489147 0
      vertex -0.6417496142720539 13.936293179886427 0
    endloop
  endfacet
  facet normal 0 0 -1
    outer loop
      vertex -12.643227033317089 13.663896396756172 0
      vertex -0.2151435936025556 13.992456927993384 0
      vertex -0.42936590930785967 13.971357871489147 0
    endloop
  endfacet
  facet normal 0 0 -1
    outer loop
      vertex -12.643227033317089 13.663896396756172 0
      vertex -12.622915379703045 14.077349588274956 0
      vertex 12.589086793363094 14.489916823804379 0
    endloop
  endfacet
  facet normal 0 0 1
    outer loop
      vertex -12.622915379703045 12.422650411725044 2.4
      vertex -2.848790565748911 12.35475 2.4
      vertex -2.735119289669223 12.537548281517982 2.4
    endloop
  endfacet
  facet normal 0 0 1
    outer loop
      vertex -12.622915379703045 12.422650411725044 2.4
      vertex -2.735119289669223 12.537548281517982 2.4
      vertex -2.6097358128880184 12.712520720724186 2.4
    endloop
  endfacet
  facet normal 0 0 1
    outer loop
      vertex -12.622915379703045 12.422650411725044 2.4
      vertex -2.6097358128880184 12.712520720724186 2.4
      vertex -2.4731770467020966 12.878918058771676 2.4
    endloop
  endfacet
  facet normal 0 0 1
    outer loop
      vertex -12.643227033317089 12.836103603243828 2.4
      vertex -2.4731770467020966 12.878918058771676 2.4
      vertex -2.3260277567131484 13.036027756713146 2.4
    endloop
  endfacet
  facet normal 0 0 1
    outer loop
      vertex -12.643227033317089 12.836103603243828 2.4
      vertex -2.3260277567131484 13.036027756713146 2.4
      vertex -2.1689180587716765 13.183177046702095 2.4
    endloop
  endfacet
  facet normal 0 0 1
    outer loop
      vertex -12.649999998509884 13.25 2.4
      vertex -2.1689180587716765 13.183177046702095 2.4
      vertex -2.0025207207241866 13.319735812888016 2.4
    endloop
  endfacet
  facet normal 0 0 1
    outer loop
      vertex -12.649999998509884 13.25 2.4
      vertex -2.0025207207241866 13.319735812888016 2.4
      vertex -1.8275482815179815 13.445119289669222 2.4
    endloop
  endfacet
  facet normal 0 0 1
    outer loop
      vertex -12.649999998509884 13.25 2.4
      vertex -1.8275482815179815 13.445119289669222 2.4
      vertex -1.6447500000000002 13.558790565748911 2.4
    endloop
  endfacet
  facet normal 0 0 1
    outer loop
      vertex -12.649999998509884 13.25 2.4
      vertex -1.6447500000000002 13.558790565748911 2.4
      vertex -1.4549086464754049 13.660262883271777 2.4
    endloop
  endfacet
  facet normal 0 0 1
    outer loop
      vertex -12.643227033317089 13.663896396756172 2.4
      vertex -1.4549086464754049 13.660262883271777 2.4
      vertex -1.258837150764963 13.749101722195878 2.4
    endloop
  endfacet
  facet normal 0 0 1
    outer loop
      vertex -12.643227033317089 13.663896396756172 2.4
      vertex -1.258837150764963 13.749101722195878 2.4
      vertex -1.0573751211147502 13.82492666097415 2.4
    endloop
  endfacet
  facet normal 0 0 1
    outer loop
      vertex -12.643227033317089 13.663896396756172 2.4
      vertex -1.0573751211147502 13.82492666097415 2.4
      vertex -0.8513852488647421 13.88741300557789 2.4
    endloop
  endfacet
  facet normal 0 0 1
    outer loop
      vertex -12.643227033317089 13.663896396756172 2.4
      vertex -0.8513852488647421 13.88741300557789 2.4
      vertex -0.6417496142720539 13.936293179886427 2.4
    endloop
  endfacet
  facet normal 0 0 1
    outer loop
      vertex -12.643227033317089 13.663896396756172 2.4
      vertex -0.6417496142720539 13.936293179886427 2.4
      vertex -0.42936590930785967 13.971357871489147 2.4
    endloop
  endfacet
  facet normal 0 0 1
    outer loop
      vertex -12.643227033317089 13.663896396756172 2.4
      vertex -0.42936590930785967 13.971357871489147 2.4
      vertex -0.2151435936025556 13.992456927993384 2.4
    endloop
  endfacet
  facet normal 0 0 1
    outer loop
      vertex -12.643227033317089 13.663896396756172 2.4
      vertex -0.2151435936025556 13.992456927993384 2.4
      vertex 0 13.999499999999998 2.4
    endloop
  endfacet
  facet normal 0 0 1
    outer loop
      vertex -12.643227033317089 13.663896396756172 2.4
      vertex 12.589086793363094 14.489916823804379 2.4
      vertex -12.622915379703045 14.077349588274956 2.4
    endloop
  endfacet
  facet normal 0 0 -1
    outer loop
      vertex -12.622915379703045 14.077349588274956 0
      vertex -12.589086793363094 14.489916823804379 0
      vertex 12.5417774990201 14.901156328618526 0
    endloop
  endfacet
  facet normal 0 0 -1
    outer loop
      vertex -12.589086793363094 14.489916823804379 0
      vertex -12.5417774990201 14.901156328618526 0
      vertex 12.48103815317154 15.310627736151218 0
    endloop
  endfacet
  facet normal 0 0 -1
    outer loop
      vertex -12.5417774990201 14.901156328618526 0
      vertex -12.48103815317154 15.310627736151218 0
      vertex 12.406933799386024 15.717892572283745 0
    endloop
  endfacet
  facet normal 0 0 -1
    outer loop
      vertex -12.48103815317154 15.310627736151218 0
      vertex -12.406933799386024 15.717892572283745 0
      vertex 12.319543786346912 16.122514724731445 0
    endloop
  endfacet
  facet normal 0 0 -1
    outer loop
      vertex -12.406933799386024 15.717892572283745 0
      vertex -12.319543786346912 16.122514724731445 0
      vertex 12.2381392121315 16.447499997913837 0
    endloop
  endfacet
  facet normal 0 0 -1
    outer loop
      vertex -12.319543786346912 16.122514724731445 0
      vertex -12.2381392121315 16.447499997913837 0
      vertex 12.2381392121315 16.447499997913837 0
    endloop
  endfacet
  facet normal 0 1 0
    outer loop
      vertex -12.2381392121315 16.447499997913837 0
      vertex -12.2381392121315 16.447499997913837 2.4
      vertex 12.2381392121315 16.447499997913837 2.4
    endloop
  endfacet
  facet normal 0 0 1
    outer loop
      vertex -12.622915379703045 14.077349588274956 2.4
      vertex 12.5417774990201 14.901156328618526 2.4
      vertex -12.589086793363094 14.489916823804379 2.4
    endloop
  endfacet
  facet normal 0 0 1
    outer loop
      vertex -12.589086793363094 14.489916823804379 2.4
      vertex 12.48103815317154 15.310627736151218 2.4
      vertex -12.5417774990201 14.901156328618526 2.4
    endloop
  endfacet
  facet normal 0 0 1
    outer loop
      vertex -12.5417774990201 14.901156328618526 2.4
      vertex 12.406933799386024 15.717892572283745 2.4
      vertex -12.48103815317154 15.310627736151218 2.4
    endloop
  endfacet
  facet normal 0 0 1
    outer loop
      vertex -12.48103815317154 15.310627736151218 2.4
      vertex 12.319543786346912 16.122514724731445 2.4
      vertex -12.406933799386024 15.717892572283745 2.4
    endloop
  endfacet
  facet normal 0 0 1
    outer loop
      vertex -12.406933799386024 15.717892572283745 2.4
      vertex 12.2381392121315 16.447499997913837 2.4
      vertex -12.319543786346912 16.122514724731445 2.4
    endloop
  endfacet
  facet normal 0 0 1
    outer loop
      vertex -12.319543786346912 16.122514724731445 2.4
      vertex 12.2381392121315 16.447499997913837 2.4
      vertex -12.2381392121315 16.447499997913837 2.4
    endloop
  endfacet
  facet normal 0 0 -1
    outer loop
      vertex -12.643227033317089 13.663896396756172 0
      vertex 12.589086793363094 14.489916823804379 0
      vertex -0.2151435936025556 13.992456927993384 0
    endloop
  endfacet
  facet normal 0 0 1
    outer loop
      vertex -12.643227033317089 13.663896396756172 2.4
      vertex 0 13.999499999999998 2.4
      vertex 12.589086793363094 14.489916823804379 2.4
    endloop
  endfacet
  facet normal 0 0 -1
    outer loop
      vertex -0.3959009051322937 1.1564784944057465 0
      vertex 0.3959009051322937 1.1564784944057465 0
      vertex 0 1.1499999985098839 0
    endloop
  endfacet
  facet normal 0 0 -1
    outer loop
      vertex -0.3959009051322937 1.1564784944057465 0
      vertex 0.7913778647780418 1.1759070307016373 0
      vertex 0.3959009051322937 1.1564784944057465 0
    endloop
  endfacet
  facet normal 0 0 -1
    outer loop
      vertex -0.7913778647780418 1.1759070307016373 0
      vertex 1.1860073953866959 1.2082648053765297 0
      vertex 0.7913778647780418 1.1759070307016373 0
    endloop
  endfacet
  facet normal 0 0 -1
    outer loop
      vertex -1.1860073953866959 1.2082648053765297 0
      vertex 1.57936692237854 1.2535171806812286 0
      vertex 1.1860073953866959 1.2082648053765297 0
    endloop
  endfacet
  facet normal 0 0 -1
    outer loop
      vertex -1.57936692237854 1.2535171806812286 0
      vertex 1.9710352271795273 1.3116156831383705 0
      vertex 1.57936692237854 1.2535171806812286 0
    endloop
  endfacet
  facet normal 0 0 -1
    outer loop
      vertex -1.9710352271795273 1.3116156831383705 0
      vertex 2.360592894256115 1.3824981078505516 0
      vertex 1.9710352271795273 1.3116156831383705 0
    endloop
  endfacet
  facet normal 0 0 -1
    outer loop
      vertex -2.360592894256115 1.3824981078505516 0
      vertex 2.7476227805018425 1.4660885483026505 0
      vertex 2.360592894256115 1.3824981078505516 0
    endloop
  endfacet
  facet normal 0 0 -1
    outer loop
      vertex -2.7476227805018425 1.4660885483026505 0
      vertex 3.131710447371006 1.5622975006699562 0
      vertex 2.7476227805018425 1.4660885483026505 0
    endloop
  endfacet
  facet normal 0 0 -1
    outer loop
      vertex -3.131710447371006 1.5622975006699562 0
      vertex 3.512444593012333 1.6710219383239746 0
      vertex 3.131710447371006 1.5622975006699562 0
    endloop
  endfacet
  facet normal 0 0 -1
    outer loop
      vertex -3.512444593012333 1.6710219383239746 0
      vertex 3.88941752910614 1.7921454310417175 0
      vertex 3.512444593012333 1.6710219383239746 0
    endloop
  endfacet
  facet normal 0 0 -1
    outer loop
      vertex -3.88941752910614 1.7921454310417175 0
      vertex 4.262225583195686 1.9255382865667343 0
      vertex 3.88941752910614 1.7921454310417175 0
    endloop
  endfacet
  facet normal 0 0 -1
    outer loop
      vertex -3.88941752910614 1.7921454310417175 0
      vertex 4.630469530820847 2.07105765491724 0
      vertex 4.262225583195686 1.9255382865667343 0
    endloop
  endfacet
  facet normal 0 0 -1
    outer loop
      vertex -4.630469530820847 2.07105765491724 0
      vertex 4.993755057454109 2.2285477221012115 0
      vertex 4.630469530820847 2.07105765491724 0
    endloop
  endfacet
  facet normal 0 0 1
    outer loop
      vertex 0 1.1499999985098839 2.4
      vertex 0.3959009051322937 1.1564784944057465 2.4
      vertex 0.7913778647780418 1.1759070307016373 2.4
    endloop
  endfacet
  facet normal 0 0 1
    outer loop
      vertex -0.3959009051322937 1.1564784944057465 2.4
      vertex 1.57936692237854 1.2535171806812286 2.4
      vertex -0.7913778647780418 1.1759070307016373 2.4
    endloop
  endfacet
  facet normal 0 0 1
    outer loop
      vertex -0.3959009051322937 1.1564784944057465 2.4
      vertex 0 1.1499999985098839 2.4
      vertex 1.1860073953866959 1.2082648053765297 2.4
    endloop
  endfacet
  facet normal 0 0 1
    outer loop
      vertex 0 1.1499999985098839 2.4
      vertex 0.7913778647780418 1.1759070307016373 2.4
      vertex 1.1860073953866959 1.2082648053765297 2.4
    endloop
  endfacet
  facet normal 0 0 1
    outer loop
      vertex -0.3959009051322937 1.1564784944057465 2.4
      vertex 1.1860073953866959 1.2082648053765297 2.4
      vertex 1.57936692237854 1.2535171806812286 2.4
    endloop
  endfacet
  facet normal 0 0 1
    outer loop
      vertex -1.1860073953866959 1.2082648053765297 2.4
      vertex 1.57936692237854 1.2535171806812286 2.4
      vertex 1.9710352271795273 1.3116156831383705 2.4
    endloop
  endfacet
  facet normal 0 0 1
    outer loop
      vertex -1.1860073953866959 1.2082648053765297 2.4
      vertex 1.9710352271795273 1.3116156831383705 2.4
      vertex 2.360592894256115 1.3824981078505516 2.4
    endloop
  endfacet
  facet normal 0 0 1
    outer loop
      vertex -1.9710352271795273 1.3116156831383705 2.4
      vertex 2.360592894256115 1.3824981078505516 2.4
      vertex 2.7476227805018425 1.4660885483026505 2.4
    endloop
  endfacet
  facet normal 0 0 1
    outer loop
      vertex -1.9710352271795273 1.3116156831383705 2.4
      vertex 2.7476227805018425 1.4660885483026505 2.4
      vertex 3.131710447371006 1.5622975006699562 2.4
    endloop
  endfacet
  facet normal 0 0 1
    outer loop
      vertex -2.7476227805018425 1.4660885483026505 2.4
      vertex 3.131710447371006 1.5622975006699562 2.4
      vertex 3.512444593012333 1.6710219383239746 2.4
    endloop
  endfacet
  facet normal 0 0 1
    outer loop
      vertex -2.7476227805018425 1.4660885483026505 2.4
      vertex 3.512444593012333 1.6710219383239746 2.4
      vertex 3.88941752910614 1.7921454310417175 2.4
    endloop
  endfacet
  facet normal 0 0 1
    outer loop
      vertex -3.131710447371006 1.5622975006699562 2.4
      vertex 3.88941752910614 1.7921454310417175 2.4
      vertex 4.262225583195686 1.9255382865667343 2.4
    endloop
  endfacet
  facet normal 0 0 1
    outer loop
      vertex -3.512444593012333 1.6710219383239746 2.4
      vertex 4.262225583195686 1.9255382865667343 2.4
      vertex 4.630469530820847 2.07105765491724 2.4
    endloop
  endfacet
  facet normal 0 0 1
    outer loop
      vertex -3.88941752910614 1.7921454310417175 2.4
      vertex 4.630469530820847 2.07105765491724 2.4
      vertex 4.993755057454109 2.2285477221012115 2.4
    endloop
  endfacet
  facet normal 0 0 1
    outer loop
      vertex -4.262225583195686 1.9255382865667343 2.4
      vertex 4.993755057454109 2.2285477221012115 2.4
      vertex 5.351693153381348 2.397839829325676 2.4
    endloop
  endfacet
  facet normal 0 0 -1
    outer loop
      vertex -4.993755057454109 2.2285477221012115 0
      vertex 5.351693153381348 2.397839829325676 0
      vertex 4.993755057454109 2.2285477221012115 0
    endloop
  endfacet
  facet normal 0 0 -1
    outer loop
      vertex -5.351693153381348 2.397839829325676 0
      vertex 5.703900516033173 2.5787527039647102 0
      vertex 5.351693153381348 2.397839829325676 0
    endloop
  endfacet
  facet normal 0 0 -1
    outer loop
      vertex -5.703900516033173 2.5787527039647102 0
      vertex 6.049999997019768 2.771092616021633 0
      vertex 5.703900516033173 2.5787527039647102 0
    endloop
  endfacet
  facet normal 0 0 -1
    outer loop
      vertex -6.049999997019768 2.771092616021633 0
      vertex 6.389620989561081 2.9746536016464233 0
      vertex 6.049999997019768 2.771092616021633 0
    endloop
  endfacet
  facet normal 0 0 -1
    outer loop
      vertex -6.049999997019768 2.771092616021633 0
      vertex 6.722399815917015 3.189217694103718 0
      vertex 6.389620989561081 2.9746536016464233 0
    endloop
  endfacet
  facet normal 0 0 -1
    outer loop
      vertex -6.722399815917015 3.189217694103718 0
      vertex 7.0479801297187805 3.4145551174879074 0
      vertex 6.722399815917015 3.189217694103718 0
    endloop
  endfacet
  facet normal 0 0 -1
    outer loop
      vertex -7.0479801297187805 3.4145551174879074 0
      vertex 7.366013288497925 3.650424584746361 0
      vertex 7.0479801297187805 3.4145551174879074 0
    endloop
  endfacet
  facet normal 0 0 -1
    outer loop
      vertex -7.366013288497925 3.650424584746361 0
      vertex 7.676158741116524 3.8965735137462616 0
      vertex 7.366013288497925 3.650424584746361 0
    endloop
  endfacet
  facet normal 0 0 -1
    outer loop
      vertex -7.366013288497925 3.650424584746361 0
      vertex 8.647442623972893 4.0172194838523865 0
      vertex 7.676158741116524 3.8965735137462616 0
    endloop
  endfacet
  facet normal 0 0 1
    outer loop
      vertex -4.630469530820847 2.07105765491724 2.4
      vertex 5.351693153381348 2.397839829325676 2.4
      vertex 5.703900516033173 2.5787527039647102 2.4
    endloop
  endfacet
  facet normal 0 0 1
    outer loop
      vertex -4.993755057454109 2.2285477221012115 2.4
      vertex 5.703900516033173 2.5787527039647102 2.4
      vertex 6.049999997019768 2.771092616021633 2.4
    endloop
  endfacet
  facet normal 0 0 1
    outer loop
      vertex -5.351693153381348 2.397839829325676 2.4
      vertex 6.049999997019768 2.771092616021633 2.4
      vertex 6.389620989561081 2.9746536016464233 2.4
    endloop
  endfacet
  facet normal 0 0 1
    outer loop
      vertex -5.703900516033173 2.5787527039647102 2.4
      vertex 6.389620989561081 2.9746536016464233 2.4
      vertex 6.722399815917015 3.189217694103718 2.4
    endloop
  endfacet
  facet normal 0 0 1
    outer loop
      vertex -6.049999997019768 2.771092616021633 2.4
      vertex 6.722399815917015 3.189217694103718 2.4
      vertex 7.0479801297187805 3.4145551174879074 2.4
    endloop
  endfacet
  facet normal 0 0 1
    outer loop
      vertex -6.389620989561081 2.9746536016464233 2.4
      vertex 7.0479801297187805 3.4145551174879074 2.4
      vertex 7.366013288497925 3.650424584746361 2.4
    endloop
  endfacet
  facet normal 0 0 1
    outer loop
      vertex -6.722399815917015 3.189217694103718 2.4
      vertex 7.366013288497925 3.650424584746361 2.4
      vertex 7.676158741116524 3.8965735137462616 2.4
    endloop
  endfacet
  facet normal 0 0 1
    outer loop
      vertex -7.0479801297187805 3.4145551174879074 2.4
      vertex 7.676158741116524 3.8965735137462616 2.4
      vertex 7.798061139881611 4 2.4
    endloop
  endfacet
  facet normal 0 0 1
    outer loop
      vertex -7.676158741116524 3.8965735137462616 2.4
      vertex 7.798061139881611 4 2.4
      vertex 8.647442623972893 4.0172194838523865 2.4
    endloop
  endfacet
  facet normal 0 0 -1
    outer loop
      vertex -7.676158741116524 3.8965735137462616 0
      vertex 8.944900780916214 4.305099219083786 0
      vertex 8.647442623972893 4.0172194838523865 0
    endloop
  endfacet
  facet normal 0 0 1
    outer loop
      vertex -7.676158741116524 3.8965735137462616 2.4
      vertex 8.647442623972893 4.0172194838523865 2.4
      vertex 8.944900780916214 4.305099219083786 2.4
    endloop
  endfacet
  facet normal 0 0 -1
    outer loop
      vertex -10.955221354961395 6.924999997019768 0
      vertex 0.2151435936025556 7.427543072006612 0
      vertex 11.345440179109573 7.655048072338104 0
    endloop
  endfacet
  facet normal 0 0 1
    outer loop
      vertex -10.955221354961395 6.924999997019768 2.4
      vertex 11.345440179109573 7.655048072338104 2.4
      vertex 0 7.420499999999999 2.4
    endloop
  endfacet
  facet normal 0 0 -1
    outer loop
      vertex -8.647442623972893 4.0172194838523865 0
      vertex 9.232780516147614 4.602557376027107 0
      vertex 8.944900780916214 4.305099219083786 0
    endloop
  endfacet
  facet normal 0 0 -1
    outer loop
      vertex -8.944900780916214 4.305099219083786 0
      vertex 9.510773561894894 4.909275442361832 0
      vertex 9.232780516147614 4.602557376027107 0
    endloop
  endfacet
  facet normal 0 0 -1
    outer loop
      vertex -9.232780516147614 4.602557376027107 0
      vertex 9.778582237660885 5.224924951791763 0
      vertex 9.510773561894894 4.909275442361832 0
    endloop
  endfacet
  facet normal 0 0 -1
    outer loop
      vertex -9.510773561894894 4.909275442361832 0
      vertex 10.03591975569725 5.549167923629284 0
      vertex 9.778582237660885 5.224924951791763 0
    endloop
  endfacet
  facet normal 0 0 -1
    outer loop
      vertex -9.778582237660885 5.224924951791763 0
      vertex 10.282510563731194 5.881657131016254 0
      vertex 10.03591975569725 5.549167923629284 0
    endloop
  endfacet
  facet normal 0 0 -1
    outer loop
      vertex -10.03591975569725 5.549167923629284 0
      vertex 10.518090598285198 6.2220365554094315 0
      vertex 10.282510563731194 5.881657131016254 0
    endloop
  endfacet
  facet normal 0 0 -1
    outer loop
      vertex -10.282510563731194 5.881657131016254 0
      vertex 10.742407597601414 6.569941692054272 0
      vertex 10.518090598285198 6.2220365554094315 0
    endloop
  endfacet
  facet normal 0 0 1
    outer loop
      vertex -8.647442623972893 4.0172194838523865 2.4
      vertex 8.944900780916214 4.305099219083786 2.4
      vertex 9.232780516147614 4.602557376027107 2.4
    endloop
  endfacet
  facet normal 0 0 1
    outer loop
      vertex -8.944900780916214 4.305099219083786 2.4
      vertex 9.232780516147614 4.602557376027107 2.4
      vertex 9.510773561894894 4.909275442361832 2.4
    endloop
  endfacet
  facet normal 0 0 1
    outer loop
      vertex -9.232780516147614 4.602557376027107 2.4
      vertex 9.510773561894894 4.909275442361832 2.4
      vertex 9.778582237660885 5.224924951791763 2.4
    endloop
  endfacet
  facet normal 0 0 1
    outer loop
      vertex -9.510773561894894 4.909275442361832 2.4
      vertex 9.778582237660885 5.224924951791763 2.4
      vertex 10.03591975569725 5.549167923629284 2.4
    endloop
  endfacet
  facet normal 0 0 1
    outer loop
      vertex -9.778582237660885 5.224924951791763 2.4
      vertex 10.03591975569725 5.549167923629284 2.4
      vertex 10.282510563731194 5.881657131016254 2.4
    endloop
  endfacet
  facet normal 0 0 1
    outer loop
      vertex -10.03591975569725 5.549167923629284 2.4
      vertex 10.282510563731194 5.881657131016254 2.4
      vertex 10.518090598285198 6.2220365554094315 2.4
    endloop
  endfacet
  facet normal 0 0 1
    outer loop
      vertex -10.282510563731194 5.881657131016254 2.4
      vertex 10.518090598285198 6.2220365554094315 2.4
      vertex 10.742407597601414 6.569941692054272 2.4
    endloop
  endfacet
  facet normal 0 0 -1
    outer loop
      vertex -10.518090598285198 6.2220365554094315 0
      vertex 10.955221354961395 6.924999997019768 0
      vertex 10.742407597601414 6.569941692054272 0
    endloop
  endfacet
  facet normal 0 0 -1
    outer loop
      vertex -10.742407597601414 6.569941692054272 0
      vertex 11.156303994357586 7.28683128207922 0
      vertex 10.955221354961395 6.924999997019768 0
    endloop
  endfacet
  facet normal 0 0 -1
    outer loop
      vertex -10.955221354961395 6.924999997019768 0
      vertex 11.345440179109573 7.655048072338104 0
      vertex 11.156303994357586 7.28683128207922 0
    endloop
  endfacet
  facet normal 0 0 -1
    outer loop
      vertex 11.345440179109573 7.655048072338104 0
      vertex 0.2151435936025556 7.427543072006612 0
      vertex 0.42936590930785967 7.4486421285108495 0
    endloop
  endfacet
  facet normal 0 0 -1
    outer loop
      vertex 11.345440179109573 7.655048072338104 0
      vertex 0.42936590930785967 7.4486421285108495 0
      vertex 0.6417496142720539 7.4837068201135715 0
    endloop
  endfacet
  facet normal 0 0 -1
    outer loop
      vertex 11.345440179109573 7.655048072338104 0
      vertex 0.6417496142720539 7.4837068201135715 0
      vertex 0.8513852488647421 7.5325869944221076 0
    endloop
  endfacet
  facet normal 0 0 -1
    outer loop
      vertex 11.345440179109573 7.655048072338104 0
      vertex 0.8513852488647421 7.5325869944221076 0
      vertex 1.0573751211147502 7.5950733390258485 0
    endloop
  endfacet
  facet normal 0 0 -1
    outer loop
      vertex 11.345440179109573 7.655048072338104 0
      vertex 1.0573751211147502 7.5950733390258485 0
      vertex 1.258837150764963 7.67089827780412 0
    endloop
  endfacet
  facet normal 0 0 -1
    outer loop
      vertex 11.345440179109573 7.655048072338104 0
      vertex 1.258837150764963 7.67089827780412 0
      vertex 1.4549086464754049 7.759737116728221 0
    endloop
  endfacet
  facet normal 0 0 -1
    outer loop
      vertex 11.522427387535572 8.029256075620651 0
      vertex 1.4549086464754049 7.759737116728221 0
      vertex 1.6447500000000002 7.861209434251087 0
    endloop
  endfacet
  facet normal 0 0 -1
    outer loop
      vertex 11.522427387535572 8.029256075620651 0
      vertex 1.6447500000000002 7.861209434251087 0
      vertex 1.8275482815179815 7.974880710330776 0
    endloop
  endfacet
  facet normal 0 0 -1
    outer loop
      vertex 11.522427387535572 8.029256075620651 0
      vertex 1.8275482815179815 7.974880710330776 0
      vertex 2.0025207207241866 8.10026418711198 0
    endloop
  endfacet
  facet normal 0 0 -1
    outer loop
      vertex 11.687076084315777 8.409054577350616 0
      vertex 2.0025207207241866 8.10026418711198 0
      vertex 2.1689180587716765 8.236822953297903 0
    endloop
  endfacet
  facet normal 0 0 1
    outer loop
      vertex -10.518090598285198 6.2220365554094315 2.4
      vertex 10.742407597601414 6.569941692054272 2.4
      vertex 10.955221354961395 6.924999997019768 2.4
    endloop
  endfacet
  facet normal 0 0 1
    outer loop
      vertex -10.742407597601414 6.569941692054272 2.4
      vertex 10.955221354961395 6.924999997019768 2.4
      vertex 11.156303994357586 7.28683128207922 2.4
    endloop
  endfacet
  facet normal 0 0 1
    outer loop
      vertex -10.955221354961395 6.924999997019768 2.4
      vertex 11.156303994357586 7.28683128207922 2.4
      vertex 11.345440179109573 7.655048072338104 2.4
    endloop
  endfacet
  facet normal 0 0 1
    outer loop
      vertex 11.345440179109573 7.655048072338104 2.4
      vertex 0.2151435936025556 7.427543072006612 2.4
      vertex 0 7.420499999999999 2.4
    endloop
  endfacet
  facet normal 0 0 1
    outer loop
      vertex 11.345440179109573 7.655048072338104 2.4
      vertex 0.42936590930785967 7.4486421285108495 2.4
      vertex 0.2151435936025556 7.427543072006612 2.4
    endloop
  endfacet
  facet normal 0 0 1
    outer loop
      vertex 11.345440179109573 7.655048072338104 2.4
      vertex 0.6417496142720539 7.4837068201135715 2.4
      vertex 0.42936590930785967 7.4486421285108495 2.4
    endloop
  endfacet
  facet normal 0 0 1
    outer loop
      vertex 11.345440179109573 7.655048072338104 2.4
      vertex 0.8513852488647421 7.5325869944221076 2.4
      vertex 0.6417496142720539 7.4837068201135715 2.4
    endloop
  endfacet
  facet normal 0 0 1
    outer loop
      vertex 11.345440179109573 7.655048072338104 2.4
      vertex 1.0573751211147502 7.5950733390258485 2.4
      vertex 0.8513852488647421 7.5325869944221076 2.4
    endloop
  endfacet
  facet normal 0 0 1
    outer loop
      vertex 11.345440179109573 7.655048072338104 2.4
      vertex 1.258837150764963 7.67089827780412 2.4
      vertex 1.0573751211147502 7.5950733390258485 2.4
    endloop
  endfacet
  facet normal 0 0 1
    outer loop
      vertex 11.522427387535572 8.029256075620651 2.4
      vertex 1.4549086464754049 7.759737116728221 2.4
      vertex 1.258837150764963 7.67089827780412 2.4
    endloop
  endfacet
  facet normal 0 0 1
    outer loop
      vertex 11.522427387535572 8.029256075620651 2.4
      vertex 1.6447500000000002 7.861209434251087 2.4
      vertex 1.4549086464754049 7.759737116728221 2.4
    endloop
  endfacet
  facet normal 0 0 1
    outer loop
      vertex 11.522427387535572 8.029256075620651 2.4
      vertex 1.8275482815179815 7.974880710330776 2.4
      vertex 1.6447500000000002 7.861209434251087 2.4
    endloop
  endfacet
  facet normal 0 0 1
    outer loop
      vertex 11.687076084315777 8.409054577350616 2.4
      vertex 2.0025207207241866 8.10026418711198 2.4
      vertex 1.8275482815179815 7.974880710330776 2.4
    endloop
  endfacet
  facet normal 0 0 1
    outer loop
      vertex 11.687076084315777 8.409054577350616 2.4
      vertex 2.1689180587716765 8.236822953297903 2.4
      vertex 2.0025207207241866 8.10026418711198 2.4
    endloop
  endfacet
  facet normal 0 0 -1
    outer loop
      vertex 7.80238024271607 3.294674599024961 0
      vertex 7.676158741116524 3.8965735137462616 0
      vertex 7.905000001192093 3.3761194297272414 0
    endloop
  endfacet
  facet normal 0 0 -1
    outer loop
      vertex 7.905000001192093 3.3761194297272414 0
      vertex 7.676158741116524 3.8965735137462616 0
      vertex 8.025075048208237 3.471417762339115 0
    endloop
  endfacet
  facet normal 0 0 -1
    outer loop
      vertex 7.676158741116524 3.8965735137462616 0
      vertex 8.340724557638168 3.7392264381051064 0
      vertex 8.025075048208237 3.471417762339115 0
    endloop
  endfacet
  facet normal 0.6216605661295906 -0.7832867549751092 1.9324715518803688e-18
    outer loop
      vertex 7.905000001192093 3.3761194297272414 0
      vertex 8.025075048208237 3.471417762339115 0
      vertex 8.025075048208237 3.471417762339115 2.4
    endloop
  endfacet
  facet normal 0.6469561682723958 -0.7625271905540808 0
    outer loop
      vertex 8.025075048208237 3.471417762339115 0
      vertex 8.340724557638168 3.7392264381051064 0
      vertex 8.025075048208237 3.471417762339115 2.4
    endloop
  endfacet
  facet normal 0 0 -1
    outer loop
      vertex 7.676158741116524 3.8965735137462616 0
      vertex 8.647442623972893 4.0172194838523865 0
      vertex 8.340724557638168 3.7392264381051064 0
    endloop
  endfacet
  facet normal 0.6715589477353039 -0.7409511318006413 0
    outer loop
      vertex 8.340724557638168 3.7392264381051064 0
      vertex 8.647442623972893 4.0172194838523865 0
      vertex 8.340724557638168 3.7392264381051064 2.4
    endloop
  endfacet
  facet normal 0.695442637437805 -0.7185816154296947 0
    outer loop
      vertex 8.647442623972893 4.0172194838523865 0
      vertex 8.944900780916214 4.305099219083786 0
      vertex 8.647442623972893 4.0172194838523865 2.4
    endloop
  endfacet
  facet normal 0.6216605661295906 -0.7832867549751092 0
    outer loop
      vertex 7.905000001192093 3.3761194297272414 0
      vertex 8.025075048208237 3.471417762339115 2.4
      vertex 7.905000001192093 3.3761194297272414 2.4
    endloop
  endfacet
  facet normal 0.6469561682723958 -0.7625271905540808 0
    outer loop
      vertex 8.340724557638168 3.7392264381051064 0
      vertex 8.340724557638168 3.7392264381051064 2.4
      vertex 8.025075048208237 3.471417762339115 2.4
    endloop
  endfacet
  facet normal 0.6715589477353039 -0.7409511318006413 0
    outer loop
      vertex 8.647442623972893 4.0172194838523865 0
      vertex 8.647442623972893 4.0172194838523865 2.4
      vertex 8.340724557638168 3.7392264381051064 2.4
    endloop
  endfacet
  facet normal 0.695442637437805 -0.7185816154296947 0
    outer loop
      vertex 8.647442623972893 4.0172194838523865 2.4
      vertex 8.944900780916214 4.305099219083786 0
      vertex 8.944900780916214 4.305099219083786 2.4
    endloop
  endfacet
  facet normal 0 0 1
    outer loop
      vertex 7.905000001192093 3.3761194297272414 2.4
      vertex 8.025075048208237 3.471417762339115 2.4
      vertex 8.340724557638168 3.7392264381051064 2.4
    endloop
  endfacet
  facet normal 0 0 1
    outer loop
      vertex 7.905000001192093 3.3761194297272414 2.4
      vertex 8.340724557638168 3.7392264381051064 2.4
      vertex 8.647442623972893 4.0172194838523865 2.4
    endloop
  endfacet
  facet normal 0 0 1
    outer loop
      vertex 7.905000001192093 3.3761194297272414 2.4
      vertex 8.647442623972893 4.0172194838523865 2.4
      vertex 7.905000001192093 4 2.4
    endloop
  endfacet
  facet normal 0 0 1
    outer loop
      vertex 7.798061139881611 4 2.4
      vertex 7.905000001192093 4 2.4
      vertex 8.647442623972893 4.0172194838523865 2.4
    endloop
  endfacet
  facet normal 0.7185816154296947 -0.695442637437805 0
    outer loop
      vertex 8.944900780916214 4.305099219083786 0
      vertex 9.232780516147614 4.602557376027107 0
      vertex 8.944900780916214 4.305099219083786 2.4
    endloop
  endfacet
  facet normal 0.7409511318006413 -0.6715589477353039 0
    outer loop
      vertex 9.232780516147614 4.602557376027107 0
      vertex 9.510773561894894 4.909275442361832 0
      vertex 9.232780516147614 4.602557376027107 2.4
    endloop
  endfacet
  facet normal 0.7185816154296947 -0.695442637437805 0
    outer loop
      vertex 9.232780516147614 4.602557376027107 0
      vertex 9.232780516147614 4.602557376027107 2.4
      vertex 8.944900780916214 4.305099219083786 2.4
    endloop
  endfacet
  facet normal 0.7409511318006413 -0.6715589477353039 0
    outer loop
      vertex 9.232780516147614 4.602557376027107 2.4
      vertex 9.510773561894894 4.909275442361832 0
      vertex 9.510773561894894 4.909275442361832 2.4
    endloop
  endfacet
  facet normal 0 0 -1
    outer loop
      vertex 11.345440179109573 7.655048072338104 0
      vertex 1.4549086464754049 7.759737116728221 0
      vertex 11.522427387535572 8.029256075620651 0
    endloop
  endfacet
  facet normal 0 0 -1
    outer loop
      vertex 11.522427387535572 8.029256075620651 0
      vertex 2.0025207207241866 8.10026418711198 0
      vertex 11.687076084315777 8.409054577350616 0
    endloop
  endfacet
  facet normal 0 0 1
    outer loop
      vertex 11.345440179109573 7.655048072338104 2.4
      vertex 11.522427387535572 8.029256075620651 2.4
      vertex 1.258837150764963 7.67089827780412 2.4
    endloop
  endfacet
  facet normal 0 0 1
    outer loop
      vertex 11.522427387535572 8.029256075620651 2.4
      vertex 11.687076084315777 8.409054577350616 2.4
      vertex 1.8275482815179815 7.974880710330776 2.4
    endloop
  endfacet
  facet normal 0.7625271905540808 -0.6469561682723958 0
    outer loop
      vertex 9.510773561894894 4.909275442361832 0
      vertex 9.778582237660885 5.224924951791763 0
      vertex 9.510773561894894 4.909275442361832 2.4
    endloop
  endfacet
  facet normal 0.7625271905540808 -0.6469561682723958 0
    outer loop
      vertex 9.778582237660885 5.224924951791763 0
      vertex 9.778582237660885 5.224924951791763 2.4
      vertex 9.510773561894894 4.909275442361832 2.4
    endloop
  endfacet
  facet normal 0.7832867549751101 -0.6216605661295895 0
    outer loop
      vertex 9.778582237660885 5.224924951791763 0
      vertex 10.03591975569725 5.549167923629284 0
      vertex 9.778582237660885 5.224924951791763 2.4
    endloop
  endfacet
  facet normal 0.8032075248392601 -0.5956993134473041 0
    outer loop
      vertex 10.03591975569725 5.549167923629284 0
      vertex 10.282510563731194 5.881657131016254 0
      vertex 10.03591975569725 5.549167923629284 2.4
    endloop
  endfacet
  facet normal 0.8222682253606736 -0.5691001366738622 0
    outer loop
      vertex 10.282510563731194 5.881657131016254 0
      vertex 10.518090598285198 6.2220365554094315 0
      vertex 10.282510563731194 5.881657131016254 2.4
    endloop
  endfacet
  facet normal 0.7832867549751101 -0.6216605661295895 0
    outer loop
      vertex 10.03591975569725 5.549167923629284 0
      vertex 10.03591975569725 5.549167923629284 2.4
      vertex 9.778582237660885 5.224924951791763 2.4
    endloop
  endfacet
  facet normal 0.8032075248392601 -0.5956993134473041 0
    outer loop
      vertex 10.282510563731194 5.881657131016254 0
      vertex 10.282510563731194 5.881657131016254 2.4
      vertex 10.03591975569725 5.549167923629284 2.4
    endloop
  endfacet
  facet normal 0.8222682253606736 -0.5691001366738622 0
    outer loop
      vertex 10.518090598285198 6.2220365554094315 0
      vertex 10.518090598285198 6.2220365554094315 2.4
      vertex 10.282510563731194 5.881657131016254 2.4
    endloop
  endfacet
  facet normal 0.8404484023680733 -0.5418915785994031 0
    outer loop
      vertex 10.518090598285198 6.2220365554094315 0
      vertex 10.742407597601414 6.569941692054272 0
      vertex 10.518090598285198 6.2220365554094315 2.4
    endloop
  endfacet
  facet normal 0.8577286107976504 -0.5141027428628765 0
    outer loop
      vertex 10.742407597601414 6.569941692054272 0
      vertex 10.955221354961395 6.924999997019768 0
      vertex 10.742407597601414 6.569941692054272 2.4
    endloop
  endfacet
  facet normal 0.874090341648113 -0.4857633936779152 0
    outer loop
      vertex 10.955221354961395 6.924999997019768 0
      vertex 11.156303994357586 7.28683128207922 0
      vertex 10.955221354961395 6.924999997019768 2.4
    endloop
  endfacet
  facet normal 0.8404484023680733 -0.5418915785994031 0
    outer loop
      vertex 10.518090598285198 6.2220365554094315 2.4
      vertex 10.742407597601414 6.569941692054272 0
      vertex 10.742407597601414 6.569941692054272 2.4
    endloop
  endfacet
  facet normal 0.8577286107976504 -0.5141027428628765 0
    outer loop
      vertex 10.955221354961395 6.924999997019768 0
      vertex 10.955221354961395 6.924999997019768 2.4
      vertex 10.742407597601414 6.569941692054272 2.4
    endloop
  endfacet
  facet normal 0.874090341648113 -0.4857633936779152 0
    outer loop
      vertex 11.156303994357586 7.28683128207922 0
      vertex 11.156303994357586 7.28683128207922 2.4
      vertex 10.955221354961395 6.924999997019768 2.4
    endloop
  endfacet
  facet normal 0.8895160773651676 -0.4569038718471154 0
    outer loop
      vertex 11.156303994357586 7.28683128207922 0
      vertex 11.345440179109573 7.655048072338104 0
      vertex 11.156303994357586 7.28683128207922 2.4
    endloop
  endfacet
  facet normal 0.9039892893730374 -0.4275551013598493 0
    outer loop
      vertex 11.345440179109573 7.655048072338104 0
      vertex 11.522427387535572 8.029256075620651 0
      vertex 11.345440179109573 7.655048072338104 2.4
    endloop
  endfacet
  facet normal 0.91749449793456 -0.3977484710967594 0
    outer loop
      vertex 11.522427387535572 8.029256075620651 0
      vertex 11.687076084315777 8.409054577350616 0
      vertex 11.522427387535572 8.029256075620651 2.4
    endloop
  endfacet
  facet normal 0.8895160773651676 -0.4569038718471154 0
    outer loop
      vertex 11.345440179109573 7.655048072338104 0
      vertex 11.345440179109573 7.655048072338104 2.4
      vertex 11.156303994357586 7.28683128207922 2.4
    endloop
  endfacet
  facet normal 0.9039892893730374 -0.4275551013598493 0
    outer loop
      vertex 11.522427387535572 8.029256075620651 0
      vertex 11.522427387535572 8.029256075620651 2.4
      vertex 11.345440179109573 7.655048072338104 2.4
    endloop
  endfacet
  facet normal 0.91749449793456 -0.3977484710967594 0
    outer loop
      vertex 11.522427387535572 8.029256075620651 2.4
      vertex 11.687076084315777 8.409054577350616 0
      vertex 11.687076084315777 8.409054577350616 2.4
    endloop
  endfacet
  facet normal 0 0 -1
    outer loop
      vertex 11.687076084315777 8.409054577350616 0
      vertex 2.1689180587716765 8.236822953297903 0
      vertex 2.3260277567131484 8.38397224328685 0
    endloop
  endfacet
  facet normal 0 0 -1
    outer loop
      vertex 11.687076084315777 8.409054577350616 0
      vertex 2.3260277567131484 8.38397224328685 0
      vertex 2.4731770467020966 8.541081941228322 0
    endloop
  endfacet
  facet normal 0 0 -1
    outer loop
      vertex 11.839209973812103 8.794036895036697 0
      vertex 2.4731770467020966 8.541081941228322 0
      vertex 2.6097358128880184 8.707479279275812 0
    endloop
  endfacet
  facet normal 0 0 -1
    outer loop
      vertex 11.839209973812103 8.794036895036697 0
      vertex 2.6097358128880184 8.707479279275812 0
      vertex 2.735119289669223 8.882451718482017 0
    endloop
  endfacet
  facet normal 0 0 -1
    outer loop
      vertex 11.978666141629219 9.183790765702724 0
      vertex 2.735119289669223 8.882451718482017 0
      vertex 2.848790565748911 9.065249999999999 0
    endloop
  endfacet
  facet normal 0 0 -1
    outer loop
      vertex 11.978666141629219 9.183790765702724 0
      vertex 2.848790565748911 9.065249999999999 0
      vertex 2.9502628832717783 9.255091353524595 0
    endloop
  endfacet
  facet normal 0 0 -1
    outer loop
      vertex 11.978666141629219 9.183790765702724 0
      vertex 2.9502628832717783 9.255091353524595 0
      vertex 3.039101722195878 9.451162849235036 0
    endloop
  endfacet
  facet normal 0 0 -1
    outer loop
      vertex 12.10529524832964 9.5778988301754 0
      vertex 3.039101722195878 9.451162849235036 0
      vertex 3.1149266609741506 9.652624878885248 0
    endloop
  endfacet
  facet normal 0 0 -1
    outer loop
      vertex 12.10529524832964 9.5778988301754 0
      vertex 3.1149266609741506 9.652624878885248 0
      vertex 3.1774130055778906 9.858614751135256 0
    endloop
  endfacet
  facet normal 0 0 -1
    outer loop
      vertex 12.218961700797081 9.975939080119133 0
      vertex 3.1774130055778906 9.858614751135256 0
      vertex 3.2262931798864267 10.068250385727945 0
    endloop
  endfacet
  facet normal 0 0 -1
    outer loop
      vertex 12.218961700797081 9.975939080119133 0
      vertex 3.2262931798864267 10.068250385727945 0
      vertex 3.2613578714891496 10.28063409069214 0
    endloop
  endfacet
  facet normal 0 0 1
    outer loop
      vertex 11.687076084315777 8.409054577350616 2.4
      vertex 2.3260277567131484 8.38397224328685 2.4
      vertex 2.1689180587716765 8.236822953297903 2.4
    endloop
  endfacet
  facet normal 0 0 1
    outer loop
      vertex 11.839209973812103 8.794036895036697 2.4
      vertex 2.4731770467020966 8.541081941228322 2.4
      vertex 2.3260277567131484 8.38397224328685 2.4
    endloop
  endfacet
  facet normal 0 0 1
    outer loop
      vertex 11.839209973812103 8.794036895036697 2.4
      vertex 2.6097358128880184 8.707479279275812 2.4
      vertex 2.4731770467020966 8.541081941228322 2.4
    endloop
  endfacet
  facet normal 0 0 1
    outer loop
      vertex 11.978666141629219 9.183790765702724 2.4
      vertex 2.735119289669223 8.882451718482017 2.4
      vertex 2.6097358128880184 8.707479279275812 2.4
    endloop
  endfacet
  facet normal 0 0 1
    outer loop
      vertex 11.978666141629219 9.183790765702724 2.4
      vertex 2.848790565748911 9.065249999999999 2.4
      vertex 2.735119289669223 8.882451718482017 2.4
    endloop
  endfacet
  facet normal 0 0 1
    outer loop
      vertex 11.978666141629219 9.183790765702724 2.4
      vertex 2.9502628832717783 9.255091353524595 2.4
      vertex 2.848790565748911 9.065249999999999 2.4
    endloop
  endfacet
  facet normal 0 0 1
    outer loop
      vertex 12.10529524832964 9.5778988301754 2.4
      vertex 3.039101722195878 9.451162849235036 2.4
      vertex 2.9502628832717783 9.255091353524595 2.4
    endloop
  endfacet
  facet normal 0 0 1
    outer loop
      vertex 12.10529524832964 9.5778988301754 2.4
      vertex 3.1149266609741506 9.652624878885248 2.4
      vertex 3.039101722195878 9.451162849235036 2.4
    endloop
  endfacet
  facet normal 0 0 1
    outer loop
      vertex 12.218961700797081 9.975939080119133 2.4
      vertex 3.1774130055778906 9.858614751135256 2.4
      vertex 3.1149266609741506 9.652624878885248 2.4
    endloop
  endfacet
  facet normal 0 0 1
    outer loop
      vertex 12.218961700797081 9.975939080119133 2.4
      vertex 3.2262931798864267 10.068250385727945 2.4
      vertex 3.1774130055778906 9.858614751135256 2.4
    endloop
  endfacet
  facet normal 0 0 1
    outer loop
      vertex 12.319543786346912 10.377485275268555 2.4
      vertex 3.2613578714891496 10.28063409069214 2.4
      vertex 3.2262931798864267 10.068250385727945 2.4
    endloop
  endfacet
  facet normal 0 0 -1
    outer loop
      vertex 12.319543786346912 10.377485275268555 0
      vertex 3.2613578714891496 10.28063409069214 0
      vertex 3.2824569279933864 10.494856406397444 0
    endloop
  endfacet
  facet normal 0 0 -1
    outer loop
      vertex 12.48103815317154 11.189372263848782 0
      vertex 3.2613578714891496 11.139365909307859 0
      vertex 3.2262931798864267 11.351749614272054 0
    endloop
  endfacet
  facet normal 0 0 -1
    outer loop
      vertex 12.5417774990201 11.598843671381474 0
      vertex 3.2262931798864267 11.351749614272054 0
      vertex 3.1774130055778906 11.561385248864742 0
    endloop
  endfacet
  facet normal 0 0 -1
    outer loop
      vertex 12.589086793363094 12.010083176195621 0
      vertex 3.1774130055778906 11.561385248864742 0
      vertex 3.1149266609741506 11.76737512111475 0
    endloop
  endfacet
  facet normal 0 0 -1
    outer loop
      vertex 12.589086793363094 12.010083176195621 0
      vertex 3.1149266609741506 11.76737512111475 0
      vertex 3.039101722195878 11.968837150764962 0
    endloop
  endfacet
  facet normal 0 0 -1
    outer loop
      vertex 12.622915379703045 12.422650411725044 0
      vertex 3.039101722195878 11.968837150764962 0
      vertex 2.9502628832717783 12.164908646475403 0
    endloop
  endfacet
  facet normal 0 0 -1
    outer loop
      vertex 12.622915379703045 12.422650411725044 0
      vertex 2.9502628832717783 12.164908646475403 0
      vertex 2.848790565748911 12.35475 0
    endloop
  endfacet
  facet normal 0 0 1
    outer loop
      vertex 12.406933799386024 10.782107427716255 2.4
      vertex 3.2824569279933864 10.494856406397444 2.4
      vertex 3.2613578714891496 10.28063409069214 2.4
    endloop
  endfacet
  facet normal 0 0 1
    outer loop
      vertex 12.5417774990201 11.598843671381474 2.4
      vertex 3.1774130055778906 11.561385248864742 2.4
      vertex 3.2262931798864267 11.351749614272054 2.4
    endloop
  endfacet
  facet normal 0 0 1
    outer loop
      vertex 12.589086793363094 12.010083176195621 2.4
      vertex 3.1149266609741506 11.76737512111475 2.4
      vertex 3.1774130055778906 11.561385248864742 2.4
    endloop
  endfacet
  facet normal 0 0 1
    outer loop
      vertex 12.622915379703045 12.422650411725044 2.4
      vertex 3.039101722195878 11.968837150764962 2.4
      vertex 3.1149266609741506 11.76737512111475 2.4
    endloop
  endfacet
  facet normal 0 0 1
    outer loop
      vertex 12.622915379703045 12.422650411725044 2.4
      vertex 2.9502628832717783 12.164908646475403 2.4
      vertex 3.039101722195878 11.968837150764962 2.4
    endloop
  endfacet
  facet normal 0 0 -1
    outer loop
      vertex 12.589086793363094 14.489916823804379 0
      vertex 0 13.999499999999998 0
      vertex -0.2151435936025556 13.992456927993384 0
    endloop
  endfacet
  facet normal 0 0 -1
    outer loop
      vertex 12.589086793363094 14.489916823804379 0
      vertex 0.2151435936025556 13.992456927993384 0
      vertex 0 13.999499999999998 0
    endloop
  endfacet
  facet normal 0 0 -1
    outer loop
      vertex 12.589086793363094 14.489916823804379 0
      vertex 0.42936590930785967 13.971357871489147 0
      vertex 0.2151435936025556 13.992456927993384 0
    endloop
  endfacet
  facet normal 0 0 -1
    outer loop
      vertex 12.589086793363094 14.489916823804379 0
      vertex 0.6417496142720539 13.936293179886427 0
      vertex 0.42936590930785967 13.971357871489147 0
    endloop
  endfacet
  facet normal 0 0 -1
    outer loop
      vertex 12.589086793363094 14.489916823804379 0
      vertex 0.8513852488647421 13.88741300557789 0
      vertex 0.6417496142720539 13.936293179886427 0
    endloop
  endfacet
  facet normal 0 0 -1
    outer loop
      vertex 12.643227033317089 12.836103603243828 0
      vertex 2.848790565748911 12.35475 0
      vertex 2.735119289669223 12.537548281517982 0
    endloop
  endfacet
  facet normal 0 0 -1
    outer loop
      vertex 12.643227033317089 12.836103603243828 0
      vertex 2.735119289669223 12.537548281517982 0
      vertex 2.6097358128880184 12.712520720724186 0
    endloop
  endfacet
  facet normal 0 0 -1
    outer loop
      vertex 12.649999998509884 13.25 0
      vertex 2.6097358128880184 12.712520720724186 0
      vertex 2.4731770467020966 12.878918058771676 0
    endloop
  endfacet
  facet normal 0 0 -1
    outer loop
      vertex 12.649999998509884 13.25 0
      vertex 2.4731770467020966 12.878918058771676 0
      vertex 2.3260277567131484 13.036027756713146 0
    endloop
  endfacet
  facet normal 0 0 -1
    outer loop
      vertex 12.649999998509884 13.25 0
      vertex 2.3260277567131484 13.036027756713146 0
      vertex 2.1689180587716765 13.183177046702095 0
    endloop
  endfacet
  facet normal 0 0 -1
    outer loop
      vertex 12.643227033317089 13.663896396756172 0
      vertex 2.1689180587716765 13.183177046702095 0
      vertex 2.0025207207241866 13.319735812888016 0
    endloop
  endfacet
  facet normal 0 0 -1
    outer loop
      vertex 12.622915379703045 14.077349588274956 0
      vertex 1.258837150764963 13.749101722195878 0
      vertex 1.0573751211147502 13.82492666097415 0
    endloop
  endfacet
  facet normal 0 0 -1
    outer loop
      vertex 12.622915379703045 14.077349588274956 0
      vertex 1.4549086464754049 13.660262883271777 0
      vertex 1.258837150764963 13.749101722195878 0
    endloop
  endfacet
  facet normal 0 0 -1
    outer loop
      vertex 12.643227033317089 13.663896396756172 0
      vertex 2.0025207207241866 13.319735812888016 0
      vertex 1.8275482815179815 13.445119289669222 0
    endloop
  endfacet
  facet normal 0 0 -1
    outer loop
      vertex 12.643227033317089 13.663896396756172 0
      vertex 1.8275482815179815 13.445119289669222 0
      vertex 1.6447500000000002 13.558790565748911 0
    endloop
  endfacet
  facet normal 0 0 -1
    outer loop
      vertex 12.622915379703045 14.077349588274956 0
      vertex 1.6447500000000002 13.558790565748911 0
      vertex 1.4549086464754049 13.660262883271777 0
    endloop
  endfacet
  facet normal 0 0 -1
    outer loop
      vertex 12.622915379703045 14.077349588274956 0
      vertex 1.0573751211147502 13.82492666097415 0
      vertex 0.8513852488647421 13.88741300557789 0
    endloop
  endfacet
  facet normal 0 0 1
    outer loop
      vertex 12.589086793363094 14.489916823804379 2.4
      vertex 0 13.999499999999998 2.4
      vertex 0.2151435936025556 13.992456927993384 2.4
    endloop
  endfacet
  facet normal 0 0 1
    outer loop
      vertex 12.589086793363094 14.489916823804379 2.4
      vertex 0.2151435936025556 13.992456927993384 2.4
      vertex 0.42936590930785967 13.971357871489147 2.4
    endloop
  endfacet
  facet normal 0 0 1
    outer loop
      vertex 12.589086793363094 14.489916823804379 2.4
      vertex 0.42936590930785967 13.971357871489147 2.4
      vertex 0.6417496142720539 13.936293179886427 2.4
    endloop
  endfacet
  facet normal 0 0 1
    outer loop
      vertex 12.589086793363094 14.489916823804379 2.4
      vertex 0.6417496142720539 13.936293179886427 2.4
      vertex 0.8513852488647421 13.88741300557789 2.4
    endloop
  endfacet
  facet normal 0 0 1
    outer loop
      vertex 12.643227033317089 12.836103603243828 2.4
      vertex 2.735119289669223 12.537548281517982 2.4
      vertex 2.848790565748911 12.35475 2.4
    endloop
  endfacet
  facet normal 0 0 1
    outer loop
      vertex 12.643227033317089 12.836103603243828 2.4
      vertex 2.848790565748911 12.35475 2.4
      vertex 2.9502628832717783 12.164908646475403 2.4
    endloop
  endfacet
  facet normal 0 0 1
    outer loop
      vertex 12.649999998509884 13.25 2.4
      vertex 2.6097358128880184 12.712520720724186 2.4
      vertex 2.735119289669223 12.537548281517982 2.4
    endloop
  endfacet
  facet normal 0 0 1
    outer loop
      vertex 12.649999998509884 13.25 2.4
      vertex 2.4731770467020966 12.878918058771676 2.4
      vertex 2.6097358128880184 12.712520720724186 2.4
    endloop
  endfacet
  facet normal 0 0 1
    outer loop
      vertex 12.649999998509884 13.25 2.4
      vertex 2.3260277567131484 13.036027756713146 2.4
      vertex 2.4731770467020966 12.878918058771676 2.4
    endloop
  endfacet
  facet normal 0 0 1
    outer loop
      vertex 12.643227033317089 13.663896396756172 2.4
      vertex 2.0025207207241866 13.319735812888016 2.4
      vertex 2.1689180587716765 13.183177046702095 2.4
    endloop
  endfacet
  facet normal 0 0 1
    outer loop
      vertex 12.643227033317089 13.663896396756172 2.4
      vertex 2.1689180587716765 13.183177046702095 2.4
      vertex 2.3260277567131484 13.036027756713146 2.4
    endloop
  endfacet
  facet normal 0 0 1
    outer loop
      vertex 12.622915379703045 14.077349588274956 2.4
      vertex 1.0573751211147502 13.82492666097415 2.4
      vertex 1.258837150764963 13.749101722195878 2.4
    endloop
  endfacet
  facet normal 0 0 1
    outer loop
      vertex 12.622915379703045 14.077349588274956 2.4
      vertex 1.258837150764963 13.749101722195878 2.4
      vertex 1.4549086464754049 13.660262883271777 2.4
    endloop
  endfacet
  facet normal 0 0 1
    outer loop
      vertex 12.643227033317089 13.663896396756172 2.4
      vertex 1.8275482815179815 13.445119289669222 2.4
      vertex 2.0025207207241866 13.319735812888016 2.4
    endloop
  endfacet
  facet normal 0 0 1
    outer loop
      vertex 12.622915379703045 14.077349588274956 2.4
      vertex 1.4549086464754049 13.660262883271777 2.4
      vertex 1.6447500000000002 13.558790565748911 2.4
    endloop
  endfacet
  facet normal 0 0 1
    outer loop
      vertex 12.622915379703045 14.077349588274956 2.4
      vertex 1.6447500000000002 13.558790565748911 2.4
      vertex 1.8275482815179815 13.445119289669222 2.4
    endloop
  endfacet
  facet normal 0 0 1
    outer loop
      vertex 12.589086793363094 14.489916823804379 2.4
      vertex 0.8513852488647421 13.88741300557789 2.4
      vertex 1.0573751211147502 13.82492666097415 2.4
    endloop
  endfacet
  facet normal 0 0 -1
    outer loop
      vertex -12.622915379703045 14.077349588274956 0
      vertex 12.5417774990201 14.901156328618526 0
      vertex 12.589086793363094 14.489916823804379 0
    endloop
  endfacet
  facet normal 0 0 -1
    outer loop
      vertex -12.589086793363094 14.489916823804379 0
      vertex 12.48103815317154 15.310627736151218 0
      vertex 12.5417774990201 14.901156328618526 0
    endloop
  endfacet
  facet normal 0 0 -1
    outer loop
      vertex -12.5417774990201 14.901156328618526 0
      vertex 12.406933799386024 15.717892572283745 0
      vertex 12.48103815317154 15.310627736151218 0
    endloop
  endfacet
  facet normal 0 0 -1
    outer loop
      vertex -12.48103815317154 15.310627736151218 0
      vertex 12.319543786346912 16.122514724731445 0
      vertex 12.406933799386024 15.717892572283745 0
    endloop
  endfacet
  facet normal 0 0 -1
    outer loop
      vertex -12.406933799386024 15.717892572283745 0
      vertex 12.2381392121315 16.447499997913837 0
      vertex 12.319543786346912 16.122514724731445 0
    endloop
  endfacet
  facet normal 0 1 0
    outer loop
      vertex -12.2381392121315 16.447499997913837 0
      vertex 12.2381392121315 16.447499997913837 2.4
      vertex 12.2381392121315 16.447499997913837 0
    endloop
  endfacet
  facet normal 0 0 1
    outer loop
      vertex -12.622915379703045 14.077349588274956 2.4
      vertex 12.589086793363094 14.489916823804379 2.4
      vertex 12.5417774990201 14.901156328618526 2.4
    endloop
  endfacet
  facet normal 0 0 1
    outer loop
      vertex -12.589086793363094 14.489916823804379 2.4
      vertex 12.5417774990201 14.901156328618526 2.4
      vertex 12.48103815317154 15.310627736151218 2.4
    endloop
  endfacet
  facet normal 0 0 1
    outer loop
      vertex -12.5417774990201 14.901156328618526 2.4
      vertex 12.48103815317154 15.310627736151218 2.4
      vertex 12.406933799386024 15.717892572283745 2.4
    endloop
  endfacet
  facet normal 0 0 1
    outer loop
      vertex -12.48103815317154 15.310627736151218 2.4
      vertex 12.406933799386024 15.717892572283745 2.4
      vertex 12.319543786346912 16.122514724731445 2.4
    endloop
  endfacet
  facet normal 0 0 1
    outer loop
      vertex -12.406933799386024 15.717892572283745 2.4
      vertex 12.319543786346912 16.122514724731445 2.4
      vertex 12.2381392121315 16.447499997913837 2.4
    endloop
  endfacet
  facet normal 0 0 -1
    outer loop
      vertex 11.687076084315777 8.409054577350616 0
      vertex 2.4731770467020966 8.541081941228322 0
      vertex 11.839209973812103 8.794036895036697 0
    endloop
  endfacet
  facet normal 0 0 -1
    outer loop
      vertex 11.839209973812103 8.794036895036697 0
      vertex 2.735119289669223 8.882451718482017 0
      vertex 11.978666141629219 9.183790765702724 0
    endloop
  endfacet
  facet normal 0 0 -1
    outer loop
      vertex 11.978666141629219 9.183790765702724 0
      vertex 3.039101722195878 9.451162849235036 0
      vertex 12.10529524832964 9.5778988301754 0
    endloop
  endfacet
  facet normal 0 0 -1
    outer loop
      vertex 12.10529524832964 9.5778988301754 0
      vertex 3.1774130055778906 9.858614751135256 0
      vertex 12.218961700797081 9.975939080119133 0
    endloop
  endfacet
  facet normal 0 0 -1
    outer loop
      vertex 12.218961700797081 9.975939080119133 0
      vertex 3.2613578714891496 10.28063409069214 0
      vertex 12.319543786346912 10.377485275268555 0
    endloop
  endfacet
  facet normal 0 0 1
    outer loop
      vertex 11.687076084315777 8.409054577350616 2.4
      vertex 11.839209973812103 8.794036895036697 2.4
      vertex 2.3260277567131484 8.38397224328685 2.4
    endloop
  endfacet
  facet normal 0 0 1
    outer loop
      vertex 11.839209973812103 8.794036895036697 2.4
      vertex 11.978666141629219 9.183790765702724 2.4
      vertex 2.6097358128880184 8.707479279275812 2.4
    endloop
  endfacet
  facet normal 0 0 1
    outer loop
      vertex 11.978666141629219 9.183790765702724 2.4
      vertex 12.10529524832964 9.5778988301754 2.4
      vertex 2.9502628832717783 9.255091353524595 2.4
    endloop
  endfacet
  facet normal 0 0 1
    outer loop
      vertex 12.10529524832964 9.5778988301754 2.4
      vertex 12.218961700797081 9.975939080119133 2.4
      vertex 3.1149266609741506 9.652624878885248 2.4
    endloop
  endfacet
  facet normal 0 0 1
    outer loop
      vertex 12.218961700797081 9.975939080119133 2.4
      vertex 12.319543786346912 10.377485275268555 2.4
      vertex 3.2262931798864267 10.068250385727945 2.4
    endloop
  endfacet
  facet normal 0 0 -1
    outer loop
      vertex 12.406933799386024 10.782107427716255 0
      vertex 3.2824569279933864 10.494856406397444 0
      vertex 3.2895000000000003 10.709999999999999 0
    endloop
  endfacet
  facet normal 0 0 -1
    outer loop
      vertex 12.406933799386024 10.782107427716255 0
      vertex 3.2895000000000003 10.709999999999999 0
      vertex 3.2824569279933864 10.925143593602554 0
    endloop
  endfacet
  facet normal 0 0 -1
    outer loop
      vertex 12.48103815317154 11.189372263848782 0
      vertex 3.2824569279933864 10.925143593602554 0
      vertex 3.2613578714891496 11.139365909307859 0
    endloop
  endfacet
  facet normal 0 0 -1
    outer loop
      vertex 12.319543786346912 10.377485275268555 0
      vertex 3.2824569279933864 10.494856406397444 0
      vertex 12.406933799386024 10.782107427716255 0
    endloop
  endfacet
  facet normal 0 0 -1
    outer loop
      vertex 12.406933799386024 10.782107427716255 0
      vertex 3.2824569279933864 10.925143593602554 0
      vertex 12.48103815317154 11.189372263848782 0
    endloop
  endfacet
  facet normal 0 0 -1
    outer loop
      vertex 12.48103815317154 11.189372263848782 0
      vertex 3.2262931798864267 11.351749614272054 0
      vertex 12.5417774990201 11.598843671381474 0
    endloop
  endfacet
  facet normal 0 0 -1
    outer loop
      vertex 12.5417774990201 11.598843671381474 0
      vertex 3.1774130055778906 11.561385248864742 0
      vertex 12.589086793363094 12.010083176195621 0
    endloop
  endfacet
  facet normal 0 0 -1
    outer loop
      vertex 12.589086793363094 12.010083176195621 0
      vertex 3.039101722195878 11.968837150764962 0
      vertex 12.622915379703045 12.422650411725044 0
    endloop
  endfacet
  facet normal 0 0 1
    outer loop
      vertex 12.406933799386024 10.782107427716255 2.4
      vertex 3.2895000000000003 10.709999999999999 2.4
      vertex 3.2824569279933864 10.494856406397444 2.4
    endloop
  endfacet
  facet normal 0 0 1
    outer loop
      vertex 12.48103815317154 11.189372263848782 2.4
      vertex 3.2824569279933864 10.925143593602554 2.4
      vertex 3.2895000000000003 10.709999999999999 2.4
    endloop
  endfacet
  facet normal 0 0 1
    outer loop
      vertex 12.48103815317154 11.189372263848782 2.4
      vertex 3.2613578714891496 11.139365909307859 2.4
      vertex 3.2824569279933864 10.925143593602554 2.4
    endloop
  endfacet
  facet normal 0 0 1
    outer loop
      vertex 12.5417774990201 11.598843671381474 2.4
      vertex 3.2262931798864267 11.351749614272054 2.4
      vertex 3.2613578714891496 11.139365909307859 2.4
    endloop
  endfacet
  facet normal 0 0 1
    outer loop
      vertex 12.319543786346912 10.377485275268555 2.4
      vertex 12.406933799386024 10.782107427716255 2.4
      vertex 3.2613578714891496 10.28063409069214 2.4
    endloop
  endfacet
  facet normal 0 0 1
    outer loop
      vertex 12.406933799386024 10.782107427716255 2.4
      vertex 12.48103815317154 11.189372263848782 2.4
      vertex 3.2895000000000003 10.709999999999999 2.4
    endloop
  endfacet
  facet normal 0 0 1
    outer loop
      vertex 12.48103815317154 11.189372263848782 2.4
      vertex 12.5417774990201 11.598843671381474 2.4
      vertex 3.2613578714891496 11.139365909307859 2.4
    endloop
  endfacet
  facet normal 0 0 1
    outer loop
      vertex 12.5417774990201 11.598843671381474 2.4
      vertex 12.589086793363094 12.010083176195621 2.4
      vertex 3.1774130055778906 11.561385248864742 2.4
    endloop
  endfacet
  facet normal 0 0 1
    outer loop
      vertex 12.589086793363094 12.010083176195621 2.4
      vertex 12.622915379703045 12.422650411725044 2.4
      vertex 3.1149266609741506 11.76737512111475 2.4
    endloop
  endfacet
  facet normal 0.9300172232571254 -0.3675159376749613 0
    outer loop
      vertex 11.687076084315777 8.409054577350616 0
      vertex 11.839209973812103 8.794036895036697 0
      vertex 11.687076084315777 8.409054577350616 2.4
    endloop
  endfacet
  facet normal 0.9415440628931689 -0.3368898597919272 0
    outer loop
      vertex 11.839209973812103 8.794036895036697 0
      vertex 11.978666141629219 9.183790765702724 0
      vertex 11.839209973812103 8.794036895036697 2.4
    endloop
  endfacet
  facet normal 0.9520626782791526 -0.30590301833739186 0
    outer loop
      vertex 11.978666141629219 9.183790765702724 0
      vertex 12.10529524832964 9.5778988301754 0
      vertex 11.978666141629219 9.183790765702724 2.4
    endloop
  endfacet
  facet normal 0.9300172232571254 -0.3675159376749613 0
    outer loop
      vertex 11.839209973812103 8.794036895036697 0
      vertex 11.839209973812103 8.794036895036697 2.4
      vertex 11.687076084315777 8.409054577350616 2.4
    endloop
  endfacet
  facet normal 0.9415440628931689 -0.3368898597919272 0
    outer loop
      vertex 11.978666141629219 9.183790765702724 0
      vertex 11.978666141629219 9.183790765702724 2.4
      vertex 11.839209973812103 8.794036895036697 2.4
    endloop
  endfacet
  facet normal 0.9615618002322878 -0.27458860925763434 0
    outer loop
      vertex 12.10529524832964 9.5778988301754 0
      vertex 12.218961700797081 9.975939080119133 0
      vertex 12.10529524832964 9.5778988301754 2.4
    endloop
  endfacet
  facet normal 0.9700312533366239 -0.24298017933604865 0
    outer loop
      vertex 12.218961700797081 9.975939080119133 0
      vertex 12.319543786346912 10.377485275268555 0
      vertex 12.218961700797081 9.975939080119133 2.4
    endloop
  endfacet
  facet normal 0.9520626782791526 -0.30590301833739186 0
    outer loop
      vertex 12.10529524832964 9.5778988301754 0
      vertex 12.10529524832964 9.5778988301754 2.4
      vertex 11.978666141629219 9.183790765702724 2.4
    endloop
  endfacet
  facet normal 0.9615618002322878 -0.27458860925763434 0
    outer loop
      vertex 12.218961700797081 9.975939080119133 0
      vertex 12.218961700797081 9.975939080119133 2.4
      vertex 12.10529524832964 9.5778988301754 2.4
    endloop
  endfacet
  facet normal 0.9700312533366239 -0.24298017933604865 0
    outer loop
      vertex 12.218961700797081 9.975939080119133 2.4
      vertex 12.319543786346912 10.377485275268555 0
      vertex 12.319543786346912 10.377485275268555 2.4
    endloop
  endfacet
  facet normal 0.9774619728967269 -0.21111156183600754 0
    outer loop
      vertex 12.319543786346912 10.377485275268555 0
      vertex 12.406933799386024 10.782107427716255 0
      vertex 12.319543786346912 10.377485275268555 2.4
    endloop
  endfacet
  facet normal 0.9838460060045312 -0.17901686085096005 0
    outer loop
      vertex 12.406933799386024 10.782107427716255 0
      vertex 12.48103815317154 11.189372263848782 0
      vertex 12.406933799386024 10.782107427716255 2.4
    endloop
  endfacet
  facet normal 0.9891765098794101 -0.14673047503088588 0
    outer loop
      vertex 12.48103815317154 11.189372263848782 0
      vertex 12.5417774990201 11.598843671381474 0
      vertex 12.48103815317154 11.189372263848782 2.4
    endloop
  endfacet
  facet normal 0.9774619728967269 -0.21111156183600754 0
    outer loop
      vertex 12.406933799386024 10.782107427716255 0
      vertex 12.406933799386024 10.782107427716255 2.4
      vertex 12.319543786346912 10.377485275268555 2.4
    endloop
  endfacet
  facet normal 0.9838460060045312 -0.17901686085096005 0
    outer loop
      vertex 12.48103815317154 11.189372263848782 0
      vertex 12.48103815317154 11.189372263848782 2.4
      vertex 12.406933799386024 10.782107427716255 2.4
    endloop
  endfacet
  facet normal 0.9934477794301668 -0.11428696139661167 0
    outer loop
      vertex 12.5417774990201 11.598843671381474 0
      vertex 12.589086793363094 12.010083176195621 0
      vertex 12.5417774990201 11.598843671381474 2.4
    endloop
  endfacet
  facet normal 0.9966552392747682 -0.0817210745533527 0
    outer loop
      vertex 12.589086793363094 12.010083176195621 0
      vertex 12.622915379703045 12.422650411725044 0
      vertex 12.589086793363094 12.010083176195621 2.4
    endloop
  endfacet
  facet normal 0.9891765098794101 -0.14673047503088588 0
    outer loop
      vertex 12.5417774990201 11.598843671381474 0
      vertex 12.5417774990201 11.598843671381474 2.4
      vertex 12.48103815317154 11.189372263848782 2.4
    endloop
  endfacet
  facet normal 0.9934477794301668 -0.11428696139661167 0
    outer loop
      vertex 12.589086793363094 12.010083176195621 0
      vertex 12.589086793363094 12.010083176195621 2.4
      vertex 12.5417774990201 11.598843671381474 2.4
    endloop
  endfacet
  facet normal 0.9966552392747682 -0.0817210745533527 0
    outer loop
      vertex 12.589086793363094 12.010083176195621 2.4
      vertex 12.622915379703045 12.422650411725044 0
      vertex 12.622915379703045 12.422650411725044 2.4
    endloop
  endfacet
  facet normal 0 0 -1
    outer loop
      vertex 12.622915379703045 12.422650411725044 0
      vertex 2.848790565748911 12.35475 0
      vertex 12.643227033317089 12.836103603243828 0
    endloop
  endfacet
  facet normal 0 0 -1
    outer loop
      vertex 12.643227033317089 12.836103603243828 0
      vertex 2.6097358128880184 12.712520720724186 0
      vertex 12.649999998509884 13.25 0
    endloop
  endfacet
  facet normal 0 0 -1
    outer loop
      vertex 12.649999998509884 13.25 0
      vertex 2.1689180587716765 13.183177046702095 0
      vertex 12.643227033317089 13.663896396756172 0
    endloop
  endfacet
  facet normal 0 0 -1
    outer loop
      vertex 12.622915379703045 14.077349588274956 0
      vertex 0.8513852488647421 13.88741300557789 0
      vertex 12.589086793363094 14.489916823804379 0
    endloop
  endfacet
  facet normal 0 0 -1
    outer loop
      vertex 12.643227033317089 13.663896396756172 0
      vertex 1.6447500000000002 13.558790565748911 0
      vertex 12.622915379703045 14.077349588274956 0
    endloop
  endfacet
  facet normal 0 0 1
    outer loop
      vertex 12.622915379703045 12.422650411725044 2.4
      vertex 12.643227033317089 12.836103603243828 2.4
      vertex 2.9502628832717783 12.164908646475403 2.4
    endloop
  endfacet
  facet normal 0 0 1
    outer loop
      vertex 12.643227033317089 12.836103603243828 2.4
      vertex 12.649999998509884 13.25 2.4
      vertex 2.735119289669223 12.537548281517982 2.4
    endloop
  endfacet
  facet normal 0 0 1
    outer loop
      vertex 12.649999998509884 13.25 2.4
      vertex 12.643227033317089 13.663896396756172 2.4
      vertex 2.3260277567131484 13.036027756713146 2.4
    endloop
  endfacet
  facet normal 0 0 1
    outer loop
      vertex 12.643227033317089 13.663896396756172 2.4
      vertex 12.622915379703045 14.077349588274956 2.4
      vertex 1.8275482815179815 13.445119289669222 2.4
    endloop
  endfacet
  facet normal 0 0 1
    outer loop
      vertex 12.622915379703045 14.077349588274956 2.4
      vertex 12.589086793363094 14.489916823804379 2.4
      vertex 1.0573751211147502 13.82492666097415 2.4
    endloop
  endfacet
  facet normal 0.9987954561119277 -0.04906767622545993 0
    outer loop
      vertex 12.622915379703045 12.422650411725044 0
      vertex 12.643227033317089 12.836103603243828 0
      vertex 12.622915379703045 12.422650411725044 2.4
    endloop
  endfacet
  facet normal 0.9998661380366519 -0.016361723860007043 0
    outer loop
      vertex 12.643227033317089 12.836103603243828 0
      vertex 12.649999998509884 13.25 0
      vertex 12.643227033317089 12.836103603243828 2.4
    endloop
  endfacet
  facet normal 0.9998661380366519 0.016361723860007043 0
    outer loop
      vertex 12.649999998509884 13.25 0
      vertex 12.643227033317089 13.663896396756172 0
      vertex 12.649999998509884 13.25 2.4
    endloop
  endfacet
  facet normal 0.9987954561119277 -0.04906767622545993 0
    outer loop
      vertex 12.643227033317089 12.836103603243828 0
      vertex 12.643227033317089 12.836103603243828 2.4
      vertex 12.622915379703045 12.422650411725044 2.4
    endloop
  endfacet
  facet normal 0.9998661380366519 -0.016361723860007043 0
    outer loop
      vertex 12.649999998509884 13.25 0
      vertex 12.649999998509884 13.25 2.4
      vertex 12.643227033317089 12.836103603243828 2.4
    endloop
  endfacet
  facet normal 0.9987954561119277 0.04906767622545993 0
    outer loop
      vertex 12.643227033317089 13.663896396756172 0
      vertex 12.622915379703045 14.077349588274956 0
      vertex 12.643227033317089 13.663896396756172 2.4
    endloop
  endfacet
  facet normal 0.9966552392747682 0.0817210745533527 0
    outer loop
      vertex 12.622915379703045 14.077349588274956 0
      vertex 12.589086793363094 14.489916823804379 0
      vertex 12.622915379703045 14.077349588274956 2.4
    endloop
  endfacet
  facet normal 0.9998661380366519 0.016361723860007043 0
    outer loop
      vertex 12.643227033317089 13.663896396756172 0
      vertex 12.643227033317089 13.663896396756172 2.4
      vertex 12.649999998509884 13.25 2.4
    endloop
  endfacet
  facet normal 0.9987954561119277 0.04906767622545993 0
    outer loop
      vertex 12.622915379703045 14.077349588274956 0
      vertex 12.622915379703045 14.077349588274956 2.4
      vertex 12.643227033317089 13.663896396756172 2.4
    endloop
  endfacet
  facet normal 0.9966552392747682 0.0817210745533527 0
    outer loop
      vertex 12.622915379703045 14.077349588274956 2.4
      vertex 12.589086793363094 14.489916823804379 0
      vertex 12.589086793363094 14.489916823804379 2.4
    endloop
  endfacet
  facet normal 0.9934477794301668 0.11428696139661167 0
    outer loop
      vertex 12.589086793363094 14.489916823804379 0
      vertex 12.5417774990201 14.901156328618526 0
      vertex 12.589086793363094 14.489916823804379 2.4
    endloop
  endfacet
  facet normal 0.9891765098794101 0.14673047503088588 0
    outer loop
      vertex 12.5417774990201 14.901156328618526 0
      vertex 12.48103815317154 15.310627736151218 0
      vertex 12.5417774990201 14.901156328618526 2.4
    endloop
  endfacet
  facet normal 0.9934477794301668 0.11428696139661167 0
    outer loop
      vertex 12.5417774990201 14.901156328618526 0
      vertex 12.5417774990201 14.901156328618526 2.4
      vertex 12.589086793363094 14.489916823804379 2.4
    endloop
  endfacet
  facet normal 0.9891765098794101 0.14673047503088588 0
    outer loop
      vertex 12.48103815317154 15.310627736151218 0
      vertex 12.48103815317154 15.310627736151218 2.4
      vertex 12.5417774990201 14.901156328618526 2.4
    endloop
  endfacet
  facet normal 0.9838460060045312 0.17901686085096005 0
    outer loop
      vertex 12.48103815317154 15.310627736151218 0
      vertex 12.406933799386024 15.717892572283745 0
      vertex 12.48103815317154 15.310627736151218 2.4
    endloop
  endfacet
  facet normal 0.9774619728967269 0.21111156183600754 0
    outer loop
      vertex 12.406933799386024 15.717892572283745 0
      vertex 12.319543786346912 16.122514724731445 0
      vertex 12.406933799386024 15.717892572283745 2.4
    endloop
  endfacet
  facet normal 0.9700312524706086 0.2429801827933759 0
    outer loop
      vertex 12.2381392121315 16.447499997913837 0
      vertex 12.319543786346912 16.122514724731445 2.4
      vertex 12.319543786346912 16.122514724731445 0
    endloop
  endfacet
  facet normal 0.9838460060045312 0.17901686085096005 0
    outer loop
      vertex 12.406933799386024 15.717892572283745 0
      vertex 12.406933799386024 15.717892572283745 2.4
      vertex 12.48103815317154 15.310627736151218 2.4
    endloop
  endfacet
  facet normal 0.9774619728967269 0.21111156183600754 0
    outer loop
      vertex 12.319543786346912 16.122514724731445 0
      vertex 12.319543786346912 16.122514724731445 2.4
      vertex 12.406933799386024 15.717892572283745 2.4
    endloop
  endfacet
  facet normal 0.9700312524706086 0.2429801827933759 0
    outer loop
      vertex 12.2381392121315 16.447499997913837 0
      vertex 12.2381392121315 16.447499997913837 2.4
      vertex 12.319543786346912 16.122514724731445 2.4
    endloop
  endfacet
  facet normal 0 0 -1
    outer loop
      vertex -7.630457825958729 2.601708434522152 0
      vertex -7.905000001192093 2.8053227812051773 0
      vertex -7.0479801297187805 3.4145551174879074 0
    endloop
  endfacet
  facet normal 0 0 -1
    outer loop
      vertex -7.905000001192093 2.8053227812051773 0
      vertex -7.905000001192093 3.3761194297272414 0
      vertex -7.80238024271607 3.294674599024961 0
    endloop
  endfacet
  facet normal 0 0 -1
    outer loop
      vertex -7.630457825958729 2.601708434522152 0
      vertex -6.722399815917015 3.189217694103718 0
      vertex -7.277970053255558 2.3577480763196945 0
    endloop
  endfacet
  facet normal 0 0 -1
    outer loop
      vertex -7.630457825958729 2.601708434522152 0
      vertex -7.0479801297187805 3.4145551174879074 0
      vertex -6.722399815917015 3.189217694103718 0
    endloop
  endfacet
  facet normal -1 0 0
    outer loop
      vertex -7.905000001192093 2.8053227812051773 0
      vertex -7.905000001192093 3.3761194297272414 2.4
      vertex -7.905000001192093 3.3761194297272414 0
    endloop
  endfacet
  facet normal 0 0 -1
    outer loop
      vertex -6.917688846588135 2.125451423227787 0
      vertex -7.277970053255558 2.3577480763196945 0
      vertex -6.389620989561081 2.9746536016464233 0
    endloop
  endfacet
  facet normal 0 0 -1
    outer loop
      vertex -6.917688846588135 2.125451423227787 0
      vertex -6.049999997019768 2.771092616021633 0
      vertex -6.549999997019768 1.9050672128796577 0
    endloop
  endfacet
  facet normal 0 0 -1
    outer loop
      vertex -6.917688846588135 2.125451423227787 0
      vertex -6.389620989561081 2.9746536016464233 0
      vertex -6.049999997019768 2.771092616021633 0
    endloop
  endfacet
  facet normal 0 0 -1
    outer loop
      vertex -7.277970053255558 2.3577480763196945 0
      vertex -6.722399815917015 3.189217694103718 0
      vertex -6.389620989561081 2.9746536016464233 0
    endloop
  endfacet
  facet normal 0 0 -1
    outer loop
      vertex -7.905000001192093 2.8053227812051773 0
      vertex -7.80238024271607 3.294674599024961 0
      vertex -7.366013288497925 3.650424584746361 0
    endloop
  endfacet
  facet normal 0 0 -1
    outer loop
      vertex -7.80238024271607 3.294674599024961 0
      vertex -7.676158741116524 3.8965735137462616 0
      vertex -7.366013288497925 3.650424584746361 0
    endloop
  endfacet
  facet normal 0 0 -1
    outer loop
      vertex -7.905000001192093 2.8053227812051773 0
      vertex -7.366013288497925 3.650424584746361 0
      vertex -7.0479801297187805 3.4145551174879074 0
    endloop
  endfacet
  facet normal 0 0 -1
    outer loop
      vertex -6.549999997019768 1.9050672128796577 0
      vertex -5.703900516033173 2.5787527039647102 0
      vertex -6.175297252833843 1.6968314349651337 0
    endloop
  endfacet
  facet normal 0 0 -1
    outer loop
      vertex -5.793981842696667 1.5009670853614807 0
      vertex -6.175297252833843 1.6968314349651337 0
      vertex -5.351693153381348 2.397839829325676 0
    endloop
  endfacet
  facet normal 0 0 -1
    outer loop
      vertex -5.013152964413166 1.1471781209111214 0
      vertex -5.406462088227272 1.3176838904619217 0
      vertex -4.630469530820847 2.07105765491724 0
    endloop
  endfacet
  facet normal 0 0 -1
    outer loop
      vertex -5.793981842696667 1.5009670853614807 0
      vertex -4.993755057454109 2.2285477221012115 0
      vertex -5.406462088227272 1.3176838904619217 0
    endloop
  endfacet
  facet normal 0 0 -1
    outer loop
      vertex -5.793981842696667 1.5009670853614807 0
      vertex -5.351693153381348 2.397839829325676 0
      vertex -4.993755057454109 2.2285477221012115 0
    endloop
  endfacet
  facet normal 0 0 -1
    outer loop
      vertex -5.406462088227272 1.3176838904619217 0
      vertex -4.993755057454109 2.2285477221012115 0
      vertex -4.630469530820847 2.07105765491724 0
    endloop
  endfacet
  facet normal 0 0 -1
    outer loop
      vertex -4.21085699647665 0.845215305685997 0
      vertex -3.512444593012333 1.6710219383239746 0
      vertex -3.802729271352291 0.7140816003084183 0
    endloop
  endfacet
  facet normal 0 0 -1
    outer loop
      vertex -3.390529491007328 0.5963716730475426 0
      vertex -3.802729271352291 0.7140816003084183 0
      vertex -3.131710447371006 1.5622975006699562 0
    endloop
  endfacet
  facet normal 0 0 -1
    outer loop
      vertex -5.013152964413166 1.1471781209111214 0
      vertex -4.262225583195686 1.9255382865667343 0
      vertex -4.614475630223751 0.989632360637188 0
    endloop
  endfacet
  facet normal 0 0 -1
    outer loop
      vertex -4.614475630223751 0.989632360637188 0
      vertex -3.88941752910614 1.7921454310417175 0
      vertex -4.21085699647665 0.845215305685997 0
    endloop
  endfacet
  facet normal 0 0 -1
    outer loop
      vertex -4.614475630223751 0.989632360637188 0
      vertex -4.262225583195686 1.9255382865667343 0
      vertex -3.88941752910614 1.7921454310417175 0
    endloop
  endfacet
  facet normal 0 0 -1
    outer loop
      vertex -5.013152964413166 1.1471781209111214 0
      vertex -4.630469530820847 2.07105765491724 0
      vertex -4.262225583195686 1.9255382865667343 0
    endloop
  endfacet
  facet normal 0 0 -1
    outer loop
      vertex -4.21085699647665 0.845215305685997 0
      vertex -3.88941752910614 1.7921454310417175 0
      vertex -3.512444593012333 1.6710219383239746 0
    endloop
  endfacet
  facet normal 0 0 -1
    outer loop
      vertex -3.802729271352291 0.7140816003084183 0
      vertex -3.512444593012333 1.6710219383239746 0
      vertex -3.131710447371006 1.5622975006699562 0
    endloop
  endfacet
  facet normal 0 0 -1
    outer loop
      vertex -6.549999997019768 1.9050672128796577 0
      vertex -6.049999997019768 2.771092616021633 0
      vertex -5.703900516033173 2.5787527039647102 0
    endloop
  endfacet
  facet normal 0 0 -1
    outer loop
      vertex -6.175297252833843 1.6968314349651337 0
      vertex -5.703900516033173 2.5787527039647102 0
      vertex -5.351693153381348 2.397839829325676 0
    endloop
  endfacet
  facet normal 0 0 -1
    outer loop
      vertex -3.390529491007328 0.5963716730475426 0
      vertex -2.7476227805018425 1.4660885483026505 0
      vertex -2.974699042737484 0.49221157282590866 0
    endloop
  endfacet
  facet normal 0 0 -1
    outer loop
      vertex -2.974699042737484 0.49221157282590866 0
      vertex -2.360592894256115 1.3824981078505516 0
      vertex -2.5556832179427147 0.4017128273844719 0
    endloop
  endfacet
  facet normal 0 0 -1
    outer loop
      vertex -2.974699042737484 0.49221157282590866 0
      vertex -2.7476227805018425 1.4660885483026505 0
      vertex -2.360592894256115 1.3824981078505516 0
    endloop
  endfacet
  facet normal 0 0 -1
    outer loop
      vertex -2.1339306980371475 0.32497234642505646 0
      vertex -1.57936692237854 1.2535171806812286 0
      vertex -1.7098931148648262 0.262072317302227 0
    endloop
  endfacet
  facet normal 0 0 -1
    outer loop
      vertex -2.5556832179427147 0.4017128273844719 0
      vertex -1.9710352271795273 1.3116156831383705 0
      vertex -2.1339306980371475 0.32497234642505646 0
    endloop
  endfacet
  facet normal 0 0 -1
    outer loop
      vertex -2.5556832179427147 0.4017128273844719 0
      vertex -2.360592894256115 1.3824981078505516 0
      vertex -1.9710352271795273 1.3116156831383705 0
    endloop
  endfacet
  facet normal 0 0 -1
    outer loop
      vertex -2.1339306980371475 0.32497234642505646 0
      vertex -1.9710352271795273 1.3116156831383705 0
      vertex -1.57936692237854 1.2535171806812286 0
    endloop
  endfacet
  facet normal 0 0 -1
    outer loop
      vertex -3.390529491007328 0.5963716730475426 0
      vertex -3.131710447371006 1.5622975006699562 0
      vertex -2.7476227805018425 1.4660885483026505 0
    endloop
  endfacet
  facet normal 0 0 -1
    outer loop
      vertex -1.7098931148648262 0.262072317302227 0
      vertex -1.1860073953866959 1.2082648053765297 0
      vertex -1.2840245366096497 0.21308007836341858 0
    endloop
  endfacet
  facet normal 0 0 -1
    outer loop
      vertex -1.2840245366096497 0.21308007836341858 0
      vertex -0.7913778647780418 1.1759070307016373 0
      vertex -0.8567809909582138 0.17804810404777527 0
    endloop
  endfacet
  facet normal 0 0 -1
    outer loop
      vertex -1.7098931148648262 0.262072317302227 0
      vertex -1.57936692237854 1.2535171806812286 0
      vertex -1.1860073953866959 1.2082648053765297 0
    endloop
  endfacet
  facet normal 0 0 -1
    outer loop
      vertex -1.2840245366096497 0.21308007836341858 0
      vertex -1.1860073953866959 1.2082648053765297 0
      vertex -0.7913778647780418 1.1759070307016373 0
    endloop
  endfacet
  facet normal 0 0 -1
    outer loop
      vertex -0.8567809909582138 0.17804810404777527 0
      vertex -0.3959009051322937 1.1564784944057465 0
      vertex -0.42861998826265335 0.157013900578022 0
    endloop
  endfacet
  facet normal 0 0 -1
    outer loop
      vertex -0.42861998826265335 0.157013900578022 0
      vertex 0 1.1499999985098839 0
      vertex 0 0.14999999850988388 0
    endloop
  endfacet
  facet normal 0 0 -1
    outer loop
      vertex -0.8567809909582138 0.17804810404777527 0
      vertex -0.7913778647780418 1.1759070307016373 0
      vertex -0.3959009051322937 1.1564784944057465 0
    endloop
  endfacet
  facet normal 0 0 -1
    outer loop
      vertex -0.42861998826265335 0.157013900578022 0
      vertex -0.3959009051322937 1.1564784944057465 0
      vertex 0 1.1499999985098839 0
    endloop
  endfacet
  facet normal -0.5141027358607144 -0.8577286149945847 0
    outer loop
      vertex -6.917688846588135 2.125451423227787 0
      vertex -6.549999997019768 1.9050672128796577 0
      vertex -6.917688846588135 2.125451423227787 29.4
    endloop
  endfacet
  facet normal -0.48576340514646454 -0.874090335274628 0
    outer loop
      vertex -6.549999997019768 1.9050672128796577 0
      vertex -6.175297252833843 1.6968314349651337 0
      vertex -6.549999997019768 1.9050672128796577 29.4
    endloop
  endfacet
  facet normal -0.5691001581116034 -0.8222682105233962 0
    outer loop
      vertex -7.630457825958729 2.601708434522152 0
      vertex -7.277970053255558 2.3577480763196945 0
      vertex -7.630457825958729 2.601708434522152 29.4
    endloop
  endfacet
  facet normal -0.5418915769247628 -0.8404484034478226 0
    outer loop
      vertex -6.917688846588135 2.125451423227787 0
      vertex -7.277970053255558 2.3577480763196945 29.4
      vertex -7.277970053255558 2.3577480763196945 0
    endloop
  endfacet
  facet normal -0.5956992902355966 -0.8032075420542355 0
    outer loop
      vertex -7.630457825958729 2.601708434522152 0
      vertex -7.905000001192093 2.8053227812051773 29.4
      vertex -7.905000001192093 2.8053227812051773 0
    endloop
  endfacet
  facet normal -1 0 0
    outer loop
      vertex -7.905000001192093 2.8053227812051773 0
      vertex -7.905000001192093 4 29.4
      vertex -7.905000001192093 3.3761194297272414 2.4
    endloop
  endfacet
  facet normal 0.541891589579176 0.8404483952887017 0
    outer loop
      vertex -6.722399815917015 3.189217694103718 2.4
      vertex -6.722399815917015 3.189217694103718 29.4
      vertex -6.389620989561081 2.9746536016464233 2.4
    endloop
  endfacet
  facet normal 0.5956993066387265 0.8032075298888456 0
    outer loop
      vertex -7.366013288497925 3.650424584746361 2.4
      vertex -7.366013288497925 3.650424584746361 29.4
      vertex -7.0479801297187805 3.4145551174879074 2.4
    endloop
  endfacet
  facet normal -1 0 0
    outer loop
      vertex -7.905000001192093 3.3761194297272414 2.4
      vertex -7.905000001192093 4 29.4
      vertex -7.905000001192093 4 2.4
    endloop
  endfacet
  facet normal 0.6469561643786759 0.7625271938576562 0
    outer loop
      vertex -7.676158741116524 3.8965735137462616 2.4
      vertex -7.798061139881611 4 2.4
      vertex -7.798061139881611 4 29.4
    endloop
  endfacet
  facet normal 0 1 0
    outer loop
      vertex -7.905000001192093 4 2.4
      vertex -7.905000001192093 4 29.4
      vertex -7.798061139881611 4 2.4
    endloop
  endfacet
  facet normal 0.6216605625282965 0.7832867578332995 0
    outer loop
      vertex -7.366013288497925 3.650424584746361 2.4
      vertex -7.676158741116524 3.8965735137462616 2.4
      vertex -7.366013288497925 3.650424584746361 29.4
    endloop
  endfacet
  facet normal 0.5691001411398813 0.8222682222696966 0
    outer loop
      vertex -6.722399815917015 3.189217694103718 2.4
      vertex -7.0479801297187805 3.4145551174879074 2.4
      vertex -7.0479801297187805 3.4145551174879074 29.4
    endloop
  endfacet
  facet normal -0.3675159294341431 -0.9300172265136587 0
    outer loop
      vertex -5.013152964413166 1.1471781209111214 0
      vertex -4.614475630223751 0.989632360637188 0
      vertex -5.013152964413166 1.1471781209111214 29.4
    endloop
  endfacet
  facet normal -0.45690387323421633 -0.8895160766526771 0
    outer loop
      vertex -5.793981842696667 1.5009670853614807 0
      vertex -6.175297252833843 1.6968314349651337 29.4
      vertex -6.175297252833843 1.6968314349651337 0
    endloop
  endfacet
  facet normal -0.4275550954766842 -0.9039892921555672 0
    outer loop
      vertex -5.793981842696667 1.5009670853614807 0
      vertex -5.406462088227272 1.3176838904619217 0
      vertex -5.793981842696667 1.5009670853614807 29.4
    endloop
  endfacet
  facet normal -0.39774847701143473 -0.9174944953704541 0
    outer loop
      vertex -5.013152964413166 1.1471781209111214 0
      vertex -5.406462088227272 1.3176838904619217 29.4
      vertex -5.406462088227272 1.3176838904619217 0
    endloop
  endfacet
  facet normal -0.3368898504294505 -0.9415440662431166 0
    outer loop
      vertex -4.614475630223751 0.989632360637188 0
      vertex -4.21085699647665 0.845215305685997 0
      vertex -4.614475630223751 0.989632360637188 29.4
    endloop
  endfacet
  facet normal -0.30590302671414693 -0.9520626755876547 0
    outer loop
      vertex -4.21085699647665 0.845215305685997 0
      vertex -3.802729271352291 0.7140816003084183 0
      vertex -4.21085699647665 0.845215305685997 29.4
    endloop
  endfacet
  facet normal -0.24298016954168633 -0.9700312557899841 0
    outer loop
      vertex -3.390529491007328 0.5963716730475426 0
      vertex -2.974699042737484 0.49221157282590866 0
      vertex -3.390529491007328 0.5963716730475426 29.4
    endloop
  endfacet
  facet normal -0.2745886207892544 -0.9615617969392581 0
    outer loop
      vertex -3.390529491007328 0.5963716730475426 0
      vertex -3.802729271352291 0.7140816003084183 29.4
      vertex -3.802729271352291 0.7140816003084183 0
    endloop
  endfacet
  facet normal -0.21111155512643548 -0.9774619743458555 0
    outer loop
      vertex -2.974699042737484 0.49221157282590866 0
      vertex -2.5556832179427147 0.4017128273844719 0
      vertex -2.974699042737484 0.49221157282590866 29.4
    endloop
  endfacet
  facet normal -0.17901686893262694 -0.9838460045340218 0
    outer loop
      vertex -2.5556832179427147 0.4017128273844719 0
      vertex -2.1339306980371475 0.32497234642505646 0
      vertex -2.5556832179427147 0.4017128273844719 29.4
    endloop
  endfacet
  facet normal -0.14673046411454993 -0.9891765114986953 0
    outer loop
      vertex -2.1339306980371475 0.32497234642505646 0
      vertex -1.7098931148648262 0.262072317302227 0
      vertex -2.1339306980371475 0.32497234642505646 29.4
    endloop
  endfacet
  facet normal -0.11428697349379709 -0.9934477780384977 0
    outer loop
      vertex -1.7098931148648262 0.262072317302227 0
      vertex -1.2840245366096497 0.21308007836341858 0
      vertex -1.7098931148648262 0.262072317302227 29.4
    endloop
  endfacet
  facet normal -0.08172107245439633 -0.9966552394468727 0
    outer loop
      vertex -1.2840245366096497 0.21308007836341858 0
      vertex -0.8567809909582138 0.17804810404777527 0
      vertex -1.2840245366096497 0.21308007836341858 29.4
    endloop
  endfacet
  facet normal -0.04906767947780768 -0.99879545595215 0
    outer loop
      vertex -0.8567809909582138 0.17804810404777527 0
      vertex -0.42861998826265335 0.157013900578022 0
      vertex -0.8567809909582138 0.17804810404777527 29.4
    endloop
  endfacet
  facet normal -0.01636172685627342 -0.9998661379876211 0
    outer loop
      vertex -0.42861998826265335 0.157013900578022 0
      vertex 0 0.14999999850988388 0
      vertex -0.42861998826265335 0.157013900578022 29.4
    endloop
  endfacet
  facet normal 0.3977484880832203 0.9174944905706587 0
    outer loop
      vertex -4.630469530820847 2.07105765491724 2.4
      vertex -4.993755057454109 2.2285477221012115 2.4
      vertex -4.993755057454109 2.2285477221012115 29.4
    endloop
  endfacet
  facet normal 0.36751593574630886 0.9300172240192732 0
    outer loop
      vertex -4.630469530820847 2.07105765491724 2.4
      vertex -4.630469530820847 2.07105765491724 29.4
      vertex -4.262225583195686 1.9255382865667343 2.4
    endloop
  endfacet
  facet normal 0.3368898552273261 0.9415440645264093 0
    outer loop
      vertex -4.262225583195686 1.9255382865667343 2.4
      vertex -4.262225583195686 1.9255382865667343 29.4
      vertex -3.88941752910614 1.7921454310417175 2.4
    endloop
  endfacet
  facet normal 0.27458862492440583 0.9615617957584026 0
    outer loop
      vertex -3.512444593012333 1.6710219383239746 2.4
      vertex -3.512444593012333 1.6710219383239746 29.4
      vertex -3.131710447371006 1.5622975006699562 2.4
    endloop
  endfacet
  facet normal 0.3059030132802334 0.9520626799040456 0
    outer loop
      vertex -3.512444593012333 1.6710219383239746 2.4
      vertex -3.88941752910614 1.7921454310417175 2.4
      vertex -3.88941752910614 1.7921454310417175 29.4
    endloop
  endfacet
  facet normal 0.4569038783734417 0.8895160740128911 0
    outer loop
      vertex -5.703900516033173 2.5787527039647102 2.4
      vertex -5.703900516033173 2.5787527039647102 29.4
      vertex -5.351693153381348 2.397839829325676 2.4
    endloop
  endfacet
  facet normal 0.5141027376926189 0.8577286138965834 0
    outer loop
      vertex -6.389620989561081 2.9746536016464233 2.4
      vertex -6.389620989561081 2.9746536016464233 29.4
      vertex -6.049999997019768 2.771092616021633 2.4
    endloop
  endfacet
  facet normal 0.48576339590355133 0.874090340411247 0
    outer loop
      vertex -5.703900516033173 2.5787527039647102 2.4
      vertex -6.049999997019768 2.771092616021633 2.4
      vertex -6.049999997019768 2.771092616021633 29.4
    endloop
  endfacet
  facet normal 0.4275550849710487 0.9039892971243627 0
    outer loop
      vertex -5.351693153381348 2.397839829325676 2.4
      vertex -5.351693153381348 2.397839829325676 29.4
      vertex -4.993755057454109 2.2285477221012115 2.4
    endloop
  endfacet
  facet normal 0.2429801804885292 0.9700312530479427 0
    outer loop
      vertex -3.131710447371006 1.5622975006699562 2.4
      vertex -3.131710447371006 1.5622975006699562 29.4
      vertex -2.7476227805018425 1.4660885483026505 2.4
    endloop
  endfacet
  facet normal 0.21111154474587748 0.9774619765878412 0
    outer loop
      vertex -2.7476227805018425 1.4660885483026505 2.4
      vertex -2.7476227805018425 1.4660885483026505 29.4
      vertex -2.360592894256115 1.3824981078505516 2.4
    endloop
  endfacet
  facet normal 0.1790168602757957 0.9838460061091859 0
    outer loop
      vertex -2.360592894256115 1.3824981078505516 2.4
      vertex -2.360592894256115 1.3824981078505516 29.4
      vertex -1.9710352271795273 1.3116156831383705 2.4
    endloop
  endfacet
  facet normal 0.1467304687148714 0.9891765108163024 0
    outer loop
      vertex -1.9710352271795273 1.3116156831383705 2.4
      vertex -1.9710352271795273 1.3116156831383705 29.4
      vertex -1.57936692237854 1.2535171806812286 2.4
    endloop
  endfacet
  facet normal 0.016361742511148303 0.999866137731446 0
    outer loop
      vertex -0.3959009051322937 1.1564784944057465 2.4
      vertex -0.3959009051322937 1.1564784944057465 29.4
      vertex 0 1.1499999985098839 2.4
    endloop
  endfacet
  facet normal 0.11428697816697726 0.9934477775008915 0
    outer loop
      vertex -1.57936692237854 1.2535171806812286 2.4
      vertex -1.57936692237854 1.2535171806812286 29.4
      vertex -1.1860073953866959 1.2082648053765297 2.4
    endloop
  endfacet
  facet normal 0.08172106541421753 0.9966552400241345 0
    outer loop
      vertex -1.1860073953866959 1.2082648053765297 2.4
      vertex -1.1860073953866959 1.2082648053765297 29.4
      vertex -0.7913778647780418 1.1759070307016373 2.4
    endloop
  endfacet
  facet normal 0.04906767209035519 0.9987954563150722 0
    outer loop
      vertex -0.3959009051322937 1.1564784944057465 2.4
      vertex -0.7913778647780418 1.1759070307016373 2.4
      vertex -0.7913778647780418 1.1759070307016373 29.4
    endloop
  endfacet
  facet normal 0 0 -1
    outer loop
      vertex 0 0.14999999850988388 0
      vertex 0.3959009051322937 1.1564784944057465 0
      vertex 0.42861998826265335 0.157013900578022 0
    endloop
  endfacet
  facet normal 0 0 -1
    outer loop
      vertex 0.42861998826265335 0.157013900578022 0
      vertex 0.7913778647780418 1.1759070307016373 0
      vertex 0.8567809909582138 0.17804810404777527 0
    endloop
  endfacet
  facet normal 0 0 -1
    outer loop
      vertex 0 0.14999999850988388 0
      vertex 0 1.1499999985098839 0
      vertex 0.3959009051322937 1.1564784944057465 0
    endloop
  endfacet
  facet normal 0 0 -1
    outer loop
      vertex 0.42861998826265335 0.157013900578022 0
      vertex 0.3959009051322937 1.1564784944057465 0
      vertex 0.7913778647780418 1.1759070307016373 0
    endloop
  endfacet
  facet normal 0 0 -1
    outer loop
      vertex 0.8567809909582138 0.17804810404777527 0
      vertex 1.1860073953866959 1.2082648053765297 0
      vertex 1.2840245366096497 0.21308007836341858 0
    endloop
  endfacet
  facet normal 0 0 -1
    outer loop
      vertex 1.2840245366096497 0.21308007836341858 0
      vertex 1.57936692237854 1.2535171806812286 0
      vertex 1.7098931148648262 0.262072317302227 0
    endloop
  endfacet
  facet normal 0 0 -1
    outer loop
      vertex 0.8567809909582138 0.17804810404777527 0
      vertex 0.7913778647780418 1.1759070307016373 0
      vertex 1.1860073953866959 1.2082648053765297 0
    endloop
  endfacet
  facet normal 0 0 -1
    outer loop
      vertex 1.2840245366096497 0.21308007836341858 0
      vertex 1.1860073953866959 1.2082648053765297 0
      vertex 1.57936692237854 1.2535171806812286 0
    endloop
  endfacet
  facet normal 0 0 -1
    outer loop
      vertex 1.7098931148648262 0.262072317302227 0
      vertex 1.9710352271795273 1.3116156831383705 0
      vertex 2.1339306980371475 0.32497234642505646 0
    endloop
  endfacet
  facet normal 0 0 -1
    outer loop
      vertex 1.57936692237854 1.2535171806812286 0
      vertex 1.9710352271795273 1.3116156831383705 0
      vertex 1.7098931148648262 0.262072317302227 0
    endloop
  endfacet
  facet normal 0 0 -1
    outer loop
      vertex 2.1339306980371475 0.32497234642505646 0
      vertex 2.360592894256115 1.3824981078505516 0
      vertex 2.5556832179427147 0.4017128273844719 0
    endloop
  endfacet
  facet normal 0 0 -1
    outer loop
      vertex 2.1339306980371475 0.32497234642505646 0
      vertex 1.9710352271795273 1.3116156831383705 0
      vertex 2.360592894256115 1.3824981078505516 0
    endloop
  endfacet
  facet normal 0 0 -1
    outer loop
      vertex 2.5556832179427147 0.4017128273844719 0
      vertex 2.7476227805018425 1.4660885483026505 0
      vertex 2.974699042737484 0.49221157282590866 0
    endloop
  endfacet
  facet normal 0 0 -1
    outer loop
      vertex 2.5556832179427147 0.4017128273844719 0
      vertex 2.360592894256115 1.3824981078505516 0
      vertex 2.7476227805018425 1.4660885483026505 0
    endloop
  endfacet
  facet normal 0 0 -1
    outer loop
      vertex 2.974699042737484 0.49221157282590866 0
      vertex 2.7476227805018425 1.4660885483026505 0
      vertex 3.131710447371006 1.5622975006699562 0
    endloop
  endfacet
  facet normal 0 0 -1
    outer loop
      vertex 2.974699042737484 0.49221157282590866 0
      vertex 3.131710447371006 1.5622975006699562 0
      vertex 3.390529491007328 0.5963716730475426 0
    endloop
  endfacet
  facet normal 0 0 -1
    outer loop
      vertex 3.390529491007328 0.5963716730475426 0
      vertex 3.512444593012333 1.6710219383239746 0
      vertex 3.802729271352291 0.7140816003084183 0
    endloop
  endfacet
  facet normal 0 0 -1
    outer loop
      vertex 3.802729271352291 0.7140816003084183 0
      vertex 3.88941752910614 1.7921454310417175 0
      vertex 4.21085699647665 0.845215305685997 0
    endloop
  endfacet
  facet normal 0 0 -1
    outer loop
      vertex 3.131710447371006 1.5622975006699562 0
      vertex 3.512444593012333 1.6710219383239746 0
      vertex 3.390529491007328 0.5963716730475426 0
    endloop
  endfacet
  facet normal 0 0 -1
    outer loop
      vertex 3.802729271352291 0.7140816003084183 0
      vertex 3.512444593012333 1.6710219383239746 0
      vertex 3.88941752910614 1.7921454310417175 0
    endloop
  endfacet
  facet normal 0 0 -1
    outer loop
      vertex 4.21085699647665 0.845215305685997 0
      vertex 3.88941752910614 1.7921454310417175 0
      vertex 4.262225583195686 1.9255382865667343 0
    endloop
  endfacet
  facet normal 0 0 -1
    outer loop
      vertex 4.21085699647665 0.845215305685997 0
      vertex 4.262225583195686 1.9255382865667343 0
      vertex 4.614475630223751 0.989632360637188 0
    endloop
  endfacet
  facet normal 0 0 -1
    outer loop
      vertex 4.614475630223751 0.989632360637188 0
      vertex 4.262225583195686 1.9255382865667343 0
      vertex 4.630469530820847 2.07105765491724 0
    endloop
  endfacet
  facet normal 0 0 -1
    outer loop
      vertex 4.614475630223751 0.989632360637188 0
      vertex 4.630469530820847 2.07105765491724 0
      vertex 5.013152964413166 1.1471781209111214 0
    endloop
  endfacet
  facet normal 0 0 -1
    outer loop
      vertex 5.013152964413166 1.1471781209111214 0
      vertex 4.993755057454109 2.2285477221012115 0
      vertex 5.406462088227272 1.3176838904619217 0
    endloop
  endfacet
  facet normal 0 0 -1
    outer loop
      vertex 4.630469530820847 2.07105765491724 0
      vertex 4.993755057454109 2.2285477221012115 0
      vertex 5.013152964413166 1.1471781209111214 0
    endloop
  endfacet
  facet normal 0 0 -1
    outer loop
      vertex 5.406462088227272 1.3176838904619217 0
      vertex 5.351693153381348 2.397839829325676 0
      vertex 5.793981842696667 1.5009670853614807 0
    endloop
  endfacet
  facet normal 0 0 -1
    outer loop
      vertex 5.406462088227272 1.3176838904619217 0
      vertex 4.993755057454109 2.2285477221012115 0
      vertex 5.351693153381348 2.397839829325676 0
    endloop
  endfacet
  facet normal 0 0 -1
    outer loop
      vertex 5.793981842696667 1.5009670853614807 0
      vertex 5.703900516033173 2.5787527039647102 0
      vertex 6.175297252833843 1.6968314349651337 0
    endloop
  endfacet
  facet normal 0 0 -1
    outer loop
      vertex 5.793981842696667 1.5009670853614807 0
      vertex 5.351693153381348 2.397839829325676 0
      vertex 5.703900516033173 2.5787527039647102 0
    endloop
  endfacet
  facet normal 0 0 -1
    outer loop
      vertex 6.175297252833843 1.6968314349651337 0
      vertex 6.049999997019768 2.771092616021633 0
      vertex 6.549999997019768 1.9050672128796577 0
    endloop
  endfacet
  facet normal 0 0 -1
    outer loop
      vertex 6.175297252833843 1.6968314349651337 0
      vertex 5.703900516033173 2.5787527039647102 0
      vertex 6.049999997019768 2.771092616021633 0
    endloop
  endfacet
  facet normal 0 0 -1
    outer loop
      vertex 6.549999997019768 1.9050672128796577 0
      vertex 6.389620989561081 2.9746536016464233 0
      vertex 6.917688846588135 2.125451423227787 0
    endloop
  endfacet
  facet normal 0 0 -1
    outer loop
      vertex 6.049999997019768 2.771092616021633 0
      vertex 6.389620989561081 2.9746536016464233 0
      vertex 6.549999997019768 1.9050672128796577 0
    endloop
  endfacet
  facet normal 0 0 -1
    outer loop
      vertex 6.917688846588135 2.125451423227787 0
      vertex 6.722399815917015 3.189217694103718 0
      vertex 7.277970053255558 2.3577480763196945 0
    endloop
  endfacet
  facet normal 0 0 -1
    outer loop
      vertex 6.917688846588135 2.125451423227787 0
      vertex 6.389620989561081 2.9746536016464233 0
      vertex 6.722399815917015 3.189217694103718 0
    endloop
  endfacet
  facet normal 0 0 -1
    outer loop
      vertex 6.722399815917015 3.189217694103718 0
      vertex 7.0479801297187805 3.4145551174879074 0
      vertex 7.277970053255558 2.3577480763196945 0
    endloop
  endfacet
  facet normal 0 0 -1
    outer loop
      vertex 7.277970053255558 2.3577480763196945 0
      vertex 7.0479801297187805 3.4145551174879074 0
      vertex 7.630457825958729 2.601708434522152 0
    endloop
  endfacet
  facet normal 0 0 -1
    outer loop
      vertex 7.630457825958729 2.601708434522152 0
      vertex 7.0479801297187805 3.4145551174879074 0
      vertex 7.905000001192093 2.8053227812051773 0
    endloop
  endfacet
  facet normal 0 0 -1
    outer loop
      vertex 7.905000001192093 2.8053227812051773 0
      vertex 7.80238024271607 3.294674599024961 0
      vertex 7.905000001192093 3.3761194297272414 0
    endloop
  endfacet
  facet normal 0 0 -1
    outer loop
      vertex 7.905000001192093 2.8053227812051773 0
      vertex 7.0479801297187805 3.4145551174879074 0
      vertex 7.366013288497925 3.650424584746361 0
    endloop
  endfacet
  facet normal 0 0 -1
    outer loop
      vertex 7.905000001192093 2.8053227812051773 0
      vertex 7.366013288497925 3.650424584746361 0
      vertex 7.80238024271607 3.294674599024961 0
    endloop
  endfacet
  facet normal 0 0 -1
    outer loop
      vertex 7.366013288497925 3.650424584746361 0
      vertex 7.676158741116524 3.8965735137462616 0
      vertex 7.80238024271607 3.294674599024961 0
    endloop
  endfacet
  facet normal 0.01636172685627342 -0.9998661379876211 0
    outer loop
      vertex 0 0.14999999850988388 0
      vertex 0.42861998826265335 0.157013900578022 0
      vertex 0 0.14999999850988388 29.4
    endloop
  endfacet
  facet normal 0.04906767947780768 -0.99879545595215 0
    outer loop
      vertex 0.42861998826265335 0.157013900578022 0
      vertex 0.8567809909582138 0.17804810404777527 0
      vertex 0.42861998826265335 0.157013900578022 29.4
    endloop
  endfacet
  facet normal 0.08172107245439633 -0.9966552394468727 0
    outer loop
      vertex 0.8567809909582138 0.17804810404777527 0
      vertex 1.2840245366096497 0.21308007836341858 0
      vertex 0.8567809909582138 0.17804810404777527 29.4
    endloop
  endfacet
  facet normal 0.11428697349379709 -0.9934477780384977 0
    outer loop
      vertex 1.2840245366096497 0.21308007836341858 0
      vertex 1.7098931148648262 0.262072317302227 0
      vertex 1.2840245366096497 0.21308007836341858 29.4
    endloop
  endfacet
  facet normal 0.14673046411454993 -0.9891765114986953 0
    outer loop
      vertex 1.7098931148648262 0.262072317302227 0
      vertex 2.1339306980371475 0.32497234642505646 0
      vertex 1.7098931148648262 0.262072317302227 29.4
    endloop
  endfacet
  facet normal 0.17901686893262694 -0.9838460045340218 0
    outer loop
      vertex 2.1339306980371475 0.32497234642505646 0
      vertex 2.5556832179427147 0.4017128273844719 0
      vertex 2.1339306980371475 0.32497234642505646 29.4
    endloop
  endfacet
  facet normal 0.21111155512643548 -0.9774619743458555 0
    outer loop
      vertex 2.5556832179427147 0.4017128273844719 0
      vertex 2.974699042737484 0.49221157282590866 0
      vertex 2.5556832179427147 0.4017128273844719 29.4
    endloop
  endfacet
  facet normal 0.24298016954168633 -0.9700312557899841 0
    outer loop
      vertex 2.974699042737484 0.49221157282590866 0
      vertex 3.390529491007328 0.5963716730475426 0
      vertex 2.974699042737484 0.49221157282590866 29.4
    endloop
  endfacet
  facet normal 0.2745886207892544 -0.9615617969392581 0
    outer loop
      vertex 3.390529491007328 0.5963716730475426 0
      vertex 3.802729271352291 0.7140816003084183 0
      vertex 3.390529491007328 0.5963716730475426 29.4
    endloop
  endfacet
  facet normal 0.30590302671414693 -0.9520626755876547 0
    outer loop
      vertex 3.802729271352291 0.7140816003084183 0
      vertex 4.21085699647665 0.845215305685997 0
      vertex 3.802729271352291 0.7140816003084183 29.4
    endloop
  endfacet
  facet normal 0.3368898504294505 -0.9415440662431166 0
    outer loop
      vertex 4.21085699647665 0.845215305685997 0
      vertex 4.614475630223751 0.989632360637188 0
      vertex 4.21085699647665 0.845215305685997 29.4
    endloop
  endfacet
  facet normal 0.3675159294341431 -0.9300172265136587 0
    outer loop
      vertex 4.614475630223751 0.989632360637188 0
      vertex 5.013152964413166 1.1471781209111214 0
      vertex 4.614475630223751 0.989632360637188 29.4
    endloop
  endfacet
  facet normal 0.39774847701143473 -0.9174944953704541 0
    outer loop
      vertex 5.013152964413166 1.1471781209111214 0
      vertex 5.406462088227272 1.3176838904619217 0
      vertex 5.013152964413166 1.1471781209111214 29.4
    endloop
  endfacet
  facet normal 0.4275550954766842 -0.9039892921555672 0
    outer loop
      vertex 5.406462088227272 1.3176838904619217 0
      vertex 5.793981842696667 1.5009670853614807 0
      vertex 5.406462088227272 1.3176838904619217 29.4
    endloop
  endfacet
  facet normal 0.45690387323421633 -0.8895160766526771 0
    outer loop
      vertex 5.793981842696667 1.5009670853614807 0
      vertex 6.175297252833843 1.6968314349651337 0
      vertex 5.793981842696667 1.5009670853614807 29.4
    endloop
  endfacet
  facet normal 0.48576340514646454 -0.874090335274628 0
    outer loop
      vertex 6.175297252833843 1.6968314349651337 0
      vertex 6.549999997019768 1.9050672128796577 0
      vertex 6.175297252833843 1.6968314349651337 29.4
    endloop
  endfacet
  facet normal -0.016361742511148303 0.999866137731446 0
    outer loop
      vertex 0 1.1499999985098839 2.4
      vertex 0 1.1499999985098839 29.4
      vertex 0.3959009051322937 1.1564784944057465 2.4
    endloop
  endfacet
  facet normal -0.04906767209035519 0.9987954563150722 0
    outer loop
      vertex 0.3959009051322937 1.1564784944057465 2.4
      vertex 0.3959009051322937 1.1564784944057465 29.4
      vertex 0.7913778647780418 1.1759070307016373 2.4
    endloop
  endfacet
  facet normal -0.08172106541421753 0.9966552400241345 0
    outer loop
      vertex 0.7913778647780418 1.1759070307016373 2.4
      vertex 0.7913778647780418 1.1759070307016373 29.4
      vertex 1.1860073953866959 1.2082648053765297 2.4
    endloop
  endfacet
  facet normal -0.11428697816697726 0.9934477775008915 0
    outer loop
      vertex 1.1860073953866959 1.2082648053765297 2.4
      vertex 1.1860073953866959 1.2082648053765297 29.4
      vertex 1.57936692237854 1.2535171806812286 2.4
    endloop
  endfacet
  facet normal -0.1467304687148714 0.9891765108163024 0
    outer loop
      vertex 1.57936692237854 1.2535171806812286 2.4
      vertex 1.57936692237854 1.2535171806812286 29.4
      vertex 1.9710352271795273 1.3116156831383705 2.4
    endloop
  endfacet
  facet normal -0.1790168602757957 0.9838460061091859 0
    outer loop
      vertex 1.9710352271795273 1.3116156831383705 2.4
      vertex 1.9710352271795273 1.3116156831383705 29.4
      vertex 2.360592894256115 1.3824981078505516 2.4
    endloop
  endfacet
  facet normal -0.21111154474587748 0.9774619765878412 0
    outer loop
      vertex 2.360592894256115 1.3824981078505516 2.4
      vertex 2.360592894256115 1.3824981078505516 29.4
      vertex 2.7476227805018425 1.4660885483026505 2.4
    endloop
  endfacet
  facet normal -0.2429801804885292 0.9700312530479427 0
    outer loop
      vertex 2.7476227805018425 1.4660885483026505 2.4
      vertex 2.7476227805018425 1.4660885483026505 29.4
      vertex 3.131710447371006 1.5622975006699562 2.4
    endloop
  endfacet
  facet normal -0.27458862492440583 0.9615617957584026 0
    outer loop
      vertex 3.131710447371006 1.5622975006699562 2.4
      vertex 3.131710447371006 1.5622975006699562 29.4
      vertex 3.512444593012333 1.6710219383239746 2.4
    endloop
  endfacet
  facet normal -0.3059030132802334 0.9520626799040456 0
    outer loop
      vertex 3.512444593012333 1.6710219383239746 2.4
      vertex 3.512444593012333 1.6710219383239746 29.4
      vertex 3.88941752910614 1.7921454310417175 2.4
    endloop
  endfacet
  facet normal -0.3368898552273261 0.9415440645264093 0
    outer loop
      vertex 3.88941752910614 1.7921454310417175 2.4
      vertex 3.88941752910614 1.7921454310417175 29.4
      vertex 4.262225583195686 1.9255382865667343 2.4
    endloop
  endfacet
  facet normal -0.36751593574630886 0.9300172240192732 0
    outer loop
      vertex 4.262225583195686 1.9255382865667343 2.4
      vertex 4.262225583195686 1.9255382865667343 29.4
      vertex 4.630469530820847 2.07105765491724 2.4
    endloop
  endfacet
  facet normal -0.3977484880832203 0.9174944905706587 0
    outer loop
      vertex 4.630469530820847 2.07105765491724 2.4
      vertex 4.630469530820847 2.07105765491724 29.4
      vertex 4.993755057454109 2.2285477221012115 2.4
    endloop
  endfacet
  facet normal -0.4275550849710487 0.9039892971243627 0
    outer loop
      vertex 4.993755057454109 2.2285477221012115 2.4
      vertex 4.993755057454109 2.2285477221012115 29.4
      vertex 5.351693153381348 2.397839829325676 2.4
    endloop
  endfacet
  facet normal -0.4569038783734417 0.8895160740128911 0
    outer loop
      vertex 5.351693153381348 2.397839829325676 2.4
      vertex 5.351693153381348 2.397839829325676 29.4
      vertex 5.703900516033173 2.5787527039647102 2.4
    endloop
  endfacet
  facet normal -0.48576339590355133 0.874090340411247 0
    outer loop
      vertex 5.703900516033173 2.5787527039647102 2.4
      vertex 5.703900516033173 2.5787527039647102 29.4
      vertex 6.049999997019768 2.771092616021633 2.4
    endloop
  endfacet
  facet normal -0.5141027376926189 0.8577286138965834 0
    outer loop
      vertex 6.049999997019768 2.771092616021633 2.4
      vertex 6.049999997019768 2.771092616021633 29.4
      vertex 6.389620989561081 2.9746536016464233 2.4
    endloop
  endfacet
  facet normal 0.5141027358607144 -0.8577286149945847 0
    outer loop
      vertex 6.549999997019768 1.9050672128796577 0
      vertex 6.917688846588135 2.125451423227787 0
      vertex 6.549999997019768 1.9050672128796577 29.4
    endloop
  endfacet
  facet normal 0.5418915769247628 -0.8404484034478226 0
    outer loop
      vertex 6.917688846588135 2.125451423227787 0
      vertex 7.277970053255558 2.3577480763196945 0
      vertex 6.917688846588135 2.125451423227787 29.4
    endloop
  endfacet
  facet normal 0.5691001581116034 -0.8222682105233962 0
    outer loop
      vertex 7.277970053255558 2.3577480763196945 0
      vertex 7.630457825958729 2.601708434522152 0
      vertex 7.277970053255558 2.3577480763196945 29.4
    endloop
  endfacet
  facet normal 0.5956992902355966 -0.8032075420542355 0
    outer loop
      vertex 7.630457825958729 2.601708434522152 0
      vertex 7.905000001192093 2.8053227812051773 0
      vertex 7.630457825958729 2.601708434522152 29.4
    endloop
  endfacet
  facet normal 1 0 0
    outer loop
      vertex 7.905000001192093 2.8053227812051773 0
      vertex 7.905000001192093 3.3761194297272414 0
      vertex 7.905000001192093 2.8053227812051773 29.4
    endloop
  endfacet
  facet normal 1 0 0
    outer loop
      vertex 7.905000001192093 3.3761194297272414 0
      vertex 7.905000001192093 3.3761194297272414 2.4
      vertex 7.905000001192093 2.8053227812051773 29.4
    endloop
  endfacet
  facet normal -0.541891589579176 0.8404483952887017 0
    outer loop
      vertex 6.389620989561081 2.9746536016464233 2.4
      vertex 6.389620989561081 2.9746536016464233 29.4
      vertex 6.722399815917015 3.189217694103718 2.4
    endloop
  endfacet
  facet normal -0.5691001411398813 0.8222682222696966 0
    outer loop
      vertex 6.722399815917015 3.189217694103718 2.4
      vertex 6.722399815917015 3.189217694103718 29.4
      vertex 7.0479801297187805 3.4145551174879074 2.4
    endloop
  endfacet
  facet normal -0.5956993066387265 0.8032075298888456 0
    outer loop
      vertex 7.0479801297187805 3.4145551174879074 2.4
      vertex 7.0479801297187805 3.4145551174879074 29.4
      vertex 7.366013288497925 3.650424584746361 2.4
    endloop
  endfacet
  facet normal -0.6216605625282965 0.7832867578332995 0
    outer loop
      vertex 7.366013288497925 3.650424584746361 2.4
      vertex 7.366013288497925 3.650424584746361 29.4
      vertex 7.676158741116524 3.8965735137462616 2.4
    endloop
  endfacet
  facet normal 1 0 0
    outer loop
      vertex 7.905000001192093 3.3761194297272414 2.4
      vertex 7.905000001192093 4 2.4
      vertex 7.905000001192093 4 29.4
    endloop
  endfacet
  facet normal -0.6469561643786759 0.7625271938576562 0
    outer loop
      vertex 7.676158741116524 3.8965735137462616 2.4
      vertex 7.676158741116524 3.8965735137462616 29.4
      vertex 7.798061139881611 4 2.4
    endloop
  endfacet
  facet normal 0 1 0
    outer loop
      vertex 7.798061139881611 4 2.4
      vertex 7.798061139881611 4 29.4
      vertex 7.905000001192093 4 2.4
    endloop
  endfacet
  facet normal -0.5141027358607144 -0.8577286149945847 0
    outer loop
      vertex -6.549999997019768 1.9050672128796577 0
      vertex -6.549999997019768 1.9050672128796577 29.4
      vertex -6.917688846588135 2.125451423227787 29.4
    endloop
  endfacet
  facet normal -0.5956992902355966 -0.8032075420542355 0
    outer loop
      vertex -7.630457825958729 2.601708434522152 0
      vertex -7.630457825958729 2.601708434522152 29.4
      vertex -7.905000001192093 2.8053227812051773 29.4
    endloop
  endfacet
  facet normal -0.5691001581116034 -0.8222682105233962 0
    outer loop
      vertex -7.277970053255558 2.3577480763196945 0
      vertex -7.277970053255558 2.3577480763196945 29.4
      vertex -7.630457825958729 2.601708434522152 29.4
    endloop
  endfacet
  facet normal -1 0 0
    outer loop
      vertex -7.905000001192093 2.8053227812051773 0
      vertex -7.905000001192093 2.8053227812051773 29.4
      vertex -7.905000001192093 4 29.4
    endloop
  endfacet
  facet normal -0.5418915769247628 -0.8404484034478226 0
    outer loop
      vertex -6.917688846588135 2.125451423227787 0
      vertex -6.917688846588135 2.125451423227787 29.4
      vertex -7.277970053255558 2.3577480763196945 29.4
    endloop
  endfacet
  facet normal 0.541891589579176 0.8404483952887017 0
    outer loop
      vertex -6.389620989561081 2.9746536016464233 2.4
      vertex -6.722399815917015 3.189217694103718 29.4
      vertex -6.389620989561081 2.9746536016464233 29.4
    endloop
  endfacet
  facet normal 0.5956993066387265 0.8032075298888456 0
    outer loop
      vertex -7.0479801297187805 3.4145551174879074 2.4
      vertex -7.366013288497925 3.650424584746361 29.4
      vertex -7.0479801297187805 3.4145551174879074 29.4
    endloop
  endfacet
  facet normal 0.6469561643786759 0.7625271938576562 0
    outer loop
      vertex -7.676158741116524 3.8965735137462616 2.4
      vertex -7.798061139881611 4 29.4
      vertex -7.676158741116524 3.8965735137462616 29.4
    endloop
  endfacet
  facet normal 0.6216605625282965 0.7832867578332995 0
    outer loop
      vertex -7.676158741116524 3.8965735137462616 2.4
      vertex -7.676158741116524 3.8965735137462616 29.4
      vertex -7.366013288497925 3.650424584746361 29.4
    endloop
  endfacet
  facet normal 0 1 0
    outer loop
      vertex -7.798061139881611 4 2.4
      vertex -7.905000001192093 4 29.4
      vertex -7.798061139881611 4 29.4
    endloop
  endfacet
  facet normal 0.5691001411398813 0.8222682222696966 0
    outer loop
      vertex -6.722399815917015 3.189217694103718 2.4
      vertex -7.0479801297187805 3.4145551174879074 29.4
      vertex -6.722399815917015 3.189217694103718 29.4
    endloop
  endfacet
  facet normal -0.3675159294341431 -0.9300172265136587 0
    outer loop
      vertex -4.614475630223751 0.989632360637188 0
      vertex -4.614475630223751 0.989632360637188 29.4
      vertex -5.013152964413166 1.1471781209111214 29.4
    endloop
  endfacet
  facet normal -0.4275550954766842 -0.9039892921555672 0
    outer loop
      vertex -5.406462088227272 1.3176838904619217 0
      vertex -5.406462088227272 1.3176838904619217 29.4
      vertex -5.793981842696667 1.5009670853614807 29.4
    endloop
  endfacet
  facet normal -0.45690387323421633 -0.8895160766526771 0
    outer loop
      vertex -5.793981842696667 1.5009670853614807 0
      vertex -5.793981842696667 1.5009670853614807 29.4
      vertex -6.175297252833843 1.6968314349651337 29.4
    endloop
  endfacet
  facet normal -0.48576340514646454 -0.874090335274628 0
    outer loop
      vertex -6.175297252833843 1.6968314349651337 0
      vertex -6.175297252833843 1.6968314349651337 29.4
      vertex -6.549999997019768 1.9050672128796577 29.4
    endloop
  endfacet
  facet normal -0.39774847701143473 -0.9174944953704541 0
    outer loop
      vertex -5.013152964413166 1.1471781209111214 0
      vertex -5.013152964413166 1.1471781209111214 29.4
      vertex -5.406462088227272 1.3176838904619217 29.4
    endloop
  endfacet
  facet normal -0.3368898504294505 -0.9415440662431166 0
    outer loop
      vertex -4.21085699647665 0.845215305685997 0
      vertex -4.21085699647665 0.845215305685997 29.4
      vertex -4.614475630223751 0.989632360637188 29.4
    endloop
  endfacet
  facet normal -0.2745886207892544 -0.9615617969392581 0
    outer loop
      vertex -3.390529491007328 0.5963716730475426 0
      vertex -3.390529491007328 0.5963716730475426 29.4
      vertex -3.802729271352291 0.7140816003084183 29.4
    endloop
  endfacet
  facet normal -0.30590302671414693 -0.9520626755876547 0
    outer loop
      vertex -3.802729271352291 0.7140816003084183 0
      vertex -3.802729271352291 0.7140816003084183 29.4
      vertex -4.21085699647665 0.845215305685997 29.4
    endloop
  endfacet
  facet normal 0.3977484880832203 0.9174944905706587 0
    outer loop
      vertex -4.630469530820847 2.07105765491724 2.4
      vertex -4.993755057454109 2.2285477221012115 29.4
      vertex -4.630469530820847 2.07105765491724 29.4
    endloop
  endfacet
  facet normal 0.36751593574630886 0.9300172240192732 0
    outer loop
      vertex -4.262225583195686 1.9255382865667343 2.4
      vertex -4.630469530820847 2.07105765491724 29.4
      vertex -4.262225583195686 1.9255382865667343 29.4
    endloop
  endfacet
  facet normal 0.3368898552273261 0.9415440645264093 0
    outer loop
      vertex -3.88941752910614 1.7921454310417175 2.4
      vertex -4.262225583195686 1.9255382865667343 29.4
      vertex -3.88941752910614 1.7921454310417175 29.4
    endloop
  endfacet
  facet normal 0.27458862492440583 0.9615617957584026 0
    outer loop
      vertex -3.131710447371006 1.5622975006699562 2.4
      vertex -3.512444593012333 1.6710219383239746 29.4
      vertex -3.131710447371006 1.5622975006699562 29.4
    endloop
  endfacet
  facet normal 0.3059030132802334 0.9520626799040456 0
    outer loop
      vertex -3.512444593012333 1.6710219383239746 2.4
      vertex -3.88941752910614 1.7921454310417175 29.4
      vertex -3.512444593012333 1.6710219383239746 29.4
    endloop
  endfacet
  facet normal 0.48576339590355133 0.874090340411247 0
    outer loop
      vertex -5.703900516033173 2.5787527039647102 2.4
      vertex -6.049999997019768 2.771092616021633 29.4
      vertex -5.703900516033173 2.5787527039647102 29.4
    endloop
  endfacet
  facet normal 0.5141027376926189 0.8577286138965834 0
    outer loop
      vertex -6.049999997019768 2.771092616021633 2.4
      vertex -6.389620989561081 2.9746536016464233 29.4
      vertex -6.049999997019768 2.771092616021633 29.4
    endloop
  endfacet
  facet normal 0.4569038783734417 0.8895160740128911 0
    outer loop
      vertex -5.351693153381348 2.397839829325676 2.4
      vertex -5.703900516033173 2.5787527039647102 29.4
      vertex -5.351693153381348 2.397839829325676 29.4
    endloop
  endfacet
  facet normal 0.4275550849710487 0.9039892971243627 0
    outer loop
      vertex -4.993755057454109 2.2285477221012115 2.4
      vertex -5.351693153381348 2.397839829325676 29.4
      vertex -4.993755057454109 2.2285477221012115 29.4
    endloop
  endfacet
  facet normal -0.24298016954168633 -0.9700312557899841 0
    outer loop
      vertex -2.974699042737484 0.49221157282590866 0
      vertex -2.974699042737484 0.49221157282590866 29.4
      vertex -3.390529491007328 0.5963716730475426 29.4
    endloop
  endfacet
  facet normal -0.21111155512643548 -0.9774619743458555 0
    outer loop
      vertex -2.5556832179427147 0.4017128273844719 0
      vertex -2.5556832179427147 0.4017128273844719 29.4
      vertex -2.974699042737484 0.49221157282590866 29.4
    endloop
  endfacet
  facet normal -0.17901686893262694 -0.9838460045340218 0
    outer loop
      vertex -2.1339306980371475 0.32497234642505646 0
      vertex -2.1339306980371475 0.32497234642505646 29.4
      vertex -2.5556832179427147 0.4017128273844719 29.4
    endloop
  endfacet
  facet normal -0.14673046411454993 -0.9891765114986953 0
    outer loop
      vertex -1.7098931148648262 0.262072317302227 0
      vertex -1.7098931148648262 0.262072317302227 29.4
      vertex -2.1339306980371475 0.32497234642505646 29.4
    endloop
  endfacet
  facet normal -0.11428697349379709 -0.9934477780384977 0
    outer loop
      vertex -1.2840245366096497 0.21308007836341858 0
      vertex -1.2840245366096497 0.21308007836341858 29.4
      vertex -1.7098931148648262 0.262072317302227 29.4
    endloop
  endfacet
  facet normal -0.08172107245439633 -0.9966552394468727 0
    outer loop
      vertex -0.8567809909582138 0.17804810404777527 0
      vertex -0.8567809909582138 0.17804810404777527 29.4
      vertex -1.2840245366096497 0.21308007836341858 29.4
    endloop
  endfacet
  facet normal -0.04906767947780768 -0.99879545595215 0
    outer loop
      vertex -0.42861998826265335 0.157013900578022 0
      vertex -0.42861998826265335 0.157013900578022 29.4
      vertex -0.8567809909582138 0.17804810404777527 29.4
    endloop
  endfacet
  facet normal -0.01636172685627342 -0.9998661379876211 0
    outer loop
      vertex 0 0.14999999850988388 0
      vertex 0 0.14999999850988388 29.4
      vertex -0.42861998826265335 0.157013900578022 29.4
    endloop
  endfacet
  facet normal 0.2429801804885292 0.9700312530479427 0
    outer loop
      vertex -2.7476227805018425 1.4660885483026505 2.4
      vertex -3.131710447371006 1.5622975006699562 29.4
      vertex -2.7476227805018425 1.4660885483026505 29.4
    endloop
  endfacet
  facet normal 0.21111154474587748 0.9774619765878412 0
    outer loop
      vertex -2.360592894256115 1.3824981078505516 2.4
      vertex -2.7476227805018425 1.4660885483026505 29.4
      vertex -2.360592894256115 1.3824981078505516 29.4
    endloop
  endfacet
  facet normal 0.1790168602757957 0.9838460061091859 0
    outer loop
      vertex -1.9710352271795273 1.3116156831383705 2.4
      vertex -2.360592894256115 1.3824981078505516 29.4
      vertex -1.9710352271795273 1.3116156831383705 29.4
    endloop
  endfacet
  facet normal 0.1467304687148714 0.9891765108163024 0
    outer loop
      vertex -1.57936692237854 1.2535171806812286 2.4
      vertex -1.9710352271795273 1.3116156831383705 29.4
      vertex -1.57936692237854 1.2535171806812286 29.4
    endloop
  endfacet
  facet normal 0.04906767209035519 0.9987954563150722 0
    outer loop
      vertex -0.3959009051322937 1.1564784944057465 2.4
      vertex -0.7913778647780418 1.1759070307016373 29.4
      vertex -0.3959009051322937 1.1564784944057465 29.4
    endloop
  endfacet
  facet normal 0.016361742511148303 0.999866137731446 0
    outer loop
      vertex 0 1.1499999985098839 2.4
      vertex -0.3959009051322937 1.1564784944057465 29.4
      vertex 0 1.1499999985098839 29.4
    endloop
  endfacet
  facet normal 0.11428697816697726 0.9934477775008915 0
    outer loop
      vertex -1.1860073953866959 1.2082648053765297 2.4
      vertex -1.57936692237854 1.2535171806812286 29.4
      vertex -1.1860073953866959 1.2082648053765297 29.4
    endloop
  endfacet
  facet normal 0.08172106541421753 0.9966552400241345 0
    outer loop
      vertex -0.7913778647780418 1.1759070307016373 2.4
      vertex -1.1860073953866959 1.2082648053765297 29.4
      vertex -0.7913778647780418 1.1759070307016373 29.4
    endloop
  endfacet
  facet normal 0 0 1
    outer loop
      vertex -7.630457825958729 2.601708434522152 29.4
      vertex -7.0479801297187805 3.4145551174879074 29.4
      vertex -7.905000001192093 2.8053227812051773 29.4
    endloop
  endfacet
  facet normal 0 0 1
    outer loop
      vertex -7.630457825958729 2.601708434522152 29.4
      vertex -7.277970053255558 2.3577480763196945 29.4
      vertex -6.722399815917015 3.189217694103718 29.4
    endloop
  endfacet
  facet normal 0 0 1
    outer loop
      vertex -7.630457825958729 2.601708434522152 29.4
      vertex -6.722399815917015 3.189217694103718 29.4
      vertex -7.0479801297187805 3.4145551174879074 29.4
    endloop
  endfacet
  facet normal 0 0 1
    outer loop
      vertex -6.917688846588135 2.125451423227787 29.4
      vertex -6.389620989561081 2.9746536016464233 29.4
      vertex -7.277970053255558 2.3577480763196945 29.4
    endloop
  endfacet
  facet normal 0 0 1
    outer loop
      vertex -6.917688846588135 2.125451423227787 29.4
      vertex -6.549999997019768 1.9050672128796577 29.4
      vertex -6.049999997019768 2.771092616021633 29.4
    endloop
  endfacet
  facet normal 0 0 1
    outer loop
      vertex -6.917688846588135 2.125451423227787 29.4
      vertex -6.049999997019768 2.771092616021633 29.4
      vertex -6.389620989561081 2.9746536016464233 29.4
    endloop
  endfacet
  facet normal 0 0 1
    outer loop
      vertex -7.277970053255558 2.3577480763196945 29.4
      vertex -6.389620989561081 2.9746536016464233 29.4
      vertex -6.722399815917015 3.189217694103718 29.4
    endloop
  endfacet
  facet normal 0 0 1
    outer loop
      vertex -7.905000001192093 2.8053227812051773 29.4
      vertex -7.366013288497925 3.650424584746361 29.4
      vertex -7.676158741116524 3.8965735137462616 29.4
    endloop
  endfacet
  facet normal 0 0 1
    outer loop
      vertex -7.905000001192093 2.8053227812051773 29.4
      vertex -7.676158741116524 3.8965735137462616 29.4
      vertex -7.798061139881611 4 29.4
    endloop
  endfacet
  facet normal 0 0 1
    outer loop
      vertex -7.905000001192093 2.8053227812051773 29.4
      vertex -7.798061139881611 4 29.4
      vertex -7.905000001192093 4 29.4
    endloop
  endfacet
  facet normal 0 0 1
    outer loop
      vertex -7.905000001192093 2.8053227812051773 29.4
      vertex -7.0479801297187805 3.4145551174879074 29.4
      vertex -7.366013288497925 3.650424584746361 29.4
    endloop
  endfacet
  facet normal 0 0 1
    outer loop
      vertex -6.549999997019768 1.9050672128796577 29.4
      vertex -6.175297252833843 1.6968314349651337 29.4
      vertex -5.703900516033173 2.5787527039647102 29.4
    endloop
  endfacet
  facet normal 0 0 1
    outer loop
      vertex -5.793981842696667 1.5009670853614807 29.4
      vertex -5.351693153381348 2.397839829325676 29.4
      vertex -6.175297252833843 1.6968314349651337 29.4
    endloop
  endfacet
  facet normal 0 0 1
    outer loop
      vertex -5.013152964413166 1.1471781209111214 29.4
      vertex -4.630469530820847 2.07105765491724 29.4
      vertex -5.406462088227272 1.3176838904619217 29.4
    endloop
  endfacet
  facet normal 0 0 1
    outer loop
      vertex -5.793981842696667 1.5009670853614807 29.4
      vertex -5.406462088227272 1.3176838904619217 29.4
      vertex -4.993755057454109 2.2285477221012115 29.4
    endloop
  endfacet
  facet normal 0 0 1
    outer loop
      vertex -5.793981842696667 1.5009670853614807 29.4
      vertex -4.993755057454109 2.2285477221012115 29.4
      vertex -5.351693153381348 2.397839829325676 29.4
    endloop
  endfacet
  facet normal 0 0 1
    outer loop
      vertex -5.406462088227272 1.3176838904619217 29.4
      vertex -4.630469530820847 2.07105765491724 29.4
      vertex -4.993755057454109 2.2285477221012115 29.4
    endloop
  endfacet
  facet normal 0 0 1
    outer loop
      vertex -4.21085699647665 0.845215305685997 29.4
      vertex -3.802729271352291 0.7140816003084183 29.4
      vertex -3.512444593012333 1.6710219383239746 29.4
    endloop
  endfacet
  facet normal 0 0 1
    outer loop
      vertex -3.390529491007328 0.5963716730475426 29.4
      vertex -3.131710447371006 1.5622975006699562 29.4
      vertex -3.802729271352291 0.7140816003084183 29.4
    endloop
  endfacet
  facet normal 0 0 1
    outer loop
      vertex -5.013152964413166 1.1471781209111214 29.4
      vertex -4.614475630223751 0.989632360637188 29.4
      vertex -4.262225583195686 1.9255382865667343 29.4
    endloop
  endfacet
  facet normal 0 0 1
    outer loop
      vertex -4.614475630223751 0.989632360637188 29.4
      vertex -4.21085699647665 0.845215305685997 29.4
      vertex -3.88941752910614 1.7921454310417175 29.4
    endloop
  endfacet
  facet normal 0 0 1
    outer loop
      vertex -4.614475630223751 0.989632360637188 29.4
      vertex -3.88941752910614 1.7921454310417175 29.4
      vertex -4.262225583195686 1.9255382865667343 29.4
    endloop
  endfacet
  facet normal 0 0 1
    outer loop
      vertex -5.013152964413166 1.1471781209111214 29.4
      vertex -4.262225583195686 1.9255382865667343 29.4
      vertex -4.630469530820847 2.07105765491724 29.4
    endloop
  endfacet
  facet normal 0 0 1
    outer loop
      vertex -4.21085699647665 0.845215305685997 29.4
      vertex -3.512444593012333 1.6710219383239746 29.4
      vertex -3.88941752910614 1.7921454310417175 29.4
    endloop
  endfacet
  facet normal 0 0 1
    outer loop
      vertex -3.802729271352291 0.7140816003084183 29.4
      vertex -3.131710447371006 1.5622975006699562 29.4
      vertex -3.512444593012333 1.6710219383239746 29.4
    endloop
  endfacet
  facet normal 0 0 1
    outer loop
      vertex -6.549999997019768 1.9050672128796577 29.4
      vertex -5.703900516033173 2.5787527039647102 29.4
      vertex -6.049999997019768 2.771092616021633 29.4
    endloop
  endfacet
  facet normal 0 0 1
    outer loop
      vertex -6.175297252833843 1.6968314349651337 29.4
      vertex -5.351693153381348 2.397839829325676 29.4
      vertex -5.703900516033173 2.5787527039647102 29.4
    endloop
  endfacet
  facet normal 0 0 1
    outer loop
      vertex -3.390529491007328 0.5963716730475426 29.4
      vertex -2.974699042737484 0.49221157282590866 29.4
      vertex -2.7476227805018425 1.4660885483026505 29.4
    endloop
  endfacet
  facet normal 0 0 1
    outer loop
      vertex -2.974699042737484 0.49221157282590866 29.4
      vertex -2.5556832179427147 0.4017128273844719 29.4
      vertex -2.360592894256115 1.3824981078505516 29.4
    endloop
  endfacet
  facet normal 0 0 1
    outer loop
      vertex -2.974699042737484 0.49221157282590866 29.4
      vertex -2.360592894256115 1.3824981078505516 29.4
      vertex -2.7476227805018425 1.4660885483026505 29.4
    endloop
  endfacet
  facet normal 0 0 1
    outer loop
      vertex -2.1339306980371475 0.32497234642505646 29.4
      vertex -1.7098931148648262 0.262072317302227 29.4
      vertex -1.57936692237854 1.2535171806812286 29.4
    endloop
  endfacet
  facet normal 0 0 1
    outer loop
      vertex -2.5556832179427147 0.4017128273844719 29.4
      vertex -2.1339306980371475 0.32497234642505646 29.4
      vertex -1.9710352271795273 1.3116156831383705 29.4
    endloop
  endfacet
  facet normal 0 0 1
    outer loop
      vertex -2.5556832179427147 0.4017128273844719 29.4
      vertex -1.9710352271795273 1.3116156831383705 29.4
      vertex -2.360592894256115 1.3824981078505516 29.4
    endloop
  endfacet
  facet normal 0 0 1
    outer loop
      vertex -2.1339306980371475 0.32497234642505646 29.4
      vertex -1.57936692237854 1.2535171806812286 29.4
      vertex -1.9710352271795273 1.3116156831383705 29.4
    endloop
  endfacet
  facet normal 0 0 1
    outer loop
      vertex -3.390529491007328 0.5963716730475426 29.4
      vertex -2.7476227805018425 1.4660885483026505 29.4
      vertex -3.131710447371006 1.5622975006699562 29.4
    endloop
  endfacet
  facet normal 0 0 1
    outer loop
      vertex -1.7098931148648262 0.262072317302227 29.4
      vertex -1.2840245366096497 0.21308007836341858 29.4
      vertex -1.1860073953866959 1.2082648053765297 29.4
    endloop
  endfacet
  facet normal 0 0 1
    outer loop
      vertex -1.2840245366096497 0.21308007836341858 29.4
      vertex -0.8567809909582138 0.17804810404777527 29.4
      vertex -0.7913778647780418 1.1759070307016373 29.4
    endloop
  endfacet
  facet normal 0 0 1
    outer loop
      vertex -1.7098931148648262 0.262072317302227 29.4
      vertex -1.1860073953866959 1.2082648053765297 29.4
      vertex -1.57936692237854 1.2535171806812286 29.4
    endloop
  endfacet
  facet normal 0 0 1
    outer loop
      vertex -1.2840245366096497 0.21308007836341858 29.4
      vertex -0.7913778647780418 1.1759070307016373 29.4
      vertex -1.1860073953866959 1.2082648053765297 29.4
    endloop
  endfacet
  facet normal 0 0 1
    outer loop
      vertex -0.8567809909582138 0.17804810404777527 29.4
      vertex -0.42861998826265335 0.157013900578022 29.4
      vertex -0.3959009051322937 1.1564784944057465 29.4
    endloop
  endfacet
  facet normal 0 0 1
    outer loop
      vertex -0.42861998826265335 0.157013900578022 29.4
      vertex 0 0.14999999850988388 29.4
      vertex 0 1.1499999985098839 29.4
    endloop
  endfacet
  facet normal 0 0 1
    outer loop
      vertex -0.8567809909582138 0.17804810404777527 29.4
      vertex -0.3959009051322937 1.1564784944057465 29.4
      vertex -0.7913778647780418 1.1759070307016373 29.4
    endloop
  endfacet
  facet normal 0 0 1
    outer loop
      vertex -0.42861998826265335 0.157013900578022 29.4
      vertex 0 1.1499999985098839 29.4
      vertex -0.3959009051322937 1.1564784944057465 29.4
    endloop
  endfacet
  facet normal 0.01636172685627342 -0.9998661379876211 0
    outer loop
      vertex 0.42861998826265335 0.157013900578022 0
      vertex 0.42861998826265335 0.157013900578022 29.4
      vertex 0 0.14999999850988388 29.4
    endloop
  endfacet
  facet normal 0.04906767947780768 -0.99879545595215 0
    outer loop
      vertex 0.8567809909582138 0.17804810404777527 0
      vertex 0.8567809909582138 0.17804810404777527 29.4
      vertex 0.42861998826265335 0.157013900578022 29.4
    endloop
  endfacet
  facet normal 0.08172107245439633 -0.9966552394468727 0
    outer loop
      vertex 1.2840245366096497 0.21308007836341858 0
      vertex 1.2840245366096497 0.21308007836341858 29.4
      vertex 0.8567809909582138 0.17804810404777527 29.4
    endloop
  endfacet
  facet normal 0.11428697349379709 -0.9934477780384977 0
    outer loop
      vertex 1.7098931148648262 0.262072317302227 0
      vertex 1.7098931148648262 0.262072317302227 29.4
      vertex 1.2840245366096497 0.21308007836341858 29.4
    endloop
  endfacet
  facet normal 0.14673046411454993 -0.9891765114986953 0
    outer loop
      vertex 2.1339306980371475 0.32497234642505646 0
      vertex 2.1339306980371475 0.32497234642505646 29.4
      vertex 1.7098931148648262 0.262072317302227 29.4
    endloop
  endfacet
  facet normal 0.17901686893262694 -0.9838460045340218 0
    outer loop
      vertex 2.5556832179427147 0.4017128273844719 0
      vertex 2.5556832179427147 0.4017128273844719 29.4
      vertex 2.1339306980371475 0.32497234642505646 29.4
    endloop
  endfacet
  facet normal 0.21111155512643548 -0.9774619743458555 0
    outer loop
      vertex 2.974699042737484 0.49221157282590866 0
      vertex 2.974699042737484 0.49221157282590866 29.4
      vertex 2.5556832179427147 0.4017128273844719 29.4
    endloop
  endfacet
  facet normal -0.016361742511148303 0.999866137731446 0
    outer loop
      vertex 0.3959009051322937 1.1564784944057465 2.4
      vertex 0 1.1499999985098839 29.4
      vertex 0.3959009051322937 1.1564784944057465 29.4
    endloop
  endfacet
  facet normal -0.04906767209035519 0.9987954563150722 0
    outer loop
      vertex 0.7913778647780418 1.1759070307016373 2.4
      vertex 0.3959009051322937 1.1564784944057465 29.4
      vertex 0.7913778647780418 1.1759070307016373 29.4
    endloop
  endfacet
  facet normal -0.08172106541421753 0.9966552400241345 0
    outer loop
      vertex 1.1860073953866959 1.2082648053765297 2.4
      vertex 0.7913778647780418 1.1759070307016373 29.4
      vertex 1.1860073953866959 1.2082648053765297 29.4
    endloop
  endfacet
  facet normal -0.11428697816697726 0.9934477775008915 0
    outer loop
      vertex 1.57936692237854 1.2535171806812286 2.4
      vertex 1.1860073953866959 1.2082648053765297 29.4
      vertex 1.57936692237854 1.2535171806812286 29.4
    endloop
  endfacet
  facet normal -0.1467304687148714 0.9891765108163024 0
    outer loop
      vertex 1.9710352271795273 1.3116156831383705 2.4
      vertex 1.57936692237854 1.2535171806812286 29.4
      vertex 1.9710352271795273 1.3116156831383705 29.4
    endloop
  endfacet
  facet normal -0.1790168602757957 0.9838460061091859 0
    outer loop
      vertex 2.360592894256115 1.3824981078505516 2.4
      vertex 1.9710352271795273 1.3116156831383705 29.4
      vertex 2.360592894256115 1.3824981078505516 29.4
    endloop
  endfacet
  facet normal -0.21111154474587748 0.9774619765878412 0
    outer loop
      vertex 2.7476227805018425 1.4660885483026505 2.4
      vertex 2.360592894256115 1.3824981078505516 29.4
      vertex 2.7476227805018425 1.4660885483026505 29.4
    endloop
  endfacet
  facet normal -0.2429801804885292 0.9700312530479427 0
    outer loop
      vertex 3.131710447371006 1.5622975006699562 2.4
      vertex 2.7476227805018425 1.4660885483026505 29.4
      vertex 3.131710447371006 1.5622975006699562 29.4
    endloop
  endfacet
  facet normal 0.24298016954168633 -0.9700312557899841 0
    outer loop
      vertex 3.390529491007328 0.5963716730475426 0
      vertex 3.390529491007328 0.5963716730475426 29.4
      vertex 2.974699042737484 0.49221157282590866 29.4
    endloop
  endfacet
  facet normal 0.2745886207892544 -0.9615617969392581 0
    outer loop
      vertex 3.802729271352291 0.7140816003084183 0
      vertex 3.802729271352291 0.7140816003084183 29.4
      vertex 3.390529491007328 0.5963716730475426 29.4
    endloop
  endfacet
  facet normal 0.30590302671414693 -0.9520626755876547 0
    outer loop
      vertex 4.21085699647665 0.845215305685997 0
      vertex 4.21085699647665 0.845215305685997 29.4
      vertex 3.802729271352291 0.7140816003084183 29.4
    endloop
  endfacet
  facet normal 0.3368898504294505 -0.9415440662431166 0
    outer loop
      vertex 4.614475630223751 0.989632360637188 0
      vertex 4.614475630223751 0.989632360637188 29.4
      vertex 4.21085699647665 0.845215305685997 29.4
    endloop
  endfacet
  facet normal 0.3675159294341431 -0.9300172265136587 0
    outer loop
      vertex 5.013152964413166 1.1471781209111214 0
      vertex 5.013152964413166 1.1471781209111214 29.4
      vertex 4.614475630223751 0.989632360637188 29.4
    endloop
  endfacet
  facet normal 0.39774847701143473 -0.9174944953704541 0
    outer loop
      vertex 5.406462088227272 1.3176838904619217 0
      vertex 5.406462088227272 1.3176838904619217 29.4
      vertex 5.013152964413166 1.1471781209111214 29.4
    endloop
  endfacet
  facet normal 0.4275550954766842 -0.9039892921555672 0
    outer loop
      vertex 5.793981842696667 1.5009670853614807 0
      vertex 5.793981842696667 1.5009670853614807 29.4
      vertex 5.406462088227272 1.3176838904619217 29.4
    endloop
  endfacet
  facet normal 0.45690387323421633 -0.8895160766526771 0
    outer loop
      vertex 6.175297252833843 1.6968314349651337 0
      vertex 6.175297252833843 1.6968314349651337 29.4
      vertex 5.793981842696667 1.5009670853614807 29.4
    endloop
  endfacet
  facet normal -0.27458862492440583 0.9615617957584026 0
    outer loop
      vertex 3.512444593012333 1.6710219383239746 2.4
      vertex 3.131710447371006 1.5622975006699562 29.4
      vertex 3.512444593012333 1.6710219383239746 29.4
    endloop
  endfacet
  facet normal -0.3059030132802334 0.9520626799040456 0
    outer loop
      vertex 3.88941752910614 1.7921454310417175 2.4
      vertex 3.512444593012333 1.6710219383239746 29.4
      vertex 3.88941752910614 1.7921454310417175 29.4
    endloop
  endfacet
  facet normal -0.3368898552273261 0.9415440645264093 0
    outer loop
      vertex 4.262225583195686 1.9255382865667343 2.4
      vertex 3.88941752910614 1.7921454310417175 29.4
      vertex 4.262225583195686 1.9255382865667343 29.4
    endloop
  endfacet
  facet normal -0.36751593574630886 0.9300172240192732 0
    outer loop
      vertex 4.630469530820847 2.07105765491724 2.4
      vertex 4.262225583195686 1.9255382865667343 29.4
      vertex 4.630469530820847 2.07105765491724 29.4
    endloop
  endfacet
  facet normal -0.3977484880832203 0.9174944905706587 0
    outer loop
      vertex 4.993755057454109 2.2285477221012115 2.4
      vertex 4.630469530820847 2.07105765491724 29.4
      vertex 4.993755057454109 2.2285477221012115 29.4
    endloop
  endfacet
  facet normal -0.4275550849710487 0.9039892971243627 0
    outer loop
      vertex 5.351693153381348 2.397839829325676 2.4
      vertex 4.993755057454109 2.2285477221012115 29.4
      vertex 5.351693153381348 2.397839829325676 29.4
    endloop
  endfacet
  facet normal -0.4569038783734417 0.8895160740128911 0
    outer loop
      vertex 5.703900516033173 2.5787527039647102 2.4
      vertex 5.351693153381348 2.397839829325676 29.4
      vertex 5.703900516033173 2.5787527039647102 29.4
    endloop
  endfacet
  facet normal -0.48576339590355133 0.874090340411247 0
    outer loop
      vertex 6.049999997019768 2.771092616021633 2.4
      vertex 5.703900516033173 2.5787527039647102 29.4
      vertex 6.049999997019768 2.771092616021633 29.4
    endloop
  endfacet
  facet normal -0.5141027376926189 0.8577286138965834 0
    outer loop
      vertex 6.389620989561081 2.9746536016464233 2.4
      vertex 6.049999997019768 2.771092616021633 29.4
      vertex 6.389620989561081 2.9746536016464233 29.4
    endloop
  endfacet
  facet normal 0.48576340514646454 -0.874090335274628 0
    outer loop
      vertex 6.549999997019768 1.9050672128796577 0
      vertex 6.549999997019768 1.9050672128796577 29.4
      vertex 6.175297252833843 1.6968314349651337 29.4
    endloop
  endfacet
  facet normal 0.5141027358607144 -0.8577286149945847 0
    outer loop
      vertex 6.917688846588135 2.125451423227787 0
      vertex 6.917688846588135 2.125451423227787 29.4
      vertex 6.549999997019768 1.9050672128796577 29.4
    endloop
  endfacet
  facet normal 0.5418915769247628 -0.8404484034478226 0
    outer loop
      vertex 7.277970053255558 2.3577480763196945 0
      vertex 7.277970053255558 2.3577480763196945 29.4
      vertex 6.917688846588135 2.125451423227787 29.4
    endloop
  endfacet
  facet normal 0.5691001581116034 -0.8222682105233962 0
    outer loop
      vertex 7.630457825958729 2.601708434522152 0
      vertex 7.630457825958729 2.601708434522152 29.4
      vertex 7.277970053255558 2.3577480763196945 29.4
    endloop
  endfacet
  facet normal 0.5956992902355966 -0.8032075420542355 0
    outer loop
      vertex 7.905000001192093 2.8053227812051773 0
      vertex 7.905000001192093 2.8053227812051773 29.4
      vertex 7.630457825958729 2.601708434522152 29.4
    endloop
  endfacet
  facet normal -0.541891589579176 0.8404483952887017 0
    outer loop
      vertex 6.722399815917015 3.189217694103718 2.4
      vertex 6.389620989561081 2.9746536016464233 29.4
      vertex 6.722399815917015 3.189217694103718 29.4
    endloop
  endfacet
  facet normal -0.5691001411398813 0.8222682222696966 0
    outer loop
      vertex 7.0479801297187805 3.4145551174879074 2.4
      vertex 6.722399815917015 3.189217694103718 29.4
      vertex 7.0479801297187805 3.4145551174879074 29.4
    endloop
  endfacet
  facet normal -0.5956993066387265 0.8032075298888456 0
    outer loop
      vertex 7.366013288497925 3.650424584746361 2.4
      vertex 7.0479801297187805 3.4145551174879074 29.4
      vertex 7.366013288497925 3.650424584746361 29.4
    endloop
  endfacet
  facet normal 1 0 0
    outer loop
      vertex 7.905000001192093 3.3761194297272414 2.4
      vertex 7.905000001192093 4 29.4
      vertex 7.905000001192093 2.8053227812051773 29.4
    endloop
  endfacet
  facet normal -0.6216605625282965 0.7832867578332995 0
    outer loop
      vertex 7.676158741116524 3.8965735137462616 2.4
      vertex 7.366013288497925 3.650424584746361 29.4
      vertex 7.676158741116524 3.8965735137462616 29.4
    endloop
  endfacet
  facet normal -0.6469561643786759 0.7625271938576562 0
    outer loop
      vertex 7.798061139881611 4 2.4
      vertex 7.676158741116524 3.8965735137462616 29.4
      vertex 7.798061139881611 4 29.4
    endloop
  endfacet
  facet normal 0 1 0
    outer loop
      vertex 7.905000001192093 4 2.4
      vertex 7.798061139881611 4 29.4
      vertex 7.905000001192093 4 29.4
    endloop
  endfacet
  facet normal 0 0 1
    outer loop
      vertex 0 0.14999999850988388 29.4
      vertex 0.42861998826265335 0.157013900578022 29.4
      vertex 0.3959009051322937 1.1564784944057465 29.4
    endloop
  endfacet
  facet normal 0 0 1
    outer loop
      vertex 0.42861998826265335 0.157013900578022 29.4
      vertex 0.8567809909582138 0.17804810404777527 29.4
      vertex 0.7913778647780418 1.1759070307016373 29.4
    endloop
  endfacet
  facet normal 0 0 1
    outer loop
      vertex 0 0.14999999850988388 29.4
      vertex 0.3959009051322937 1.1564784944057465 29.4
      vertex 0 1.1499999985098839 29.4
    endloop
  endfacet
  facet normal 0 0 1
    outer loop
      vertex 0.42861998826265335 0.157013900578022 29.4
      vertex 0.7913778647780418 1.1759070307016373 29.4
      vertex 0.3959009051322937 1.1564784944057465 29.4
    endloop
  endfacet
  facet normal 0 0 1
    outer loop
      vertex 0.8567809909582138 0.17804810404777527 29.4
      vertex 1.2840245366096497 0.21308007836341858 29.4
      vertex 1.1860073953866959 1.2082648053765297 29.4
    endloop
  endfacet
  facet normal 0 0 1
    outer loop
      vertex 1.2840245366096497 0.21308007836341858 29.4
      vertex 1.7098931148648262 0.262072317302227 29.4
      vertex 1.57936692237854 1.2535171806812286 29.4
    endloop
  endfacet
  facet normal 0 0 1
    outer loop
      vertex 0.8567809909582138 0.17804810404777527 29.4
      vertex 1.1860073953866959 1.2082648053765297 29.4
      vertex 0.7913778647780418 1.1759070307016373 29.4
    endloop
  endfacet
  facet normal 0 0 1
    outer loop
      vertex 1.2840245366096497 0.21308007836341858 29.4
      vertex 1.57936692237854 1.2535171806812286 29.4
      vertex 1.1860073953866959 1.2082648053765297 29.4
    endloop
  endfacet
  facet normal 0 0 1
    outer loop
      vertex 1.7098931148648262 0.262072317302227 29.4
      vertex 2.1339306980371475 0.32497234642505646 29.4
      vertex 1.9710352271795273 1.3116156831383705 29.4
    endloop
  endfacet
  facet normal 0 0 1
    outer loop
      vertex 1.57936692237854 1.2535171806812286 29.4
      vertex 1.7098931148648262 0.262072317302227 29.4
      vertex 1.9710352271795273 1.3116156831383705 29.4
    endloop
  endfacet
  facet normal 0 0 1
    outer loop
      vertex 2.1339306980371475 0.32497234642505646 29.4
      vertex 2.5556832179427147 0.4017128273844719 29.4
      vertex 2.360592894256115 1.3824981078505516 29.4
    endloop
  endfacet
  facet normal 0 0 1
    outer loop
      vertex 2.1339306980371475 0.32497234642505646 29.4
      vertex 2.360592894256115 1.3824981078505516 29.4
      vertex 1.9710352271795273 1.3116156831383705 29.4
    endloop
  endfacet
  facet normal 0 0 1
    outer loop
      vertex 2.5556832179427147 0.4017128273844719 29.4
      vertex 2.974699042737484 0.49221157282590866 29.4
      vertex 2.7476227805018425 1.4660885483026505 29.4
    endloop
  endfacet
  facet normal 0 0 1
    outer loop
      vertex 2.5556832179427147 0.4017128273844719 29.4
      vertex 2.7476227805018425 1.4660885483026505 29.4
      vertex 2.360592894256115 1.3824981078505516 29.4
    endloop
  endfacet
  facet normal 0 0 1
    outer loop
      vertex 2.974699042737484 0.49221157282590866 29.4
      vertex 3.131710447371006 1.5622975006699562 29.4
      vertex 2.7476227805018425 1.4660885483026505 29.4
    endloop
  endfacet
  facet normal 0 0 1
    outer loop
      vertex 2.974699042737484 0.49221157282590866 29.4
      vertex 3.390529491007328 0.5963716730475426 29.4
      vertex 3.131710447371006 1.5622975006699562 29.4
    endloop
  endfacet
  facet normal 0 0 1
    outer loop
      vertex 3.390529491007328 0.5963716730475426 29.4
      vertex 3.802729271352291 0.7140816003084183 29.4
      vertex 3.512444593012333 1.6710219383239746 29.4
    endloop
  endfacet
  facet normal 0 0 1
    outer loop
      vertex 3.802729271352291 0.7140816003084183 29.4
      vertex 4.21085699647665 0.845215305685997 29.4
      vertex 3.88941752910614 1.7921454310417175 29.4
    endloop
  endfacet
  facet normal 0 0 1
    outer loop
      vertex 3.131710447371006 1.5622975006699562 29.4
      vertex 3.390529491007328 0.5963716730475426 29.4
      vertex 3.512444593012333 1.6710219383239746 29.4
    endloop
  endfacet
  facet normal 0 0 1
    outer loop
      vertex 3.802729271352291 0.7140816003084183 29.4
      vertex 3.88941752910614 1.7921454310417175 29.4
      vertex 3.512444593012333 1.6710219383239746 29.4
    endloop
  endfacet
  facet normal 0 0 1
    outer loop
      vertex 4.21085699647665 0.845215305685997 29.4
      vertex 4.262225583195686 1.9255382865667343 29.4
      vertex 3.88941752910614 1.7921454310417175 29.4
    endloop
  endfacet
  facet normal 0 0 1
    outer loop
      vertex 4.21085699647665 0.845215305685997 29.4
      vertex 4.614475630223751 0.989632360637188 29.4
      vertex 4.262225583195686 1.9255382865667343 29.4
    endloop
  endfacet
  facet normal 0 0 1
    outer loop
      vertex 4.614475630223751 0.989632360637188 29.4
      vertex 4.630469530820847 2.07105765491724 29.4
      vertex 4.262225583195686 1.9255382865667343 29.4
    endloop
  endfacet
  facet normal 0 0 1
    outer loop
      vertex 4.614475630223751 0.989632360637188 29.4
      vertex 5.013152964413166 1.1471781209111214 29.4
      vertex 4.630469530820847 2.07105765491724 29.4
    endloop
  endfacet
  facet normal 0 0 1
    outer loop
      vertex 5.013152964413166 1.1471781209111214 29.4
      vertex 5.406462088227272 1.3176838904619217 29.4
      vertex 4.993755057454109 2.2285477221012115 29.4
    endloop
  endfacet
  facet normal 0 0 1
    outer loop
      vertex 4.630469530820847 2.07105765491724 29.4
      vertex 5.013152964413166 1.1471781209111214 29.4
      vertex 4.993755057454109 2.2285477221012115 29.4
    endloop
  endfacet
  facet normal 0 0 1
    outer loop
      vertex 5.406462088227272 1.3176838904619217 29.4
      vertex 5.793981842696667 1.5009670853614807 29.4
      vertex 5.351693153381348 2.397839829325676 29.4
    endloop
  endfacet
  facet normal 0 0 1
    outer loop
      vertex 5.406462088227272 1.3176838904619217 29.4
      vertex 5.351693153381348 2.397839829325676 29.4
      vertex 4.993755057454109 2.2285477221012115 29.4
    endloop
  endfacet
  facet normal 0 0 1
    outer loop
      vertex 5.793981842696667 1.5009670853614807 29.4
      vertex 6.175297252833843 1.6968314349651337 29.4
      vertex 5.703900516033173 2.5787527039647102 29.4
    endloop
  endfacet
  facet normal 0 0 1
    outer loop
      vertex 5.793981842696667 1.5009670853614807 29.4
      vertex 5.703900516033173 2.5787527039647102 29.4
      vertex 5.351693153381348 2.397839829325676 29.4
    endloop
  endfacet
  facet normal 0 0 1
    outer loop
      vertex 6.175297252833843 1.6968314349651337 29.4
      vertex 6.549999997019768 1.9050672128796577 29.4
      vertex 6.049999997019768 2.771092616021633 29.4
    endloop
  endfacet
  facet normal 0 0 1
    outer loop
      vertex 6.175297252833843 1.6968314349651337 29.4
      vertex 6.049999997019768 2.771092616021633 29.4
      vertex 5.703900516033173 2.5787527039647102 29.4
    endloop
  endfacet
  facet normal 0 0 1
    outer loop
      vertex 6.549999997019768 1.9050672128796577 29.4
      vertex 6.917688846588135 2.125451423227787 29.4
      vertex 6.389620989561081 2.9746536016464233 29.4
    endloop
  endfacet
  facet normal 0 0 1
    outer loop
      vertex 6.049999997019768 2.771092616021633 29.4
      vertex 6.549999997019768 1.9050672128796577 29.4
      vertex 6.389620989561081 2.9746536016464233 29.4
    endloop
  endfacet
  facet normal 0 0 1
    outer loop
      vertex 6.917688846588135 2.125451423227787 29.4
      vertex 7.277970053255558 2.3577480763196945 29.4
      vertex 6.722399815917015 3.189217694103718 29.4
    endloop
  endfacet
  facet normal 0 0 1
    outer loop
      vertex 6.917688846588135 2.125451423227787 29.4
      vertex 6.722399815917015 3.189217694103718 29.4
      vertex 6.389620989561081 2.9746536016464233 29.4
    endloop
  endfacet
  facet normal 0 0 1
    outer loop
      vertex 6.722399815917015 3.189217694103718 29.4
      vertex 7.277970053255558 2.3577480763196945 29.4
      vertex 7.0479801297187805 3.4145551174879074 29.4
    endloop
  endfacet
  facet normal 0 0 1
    outer loop
      vertex 7.277970053255558 2.3577480763196945 29.4
      vertex 7.630457825958729 2.601708434522152 29.4
      vertex 7.0479801297187805 3.4145551174879074 29.4
    endloop
  endfacet
  facet normal 0 0 1
    outer loop
      vertex 7.630457825958729 2.601708434522152 29.4
      vertex 7.905000001192093 2.8053227812051773 29.4
      vertex 7.0479801297187805 3.4145551174879074 29.4
    endloop
  endfacet
  facet normal 0 0 1
    outer loop
      vertex 7.905000001192093 2.8053227812051773 29.4
      vertex 7.366013288497925 3.650424584746361 29.4
      vertex 7.0479801297187805 3.4145551174879074 29.4
    endloop
  endfacet
  facet normal 0 0 1
    outer loop
      vertex 7.905000001192093 2.8053227812051773 29.4
      vertex 7.676158741116524 3.8965735137462616 29.4
      vertex 7.366013288497925 3.650424584746361 29.4
    endloop
  endfacet
  facet normal 0 0 1
    outer loop
      vertex 7.905000001192093 2.8053227812051773 29.4
      vertex 7.798061139881611 4 29.4
      vertex 7.676158741116524 3.8965735137462616 29.4
    endloop
  endfacet
  facet normal 0 0 1
    outer loop
      vertex 7.905000001192093 2.8053227812051773 29.4
      vertex 7.905000001192093 4 29.4
      vertex 7.798061139881611 4 29.4
    endloop
  endfacet
  facet normal 0.6343932841636477 0.7730104533627351 -4.793589848944441e-19
    outer loop
      vertex -2.0025207207241866 8.10026418711198 0
      vertex -2.1689180587716765 8.236822953297903 0
      vertex -2.1689180587716765 8.236822953297903 2.4
    endloop
  endfacet
  facet normal 0.47139673682599315 0.8819212643483574 2.0457604561746808e-19
    outer loop
      vertex -1.4549086464754049 7.759737116728221 0
      vertex -1.6447500000000002 7.861209434251087 0
      vertex -1.6447500000000002 7.861209434251087 2.4
    endloop
  endfacet
  facet normal 0.5280678506503702 0.8492021815265774 2.33230460164236e-18
    outer loop
      vertex -1.6447500000000002 7.861209434251087 0
      vertex -1.8275482815179815 7.974880710330776 0
      vertex -1.8275482815179815 7.974880710330776 2.4
    endloop
  endfacet
  facet normal 0.5824776968678009 0.8128466845916162 -2.551131090412417e-18
    outer loop
      vertex -1.8275482815179815 7.974880710330776 0
      vertex -2.0025207207241866 8.10026418711198 0
      vertex -2.0025207207241866 8.10026418711198 2.4
    endloop
  endfacet
  facet normal 0.6835923020228685 0.7298640726978383 -3.3315054133237574e-18
    outer loop
      vertex -2.3260277567131484 8.38397224328685 2.4
      vertex -2.1689180587716765 8.236822953297903 2.4
      vertex -2.1689180587716765 8.236822953297903 0
    endloop
  endfacet
  facet normal 0.6343932841636477 0.7730104533627351 -4.793589848944441e-19
    outer loop
      vertex -2.1689180587716765 8.236822953297903 2.4
      vertex -2.0025207207241866 8.10026418711198 2.4
      vertex -2.0025207207241866 8.10026418711198 0
    endloop
  endfacet
  facet normal 0.5824776968678009 0.8128466845916162 0
    outer loop
      vertex -1.8275482815179815 7.974880710330776 0
      vertex -2.0025207207241866 8.10026418711198 2.4
      vertex -1.8275482815179815 7.974880710330776 2.4
    endloop
  endfacet
  facet normal 0.5280678506503702 0.8492021815265774 0
    outer loop
      vertex -1.6447500000000002 7.861209434251087 0
      vertex -1.8275482815179815 7.974880710330776 2.4
      vertex -1.6447500000000002 7.861209434251087 2.4
    endloop
  endfacet
  facet normal 0.4127070298043994 0.9108638249211737 2.1967137860353405e-18
    outer loop
      vertex -1.258837150764963 7.67089827780412 0
      vertex -1.4549086464754049 7.759737116728221 0
      vertex -1.4549086464754049 7.759737116728221 2.4
    endloop
  endfacet
  facet normal 0.352250047921232 0.9359059267573264 1.556962413462386e-18
    outer loop
      vertex -1.0573751211147502 7.5950733390258485 0
      vertex -1.258837150764963 7.67089827780412 0
      vertex -1.258837150764963 7.67089827780412 2.4
    endloop
  endfacet
  facet normal 0.2902846772544659 0.9569403357322078 2.7024597370372356e-19
    outer loop
      vertex -0.8513852488647421 7.5325869944221076 0
      vertex -1.0573751211147502 7.5950733390258485 0
      vertex -1.0573751211147502 7.5950733390258485 2.4
    endloop
  endfacet
  facet normal 0.2270762630343716 0.973876979277334 -9.062946006497821e-19
    outer loop
      vertex -0.6417496142720539 7.4837068201135715 0
      vertex -0.8513852488647421 7.5325869944221076 0
      vertex -0.8513852488647421 7.5325869944221076 2.4
    endloop
  endfacet
  facet normal 0.16289547339458504 0.9866433320848796 -2.8311309365204713e-19
    outer loop
      vertex -0.42936590930785967 7.4486421285108495 0
      vertex -0.6417496142720539 7.4837068201135715 0
      vertex -0.6417496142720539 7.4837068201135715 2.4
    endloop
  endfacet
  facet normal 0.09801714032956237 0.9951847266721967 -7.981272547411175e-19
    outer loop
      vertex -0.2151435936025556 7.427543072006612 0
      vertex -0.42936590930785967 7.4486421285108495 0
      vertex -0.42936590930785967 7.4486421285108495 2.4
    endloop
  endfacet
  facet normal 0.03271908282177479 0.9994645874763658 2.0126434125526525e-19
    outer loop
      vertex 0 7.420499999999999 0
      vertex -0.2151435936025556 7.427543072006612 0
      vertex -0.2151435936025556 7.427543072006612 2.4
    endloop
  endfacet
  facet normal 0.4127070298043994 0.9108638249211737 0
    outer loop
      vertex -1.258837150764963 7.67089827780412 0
      vertex -1.4549086464754049 7.759737116728221 2.4
      vertex -1.258837150764963 7.67089827780412 2.4
    endloop
  endfacet
  facet normal 0.352250047921232 0.9359059267573264 1.556962413462386e-18
    outer loop
      vertex -1.258837150764963 7.67089827780412 2.4
      vertex -1.0573751211147502 7.5950733390258485 2.4
      vertex -1.0573751211147502 7.5950733390258485 0
    endloop
  endfacet
  facet normal 0.2902846772544659 0.9569403357322078 0
    outer loop
      vertex -0.8513852488647421 7.5325869944221076 0
      vertex -1.0573751211147502 7.5950733390258485 2.4
      vertex -0.8513852488647421 7.5325869944221076 2.4
    endloop
  endfacet
  facet normal 0.47139673682599315 0.8819212643483574 2.0457604561746808e-19
    outer loop
      vertex -1.6447500000000002 7.861209434251087 2.4
      vertex -1.4549086464754049 7.759737116728221 2.4
      vertex -1.4549086464754049 7.759737116728221 0
    endloop
  endfacet
  facet normal 0.2270762630343716 0.973876979277334 0
    outer loop
      vertex -0.6417496142720539 7.4837068201135715 0
      vertex -0.8513852488647421 7.5325869944221076 2.4
      vertex -0.6417496142720539 7.4837068201135715 2.4
    endloop
  endfacet
  facet normal 0.16289547339458504 0.9866433320848796 -2.8311309365204713e-19
    outer loop
      vertex -0.6417496142720539 7.4837068201135715 2.4
      vertex -0.42936590930785967 7.4486421285108495 2.4
      vertex -0.42936590930785967 7.4486421285108495 0
    endloop
  endfacet
  facet normal 0.09801714032956237 0.9951847266721967 0
    outer loop
      vertex -0.2151435936025556 7.427543072006612 0
      vertex -0.42936590930785967 7.4486421285108495 2.4
      vertex -0.2151435936025556 7.427543072006612 2.4
    endloop
  endfacet
  facet normal 0.03271908282177479 0.9994645874763658 0
    outer loop
      vertex 0 7.420499999999999 0
      vertex -0.2151435936025556 7.427543072006612 2.4
      vertex 0 7.420499999999999 2.4
    endloop
  endfacet
  facet normal 0.973876979277334 0.2270762630343716 -9.062946006497821e-19
    outer loop
      vertex -3.1774130055778906 9.858614751135256 0
      vertex -3.2262931798864267 10.068250385727945 0
      vertex -3.2262931798864267 10.068250385727945 2.4
    endloop
  endfacet
  facet normal 0.986643332084879 0.1628954733945888 -1.9204126615982205e-19
    outer loop
      vertex -3.2262931798864267 10.068250385727945 0
      vertex -3.2613578714891496 10.28063409069214 0
      vertex -3.2613578714891496 10.28063409069214 2.4
    endloop
  endfacet
  facet normal 0.973876979277334 0.2270762630343716 -9.062946006497821e-19
    outer loop
      vertex -3.2262931798864267 10.068250385727945 2.4
      vertex -3.1774130055778906 9.858614751135256 2.4
      vertex -3.1774130055778906 9.858614751135256 0
    endloop
  endfacet
  facet normal 0.986643332084879 0.1628954733945888 -1.9204126615982205e-19
    outer loop
      vertex -3.2613578714891496 10.28063409069214 2.4
      vertex -3.2262931798864267 10.068250385727945 2.4
      vertex -3.2262931798864267 10.068250385727945 0
    endloop
  endfacet
  facet normal 0.995184726672197 0.09801714032955992 4.636787415200964e-19
    outer loop
      vertex -3.2613578714891496 10.28063409069214 0
      vertex -3.2824569279933864 10.494856406397444 0
      vertex -3.2824569279933864 10.494856406397444 2.4
    endloop
  endfacet
  facet normal 0.9994645874763658 0.03271908282177694 -1.6779236025859972e-19
    outer loop
      vertex -3.2824569279933864 10.494856406397444 0
      vertex -3.2895000000000003 10.709999999999999 0
      vertex -3.2895000000000003 10.709999999999999 2.4
    endloop
  endfacet
  facet normal 0.9994645874763658 -0.03271908282177694 1.6779236025859972e-19
    outer loop
      vertex -3.2895000000000003 10.709999999999999 0
      vertex -3.2824569279933864 10.925143593602554 0
      vertex -3.2824569279933864 10.925143593602554 2.4
    endloop
  endfacet
  facet normal 0.995184726672197 -0.09801714032955992 -4.636787415200964e-19
    outer loop
      vertex -3.2824569279933864 10.925143593602554 0
      vertex -3.2613578714891496 11.139365909307859 0
      vertex -3.2613578714891496 11.139365909307859 2.4
    endloop
  endfacet
  facet normal 0.986643332084879 -0.1628954733945888 1.9204126615982205e-19
    outer loop
      vertex -3.2613578714891496 11.139365909307859 0
      vertex -3.2262931798864267 11.351749614272054 0
      vertex -3.2262931798864267 11.351749614272054 2.4
    endloop
  endfacet
  facet normal 0.995184726672197 0.09801714032955992 0
    outer loop
      vertex -3.2613578714891496 10.28063409069214 0
      vertex -3.2824569279933864 10.494856406397444 2.4
      vertex -3.2613578714891496 10.28063409069214 2.4
    endloop
  endfacet
  facet normal 0.9994645874763658 0.03271908282177694 -1.6779236025859972e-19
    outer loop
      vertex -3.2895000000000003 10.709999999999999 2.4
      vertex -3.2824569279933864 10.494856406397444 2.4
      vertex -3.2824569279933864 10.494856406397444 0
    endloop
  endfacet
  facet normal 0.9994645874763658 -0.03271908282177694 0
    outer loop
      vertex -3.2895000000000003 10.709999999999999 0
      vertex -3.2824569279933864 10.925143593602554 2.4
      vertex -3.2895000000000003 10.709999999999999 2.4
    endloop
  endfacet
  facet normal 0.995184726672197 -0.09801714032955992 -4.636787415200964e-19
    outer loop
      vertex -3.2613578714891496 11.139365909307859 2.4
      vertex -3.2824569279933864 10.925143593602554 2.4
      vertex -3.2824569279933864 10.925143593602554 0
    endloop
  endfacet
  facet normal 0.986643332084879 -0.1628954733945888 0
    outer loop
      vertex -3.2613578714891496 11.139365909307859 0
      vertex -3.2262931798864267 11.351749614272054 2.4
      vertex -3.2613578714891496 11.139365909307859 2.4
    endloop
  endfacet
  facet normal 0.973876979277334 -0.2270762630343716 9.062946006497821e-19
    outer loop
      vertex -3.2262931798864267 11.351749614272054 0
      vertex -3.1774130055778906 11.561385248864742 0
      vertex -3.1774130055778906 11.561385248864742 2.4
    endloop
  endfacet
  facet normal 0.973876979277334 -0.2270762630343716 9.062946006497821e-19
    outer loop
      vertex -3.1774130055778906 11.561385248864742 2.4
      vertex -3.2262931798864267 11.351749614272054 2.4
      vertex -3.2262931798864267 11.351749614272054 0
    endloop
  endfacet
  facet normal 0.7298640726978362 0.6835923020228707 1.906145761473902e-18
    outer loop
      vertex -2.3260277567131484 8.38397224328685 0
      vertex -2.4731770467020966 8.541081941228322 0
      vertex -2.4731770467020966 8.541081941228322 2.4
    endloop
  endfacet
  facet normal 0.773010453362738 0.6343932841636443 3.144070335556554e-19
    outer loop
      vertex -2.4731770467020966 8.541081941228322 0
      vertex -2.6097358128880184 8.707479279275812 0
      vertex -2.6097358128880184 8.707479279275812 2.4
    endloop
  endfacet
  facet normal 0.8492021815265806 0.5280678506503655 2.9419500608890174e-19
    outer loop
      vertex -2.735119289669223 8.882451718482017 0
      vertex -2.848790565748911 9.065249999999999 0
      vertex -2.848790565748911 9.065249999999999 2.4
    endloop
  endfacet
  facet normal 0.8819212643483554 0.4713967368259971 9.598421556097604e-19
    outer loop
      vertex -2.848790565748911 9.065249999999999 0
      vertex -2.9502628832717783 9.255091353524595 0
      vertex -2.9502628832717783 9.255091353524595 2.4
    endloop
  endfacet
  facet normal 0.8128466845916139 0.5824776968678042 2.1612254328668338e-18
    outer loop
      vertex -2.6097358128880184 8.707479279275812 0
      vertex -2.735119289669223 8.882451718482017 0
      vertex -2.735119289669223 8.882451718482017 2.4
    endloop
  endfacet
  facet normal 0.6835923020228685 0.7298640726978383 -3.3315054133237574e-18
    outer loop
      vertex -2.1689180587716765 8.236822953297903 0
      vertex -2.3260277567131484 8.38397224328685 0
      vertex -2.3260277567131484 8.38397224328685 2.4
    endloop
  endfacet
  facet normal 0.7298640726978362 0.6835923020228707 0
    outer loop
      vertex -2.3260277567131484 8.38397224328685 0
      vertex -2.4731770467020966 8.541081941228322 2.4
      vertex -2.3260277567131484 8.38397224328685 2.4
    endloop
  endfacet
  facet normal 0.8128466845916139 0.5824776968678042 0
    outer loop
      vertex -2.6097358128880184 8.707479279275812 0
      vertex -2.735119289669223 8.882451718482017 2.4
      vertex -2.6097358128880184 8.707479279275812 2.4
    endloop
  endfacet
  facet normal 0.773010453362738 0.6343932841636443 3.144070335556554e-19
    outer loop
      vertex -2.6097358128880184 8.707479279275812 2.4
      vertex -2.4731770467020966 8.541081941228322 2.4
      vertex -2.4731770467020966 8.541081941228322 0
    endloop
  endfacet
  facet normal 0.8492021815265806 0.5280678506503655 2.9419500608890174e-19
    outer loop
      vertex -2.848790565748911 9.065249999999999 2.4
      vertex -2.735119289669223 8.882451718482017 2.4
      vertex -2.735119289669223 8.882451718482017 0
    endloop
  endfacet
  facet normal 0.8819212643483554 0.4713967368259971 9.598421556097604e-19
    outer loop
      vertex -2.9502628832717783 9.255091353524595 2.4
      vertex -2.848790565748911 9.065249999999999 2.4
      vertex -2.848790565748911 9.065249999999999 0
    endloop
  endfacet
  facet normal 0.9108638249211756 0.412707029804395 -6.763029710649408e-20
    outer loop
      vertex -2.9502628832717783 9.255091353524595 0
      vertex -3.039101722195878 9.451162849235036 0
      vertex -3.039101722195878 9.451162849235036 2.4
    endloop
  endfacet
  facet normal 0.9359059267573248 0.35225004792123626 -9.190130104557848e-19
    outer loop
      vertex -3.039101722195878 9.451162849235036 0
      vertex -3.1149266609741506 9.652624878885248 0
      vertex -3.1149266609741506 9.652624878885248 2.4
    endloop
  endfacet
  facet normal 0.9569403357322089 0.2902846772544623 -1.5230316614651667e-18
    outer loop
      vertex -3.1149266609741506 9.652624878885248 0
      vertex -3.1774130055778906 9.858614751135256 0
      vertex -3.1774130055778906 9.858614751135256 2.4
    endloop
  endfacet
  facet normal 0.9108638249211756 0.412707029804395 -6.763029710649408e-20
    outer loop
      vertex -3.039101722195878 9.451162849235036 2.4
      vertex -2.9502628832717783 9.255091353524595 2.4
      vertex -2.9502628832717783 9.255091353524595 0
    endloop
  endfacet
  facet normal 0.9359059267573248 0.35225004792123626 -9.190130104557848e-19
    outer loop
      vertex -3.1149266609741506 9.652624878885248 2.4
      vertex -3.039101722195878 9.451162849235036 2.4
      vertex -3.039101722195878 9.451162849235036 0
    endloop
  endfacet
  facet normal 0.9569403357322089 0.2902846772544623 -1.5230316614651667e-18
    outer loop
      vertex -3.1774130055778906 9.858614751135256 2.4
      vertex -3.1149266609741506 9.652624878885248 2.4
      vertex -3.1149266609741506 9.652624878885248 0
    endloop
  endfacet
  facet normal 0.9569403357322089 -0.2902846772544623 1.5230316614651667e-18
    outer loop
      vertex -3.1774130055778906 11.561385248864742 0
      vertex -3.1149266609741506 11.76737512111475 0
      vertex -3.1149266609741506 11.76737512111475 2.4
    endloop
  endfacet
  facet normal 0.9359059267573248 -0.35225004792123626 9.190130104557848e-19
    outer loop
      vertex -3.1149266609741506 11.76737512111475 0
      vertex -3.039101722195878 11.968837150764962 0
      vertex -3.039101722195878 11.968837150764962 2.4
    endloop
  endfacet
  facet normal 0.9108638249211756 -0.412707029804395 6.763029710649408e-20
    outer loop
      vertex -3.039101722195878 11.968837150764962 0
      vertex -2.9502628832717783 12.164908646475403 0
      vertex -2.9502628832717783 12.164908646475403 2.4
    endloop
  endfacet
  facet normal 0.8819212643483554 -0.4713967368259971 -9.598421556097604e-19
    outer loop
      vertex -2.9502628832717783 12.164908646475403 0
      vertex -2.848790565748911 12.35475 0
      vertex -2.848790565748911 12.35475 2.4
    endloop
  endfacet
  facet normal 0.9569403357322089 -0.2902846772544623 0
    outer loop
      vertex -3.1774130055778906 11.561385248864742 0
      vertex -3.1149266609741506 11.76737512111475 2.4
      vertex -3.1774130055778906 11.561385248864742 2.4
    endloop
  endfacet
  facet normal 0.9359059267573248 -0.35225004792123626 9.190130104557848e-19
    outer loop
      vertex -3.039101722195878 11.968837150764962 2.4
      vertex -3.1149266609741506 11.76737512111475 2.4
      vertex -3.1149266609741506 11.76737512111475 0
    endloop
  endfacet
  facet normal 0.9108638249211756 -0.412707029804395 0
    outer loop
      vertex -3.039101722195878 11.968837150764962 0
      vertex -2.9502628832717783 12.164908646475403 2.4
      vertex -3.039101722195878 11.968837150764962 2.4
    endloop
  endfacet
  facet normal 0.8819212643483554 -0.4713967368259971 -9.598421556097604e-19
    outer loop
      vertex -2.848790565748911 12.35475 2.4
      vertex -2.9502628832717783 12.164908646475403 2.4
      vertex -2.9502628832717783 12.164908646475403 0
    endloop
  endfacet
  facet normal 0.8492021815265806 -0.5280678506503655 -2.9419500608890174e-19
    outer loop
      vertex -2.848790565748911 12.35475 0
      vertex -2.735119289669223 12.537548281517982 0
      vertex -2.735119289669223 12.537548281517982 2.4
    endloop
  endfacet
  facet normal 0.8128466845916139 -0.5824776968678042 -2.1612254328668338e-18
    outer loop
      vertex -2.735119289669223 12.537548281517982 0
      vertex -2.6097358128880184 12.712520720724186 0
      vertex -2.6097358128880184 12.712520720724186 2.4
    endloop
  endfacet
  facet normal 0.773010453362738 -0.6343932841636443 -3.144070335556554e-19
    outer loop
      vertex -2.6097358128880184 12.712520720724186 0
      vertex -2.4731770467020966 12.878918058771676 0
      vertex -2.4731770467020966 12.878918058771676 2.4
    endloop
  endfacet
  facet normal 0.7298640726978323 -0.6835923020228749 2.523251503466698e-18
    outer loop
      vertex -2.4731770467020966 12.878918058771676 0
      vertex -2.3260277567131484 13.036027756713146 0
      vertex -2.3260277567131484 13.036027756713146 2.4
    endloop
  endfacet
  facet normal 0.6835923020228729 -0.7298640726978342 -4.2814773399334076e-19
    outer loop
      vertex -2.3260277567131484 13.036027756713146 0
      vertex -2.1689180587716765 13.183177046702095 0
      vertex -2.1689180587716765 13.183177046702095 2.4
    endloop
  endfacet
  facet normal 0.6343932841636427 -0.7730104533627391 -8.33127887617445e-19
    outer loop
      vertex -2.1689180587716765 13.183177046702095 0
      vertex -2.0025207207241866 13.319735812888016 0
      vertex -2.0025207207241866 13.319735812888016 2.4
    endloop
  endfacet
  facet normal 0.8492021815265806 -0.5280678506503655 0
    outer loop
      vertex -2.848790565748911 12.35475 0
      vertex -2.735119289669223 12.537548281517982 2.4
      vertex -2.848790565748911 12.35475 2.4
    endloop
  endfacet
  facet normal 0.8128466845916139 -0.5824776968678042 -2.1612254328668338e-18
    outer loop
      vertex -2.6097358128880184 12.712520720724186 2.4
      vertex -2.735119289669223 12.537548281517982 2.4
      vertex -2.735119289669223 12.537548281517982 0
    endloop
  endfacet
  facet normal 0.773010453362738 -0.6343932841636443 -3.144070335556554e-19
    outer loop
      vertex -2.4731770467020966 12.878918058771676 2.4
      vertex -2.6097358128880184 12.712520720724186 2.4
      vertex -2.6097358128880184 12.712520720724186 0
    endloop
  endfacet
  facet normal 0.7298640726978323 -0.6835923020228749 0
    outer loop
      vertex -2.4731770467020966 12.878918058771676 0
      vertex -2.3260277567131484 13.036027756713146 2.4
      vertex -2.4731770467020966 12.878918058771676 2.4
    endloop
  endfacet
  facet normal 0.6835923020228729 -0.7298640726978342 0
    outer loop
      vertex -2.3260277567131484 13.036027756713146 0
      vertex -2.1689180587716765 13.183177046702095 2.4
      vertex -2.3260277567131484 13.036027756713146 2.4
    endloop
  endfacet
  facet normal 0.6343932841636427 -0.7730104533627391 0
    outer loop
      vertex -2.1689180587716765 13.183177046702095 0
      vertex -2.0025207207241866 13.319735812888016 2.4
      vertex -2.1689180587716765 13.183177046702095 2.4
    endloop
  endfacet
  facet normal 0.5824776968678061 -0.8128466845916122 0
    outer loop
      vertex -2.0025207207241866 13.319735812888016 0
      vertex -1.8275482815179815 13.445119289669222 2.4
      vertex -2.0025207207241866 13.319735812888016 2.4
    endloop
  endfacet
  facet normal 0.5824776968678061 -0.8128466845916122 -2.2989396540470493e-19
    outer loop
      vertex -2.0025207207241866 13.319735812888016 0
      vertex -1.8275482815179815 13.445119289669222 0
      vertex -1.8275482815179815 13.445119289669222 2.4
    endloop
  endfacet
  facet normal 0.5280678506503702 -0.8492021815265774 -2.33230460164236e-18
    outer loop
      vertex -1.8275482815179815 13.445119289669222 0
      vertex -1.6447500000000002 13.558790565748911 0
      vertex -1.6447500000000002 13.558790565748911 2.4
    endloop
  endfacet
  facet normal 0.5280678506503702 -0.8492021815265774 0
    outer loop
      vertex -1.8275482815179815 13.445119289669222 0
      vertex -1.6447500000000002 13.558790565748911 2.4
      vertex -1.8275482815179815 13.445119289669222 2.4
    endloop
  endfacet
  facet normal 0.47139673682599315 -0.8819212643483574 -2.0457604561746808e-19
    outer loop
      vertex -1.4549086464754049 13.660262883271777 2.4
      vertex -1.6447500000000002 13.558790565748911 2.4
      vertex -1.6447500000000002 13.558790565748911 0
    endloop
  endfacet
  facet normal 0.47139673682599315 -0.8819212643483574 -2.0457604561746808e-19
    outer loop
      vertex -1.6447500000000002 13.558790565748911 0
      vertex -1.4549086464754049 13.660262883271777 0
      vertex -1.4549086464754049 13.660262883271777 2.4
    endloop
  endfacet
  facet normal 0.4127070298043994 -0.9108638249211737 -2.1967137860353405e-18
    outer loop
      vertex -1.4549086464754049 13.660262883271777 0
      vertex -1.258837150764963 13.749101722195878 0
      vertex -1.258837150764963 13.749101722195878 2.4
    endloop
  endfacet
  facet normal 0.352250047921232 -0.9359059267573264 -1.556962413462386e-18
    outer loop
      vertex -1.258837150764963 13.749101722195878 0
      vertex -1.0573751211147502 13.82492666097415 0
      vertex -1.0573751211147502 13.82492666097415 2.4
    endloop
  endfacet
  facet normal 0.2902846772544659 -0.9569403357322078 -2.7024597370372356e-19
    outer loop
      vertex -1.0573751211147502 13.82492666097415 0
      vertex -0.8513852488647421 13.88741300557789 0
      vertex -0.8513852488647421 13.88741300557789 2.4
    endloop
  endfacet
  facet normal 0.2270762630343716 -0.973876979277334 9.062946006497821e-19
    outer loop
      vertex -0.8513852488647421 13.88741300557789 0
      vertex -0.6417496142720539 13.936293179886427 0
      vertex -0.6417496142720539 13.936293179886427 2.4
    endloop
  endfacet
  facet normal 0.162895473394577 -0.9866433320848809 3.472009257303568e-19
    outer loop
      vertex -0.6417496142720539 13.936293179886427 0
      vertex -0.42936590930785967 13.971357871489147 0
      vertex -0.42936590930785967 13.971357871489147 2.4
    endloop
  endfacet
  facet normal 0.09801714032956237 -0.9951847266721967 7.981272547411175e-19
    outer loop
      vertex -0.42936590930785967 13.971357871489147 0
      vertex -0.2151435936025556 13.992456927993384 0
      vertex -0.2151435936025556 13.992456927993384 2.4
    endloop
  endfacet
  facet normal 0.03271908282177479 -0.9994645874763658 -2.0126434125526525e-19
    outer loop
      vertex -0.2151435936025556 13.992456927993384 0
      vertex 0 13.999499999999998 0
      vertex 0 13.999499999999998 2.4
    endloop
  endfacet
  facet normal 0.4127070298043994 -0.9108638249211737 0
    outer loop
      vertex -1.4549086464754049 13.660262883271777 0
      vertex -1.258837150764963 13.749101722195878 2.4
      vertex -1.4549086464754049 13.660262883271777 2.4
    endloop
  endfacet
  facet normal 0.352250047921232 -0.9359059267573264 0
    outer loop
      vertex -1.258837150764963 13.749101722195878 0
      vertex -1.0573751211147502 13.82492666097415 2.4
      vertex -1.258837150764963 13.749101722195878 2.4
    endloop
  endfacet
  facet normal 0.2902846772544659 -0.9569403357322078 -2.7024597370372356e-19
    outer loop
      vertex -0.8513852488647421 13.88741300557789 2.4
      vertex -1.0573751211147502 13.82492666097415 2.4
      vertex -1.0573751211147502 13.82492666097415 0
    endloop
  endfacet
  facet normal 0.2270762630343716 -0.973876979277334 0
    outer loop
      vertex -0.8513852488647421 13.88741300557789 0
      vertex -0.6417496142720539 13.936293179886427 2.4
      vertex -0.8513852488647421 13.88741300557789 2.4
    endloop
  endfacet
  facet normal 0.162895473394577 -0.9866433320848809 0
    outer loop
      vertex -0.6417496142720539 13.936293179886427 0
      vertex -0.42936590930785967 13.971357871489147 2.4
      vertex -0.6417496142720539 13.936293179886427 2.4
    endloop
  endfacet
  facet normal 0.09801714032956237 -0.9951847266721967 0
    outer loop
      vertex -0.42936590930785967 13.971357871489147 0
      vertex -0.2151435936025556 13.992456927993384 2.4
      vertex -0.42936590930785967 13.971357871489147 2.4
    endloop
  endfacet
  facet normal 0.03271908282177479 -0.9994645874763658 0
    outer loop
      vertex -0.2151435936025556 13.992456927993384 0
      vertex 0 13.999499999999998 2.4
      vertex -0.2151435936025556 13.992456927993384 2.4
    endloop
  endfacet
  facet normal -0.03271908282177479 0.9994645874763658 -2.0126434125526525e-19
    outer loop
      vertex 0.2151435936025556 7.427543072006612 0
      vertex 0 7.420499999999999 0
      vertex 0 7.420499999999999 2.4
    endloop
  endfacet
  facet normal -0.09801714032956237 0.9951847266721967 7.981272547411175e-19
    outer loop
      vertex 0.42936590930785967 7.4486421285108495 0
      vertex 0.2151435936025556 7.427543072006612 0
      vertex 0.2151435936025556 7.427543072006612 2.4
    endloop
  endfacet
  facet normal -0.16289547339458504 0.9866433320848796 2.8311309365204713e-19
    outer loop
      vertex 0.6417496142720539 7.4837068201135715 0
      vertex 0.42936590930785967 7.4486421285108495 0
      vertex 0.42936590930785967 7.4486421285108495 2.4
    endloop
  endfacet
  facet normal -0.2270762630343716 0.973876979277334 9.062946006497821e-19
    outer loop
      vertex 0.8513852488647421 7.5325869944221076 0
      vertex 0.6417496142720539 7.4837068201135715 0
      vertex 0.6417496142720539 7.4837068201135715 2.4
    endloop
  endfacet
  facet normal -0.2902846772544659 0.9569403357322078 -2.7024597370372356e-19
    outer loop
      vertex 1.0573751211147502 7.5950733390258485 0
      vertex 0.8513852488647421 7.5325869944221076 0
      vertex 0.8513852488647421 7.5325869944221076 2.4
    endloop
  endfacet
  facet normal -0.352250047921232 0.9359059267573264 -1.556962413462386e-18
    outer loop
      vertex 1.258837150764963 7.67089827780412 0
      vertex 1.0573751211147502 7.5950733390258485 0
      vertex 1.0573751211147502 7.5950733390258485 2.4
    endloop
  endfacet
  facet normal -0.4127070298043994 0.9108638249211737 -2.1967137860353405e-18
    outer loop
      vertex 1.4549086464754049 7.759737116728221 0
      vertex 1.258837150764963 7.67089827780412 0
      vertex 1.258837150764963 7.67089827780412 2.4
    endloop
  endfacet
  facet normal -0.47139673682599315 0.8819212643483574 -2.0457604561746808e-19
    outer loop
      vertex 1.6447500000000002 7.861209434251087 0
      vertex 1.4549086464754049 7.759737116728221 0
      vertex 1.4549086464754049 7.759737116728221 2.4
    endloop
  endfacet
  facet normal -0.03271908282177479 0.9994645874763658 0
    outer loop
      vertex 0.2151435936025556 7.427543072006612 0
      vertex 0 7.420499999999999 2.4
      vertex 0.2151435936025556 7.427543072006612 2.4
    endloop
  endfacet
  facet normal -0.09801714032956237 0.9951847266721967 0
    outer loop
      vertex 0.42936590930785967 7.4486421285108495 0
      vertex 0.2151435936025556 7.427543072006612 2.4
      vertex 0.42936590930785967 7.4486421285108495 2.4
    endloop
  endfacet
  facet normal -0.16289547339458504 0.9866433320848796 2.8311309365204713e-19
    outer loop
      vertex 0.42936590930785967 7.4486421285108495 2.4
      vertex 0.6417496142720539 7.4837068201135715 2.4
      vertex 0.6417496142720539 7.4837068201135715 0
    endloop
  endfacet
  facet normal -0.2270762630343716 0.973876979277334 0
    outer loop
      vertex 0.8513852488647421 7.5325869944221076 0
      vertex 0.6417496142720539 7.4837068201135715 2.4
      vertex 0.8513852488647421 7.5325869944221076 2.4
    endloop
  endfacet
  facet normal -0.2902846772544659 0.9569403357322078 0
    outer loop
      vertex 1.0573751211147502 7.5950733390258485 0
      vertex 0.8513852488647421 7.5325869944221076 2.4
      vertex 1.0573751211147502 7.5950733390258485 2.4
    endloop
  endfacet
  facet normal -0.352250047921232 0.9359059267573264 0
    outer loop
      vertex 1.258837150764963 7.67089827780412 0
      vertex 1.0573751211147502 7.5950733390258485 2.4
      vertex 1.258837150764963 7.67089827780412 2.4
    endloop
  endfacet
  facet normal -0.4127070298043994 0.9108638249211737 -2.1967137860353405e-18
    outer loop
      vertex 1.258837150764963 7.67089827780412 2.4
      vertex 1.4549086464754049 7.759737116728221 2.4
      vertex 1.4549086464754049 7.759737116728221 0
    endloop
  endfacet
  facet normal -0.5280678506503702 0.8492021815265774 -2.33230460164236e-18
    outer loop
      vertex 1.8275482815179815 7.974880710330776 0
      vertex 1.6447500000000002 7.861209434251087 0
      vertex 1.6447500000000002 7.861209434251087 2.4
    endloop
  endfacet
  facet normal -0.5824776968678009 0.8128466845916162 2.551131090412417e-18
    outer loop
      vertex 2.0025207207241866 8.10026418711198 0
      vertex 1.8275482815179815 7.974880710330776 0
      vertex 1.8275482815179815 7.974880710330776 2.4
    endloop
  endfacet
  facet normal -0.6343932841636477 0.7730104533627351 4.793589848944441e-19
    outer loop
      vertex 2.1689180587716765 8.236822953297903 0
      vertex 2.0025207207241866 8.10026418711198 0
      vertex 2.0025207207241866 8.10026418711198 2.4
    endloop
  endfacet
  facet normal -0.6835923020228685 0.7298640726978383 3.3315054133237574e-18
    outer loop
      vertex 2.3260277567131484 8.38397224328685 0
      vertex 2.1689180587716765 8.236822953297903 0
      vertex 2.1689180587716765 8.236822953297903 2.4
    endloop
  endfacet
  facet normal -0.47139673682599315 0.8819212643483574 0
    outer loop
      vertex 1.6447500000000002 7.861209434251087 0
      vertex 1.4549086464754049 7.759737116728221 2.4
      vertex 1.6447500000000002 7.861209434251087 2.4
    endloop
  endfacet
  facet normal -0.5280678506503702 0.8492021815265774 0
    outer loop
      vertex 1.8275482815179815 7.974880710330776 0
      vertex 1.6447500000000002 7.861209434251087 2.4
      vertex 1.8275482815179815 7.974880710330776 2.4
    endloop
  endfacet
  facet normal -0.5824776968678009 0.8128466845916162 2.551131090412417e-18
    outer loop
      vertex 1.8275482815179815 7.974880710330776 2.4
      vertex 2.0025207207241866 8.10026418711198 2.4
      vertex 2.0025207207241866 8.10026418711198 0
    endloop
  endfacet
  facet normal -0.6343932841636477 0.7730104533627351 0
    outer loop
      vertex 2.1689180587716765 8.236822953297903 0
      vertex 2.0025207207241866 8.10026418711198 2.4
      vertex 2.1689180587716765 8.236822953297903 2.4
    endloop
  endfacet
  facet normal -0.7298640726978362 0.6835923020228707 -1.906145761473902e-18
    outer loop
      vertex 2.4731770467020966 8.541081941228322 0
      vertex 2.3260277567131484 8.38397224328685 0
      vertex 2.3260277567131484 8.38397224328685 2.4
    endloop
  endfacet
  facet normal -0.773010453362738 0.6343932841636443 -3.144070335556554e-19
    outer loop
      vertex 2.6097358128880184 8.707479279275812 0
      vertex 2.4731770467020966 8.541081941228322 0
      vertex 2.4731770467020966 8.541081941228322 2.4
    endloop
  endfacet
  facet normal -0.8128466845916139 0.5824776968678042 -2.1612254328668338e-18
    outer loop
      vertex 2.735119289669223 8.882451718482017 0
      vertex 2.6097358128880184 8.707479279275812 0
      vertex 2.6097358128880184 8.707479279275812 2.4
    endloop
  endfacet
  facet normal -0.8492021815265806 0.5280678506503655 -2.9419500608890174e-19
    outer loop
      vertex 2.848790565748911 9.065249999999999 0
      vertex 2.735119289669223 8.882451718482017 0
      vertex 2.735119289669223 8.882451718482017 2.4
    endloop
  endfacet
  facet normal -0.8819212643483554 0.4713967368259971 -9.598421556097604e-19
    outer loop
      vertex 2.9502628832717783 9.255091353524595 0
      vertex 2.848790565748911 9.065249999999999 0
      vertex 2.848790565748911 9.065249999999999 2.4
    endloop
  endfacet
  facet normal -0.6835923020228685 0.7298640726978383 0
    outer loop
      vertex 2.3260277567131484 8.38397224328685 0
      vertex 2.1689180587716765 8.236822953297903 2.4
      vertex 2.3260277567131484 8.38397224328685 2.4
    endloop
  endfacet
  facet normal -0.7298640726978362 0.6835923020228707 -1.906145761473902e-18
    outer loop
      vertex 2.3260277567131484 8.38397224328685 2.4
      vertex 2.4731770467020966 8.541081941228322 2.4
      vertex 2.4731770467020966 8.541081941228322 0
    endloop
  endfacet
  facet normal -0.773010453362738 0.6343932841636443 -3.144070335556554e-19
    outer loop
      vertex 2.4731770467020966 8.541081941228322 2.4
      vertex 2.6097358128880184 8.707479279275812 2.4
      vertex 2.6097358128880184 8.707479279275812 0
    endloop
  endfacet
  facet normal -0.8128466845916139 0.5824776968678042 -2.1612254328668338e-18
    outer loop
      vertex 2.6097358128880184 8.707479279275812 2.4
      vertex 2.735119289669223 8.882451718482017 2.4
      vertex 2.735119289669223 8.882451718482017 0
    endloop
  endfacet
  facet normal -0.8492021815265806 0.5280678506503655 -2.9419500608890174e-19
    outer loop
      vertex 2.735119289669223 8.882451718482017 2.4
      vertex 2.848790565748911 9.065249999999999 2.4
      vertex 2.848790565748911 9.065249999999999 0
    endloop
  endfacet
  facet normal -0.8819212643483554 0.4713967368259971 0
    outer loop
      vertex 2.9502628832717783 9.255091353524595 0
      vertex 2.848790565748911 9.065249999999999 2.4
      vertex 2.9502628832717783 9.255091353524595 2.4
    endloop
  endfacet
  facet normal -0.9108638249211756 0.412707029804395 6.763029710649408e-20
    outer loop
      vertex 3.039101722195878 9.451162849235036 0
      vertex 2.9502628832717783 9.255091353524595 0
      vertex 2.9502628832717783 9.255091353524595 2.4
    endloop
  endfacet
  facet normal -0.9359059267573248 0.35225004792123626 9.190130104557848e-19
    outer loop
      vertex 3.1149266609741506 9.652624878885248 0
      vertex 3.039101722195878 9.451162849235036 0
      vertex 3.039101722195878 9.451162849235036 2.4
    endloop
  endfacet
  facet normal -0.9569403357322089 0.2902846772544623 1.5230316614651667e-18
    outer loop
      vertex 3.1774130055778906 9.858614751135256 0
      vertex 3.1149266609741506 9.652624878885248 0
      vertex 3.1149266609741506 9.652624878885248 2.4
    endloop
  endfacet
  facet normal -0.9108638249211756 0.412707029804395 6.763029710649408e-20
    outer loop
      vertex 2.9502628832717783 9.255091353524595 2.4
      vertex 3.039101722195878 9.451162849235036 2.4
      vertex 3.039101722195878 9.451162849235036 0
    endloop
  endfacet
  facet normal -0.9359059267573248 0.35225004792123626 0
    outer loop
      vertex 3.1149266609741506 9.652624878885248 0
      vertex 3.039101722195878 9.451162849235036 2.4
      vertex 3.1149266609741506 9.652624878885248 2.4
    endloop
  endfacet
  facet normal -0.9569403357322089 0.2902846772544623 1.5230316614651667e-18
    outer loop
      vertex 3.1149266609741506 9.652624878885248 2.4
      vertex 3.1774130055778906 9.858614751135256 2.4
      vertex 3.1774130055778906 9.858614751135256 0
    endloop
  endfacet
  facet normal -0.9569403357322089 -0.2902846772544623 -1.5230316614651667e-18
    outer loop
      vertex 3.1149266609741506 11.76737512111475 0
      vertex 3.1774130055778906 11.561385248864742 0
      vertex 3.1774130055778906 11.561385248864742 2.4
    endloop
  endfacet
  facet normal -0.9359059267573248 -0.35225004792123626 -9.190130104557848e-19
    outer loop
      vertex 3.039101722195878 11.968837150764962 0
      vertex 3.1149266609741506 11.76737512111475 0
      vertex 3.1149266609741506 11.76737512111475 2.4
    endloop
  endfacet
  facet normal -0.9108638249211756 -0.412707029804395 -6.763029710649408e-20
    outer loop
      vertex 2.9502628832717783 12.164908646475403 0
      vertex 3.039101722195878 11.968837150764962 0
      vertex 3.039101722195878 11.968837150764962 2.4
    endloop
  endfacet
  facet normal -0.8819212643483554 -0.4713967368259971 9.598421556097604e-19
    outer loop
      vertex 2.848790565748911 12.35475 0
      vertex 2.9502628832717783 12.164908646475403 0
      vertex 2.9502628832717783 12.164908646475403 2.4
    endloop
  endfacet
  facet normal -0.9569403357322089 -0.2902846772544623 -1.5230316614651667e-18
    outer loop
      vertex 3.1774130055778906 11.561385248864742 2.4
      vertex 3.1149266609741506 11.76737512111475 2.4
      vertex 3.1149266609741506 11.76737512111475 0
    endloop
  endfacet
  facet normal -0.9359059267573248 -0.35225004792123626 -9.190130104557848e-19
    outer loop
      vertex 3.1149266609741506 11.76737512111475 2.4
      vertex 3.039101722195878 11.968837150764962 2.4
      vertex 3.039101722195878 11.968837150764962 0
    endloop
  endfacet
  facet normal -0.9108638249211756 -0.412707029804395 -6.763029710649408e-20
    outer loop
      vertex 3.039101722195878 11.968837150764962 2.4
      vertex 2.9502628832717783 12.164908646475403 2.4
      vertex 2.9502628832717783 12.164908646475403 0
    endloop
  endfacet
  facet normal -0.8819212643483554 -0.4713967368259971 9.598421556097604e-19
    outer loop
      vertex 2.9502628832717783 12.164908646475403 2.4
      vertex 2.848790565748911 12.35475 2.4
      vertex 2.848790565748911 12.35475 0
    endloop
  endfacet
  facet normal -0.973876979277334 0.2270762630343716 9.062946006497821e-19
    outer loop
      vertex 3.2262931798864267 10.068250385727945 0
      vertex 3.1774130055778906 9.858614751135256 0
      vertex 3.1774130055778906 9.858614751135256 2.4
    endloop
  endfacet
  facet normal -0.986643332084879 0.1628954733945888 1.9204126615982205e-19
    outer loop
      vertex 3.2613578714891496 10.28063409069214 0
      vertex 3.2262931798864267 10.068250385727945 0
      vertex 3.2262931798864267 10.068250385727945 2.4
    endloop
  endfacet
  facet normal -0.973876979277334 0.2270762630343716 0
    outer loop
      vertex 3.2262931798864267 10.068250385727945 0
      vertex 3.1774130055778906 9.858614751135256 2.4
      vertex 3.2262931798864267 10.068250385727945 2.4
    endloop
  endfacet
  facet normal -0.986643332084879 0.1628954733945888 1.9204126615982205e-19
    outer loop
      vertex 3.2262931798864267 10.068250385727945 2.4
      vertex 3.2613578714891496 10.28063409069214 2.4
      vertex 3.2613578714891496 10.28063409069214 0
    endloop
  endfacet
  facet normal -0.995184726672197 0.09801714032955992 -4.636787415200964e-19
    outer loop
      vertex 3.2824569279933864 10.494856406397444 0
      vertex 3.2613578714891496 10.28063409069214 0
      vertex 3.2613578714891496 10.28063409069214 2.4
    endloop
  endfacet
  facet normal -0.9994645874763658 0.03271908282177694 1.6779236025859972e-19
    outer loop
      vertex 3.2895000000000003 10.709999999999999 0
      vertex 3.2824569279933864 10.494856406397444 0
      vertex 3.2824569279933864 10.494856406397444 2.4
    endloop
  endfacet
  facet normal -0.9994645874763658 -0.03271908282177694 -1.6779236025859972e-19
    outer loop
      vertex 3.2824569279933864 10.925143593602554 0
      vertex 3.2895000000000003 10.709999999999999 0
      vertex 3.2895000000000003 10.709999999999999 2.4
    endloop
  endfacet
  facet normal -0.995184726672197 -0.09801714032955992 4.636787415200964e-19
    outer loop
      vertex 3.2613578714891496 11.139365909307859 0
      vertex 3.2824569279933864 10.925143593602554 0
      vertex 3.2824569279933864 10.925143593602554 2.4
    endloop
  endfacet
  facet normal -0.986643332084879 -0.1628954733945888 -1.9204126615982205e-19
    outer loop
      vertex 3.2262931798864267 11.351749614272054 0
      vertex 3.2613578714891496 11.139365909307859 0
      vertex 3.2613578714891496 11.139365909307859 2.4
    endloop
  endfacet
  facet normal -0.995184726672197 0.09801714032955992 -4.636787415200964e-19
    outer loop
      vertex 3.2613578714891496 10.28063409069214 2.4
      vertex 3.2824569279933864 10.494856406397444 2.4
      vertex 3.2824569279933864 10.494856406397444 0
    endloop
  endfacet
  facet normal -0.9994645874763658 0.03271908282177694 1.6779236025859972e-19
    outer loop
      vertex 3.2824569279933864 10.494856406397444 2.4
      vertex 3.2895000000000003 10.709999999999999 2.4
      vertex 3.2895000000000003 10.709999999999999 0
    endloop
  endfacet
  facet normal -0.9994645874763658 -0.03271908282177694 -1.6779236025859972e-19
    outer loop
      vertex 3.2895000000000003 10.709999999999999 2.4
      vertex 3.2824569279933864 10.925143593602554 2.4
      vertex 3.2824569279933864 10.925143593602554 0
    endloop
  endfacet
  facet normal -0.995184726672197 -0.09801714032955992 4.636787415200964e-19
    outer loop
      vertex 3.2824569279933864 10.925143593602554 2.4
      vertex 3.2613578714891496 11.139365909307859 2.4
      vertex 3.2613578714891496 11.139365909307859 0
    endloop
  endfacet
  facet normal -0.986643332084879 -0.1628954733945888 -1.9204126615982205e-19
    outer loop
      vertex 3.2613578714891496 11.139365909307859 2.4
      vertex 3.2262931798864267 11.351749614272054 2.4
      vertex 3.2262931798864267 11.351749614272054 0
    endloop
  endfacet
  facet normal -0.973876979277334 -0.2270762630343716 -9.062946006497821e-19
    outer loop
      vertex 3.1774130055778906 11.561385248864742 0
      vertex 3.2262931798864267 11.351749614272054 0
      vertex 3.2262931798864267 11.351749614272054 2.4
    endloop
  endfacet
  facet normal -0.973876979277334 -0.2270762630343716 -9.062946006497821e-19
    outer loop
      vertex 3.2262931798864267 11.351749614272054 2.4
      vertex 3.1774130055778906 11.561385248864742 2.4
      vertex 3.1774130055778906 11.561385248864742 0
    endloop
  endfacet
  facet normal -0.03271908282177479 -0.9994645874763658 2.0126434125526525e-19
    outer loop
      vertex 0 13.999499999999998 0
      vertex 0.2151435936025556 13.992456927993384 0
      vertex 0.2151435936025556 13.992456927993384 2.4
    endloop
  endfacet
  facet normal -0.09801714032956237 -0.9951847266721967 -7.981272547411175e-19
    outer loop
      vertex 0.2151435936025556 13.992456927993384 0
      vertex 0.42936590930785967 13.971357871489147 0
      vertex 0.42936590930785967 13.971357871489147 2.4
    endloop
  endfacet
  facet normal -0.162895473394577 -0.9866433320848809 -3.472009257303568e-19
    outer loop
      vertex 0.42936590930785967 13.971357871489147 0
      vertex 0.6417496142720539 13.936293179886427 0
      vertex 0.6417496142720539 13.936293179886427 2.4
    endloop
  endfacet
  facet normal -0.2270762630343716 -0.973876979277334 -9.062946006497821e-19
    outer loop
      vertex 0.6417496142720539 13.936293179886427 0
      vertex 0.8513852488647421 13.88741300557789 0
      vertex 0.8513852488647421 13.88741300557789 2.4
    endloop
  endfacet
  facet normal -0.2902846772544659 -0.9569403357322078 2.7024597370372356e-19
    outer loop
      vertex 0.8513852488647421 13.88741300557789 0
      vertex 1.0573751211147502 13.82492666097415 0
      vertex 1.0573751211147502 13.82492666097415 2.4
    endloop
  endfacet
  facet normal -0.352250047921232 -0.9359059267573264 1.556962413462386e-18
    outer loop
      vertex 1.0573751211147502 13.82492666097415 0
      vertex 1.258837150764963 13.749101722195878 0
      vertex 1.258837150764963 13.749101722195878 2.4
    endloop
  endfacet
  facet normal -0.4127070298043994 -0.9108638249211737 2.1967137860353405e-18
    outer loop
      vertex 1.258837150764963 13.749101722195878 0
      vertex 1.4549086464754049 13.660262883271777 0
      vertex 1.4549086464754049 13.660262883271777 2.4
    endloop
  endfacet
  facet normal -0.03271908282177479 -0.9994645874763658 0
    outer loop
      vertex 0 13.999499999999998 0
      vertex 0.2151435936025556 13.992456927993384 2.4
      vertex 0 13.999499999999998 2.4
    endloop
  endfacet
  facet normal -0.09801714032956237 -0.9951847266721967 0
    outer loop
      vertex 0.2151435936025556 13.992456927993384 0
      vertex 0.42936590930785967 13.971357871489147 2.4
      vertex 0.2151435936025556 13.992456927993384 2.4
    endloop
  endfacet
  facet normal -0.162895473394577 -0.9866433320848809 0
    outer loop
      vertex 0.42936590930785967 13.971357871489147 0
      vertex 0.6417496142720539 13.936293179886427 2.4
      vertex 0.42936590930785967 13.971357871489147 2.4
    endloop
  endfacet
  facet normal -0.2270762630343716 -0.973876979277334 0
    outer loop
      vertex 0.6417496142720539 13.936293179886427 0
      vertex 0.8513852488647421 13.88741300557789 2.4
      vertex 0.6417496142720539 13.936293179886427 2.4
    endloop
  endfacet
  facet normal -0.2902846772544659 -0.9569403357322078 2.7024597370372356e-19
    outer loop
      vertex 1.0573751211147502 13.82492666097415 2.4
      vertex 0.8513852488647421 13.88741300557789 2.4
      vertex 0.8513852488647421 13.88741300557789 0
    endloop
  endfacet
  facet normal -0.352250047921232 -0.9359059267573264 0
    outer loop
      vertex 1.0573751211147502 13.82492666097415 0
      vertex 1.258837150764963 13.749101722195878 2.4
      vertex 1.0573751211147502 13.82492666097415 2.4
    endloop
  endfacet
  facet normal -0.47139673682599315 -0.8819212643483574 0
    outer loop
      vertex 1.4549086464754049 13.660262883271777 0
      vertex 1.6447500000000002 13.558790565748911 2.4
      vertex 1.4549086464754049 13.660262883271777 2.4
    endloop
  endfacet
  facet normal -0.4127070298043994 -0.9108638249211737 2.1967137860353405e-18
    outer loop
      vertex 1.4549086464754049 13.660262883271777 2.4
      vertex 1.258837150764963 13.749101722195878 2.4
      vertex 1.258837150764963 13.749101722195878 0
    endloop
  endfacet
  facet normal -0.5824776968678061 -0.8128466845916122 2.2989396540470493e-19
    outer loop
      vertex 1.8275482815179815 13.445119289669222 0
      vertex 2.0025207207241866 13.319735812888016 0
      vertex 2.0025207207241866 13.319735812888016 2.4
    endloop
  endfacet
  facet normal -0.6835923020228729 -0.7298640726978342 4.2814773399334076e-19
    outer loop
      vertex 2.1689180587716765 13.183177046702095 0
      vertex 2.3260277567131484 13.036027756713146 0
      vertex 2.3260277567131484 13.036027756713146 2.4
    endloop
  endfacet
  facet normal -0.6343932841636427 -0.7730104533627391 8.33127887617445e-19
    outer loop
      vertex 2.0025207207241866 13.319735812888016 0
      vertex 2.1689180587716765 13.183177046702095 0
      vertex 2.1689180587716765 13.183177046702095 2.4
    endloop
  endfacet
  facet normal -0.8128466845916139 -0.5824776968678042 2.1612254328668338e-18
    outer loop
      vertex 2.6097358128880184 12.712520720724186 0
      vertex 2.735119289669223 12.537548281517982 0
      vertex 2.735119289669223 12.537548281517982 2.4
    endloop
  endfacet
  facet normal -0.773010453362738 -0.6343932841636443 3.144070335556554e-19
    outer loop
      vertex 2.4731770467020966 12.878918058771676 0
      vertex 2.6097358128880184 12.712520720724186 0
      vertex 2.6097358128880184 12.712520720724186 2.4
    endloop
  endfacet
  facet normal -0.8492021815265806 -0.5280678506503655 2.9419500608890174e-19
    outer loop
      vertex 2.735119289669223 12.537548281517982 0
      vertex 2.848790565748911 12.35475 0
      vertex 2.848790565748911 12.35475 2.4
    endloop
  endfacet
  facet normal -0.7298640726978323 -0.6835923020228749 -2.523251503466698e-18
    outer loop
      vertex 2.3260277567131484 13.036027756713146 0
      vertex 2.4731770467020966 12.878918058771676 0
      vertex 2.4731770467020966 12.878918058771676 2.4
    endloop
  endfacet
  facet normal -0.6835923020228729 -0.7298640726978342 4.2814773399334076e-19
    outer loop
      vertex 2.3260277567131484 13.036027756713146 2.4
      vertex 2.1689180587716765 13.183177046702095 2.4
      vertex 2.1689180587716765 13.183177046702095 0
    endloop
  endfacet
  facet normal -0.6343932841636427 -0.7730104533627391 8.33127887617445e-19
    outer loop
      vertex 2.1689180587716765 13.183177046702095 2.4
      vertex 2.0025207207241866 13.319735812888016 2.4
      vertex 2.0025207207241866 13.319735812888016 0
    endloop
  endfacet
  facet normal -0.773010453362738 -0.6343932841636443 0
    outer loop
      vertex 2.4731770467020966 12.878918058771676 0
      vertex 2.6097358128880184 12.712520720724186 2.4
      vertex 2.4731770467020966 12.878918058771676 2.4
    endloop
  endfacet
  facet normal -0.8128466845916139 -0.5824776968678042 2.1612254328668338e-18
    outer loop
      vertex 2.735119289669223 12.537548281517982 2.4
      vertex 2.6097358128880184 12.712520720724186 2.4
      vertex 2.6097358128880184 12.712520720724186 0
    endloop
  endfacet
  facet normal -0.8492021815265806 -0.5280678506503655 2.9419500608890174e-19
    outer loop
      vertex 2.848790565748911 12.35475 2.4
      vertex 2.735119289669223 12.537548281517982 2.4
      vertex 2.735119289669223 12.537548281517982 0
    endloop
  endfacet
  facet normal -0.7298640726978323 -0.6835923020228749 -2.523251503466698e-18
    outer loop
      vertex 2.4731770467020966 12.878918058771676 2.4
      vertex 2.3260277567131484 13.036027756713146 2.4
      vertex 2.3260277567131484 13.036027756713146 0
    endloop
  endfacet
  facet normal -0.5280678506503702 -0.8492021815265774 2.33230460164236e-18
    outer loop
      vertex 1.6447500000000002 13.558790565748911 0
      vertex 1.8275482815179815 13.445119289669222 0
      vertex 1.8275482815179815 13.445119289669222 2.4
    endloop
  endfacet
  facet normal -0.47139673682599315 -0.8819212643483574 2.0457604561746808e-19
    outer loop
      vertex 1.4549086464754049 13.660262883271777 0
      vertex 1.6447500000000002 13.558790565748911 0
      vertex 1.6447500000000002 13.558790565748911 2.4
    endloop
  endfacet
  facet normal -0.5280678506503702 -0.8492021815265774 2.33230460164236e-18
    outer loop
      vertex 1.8275482815179815 13.445119289669222 2.4
      vertex 1.6447500000000002 13.558790565748911 2.4
      vertex 1.6447500000000002 13.558790565748911 0
    endloop
  endfacet
  facet normal -0.5824776968678061 -0.8128466845916122 0
    outer loop
      vertex 1.8275482815179815 13.445119289669222 0
      vertex 2.0025207207241866 13.319735812888016 2.4
      vertex 1.8275482815179815 13.445119289669222 2.4
    endloop
  endfacet
endsolid OpenSCAD_Model
