solid OpenSCAD_Model
  facet normal -0.6954426251600162 -0.7185816273121274 0
    outer loop
      vertex -12.40972401201725 5.740275986492634 0
      vertex -11.997044898569584 5.340885527431965 0
      vertex -12.40972401201725 5.740275986492634 2.4
    endloop
  endfacet
  facet normal 0 0 -1
    outer loop
      vertex -11.571519054472446 4.955211378633976 0
      vertex -10.348944291472435 4.662993215024471 0
      vertex -11.133602134883404 4.583666540682316 0
    endloop
  endfacet
  facet normal -0.6216605759719883 -0.7832867471636269 2.408266924998881e-18
    outer loop
      vertex -11.133602134883404 4.583666540682316 0
      vertex -10.943000003695488 4.432393930639016 0
      vertex -10.943000003695488 4.432393930639016 2.4
    endloop
  endfacet
  facet normal -0.6469561538385671 -0.7625272028002729 0
    outer loop
      vertex -11.571519054472446 4.955211378633976 0
      vertex -11.133602134883404 4.583666540682316 0
      vertex -11.571519054472446 4.955211378633976 2.4
    endloop
  endfacet
  facet normal -0.6715589592980616 -0.7409511213207686 0
    outer loop
      vertex -11.571519054472446 4.955211378633976 0
      vertex -11.997044898569584 5.340885527431965 2.4
      vertex -11.997044898569584 5.340885527431965 0
    endloop
  endfacet
  facet normal -0.6954426251600162 -0.7185816273121274 0
    outer loop
      vertex -11.997044898569584 5.340885527431965 0
      vertex -11.997044898569584 5.340885527431965 2.4
      vertex -12.40972401201725 5.740275986492634 2.4
    endloop
  endfacet
  facet normal -0.6715589592980616 -0.7409511213207686 0
    outer loop
      vertex -11.571519054472446 4.955211378633976 0
      vertex -11.571519054472446 4.955211378633976 2.4
      vertex -11.997044898569584 5.340885527431965 2.4
    endloop
  endfacet
  facet normal -0.6469561538385671 -0.7625272028002729 0
    outer loop
      vertex -11.133602134883404 4.583666540682316 0
      vertex -11.133602134883404 4.583666540682316 2.4
      vertex -11.571519054472446 4.955211378633976 2.4
    endloop
  endfacet
  facet normal -0.6216605759719883 -0.7832867471636269 0
    outer loop
      vertex -11.133602134883404 4.583666540682316 0
      vertex -10.943000003695488 4.432393930639016 2.4
      vertex -11.133602134883404 4.583666540682316 2.4
    endloop
  endfacet
  facet normal 0 0 -1
    outer loop
      vertex -10.67567493323257 4.220650296607569 0
      vertex -10.683763079345226 4.22664887458086 0
      vertex -10.943000003695488 4.432393930639016 0
    endloop
  endfacet
  facet normal 0 0 -1
    outer loop
      vertex -11.133602134883404 4.583666540682316 0
      vertex -10.67567493323257 4.220650296607569 0
      vertex -10.943000003695488 4.432393930639016 0
    endloop
  endfacet
  facet normal 0 0 -1
    outer loop
      vertex -11.133602134883404 4.583666540682316 0
      vertex -10.348944291472435 4.662993215024471 0
      vertex -10.67567493323257 4.220650296607569 0
    endloop
  endfacet
  facet normal 0 0 1
    outer loop
      vertex -11.133602134883404 4.583666540682316 2.4
      vertex -10.943000003695488 4.432393930639016 2.4
      vertex -10.943000003695488 5 2.4
    endloop
  endfacet
  facet normal 0 0 1
    outer loop
      vertex -11.571519054472446 4.955211378633976 2.4
      vertex -11.133602134883404 4.583666540682316 2.4
      vertex -10.943000003695488 5 2.4
    endloop
  endfacet
  facet normal 0 0 1
    outer loop
      vertex -11.571519054472446 4.955211378633976 2.4
      vertex -10.943000003695488 5 2.4
      vertex -11.997044898569584 5.340885527431965 2.4
    endloop
  endfacet
  facet normal -0.7625272028002729 -0.6469561538385671 0
    outer loop
      vertex -13.194788619875908 6.578480944037437 0
      vertex -13.566333457827568 7.01639786362648 2.4
      vertex -13.566333457827568 7.01639786362648 0
    endloop
  endfacet
  facet normal -0.7625272028002729 -0.6469561538385671 0
    outer loop
      vertex -13.194788619875908 6.578480944037437 0
      vertex -13.194788619875908 6.578480944037437 2.4
      vertex -13.566333457827568 7.01639786362648 2.4
    endloop
  endfacet
  facet normal -0.7832867471636266 -0.621660575971989 0
    outer loop
      vertex -13.566333457827568 7.01639786362648 0
      vertex -13.566333457827568 7.01639786362648 2.4
      vertex -13.923351123929024 7.466236919164658 2.4
    endloop
  endfacet
  facet normal -0.8222682145961002 -0.5691001522271293 0
    outer loop
      vertex -14.265459313988686 7.927516423165798 0
      vertex -14.592291697859764 8.399742409586906 2.4
      vertex -14.592291697859764 8.399742409586906 0
    endloop
  endfacet
  facet normal -0.7832867471636266 -0.621660575971989 0
    outer loop
      vertex -13.566333457827568 7.01639786362648 0
      vertex -13.923351123929024 7.466236919164658 2.4
      vertex -13.923351123929024 7.466236919164658 0
    endloop
  endfacet
  facet normal -0.803207536535209 -0.5956992976771426 0
    outer loop
      vertex -14.265459313988686 7.927516423165798 0
      vertex -13.923351123929024 7.466236919164658 0
      vertex -14.265459313988686 7.927516423165798 2.4
    endloop
  endfacet
  facet normal -0.8222682145961002 -0.5691001522271293 0
    outer loop
      vertex -14.265459313988686 7.927516423165798 0
      vertex -14.265459313988686 7.927516423165798 2.4
      vertex -14.592291697859764 8.399742409586906 2.4
    endloop
  endfacet
  facet normal -0.8404484048042986 -0.5418915748209321 0
    outer loop
      vertex -14.592291697859764 8.399742409586906 0
      vertex -14.592291697859764 8.399742409586906 2.4
      vertex -14.903498284518719 8.88240922242403 2.4
    endloop
  endfacet
  facet normal -0.803207536535209 -0.5956992976771426 0
    outer loop
      vertex -13.923351123929024 7.466236919164658 0
      vertex -13.923351123929024 7.466236919164658 2.4
      vertex -14.265459313988686 7.927516423165798 2.4
    endloop
  endfacet
  facet normal -0.8740903446713278 -0.4857633882378945 0
    outer loop
      vertex -15.477718189358711 9.876987271010876 0
      vertex -15.198745839297771 9.375 0
      vertex -15.477718189358711 9.876987271010876 2.4
    endloop
  endfacet
  facet normal -0.8895160754381756 -0.4569038755986491 0
    outer loop
      vertex -15.477718189358711 9.876987271010876 0
      vertex -15.740116611123085 10.38783348351717 2.4
      vertex -15.740116611123085 10.38783348351717 0
    endloop
  endfacet
  facet normal -0.9039892904866635 -0.42755509900528443 0
    outer loop
      vertex -15.740116611123085 10.38783348351717 0
      vertex -15.985660128295422 10.906991623342037 2.4
      vertex -15.985660128295422 10.906991623342037 0
    endloop
  endfacet
  facet normal -0.9174944993429193 -0.3977484678480685 0
    outer loop
      vertex -15.985660128295422 10.906991623342037 0
      vertex -16.214085794985294 11.433905765414238 2.4
      vertex -16.214085794985294 11.433905765414238 0
    endloop
  endfacet
  facet normal -0.8895160754381756 -0.4569038755986491 0
    outer loop
      vertex -15.477718189358711 9.876987271010876 0
      vertex -15.477718189358711 9.876987271010876 2.4
      vertex -15.740116611123085 10.38783348351717 2.4
    endloop
  endfacet
  facet normal -0.9039892904866635 -0.42755509900528443 0
    outer loop
      vertex -15.740116611123085 10.38783348351717 0
      vertex -15.740116611123085 10.38783348351717 2.4
      vertex -15.985660128295422 10.906991623342037 2.4
    endloop
  endfacet
  facet normal -0.9174944993429193 -0.3977484678480685 0
    outer loop
      vertex -15.985660128295422 10.906991623342037 0
      vertex -15.985660128295422 10.906991623342037 2.4
      vertex -16.214085794985294 11.433905765414238 2.4
    endloop
  endfacet
  facet normal -0.8577286061952484 -0.51410275054152 0
    outer loop
      vertex -14.903498284518719 8.88240922242403 0
      vertex -15.198745839297771 9.375 2.4
      vertex -15.198745839297771 9.375 0
    endloop
  endfacet
  facet normal -0.8404484048042986 -0.5418915748209321 0
    outer loop
      vertex -14.592291697859764 8.399742409586906 0
      vertex -14.903498284518719 8.88240922242403 2.4
      vertex -14.903498284518719 8.88240922242403 0
    endloop
  endfacet
  facet normal -0.8577286061952484 -0.51410275054152 0
    outer loop
      vertex -14.903498284518719 8.88240922242403 0
      vertex -14.903498284518719 8.88240922242403 2.4
      vertex -15.198745839297771 9.375 2.4
    endloop
  endfacet
  facet normal -0.8740903446713278 -0.4857633882378945 0
    outer loop
      vertex -15.198745839297771 9.375 0
      vertex -15.198745839297771 9.375 2.4
      vertex -15.477718189358711 9.876987271010876 2.4
    endloop
  endfacet
  facet normal -0.7185816208289015 -0.6954426318589539 0
    outer loop
      vertex -12.40972401201725 5.740275986492634 0
      vertex -12.8091144785285 6.1529550999403 2.4
      vertex -12.8091144785285 6.1529550999403 0
    endloop
  endfacet
  facet normal -0.7409511277762323 -0.6715589521755551 0
    outer loop
      vertex -13.194788619875908 6.578480944037437 0
      vertex -12.8091144785285 6.1529550999403 0
      vertex -13.194788619875908 6.578480944037437 2.4
    endloop
  endfacet
  facet normal -0.7409511277762323 -0.6715589521755551 0
    outer loop
      vertex -13.194788619875908 6.578480944037437 2.4
      vertex -12.8091144785285 6.1529550999403 0
      vertex -12.8091144785285 6.1529550999403 2.4
    endloop
  endfacet
  facet normal -0.7185816208289015 -0.6954426318589539 0
    outer loop
      vertex -12.40972401201725 5.740275986492634 0
      vertex -12.40972401201725 5.740275986492634 2.4
      vertex -12.8091144785285 6.1529550999403 2.4
    endloop
  endfacet
  facet normal 0 0 -1
    outer loop
      vertex -15.985660128295422 10.906991623342037 0
      vertex -16.214085794985294 11.433905765414238 0
      vertex -3.2199521494891816 11.60604785051082 0
    endloop
  endfacet
  facet normal 0 0 -1
    outer loop
      vertex -15.740116611123085 10.38783348351717 0
      vertex -15.985660128295422 10.906991623342037 0
      vertex -2.5299001701013624 11.0397368264579 0
    endloop
  endfacet
  facet normal 0 0 -1
    outer loop
      vertex -15.477718189358711 9.876987271010876 0
      vertex -15.740116611123085 10.38783348351717 0
      vertex -1.463738893151007 10.513964269318137 0
    endloop
  endfacet
  facet normal 0 0 1
    outer loop
      vertex -15.477718189358711 9.876987271010876 2.4
      vertex -1.7426255459609095 10.618929772803355 2.4
      vertex -15.740116611123085 10.38783348351717 2.4
    endloop
  endfacet
  facet normal 0 0 1
    outer loop
      vertex -15.985660128295422 10.906991623342037 2.4
      vertex -3.42365293131702 11.823536961778817 2.4
      vertex -16.214085794985294 11.433905765414238 2.4
    endloop
  endfacet
  facet normal 0 0 1
    outer loop
      vertex -15.740116611123085 10.38783348351717 2.4
      vertex -2.7721169192770114 11.213306894315803 2.4
      vertex -15.985660128295422 10.906991623342037 2.4
    endloop
  endfacet
  facet normal 0 0 -1
    outer loop
      vertex -7.518907733261585 2.903163395822048 0
      vertex 7.518907733261585 2.903163395822048 0
      vertex -7.016019508242607 2.665314979851246 0
    endloop
  endfacet
  facet normal 0 0 -1
    outer loop
      vertex -3.316535472869873 1.4766502305865288 0
      vertex -3.8602964729070663 1.5940913558006287 0
      vertex 3.8602964729070663 1.5940913558006287 0
    endloop
  endfacet
  facet normal 0 0 -1
    outer loop
      vertex -3.316535472869873 1.4766502305865288 0
      vertex 3.316535472869873 1.4766502305865288 0
      vertex -2.7692230492830276 1.3770633563399315 0
    endloop
  endfacet
  facet normal 0 0 -1
    outer loop
      vertex -2.218945264816284 1.2954373583197594 0
      vertex 2.218945264816284 1.2954373583197594 0
      vertex -1.6662913858890533 1.2318596467375755 0
    endloop
  endfacet
  facet normal 0 0 -1
    outer loop
      vertex -2.7692230492830276 1.3770633563399315 0
      vertex 3.316535472869873 1.4766502305865288 0
      vertex -2.218945264816284 1.2954373583197594 0
    endloop
  endfacet
  facet normal 0 0 -1
    outer loop
      vertex -1.1118531972169876 1.1863983049988747 0
      vertex 1.6662913858890533 1.2318596467375755 0
      vertex -0.5562244057655334 1.159102015197277 0
    endloop
  endfacet
  facet normal 0 0 -1
    outer loop
      vertex -1.6662913858890533 1.2318596467375755 0
      vertex 2.218945264816284 1.2954373583197594 0
      vertex -1.1118531972169876 1.1863983049988747 0
    endloop
  endfacet
  facet normal 0 0 -1
    outer loop
      vertex -5.988250814378262 2.2395992428064346 0
      vertex 5.988250814378262 2.2395992428064346 0
      vertex -5.464470908045769 2.0521878004074097 0
    endloop
  endfacet
  facet normal 0 0 -1
    outer loop
      vertex -4.934839516878128 1.8820142894983292 0
      vertex 4.934839516878128 1.8820142894983292 0
      vertex -4.399923764169216 1.7292609512805939 0
    endloop
  endfacet
  facet normal 0 0 -1
    outer loop
      vertex -4.399923764169216 1.7292609512805939 0
      vertex 4.934839516878128 1.8820142894983292 0
      vertex -3.8602964729070663 1.5940913558006287 0
    endloop
  endfacet
  facet normal 0 0 -1
    outer loop
      vertex -5.464470908045769 2.0521878004074097 0
      vertex 5.464470908045769 2.0521878004074097 0
      vertex -4.934839516878128 1.8820142894983292 0
    endloop
  endfacet
  facet normal 0 0 -1
    outer loop
      vertex -5.988250814378262 2.2395992428064346 0
      vertex -6.5056183487176895 2.444047950208187 0
      vertex 6.5056183487176895 2.444047950208187 0
    endloop
  endfacet
  facet normal 0 0 -1
    outer loop
      vertex -7.016019508242607 2.665314979851246 0
      vertex 7.016019508242607 2.665314979851246 0
      vertex -6.5056183487176895 2.444047950208187 0
    endloop
  endfacet
  facet normal 0 0 1
    outer loop
      vertex -3.316535472869873 1.4766502305865288 2.4
      vertex -2.7692230492830276 1.3770633563399315 2.4
      vertex 4.399923764169216 1.7292609512805939 2.4
    endloop
  endfacet
  facet normal 0 0 1
    outer loop
      vertex -2.7692230492830276 1.3770633563399315 2.4
      vertex -2.218945264816284 1.2954373583197594 2.4
      vertex 3.8602964729070663 1.5940913558006287 2.4
    endloop
  endfacet
  facet normal 0 0 1
    outer loop
      vertex -2.218945264816284 1.2954373583197594 2.4
      vertex -1.6662913858890533 1.2318596467375755 2.4
      vertex 3.316535472869873 1.4766502305865288 2.4
    endloop
  endfacet
  facet normal 0 0 1
    outer loop
      vertex -1.6662913858890533 1.2318596467375755 2.4
      vertex -1.1118531972169876 1.1863983049988747 2.4
      vertex 2.7692230492830276 1.3770633563399315 2.4
    endloop
  endfacet
  facet normal 0 0 1
    outer loop
      vertex -4.934839516878128 1.8820142894983292 2.4
      vertex -4.399923764169216 1.7292609512805939 2.4
      vertex 5.988250814378262 2.2395992428064346 2.4
    endloop
  endfacet
  facet normal 0 0 1
    outer loop
      vertex -5.464470908045769 2.0521878004074097 2.4
      vertex -4.934839516878128 1.8820142894983292 2.4
      vertex 6.5056183487176895 2.444047950208187 2.4
    endloop
  endfacet
  facet normal 0 0 1
    outer loop
      vertex -5.988250814378262 2.2395992428064346 2.4
      vertex 7.016019508242607 2.665314979851246 2.4
      vertex -6.5056183487176895 2.444047950208187 2.4
    endloop
  endfacet
  facet normal 0 0 1
    outer loop
      vertex -7.016019508242607 2.665314979851246 2.4
      vertex -6.5056183487176895 2.444047950208187 2.4
      vertex 8.0137445256114 3.157338507473469 2.4
    endloop
  endfacet
  facet normal 0 0 1
    outer loop
      vertex -5.988250814378262 2.2395992428064346 2.4
      vertex -5.464470908045769 2.0521878004074097 2.4
      vertex 7.016019508242607 2.665314979851246 2.4
    endloop
  endfacet
  facet normal 0 0 1
    outer loop
      vertex -4.399923764169216 1.7292609512805939 2.4
      vertex -3.8602964729070663 1.5940913558006287 2.4
      vertex 5.464470908045769 2.0521878004074097 2.4
    endloop
  endfacet
  facet normal 0 0 1
    outer loop
      vertex -3.316535472869873 1.4766502305865288 2.4
      vertex 4.934839516878128 1.8820142894983292 2.4
      vertex -3.8602964729070663 1.5940913558006287 2.4
    endloop
  endfacet
  facet normal 0 0 -1
    outer loop
      vertex -8.977153457701206 3.7135629132390022 0
      vertex 8.977153457701206 3.7135629132390022 0
      vertex -8.5 3.4275681376457214 0
    endloop
  endfacet
  facet normal 0 0 -1
    outer loop
      vertex -7.518907733261585 2.903163395822048 0
      vertex -8.0137445256114 3.157338507473469 0
      vertex 8.0137445256114 3.157338507473469 0
    endloop
  endfacet
  facet normal 0 0 -1
    outer loop
      vertex -8.5 3.4275681376457214 0
      vertex 8.5 3.4275681376457214 0
      vertex -8.0137445256114 3.157338507473469 0
    endloop
  endfacet
  facet normal 0 0 -1
    outer loop
      vertex -9.444693960249424 4.015016593039036 0
      vertex 9.444693960249424 4.015016593039036 0
      vertex -8.977153457701206 3.7135629132390022 0
    endloop
  endfacet
  facet normal 0 0 -1
    outer loop
      vertex -9.902120843529701 4.331606358289719 0
      vertex 9.902120843529701 4.331606358289719 0
      vertex -9.444693960249424 4.015016593039036 0
    endloop
  endfacet
  facet normal 0 0 -1
    outer loop
      vertex -11.571519054472446 4.955211378633976 0
      vertex 11.997044898569584 5.340885527431965 0
      vertex -10.348944291472435 4.662993215024471 0
    endloop
  endfacet
  facet normal 0 0 -1
    outer loop
      vertex -12.40972401201725 5.740275986492634 0
      vertex 12.8091144785285 6.1529550999403 0
      vertex -11.997044898569584 5.340885527431965 0
    endloop
  endfacet
  facet normal 0 0 -1
    outer loop
      vertex -11.571519054472446 4.955211378633976 0
      vertex -11.997044898569584 5.340885527431965 0
      vertex 12.40972401201725 5.740275986492634 0
    endloop
  endfacet
  facet normal 0 0 -1
    outer loop
      vertex -9.902120843529701 4.331606358289719 0
      vertex -10.348944291472435 4.662993215024471 0
      vertex 11.571519054472446 4.955211378633976 0
    endloop
  endfacet
  facet normal 0 0 1
    outer loop
      vertex -8.5 3.4275681376457214 2.4
      vertex -8.0137445256114 3.157338507473469 2.4
      vertex 9.444693960249424 4.015016593039036 2.4
    endloop
  endfacet
  facet normal 0 0 1
    outer loop
      vertex -8.977153457701206 3.7135629132390022 2.4
      vertex -8.5 3.4275681376457214 2.4
      vertex 9.902120843529701 4.331606358289719 2.4
    endloop
  endfacet
  facet normal 0 0 1
    outer loop
      vertex -9.444693960249424 4.015016593039036 2.4
      vertex -8.977153457701206 3.7135629132390022 2.4
      vertex 10.348944291472435 4.662993215024471 2.4
    endloop
  endfacet
  facet normal 0 0 1
    outer loop
      vertex -12.40972401201725 5.740275986492634 2.4
      vertex -11.997044898569584 5.340885527431965 2.4
      vertex 12.8091144785285 6.1529550999403 2.4
    endloop
  endfacet
  facet normal 0 0 1
    outer loop
      vertex -11.997044898569584 5.340885527431965 2.4
      vertex -10.943000003695488 5 2.4
      vertex 12.40972401201725 5.740275986492634 2.4
    endloop
  endfacet
  facet normal 0 0 1
    outer loop
      vertex -9.902120843529701 4.331606358289719 2.4
      vertex -9.444693960249424 4.015016593039036 2.4
      vertex 10.773569822311401 5 2.4
    endloop
  endfacet
  facet normal 0 0 1
    outer loop
      vertex -9.902120843529701 4.331606358289719 2.4
      vertex 11.997044898569584 5.340885527431965 2.4
      vertex -10.348944291472435 4.662993215024471 2.4
    endloop
  endfacet
  facet normal 0 0 1
    outer loop
      vertex -10.943000003695488 5 2.4
      vertex -10.773569822311401 5 2.4
      vertex 12.40972401201725 5.740275986492634 2.4
    endloop
  endfacet
  facet normal 0 0 1
    outer loop
      vertex -10.773569822311401 5 2.4
      vertex -10.348944291472435 4.662993215024471 2.4
      vertex 12.40972401201725 5.740275986492634 2.4
    endloop
  endfacet
  facet normal 0 0 1
    outer loop
      vertex -7.518907733261585 2.903163395822048 2.4
      vertex -7.016019508242607 2.665314979851246 2.4
      vertex 8.5 3.4275681376457214 2.4
    endloop
  endfacet
  facet normal 0 0 1
    outer loop
      vertex -7.518907733261585 2.903163395822048 2.4
      vertex 8.977153457701206 3.7135629132390022 2.4
      vertex -8.0137445256114 3.157338507473469 2.4
    endloop
  endfacet
  facet normal 0 0 -1
    outer loop
      vertex -13.566333457827568 7.01639786362648 0
      vertex -13.923351123929024 7.466236919164658 0
      vertex 14.265459313988686 7.927516423165798 0
    endloop
  endfacet
  facet normal 0 0 -1
    outer loop
      vertex -14.265459313988686 7.927516423165798 0
      vertex 14.592291697859764 8.399742409586906 0
      vertex -13.923351123929024 7.466236919164658 0
    endloop
  endfacet
  facet normal 0 0 -1
    outer loop
      vertex -14.265459313988686 7.927516423165798 0
      vertex -14.592291697859764 8.399742409586906 0
      vertex 14.903498284518719 8.88240922242403 0
    endloop
  endfacet
  facet normal 0 0 1
    outer loop
      vertex -13.566333457827568 7.01639786362648 2.4
      vertex 14.265459313988686 7.927516423165798 2.4
      vertex -13.923351123929024 7.466236919164658 2.4
    endloop
  endfacet
  facet normal 0 0 1
    outer loop
      vertex -14.265459313988686 7.927516423165798 2.4
      vertex -13.923351123929024 7.466236919164658 2.4
      vertex 14.592291697859764 8.399742409586906 2.4
    endloop
  endfacet
  facet normal 0 0 1
    outer loop
      vertex -14.265459313988686 7.927516423165798 2.4
      vertex 14.903498284518719 8.88240922242403 2.4
      vertex -14.592291697859764 8.399742409586906 2.4
    endloop
  endfacet
  facet normal 0 0 -1
    outer loop
      vertex -15.740116611123085 10.38783348351717 0
      vertex -2.27685 10.882380118786802 0
      vertex -2.0140500086502664 10.741910596882597 0
    endloop
  endfacet
  facet normal 0 0 -1
    outer loop
      vertex -15.985660128295422 10.906991623342037 0
      vertex -3.0024630382211837 11.40234706868298 0
      vertex -2.7721169192770114 11.213306894315803 0
    endloop
  endfacet
  facet normal 0 0 -1
    outer loop
      vertex -15.985660128295422 10.906991623342037 0
      vertex -3.2199521494891816 11.60604785051082 0
      vertex -3.0024630382211837 11.40234706868298 0
    endloop
  endfacet
  facet normal 0 0 -1
    outer loop
      vertex -15.985660128295422 10.906991623342037 0
      vertex -2.7721169192770114 11.213306894315803 0
      vertex -2.5299001701013624 11.0397368264579 0
    endloop
  endfacet
  facet normal 0 0 -1
    outer loop
      vertex -15.740116611123085 10.38783348351717 0
      vertex -2.5299001701013624 11.0397368264579 0
      vertex -2.27685 10.882380118786802 0
    endloop
  endfacet
  facet normal 0 0 -1
    outer loop
      vertex -14.592291697859764 8.399742409586906 0
      vertex -14.903498284518719 8.88240922242403 0
      vertex 15.198745839297771 9.375 0
    endloop
  endfacet
  facet normal 0 0 -1
    outer loop
      vertex -15.477718189358711 9.876987271010876 0
      vertex 15.740116611123085 10.38783348351717 0
      vertex -15.198745839297771 9.375 0
    endloop
  endfacet
  facet normal 0 0 -1
    outer loop
      vertex -14.903498284518719 8.88240922242403 0
      vertex -15.198745839297771 9.375 0
      vertex 15.477718189358711 9.876987271010876 0
    endloop
  endfacet
  facet normal 0 0 -1
    outer loop
      vertex -15.477718189358711 9.876987271010876 0
      vertex -1.463738893151007 10.513964269318137 0
      vertex -1.1785842856833486 10.42746356482747 0
    endloop
  endfacet
  facet normal 0 0 -1
    outer loop
      vertex -15.740116611123085 10.38783348351717 0
      vertex -1.7426255459609095 10.618929772803355 0
      vertex -1.463738893151007 10.513964269318137 0
    endloop
  endfacet
  facet normal 0 0 -1
    outer loop
      vertex -15.740116611123085 10.38783348351717 0
      vertex -2.0140500086502664 10.741910596882597 0
      vertex -1.7426255459609095 10.618929772803355 0
    endloop
  endfacet
  facet normal 0 0 -1
    outer loop
      vertex -15.477718189358711 9.876987271010876 0
      vertex -1.1785842856833486 10.42746356482747 0
      vertex -0.8883827993648432 10.35979806862781 0
    endloop
  endfacet
  facet normal 0 0 -1
    outer loop
      vertex -15.477718189358711 9.876987271010876 0
      vertex -0.8883827993648432 10.35979806862781 0
      vertex -0.5943771215124488 10.311257534762081 0
    endloop
  endfacet
  facet normal 0 0 -1
    outer loop
      vertex -15.477718189358711 9.876987271010876 0
      vertex -0.5943771215124488 10.311257534762081 0
      vertex -0.29782622957530247 10.282049821248371 0
    endloop
  endfacet
  facet normal 0 0 -1
    outer loop
      vertex -15.477718189358711 9.876987271010876 0
      vertex -0.29782622957530247 10.282049821248371 0
      vertex 0 10.272300000000001 0
    endloop
  endfacet
  facet normal 0 0 1
    outer loop
      vertex -15.740116611123085 10.38783348351717 2.4
      vertex -2.0140500086502664 10.741910596882597 2.4
      vertex -2.27685 10.882380118786802 2.4
    endloop
  endfacet
  facet normal 0 0 1
    outer loop
      vertex -15.985660128295422 10.906991623342037 2.4
      vertex -3.2199521494891816 11.60604785051082 2.4
      vertex -3.42365293131702 11.823536961778817 2.4
    endloop
  endfacet
  facet normal 0 0 1
    outer loop
      vertex -15.985660128295422 10.906991623342037 2.4
      vertex -2.7721169192770114 11.213306894315803 2.4
      vertex -3.0024630382211837 11.40234706868298 2.4
    endloop
  endfacet
  facet normal 0 0 1
    outer loop
      vertex -15.985660128295422 10.906991623342037 2.4
      vertex -3.0024630382211837 11.40234706868298 2.4
      vertex -3.2199521494891816 11.60604785051082 2.4
    endloop
  endfacet
  facet normal 0 0 1
    outer loop
      vertex -15.740116611123085 10.38783348351717 2.4
      vertex -2.5299001701013624 11.0397368264579 2.4
      vertex -2.7721169192770114 11.213306894315803 2.4
    endloop
  endfacet
  facet normal 0 0 1
    outer loop
      vertex -15.740116611123085 10.38783348351717 2.4
      vertex -2.27685 10.882380118786802 2.4
      vertex -2.5299001701013624 11.0397368264579 2.4
    endloop
  endfacet
  facet normal 0 0 1
    outer loop
      vertex -14.592291697859764 8.399742409586906 2.4
      vertex 15.198745839297771 9.375 2.4
      vertex -14.903498284518719 8.88240922242403 2.4
    endloop
  endfacet
  facet normal 0 0 1
    outer loop
      vertex -15.477718189358711 9.876987271010876 2.4
      vertex -15.198745839297771 9.375 2.4
      vertex 15.740116611123085 10.38783348351717 2.4
    endloop
  endfacet
  facet normal 0 0 1
    outer loop
      vertex -14.903498284518719 8.88240922242403 2.4
      vertex 15.477718189358711 9.876987271010876 2.4
      vertex -15.198745839297771 9.375 2.4
    endloop
  endfacet
  facet normal 0 0 1
    outer loop
      vertex -15.477718189358711 9.876987271010876 2.4
      vertex -1.463738893151007 10.513964269318137 2.4
      vertex -1.7426255459609095 10.618929772803355 2.4
    endloop
  endfacet
  facet normal 0 0 1
    outer loop
      vertex -15.477718189358711 9.876987271010876 2.4
      vertex -1.1785842856833486 10.42746356482747 2.4
      vertex -1.463738893151007 10.513964269318137 2.4
    endloop
  endfacet
  facet normal 0 0 1
    outer loop
      vertex -15.740116611123085 10.38783348351717 2.4
      vertex -1.7426255459609095 10.618929772803355 2.4
      vertex -2.0140500086502664 10.741910596882597 2.4
    endloop
  endfacet
  facet normal 0 0 1
    outer loop
      vertex -15.477718189358711 9.876987271010876 2.4
      vertex -0.8883827993648432 10.35979806862781 2.4
      vertex -1.1785842856833486 10.42746356482747 2.4
    endloop
  endfacet
  facet normal 0 0 1
    outer loop
      vertex -15.477718189358711 9.876987271010876 2.4
      vertex -0.5943771215124488 10.311257534762081 2.4
      vertex -0.8883827993648432 10.35979806862781 2.4
    endloop
  endfacet
  facet normal 0 0 1
    outer loop
      vertex -15.477718189358711 9.876987271010876 2.4
      vertex -0.29782622957530247 10.282049821248371 2.4
      vertex -0.5943771215124488 10.311257534762081 2.4
    endloop
  endfacet
  facet normal 0 0 1
    outer loop
      vertex -15.477718189358711 9.876987271010876 2.4
      vertex 0 10.272300000000001 2.4
      vertex -0.29782622957530247 10.282049821248371 2.4
    endloop
  endfacet
  facet normal 0 0 -1
    outer loop
      vertex -12.40972401201725 5.740275986492634 0
      vertex -12.8091144785285 6.1529550999403 0
      vertex 13.194788619875908 6.578480944037437 0
    endloop
  endfacet
  facet normal 0 0 -1
    outer loop
      vertex -13.194788619875908 6.578480944037437 0
      vertex 13.566333457827568 7.01639786362648 0
      vertex -12.8091144785285 6.1529550999403 0
    endloop
  endfacet
  facet normal 0 0 -1
    outer loop
      vertex -13.194788619875908 6.578480944037437 0
      vertex -13.566333457827568 7.01639786362648 0
      vertex 13.923351123929024 7.466236919164658 0
    endloop
  endfacet
  facet normal 0 0 1
    outer loop
      vertex -12.40972401201725 5.740275986492634 2.4
      vertex 13.194788619875908 6.578480944037437 2.4
      vertex -12.8091144785285 6.1529550999403 2.4
    endloop
  endfacet
  facet normal 0 0 1
    outer loop
      vertex -13.194788619875908 6.578480944037437 2.4
      vertex -12.8091144785285 6.1529550999403 2.4
      vertex 13.566333457827568 7.01639786362648 2.4
    endloop
  endfacet
  facet normal 0 0 1
    outer loop
      vertex -13.194788619875908 6.578480944037437 2.4
      vertex 13.923351123929024 7.466236919164658 2.4
      vertex -13.566333457827568 7.01639786362648 2.4
    endloop
  endfacet
  facet normal -0.941544066634323 -0.3368898493361019 0
    outer loop
      vertex -16.61862377077341 12.50873738527298 0
      vertex -16.425149016082287 11.968011662364006 0
      vertex -16.61862377077341 12.50873738527298 2.4
    endloop
  endfacet
  facet normal -0.9300172224372913 -0.3675159397495922 0
    outer loop
      vertex -16.214085794985294 11.433905765414238 0
      vertex -16.425149016082287 11.968011662364006 2.4
      vertex -16.425149016082287 11.968011662364006 0
    endloop
  endfacet
  facet normal -0.941544066634323 -0.3368898493361019 0
    outer loop
      vertex -16.425149016082287 11.968011662364006 0
      vertex -16.425149016082287 11.968011662364006 2.4
      vertex -16.61862377077341 12.50873738527298 2.4
    endloop
  endfacet
  facet normal -0.9520626744291515 -0.305903030319759 0
    outer loop
      vertex -16.61862377077341 12.50873738527298 0
      vertex -16.61862377077341 12.50873738527298 2.4
      vertex -16.79430289566517 13.05550391227007 2.4
    endloop
  endfacet
  facet normal -0.9300172224372913 -0.3675159397495922 0
    outer loop
      vertex -16.214085794985294 11.433905765414238 0
      vertex -16.214085794985294 11.433905765414238 2.4
      vertex -16.425149016082287 11.968011662364006 2.4
    endloop
  endfacet
  facet normal -0.9520626744291515 -0.305903030319759 0
    outer loop
      vertex -16.61862377077341 12.50873738527298 0
      vertex -16.79430289566517 13.05550391227007 2.4
      vertex -16.79430289566517 13.05550391227007 0
    endloop
  endfacet
  facet normal -0.9615618012476711 -0.27458860570193766 0
    outer loop
      vertex -16.79430289566517 13.05550391227007 0
      vertex -16.951998248696327 13.607725761830807 2.4
      vertex -16.951998248696327 13.607725761830807 0
    endloop
  endfacet
  facet normal -0.9700312521232816 -0.24298018417998352 0
    outer loop
      vertex -17.0915409848094 14.164811581373215 0
      vertex -16.951998248696327 13.607725761830807 0
      vertex -17.0915409848094 14.164811581373215 2.4
    endloop
  endfacet
  facet normal -0.9615618012476711 -0.27458860570193766 0
    outer loop
      vertex -16.79430289566517 13.05550391227007 0
      vertex -16.79430289566517 13.05550391227007 2.4
      vertex -16.951998248696327 13.607725761830807 2.4
    endloop
  endfacet
  facet normal -0.9700312521232816 -0.24298018417998352 0
    outer loop
      vertex -16.951998248696327 13.607725761830807 0
      vertex -16.951998248696327 13.607725761830807 2.4
      vertex -17.0915409848094 14.164811581373215 2.4
    endloop
  endfacet
  facet normal -0.9774619757179698 -0.21111154877344587 0
    outer loop
      vertex -17.0915409848094 14.164811581373215 0
      vertex -17.21278166770935 14.726164847612381 2.4
      vertex -17.21278166770935 14.726164847612381 0
    endloop
  endfacet
  facet normal -0.9838460047375834 -0.17901686781388795 0
    outer loop
      vertex -17.21278166770935 14.726164847612381 0
      vertex -17.315590478479862 15.291184440255165 2.4
      vertex -17.315590478479862 15.291184440255165 0
    endloop
  endfacet
  facet normal -0.9891765094574628 -0.1467304778754233 0
    outer loop
      vertex -17.315590478479862 15.291184440255165 0
      vertex -17.399857319891453 15.859265327453613 2.4
      vertex -17.399857319891453 15.859265327453613 0
    endloop
  endfacet
  facet normal -0.9774619757179698 -0.21111154877344587 0
    outer loop
      vertex -17.0915409848094 14.164811581373215 0
      vertex -17.0915409848094 14.164811581373215 2.4
      vertex -17.21278166770935 14.726164847612381 2.4
    endloop
  endfacet
  facet normal -0.9838460047375834 -0.17901686781388795 0
    outer loop
      vertex -17.21278166770935 14.726164847612381 0
      vertex -17.21278166770935 14.726164847612381 2.4
      vertex -17.315590478479862 15.291184440255165 2.4
    endloop
  endfacet
  facet normal -0.9891765094574628 -0.1467304778754233 0
    outer loop
      vertex -17.315590478479862 15.291184440255165 0
      vertex -17.315590478479862 15.291184440255165 2.4
      vertex -17.399857319891453 15.859265327453613 2.4
    endloop
  endfacet
  facet normal -0.9934477799909898 -0.11428695652161623 0
    outer loop
      vertex -17.399857319891453 15.859265327453613 0
      vertex -17.465491950511932 16.429799184203148 2.4
      vertex -17.465491950511932 16.429799184203148 0
    endloop
  endfacet
  facet normal -0.9966552388623053 -0.08172107958367356 0
    outer loop
      vertex -17.465491950511932 16.429799184203148 0
      vertex -17.51242410391569 17.002175085246563 2.4
      vertex -17.51242410391569 17.002175085246563 0
    endloop
  endfacet
  facet normal -0.9934477799909898 -0.11428695652161623 0
    outer loop
      vertex -17.399857319891453 15.859265327453613 0
      vertex -17.399857319891453 15.859265327453613 2.4
      vertex -17.465491950511932 16.429799184203148 2.4
    endloop
  endfacet
  facet normal -0.9966552388623053 -0.08172107958367356 0
    outer loop
      vertex -17.465491950511932 16.429799184203148 0
      vertex -17.465491950511932 16.429799184203148 2.4
      vertex -17.51242410391569 17.002175085246563 2.4
    endloop
  endfacet
  facet normal 0 0 -1
    outer loop
      vertex -16.214085794985294 11.433905765414238 0
      vertex -16.425149016082287 11.968011662364006 0
      vertex -3.6126931056841975 12.05388308072299 0
    endloop
  endfacet
  facet normal 0 0 -1
    outer loop
      vertex -16.61862377077341 12.50873738527298 0
      vertex -3.943619881213198 12.549150000000001 0
      vertex -16.425149016082287 11.968011662364006 0
    endloop
  endfacet
  facet normal 0 0 -1
    outer loop
      vertex -16.79430289566517 13.05550391227007 0
      vertex -16.951998248696327 13.607725761830807 0
      vertex -4.39853643517253 13.64741571431665 0
    endloop
  endfacet
  facet normal 0 0 -1
    outer loop
      vertex -16.61862377077341 12.50873738527298 0
      vertex -16.79430289566517 13.05550391227007 0
      vertex -4.207070227196646 13.083374454039092 0
    endloop
  endfacet
  facet normal 0 0 -1
    outer loop
      vertex -17.0915409848094 14.164811581373215 0
      vertex -4.51474246523792 14.231622878487553 0
      vertex -16.951998248696327 13.607725761830807 0
    endloop
  endfacet
  facet normal 0 0 1
    outer loop
      vertex -16.214085794985294 11.433905765414238 2.4
      vertex -3.7862631735421 12.296099829898639 2.4
      vertex -16.425149016082287 11.968011662364006 2.4
    endloop
  endfacet
  facet normal 0 0 1
    outer loop
      vertex -16.61862377077341 12.50873738527298 2.4
      vertex -16.425149016082287 11.968011662364006 2.4
      vertex -4.084089403117402 12.811949991349735 2.4
    endloop
  endfacet
  facet normal 0 0 1
    outer loop
      vertex -16.79430289566517 13.05550391227007 2.4
      vertex -4.466201931372191 13.937617200635156 2.4
      vertex -16.951998248696327 13.607725761830807 2.4
    endloop
  endfacet
  facet normal 0 0 1
    outer loop
      vertex -16.61862377077341 12.50873738527298 2.4
      vertex -4.312035730681862 13.362261106848994 2.4
      vertex -16.79430289566517 13.05550391227007 2.4
    endloop
  endfacet
  facet normal 0 0 1
    outer loop
      vertex -17.0915409848094 14.164811581373215 2.4
      vertex -16.951998248696327 13.607725761830807 2.4
      vertex -4.543950178751628 14.528173770424697 2.4
    endloop
  endfacet
  facet normal 0 0 -1
    outer loop
      vertex -17.0915409848094 14.164811581373215 0
      vertex -17.21278166770935 14.726164847612381 0
      vertex -4.5537 14.826 0
    endloop
  endfacet
  facet normal 0 0 -1
    outer loop
      vertex -17.21278166770935 14.726164847612381 0
      vertex -17.315590478479862 15.291184440255165 0
      vertex -4.51474246523792 15.420377121512448 0
    endloop
  endfacet
  facet normal 0 0 -1
    outer loop
      vertex -17.315590478479862 15.291184440255165 0
      vertex -17.399857319891453 15.859265327453613 0
      vertex -4.466201931372191 15.714382799364845 0
    endloop
  endfacet
  facet normal 0 0 -1
    outer loop
      vertex -17.399857319891453 15.859265327453613 0
      vertex -17.465491950511932 16.429799184203148 0
      vertex -4.312035730681862 16.289738893151007 0
    endloop
  endfacet
  facet normal 0 0 -1
    outer loop
      vertex -17.465491950511932 16.429799184203148 0
      vertex -17.51242410391569 17.002175085246563 0
      vertex -4.084089403117402 16.840050008650266 0
    endloop
  endfacet
  facet normal 0 0 1
    outer loop
      vertex -17.0915409848094 14.164811581373215 2.4
      vertex -4.543950178751628 15.123826229575304 2.4
      vertex -17.21278166770935 14.726164847612381 2.4
    endloop
  endfacet
  facet normal 0 0 1
    outer loop
      vertex -17.21278166770935 14.726164847612381 2.4
      vertex -4.466201931372191 15.714382799364845 2.4
      vertex -17.315590478479862 15.291184440255165 2.4
    endloop
  endfacet
  facet normal 0 0 1
    outer loop
      vertex -17.315590478479862 15.291184440255165 2.4
      vertex -4.39853643517253 16.00458428568335 2.4
      vertex -17.399857319891453 15.859265327453613 2.4
    endloop
  endfacet
  facet normal 0 0 1
    outer loop
      vertex -17.399857319891453 15.859265327453613 2.4
      vertex -4.312035730681862 16.289738893151007 2.4
      vertex -17.465491950511932 16.429799184203148 2.4
    endloop
  endfacet
  facet normal 0 0 1
    outer loop
      vertex -17.465491950511932 16.429799184203148 2.4
      vertex -3.943619881213198 17.10285 2.4
      vertex -17.51242410391569 17.002175085246563 2.4
    endloop
  endfacet
  facet normal -0.9987954562014241 -0.04906767440371719 0
    outer loop
      vertex -17.51242410391569 17.002175085246563 0
      vertex -17.540603511035442 17.57578009366989 2.4
      vertex -17.540603511035442 17.57578009366989 0
    endloop
  endfacet
  facet normal -0.999866138018579 -0.01636172496443005 0
    outer loop
      vertex -17.540603511035442 17.57578009366989 0
      vertex -17.549999997019768 18.149999998509884 2.4
      vertex -17.549999997019768 18.149999998509884 0
    endloop
  endfacet
  facet normal -0.9987954562014241 -0.04906767440371719 0
    outer loop
      vertex -17.51242410391569 17.002175085246563 0
      vertex -17.51242410391569 17.002175085246563 2.4
      vertex -17.540603511035442 17.57578009366989 2.4
    endloop
  endfacet
  facet normal -0.999866138018579 -0.01636172496443005 0
    outer loop
      vertex -17.540603511035442 17.57578009366989 0
      vertex -17.540603511035442 17.57578009366989 2.4
      vertex -17.549999997019768 18.149999998509884 2.4
    endloop
  endfacet
  facet normal -0.999866138018579 0.01636172496443005 0
    outer loop
      vertex -17.549999997019768 18.149999998509884 0
      vertex -17.549999997019768 18.149999998509884 2.4
      vertex -17.540603511035442 18.724219903349876 2.4
    endloop
  endfacet
  facet normal -0.999866138018579 0.01636172496443005 0
    outer loop
      vertex -17.549999997019768 18.149999998509884 0
      vertex -17.540603511035442 18.724219903349876 2.4
      vertex -17.540603511035442 18.724219903349876 0
    endloop
  endfacet
  facet normal -0.9987954562326592 0.04906767376790951 0
    outer loop
      vertex -17.540603511035442 18.724219903349876 0
      vertex -17.51242410391569 19.297824919223785 2.4
      vertex -17.51242410391569 19.297824919223785 0
    endloop
  endfacet
  facet normal -0.9966552387756646 0.08172108064032751 0
    outer loop
      vertex -17.51242410391569 19.297824919223785 0
      vertex -17.465491950511932 19.87020081281662 2.4
      vertex -17.465491950511932 19.87020081281662 0
    endloop
  endfacet
  facet normal -0.9987954562326592 0.04906767376790951 0
    outer loop
      vertex -17.540603511035442 18.724219903349876 0
      vertex -17.540603511035442 18.724219903349876 2.4
      vertex -17.51242410391569 19.297824919223785 2.4
    endloop
  endfacet
  facet normal -0.9966552387756646 0.08172108064032751 0
    outer loop
      vertex -17.51242410391569 19.297824919223785 0
      vertex -17.51242410391569 19.297824919223785 2.4
      vertex -17.465491950511932 19.87020081281662 2.4
    endloop
  endfacet
  facet normal -0.993447780160442 0.114286955048641 0
    outer loop
      vertex -17.465491950511932 19.87020081281662 0
      vertex -17.399857319891453 20.440734677016735 2.4
      vertex -17.399857319891453 20.440734677016735 0
    endloop
  endfacet
  facet normal -0.9891765091781477 0.14673047975841264 0
    outer loop
      vertex -17.399857319891453 20.440734677016735 0
      vertex -17.315590478479862 21.008815556764603 2.4
      vertex -17.315590478479862 21.008815556764603 0
    endloop
  endfacet
  facet normal -0.993447780160442 0.114286955048641 0
    outer loop
      vertex -17.465491950511932 19.87020081281662 0
      vertex -17.465491950511932 19.87020081281662 2.4
      vertex -17.399857319891453 20.440734677016735 2.4
    endloop
  endfacet
  facet normal -0.9891765091781477 0.14673047975841264 0
    outer loop
      vertex -17.399857319891453 20.440734677016735 0
      vertex -17.399857319891453 20.440734677016735 2.4
      vertex -17.315590478479862 21.008815556764603 2.4
    endloop
  endfacet
  facet normal -0.9838460047375834 0.17901686781388795 0
    outer loop
      vertex -17.315590478479862 21.008815556764603 0
      vertex -17.315590478479862 21.008815556764603 2.4
      vertex -17.21278166770935 21.573835149407387 2.4
    endloop
  endfacet
  facet normal -0.9838460047375834 0.17901686781388795 0
    outer loop
      vertex -17.315590478479862 21.008815556764603 0
      vertex -17.21278166770935 21.573835149407387 2.4
      vertex -17.21278166770935 21.573835149407387 0
    endloop
  endfacet
  facet normal -0.9774619757179698 0.21111154877344587 0
    outer loop
      vertex -17.21278166770935 21.573835149407387 0
      vertex -17.0915409848094 22.135188415646553 2.4
      vertex -17.0915409848094 22.135188415646553 0
    endloop
  endfacet
  facet normal -0.9700312528892228 0.24298018112217476 0
    outer loop
      vertex -17.0915409848094 22.135188415646553 0
      vertex -16.951998248696327 22.69227424263954 2.4
      vertex -16.951998248696327 22.69227424263954 0
    endloop
  endfacet
  facet normal -0.9615618097525768 0.2745885759192273 0
    outer loop
      vertex -16.951998248696327 22.69227424263954 0
      vertex -16.93023082613945 22.76850000023842 2.4
      vertex -16.93023082613945 22.76850000023842 0
    endloop
  endfacet
  facet normal -0.9774619757179698 0.21111154877344587 0
    outer loop
      vertex -17.21278166770935 21.573835149407387 0
      vertex -17.21278166770935 21.573835149407387 2.4
      vertex -17.0915409848094 22.135188415646553 2.4
    endloop
  endfacet
  facet normal -0.9700312528892228 0.24298018112217476 0
    outer loop
      vertex -17.0915409848094 22.135188415646553 0
      vertex -17.0915409848094 22.135188415646553 2.4
      vertex -16.951998248696327 22.69227424263954 2.4
    endloop
  endfacet
  facet normal -0.9615618097525768 0.2745885759192273 0
    outer loop
      vertex -16.951998248696327 22.69227424263954 0
      vertex -16.951998248696327 22.69227424263954 2.4
      vertex -16.93023082613945 22.76850000023842 2.4
    endloop
  endfacet
  facet normal 0 0 -1
    outer loop
      vertex -17.51242410391569 17.002175085246563 0
      vertex -17.540603511035442 17.57578009366989 0
      vertex -3.7862631735421 17.355900170101364 0
    endloop
  endfacet
  facet normal 0 0 -1
    outer loop
      vertex -17.540603511035442 17.57578009366989 0
      vertex -17.549999997019768 18.149999998509884 0
      vertex -3.42365293131702 17.828463038221184 0
    endloop
  endfacet
  facet normal 0 0 -1
    outer loop
      vertex -17.549999997019768 18.149999998509884 0
      vertex -17.540603511035442 18.724219903349876 0
      vertex -2.5299001701013624 18.6122631735421 0
    endloop
  endfacet
  facet normal 0 0 -1
    outer loop
      vertex -17.540603511035442 18.724219903349876 0
      vertex -17.51242410391569 19.297824919223785 0
      vertex -1.1785842856833486 19.22453643517253 0
    endloop
  endfacet
  facet normal 0 0 1
    outer loop
      vertex -17.51242410391569 17.002175085246563 2.4
      vertex -3.6126931056841975 17.59811691927701 2.4
      vertex -17.540603511035442 17.57578009366989 2.4
    endloop
  endfacet
  facet normal 0 0 1
    outer loop
      vertex -17.540603511035442 17.57578009366989 2.4
      vertex -3.2199521494891816 18.04595214948918 2.4
      vertex -17.549999997019768 18.149999998509884 2.4
    endloop
  endfacet
  facet normal 0 0 1
    outer loop
      vertex -17.549999997019768 18.149999998509884 2.4
      vertex -2.27685 18.7696198812132 2.4
      vertex -17.540603511035442 18.724219903349876 2.4
    endloop
  endfacet
  facet normal 0 0 1
    outer loop
      vertex -17.540603511035442 18.724219903349876 2.4
      vertex -0.8883827993648432 19.29220193137219 2.4
      vertex -17.51242410391569 19.297824919223785 2.4
    endloop
  endfacet
  facet normal 0 0 -1
    outer loop
      vertex -16.214085794985294 11.433905765414238 0
      vertex -3.6126931056841975 12.05388308072299 0
      vertex -3.42365293131702 11.823536961778817 0
    endloop
  endfacet
  facet normal 0 0 -1
    outer loop
      vertex -16.425149016082287 11.968011662364006 0
      vertex -3.7862631735421 12.296099829898639 0
      vertex -3.6126931056841975 12.05388308072299 0
    endloop
  endfacet
  facet normal 0 0 -1
    outer loop
      vertex -16.61862377077341 12.50873738527298 0
      vertex -4.207070227196646 13.083374454039092 0
      vertex -4.084089403117402 12.811949991349735 0
    endloop
  endfacet
  facet normal 0 0 -1
    outer loop
      vertex -16.425149016082287 11.968011662364006 0
      vertex -3.943619881213198 12.549150000000001 0
      vertex -3.7862631735421 12.296099829898639 0
    endloop
  endfacet
  facet normal 0 0 -1
    outer loop
      vertex -16.61862377077341 12.50873738527298 0
      vertex -4.084089403117402 12.811949991349735 0
      vertex -3.943619881213198 12.549150000000001 0
    endloop
  endfacet
  facet normal 0 0 -1
    outer loop
      vertex -16.214085794985294 11.433905765414238 0
      vertex -3.42365293131702 11.823536961778817 0
      vertex -3.2199521494891816 11.60604785051082 0
    endloop
  endfacet
  facet normal 0 0 -1
    outer loop
      vertex -16.79430289566517 13.05550391227007 0
      vertex -4.312035730681862 13.362261106848994 0
      vertex -4.207070227196646 13.083374454039092 0
    endloop
  endfacet
  facet normal 0 0 -1
    outer loop
      vertex -16.79430289566517 13.05550391227007 0
      vertex -4.39853643517253 13.64741571431665 0
      vertex -4.312035730681862 13.362261106848994 0
    endloop
  endfacet
  facet normal 0 0 -1
    outer loop
      vertex -16.951998248696327 13.607725761830807 0
      vertex -4.466201931372191 13.937617200635156 0
      vertex -4.39853643517253 13.64741571431665 0
    endloop
  endfacet
  facet normal 0 0 -1
    outer loop
      vertex -16.951998248696327 13.607725761830807 0
      vertex -4.51474246523792 14.231622878487553 0
      vertex -4.466201931372191 13.937617200635156 0
    endloop
  endfacet
  facet normal 0 0 1
    outer loop
      vertex -16.214085794985294 11.433905765414238 2.4
      vertex -3.42365293131702 11.823536961778817 2.4
      vertex -3.6126931056841975 12.05388308072299 2.4
    endloop
  endfacet
  facet normal 0 0 1
    outer loop
      vertex -16.214085794985294 11.433905765414238 2.4
      vertex -3.6126931056841975 12.05388308072299 2.4
      vertex -3.7862631735421 12.296099829898639 2.4
    endloop
  endfacet
  facet normal 0 0 1
    outer loop
      vertex -16.61862377077341 12.50873738527298 2.4
      vertex -4.084089403117402 12.811949991349735 2.4
      vertex -4.207070227196646 13.083374454039092 2.4
    endloop
  endfacet
  facet normal 0 0 1
    outer loop
      vertex -16.425149016082287 11.968011662364006 2.4
      vertex -3.7862631735421 12.296099829898639 2.4
      vertex -3.943619881213198 12.549150000000001 2.4
    endloop
  endfacet
  facet normal 0 0 1
    outer loop
      vertex -16.425149016082287 11.968011662364006 2.4
      vertex -3.943619881213198 12.549150000000001 2.4
      vertex -4.084089403117402 12.811949991349735 2.4
    endloop
  endfacet
  facet normal 0 0 1
    outer loop
      vertex -16.61862377077341 12.50873738527298 2.4
      vertex -4.207070227196646 13.083374454039092 2.4
      vertex -4.312035730681862 13.362261106848994 2.4
    endloop
  endfacet
  facet normal 0 0 1
    outer loop
      vertex -16.79430289566517 13.05550391227007 2.4
      vertex -4.312035730681862 13.362261106848994 2.4
      vertex -4.39853643517253 13.64741571431665 2.4
    endloop
  endfacet
  facet normal 0 0 1
    outer loop
      vertex -16.79430289566517 13.05550391227007 2.4
      vertex -4.39853643517253 13.64741571431665 2.4
      vertex -4.466201931372191 13.937617200635156 2.4
    endloop
  endfacet
  facet normal 0 0 1
    outer loop
      vertex -16.951998248696327 13.607725761830807 2.4
      vertex -4.466201931372191 13.937617200635156 2.4
      vertex -4.51474246523792 14.231622878487553 2.4
    endloop
  endfacet
  facet normal 0 0 1
    outer loop
      vertex -16.951998248696327 13.607725761830807 2.4
      vertex -4.51474246523792 14.231622878487553 2.4
      vertex -4.543950178751628 14.528173770424697 2.4
    endloop
  endfacet
  facet normal 0 0 -1
    outer loop
      vertex -17.0915409848094 14.164811581373215 0
      vertex -4.543950178751628 14.528173770424697 0
      vertex -4.51474246523792 14.231622878487553 0
    endloop
  endfacet
  facet normal 0 0 -1
    outer loop
      vertex -17.0915409848094 14.164811581373215 0
      vertex -4.5537 14.826 0
      vertex -4.543950178751628 14.528173770424697 0
    endloop
  endfacet
  facet normal 0 0 -1
    outer loop
      vertex -17.21278166770935 14.726164847612381 0
      vertex -4.543950178751628 15.123826229575304 0
      vertex -4.5537 14.826 0
    endloop
  endfacet
  facet normal 0 0 -1
    outer loop
      vertex -17.21278166770935 14.726164847612381 0
      vertex -4.51474246523792 15.420377121512448 0
      vertex -4.543950178751628 15.123826229575304 0
    endloop
  endfacet
  facet normal 0 0 -1
    outer loop
      vertex -17.315590478479862 15.291184440255165 0
      vertex -4.466201931372191 15.714382799364845 0
      vertex -4.51474246523792 15.420377121512448 0
    endloop
  endfacet
  facet normal 0 0 -1
    outer loop
      vertex -17.399857319891453 15.859265327453613 0
      vertex -4.39853643517253 16.00458428568335 0
      vertex -4.466201931372191 15.714382799364845 0
    endloop
  endfacet
  facet normal 0 0 -1
    outer loop
      vertex -17.399857319891453 15.859265327453613 0
      vertex -4.312035730681862 16.289738893151007 0
      vertex -4.39853643517253 16.00458428568335 0
    endloop
  endfacet
  facet normal 0 0 -1
    outer loop
      vertex -17.465491950511932 16.429799184203148 0
      vertex -4.207070227196646 16.56862554596091 0
      vertex -4.312035730681862 16.289738893151007 0
    endloop
  endfacet
  facet normal 0 0 -1
    outer loop
      vertex -17.465491950511932 16.429799184203148 0
      vertex -4.084089403117402 16.840050008650266 0
      vertex -4.207070227196646 16.56862554596091 0
    endloop
  endfacet
  facet normal 0 0 -1
    outer loop
      vertex -17.51242410391569 17.002175085246563 0
      vertex -3.943619881213198 17.10285 0
      vertex -4.084089403117402 16.840050008650266 0
    endloop
  endfacet
  facet normal 0 0 1
    outer loop
      vertex -17.0915409848094 14.164811581373215 2.4
      vertex -4.543950178751628 14.528173770424697 2.4
      vertex -4.5537 14.826 2.4
    endloop
  endfacet
  facet normal 0 0 1
    outer loop
      vertex -17.0915409848094 14.164811581373215 2.4
      vertex -4.5537 14.826 2.4
      vertex -4.543950178751628 15.123826229575304 2.4
    endloop
  endfacet
  facet normal 0 0 1
    outer loop
      vertex -17.21278166770935 14.726164847612381 2.4
      vertex -4.543950178751628 15.123826229575304 2.4
      vertex -4.51474246523792 15.420377121512448 2.4
    endloop
  endfacet
  facet normal 0 0 1
    outer loop
      vertex -17.21278166770935 14.726164847612381 2.4
      vertex -4.51474246523792 15.420377121512448 2.4
      vertex -4.466201931372191 15.714382799364845 2.4
    endloop
  endfacet
  facet normal 0 0 1
    outer loop
      vertex -17.315590478479862 15.291184440255165 2.4
      vertex -4.466201931372191 15.714382799364845 2.4
      vertex -4.39853643517253 16.00458428568335 2.4
    endloop
  endfacet
  facet normal 0 0 1
    outer loop
      vertex -17.399857319891453 15.859265327453613 2.4
      vertex -4.39853643517253 16.00458428568335 2.4
      vertex -4.312035730681862 16.289738893151007 2.4
    endloop
  endfacet
  facet normal 0 0 1
    outer loop
      vertex -17.465491950511932 16.429799184203148 2.4
      vertex -4.312035730681862 16.289738893151007 2.4
      vertex -4.207070227196646 16.56862554596091 2.4
    endloop
  endfacet
  facet normal 0 0 1
    outer loop
      vertex -17.465491950511932 16.429799184203148 2.4
      vertex -4.207070227196646 16.56862554596091 2.4
      vertex -4.084089403117402 16.840050008650266 2.4
    endloop
  endfacet
  facet normal 0 0 1
    outer loop
      vertex -17.465491950511932 16.429799184203148 2.4
      vertex -4.084089403117402 16.840050008650266 2.4
      vertex -3.943619881213198 17.10285 2.4
    endloop
  endfacet
  facet normal 0 0 -1
    outer loop
      vertex -17.51242410391569 17.002175085246563 0
      vertex -3.7862631735421 17.355900170101364 0
      vertex -3.943619881213198 17.10285 0
    endloop
  endfacet
  facet normal 0 0 -1
    outer loop
      vertex -17.540603511035442 17.57578009366989 0
      vertex -3.6126931056841975 17.59811691927701 0
      vertex -3.7862631735421 17.355900170101364 0
    endloop
  endfacet
  facet normal 0 0 -1
    outer loop
      vertex -17.540603511035442 17.57578009366989 0
      vertex -3.42365293131702 17.828463038221184 0
      vertex -3.6126931056841975 17.59811691927701 0
    endloop
  endfacet
  facet normal 0 0 -1
    outer loop
      vertex -17.549999997019768 18.149999998509884 0
      vertex -3.2199521494891816 18.04595214948918 0
      vertex -3.42365293131702 17.828463038221184 0
    endloop
  endfacet
  facet normal 0 0 -1
    outer loop
      vertex -17.549999997019768 18.149999998509884 0
      vertex -3.0024630382211837 18.24965293131702 0
      vertex -3.2199521494891816 18.04595214948918 0
    endloop
  endfacet
  facet normal 0 0 -1
    outer loop
      vertex -17.549999997019768 18.149999998509884 0
      vertex -2.7721169192770114 18.438693105684198 0
      vertex -3.0024630382211837 18.24965293131702 0
    endloop
  endfacet
  facet normal 0 0 -1
    outer loop
      vertex -17.549999997019768 18.149999998509884 0
      vertex -2.5299001701013624 18.6122631735421 0
      vertex -2.7721169192770114 18.438693105684198 0
    endloop
  endfacet
  facet normal 0 0 -1
    outer loop
      vertex -17.540603511035442 18.724219903349876 0
      vertex -2.27685 18.7696198812132 0
      vertex -2.5299001701013624 18.6122631735421 0
    endloop
  endfacet
  facet normal 0 0 -1
    outer loop
      vertex -17.540603511035442 18.724219903349876 0
      vertex -2.0140500086502664 18.910089403117404 0
      vertex -2.27685 18.7696198812132 0
    endloop
  endfacet
  facet normal 0 0 -1
    outer loop
      vertex -17.540603511035442 18.724219903349876 0
      vertex -1.7426255459609095 19.033070227196646 0
      vertex -2.0140500086502664 18.910089403117404 0
    endloop
  endfacet
  facet normal 0 0 -1
    outer loop
      vertex -17.540603511035442 18.724219903349876 0
      vertex -1.463738893151007 19.138035730681864 0
      vertex -1.7426255459609095 19.033070227196646 0
    endloop
  endfacet
  facet normal 0 0 -1
    outer loop
      vertex -17.540603511035442 18.724219903349876 0
      vertex -1.1785842856833486 19.22453643517253 0
      vertex -1.463738893151007 19.138035730681864 0
    endloop
  endfacet
  facet normal 0 0 -1
    outer loop
      vertex -17.51242410391569 19.297824919223785 0
      vertex -0.8883827993648432 19.29220193137219 0
      vertex -1.1785842856833486 19.22453643517253 0
    endloop
  endfacet
  facet normal 0 0 -1
    outer loop
      vertex -17.51242410391569 19.297824919223785 0
      vertex -0.5943771215124488 19.34074246523792 0
      vertex -0.8883827993648432 19.29220193137219 0
    endloop
  endfacet
  facet normal 0 0 -1
    outer loop
      vertex -17.51242410391569 19.297824919223785 0
      vertex -0.29782622957530247 19.36995017875163 0
      vertex -0.5943771215124488 19.34074246523792 0
    endloop
  endfacet
  facet normal 0 0 -1
    outer loop
      vertex -17.51242410391569 19.297824919223785 0
      vertex 0 19.3797 0
      vertex -0.29782622957530247 19.36995017875163 0
    endloop
  endfacet
  facet normal 0 0 -1
    outer loop
      vertex -17.51242410391569 19.297824919223785 0
      vertex -17.465491950511932 19.87020081281662 0
      vertex 17.399857319891453 20.440734677016735 0
    endloop
  endfacet
  facet normal 0 0 1
    outer loop
      vertex -17.51242410391569 17.002175085246563 2.4
      vertex -3.943619881213198 17.10285 2.4
      vertex -3.7862631735421 17.355900170101364 2.4
    endloop
  endfacet
  facet normal 0 0 1
    outer loop
      vertex -17.51242410391569 17.002175085246563 2.4
      vertex -3.7862631735421 17.355900170101364 2.4
      vertex -3.6126931056841975 17.59811691927701 2.4
    endloop
  endfacet
  facet normal 0 0 1
    outer loop
      vertex -17.540603511035442 17.57578009366989 2.4
      vertex -3.6126931056841975 17.59811691927701 2.4
      vertex -3.42365293131702 17.828463038221184 2.4
    endloop
  endfacet
  facet normal 0 0 1
    outer loop
      vertex -17.540603511035442 17.57578009366989 2.4
      vertex -3.42365293131702 17.828463038221184 2.4
      vertex -3.2199521494891816 18.04595214948918 2.4
    endloop
  endfacet
  facet normal 0 0 1
    outer loop
      vertex -17.549999997019768 18.149999998509884 2.4
      vertex -3.2199521494891816 18.04595214948918 2.4
      vertex -3.0024630382211837 18.24965293131702 2.4
    endloop
  endfacet
  facet normal 0 0 1
    outer loop
      vertex -17.549999997019768 18.149999998509884 2.4
      vertex -3.0024630382211837 18.24965293131702 2.4
      vertex -2.7721169192770114 18.438693105684198 2.4
    endloop
  endfacet
  facet normal 0 0 1
    outer loop
      vertex -17.549999997019768 18.149999998509884 2.4
      vertex -2.7721169192770114 18.438693105684198 2.4
      vertex -2.5299001701013624 18.6122631735421 2.4
    endloop
  endfacet
  facet normal 0 0 1
    outer loop
      vertex -17.549999997019768 18.149999998509884 2.4
      vertex -2.5299001701013624 18.6122631735421 2.4
      vertex -2.27685 18.7696198812132 2.4
    endloop
  endfacet
  facet normal 0 0 1
    outer loop
      vertex -17.540603511035442 18.724219903349876 2.4
      vertex -2.27685 18.7696198812132 2.4
      vertex -2.0140500086502664 18.910089403117404 2.4
    endloop
  endfacet
  facet normal 0 0 1
    outer loop
      vertex -17.540603511035442 18.724219903349876 2.4
      vertex -2.0140500086502664 18.910089403117404 2.4
      vertex -1.7426255459609095 19.033070227196646 2.4
    endloop
  endfacet
  facet normal 0 0 1
    outer loop
      vertex -17.540603511035442 18.724219903349876 2.4
      vertex -1.7426255459609095 19.033070227196646 2.4
      vertex -1.463738893151007 19.138035730681864 2.4
    endloop
  endfacet
  facet normal 0 0 1
    outer loop
      vertex -17.540603511035442 18.724219903349876 2.4
      vertex -1.463738893151007 19.138035730681864 2.4
      vertex -1.1785842856833486 19.22453643517253 2.4
    endloop
  endfacet
  facet normal 0 0 1
    outer loop
      vertex -17.540603511035442 18.724219903349876 2.4
      vertex -1.1785842856833486 19.22453643517253 2.4
      vertex -0.8883827993648432 19.29220193137219 2.4
    endloop
  endfacet
  facet normal 0 0 1
    outer loop
      vertex -17.51242410391569 19.297824919223785 2.4
      vertex -0.8883827993648432 19.29220193137219 2.4
      vertex -0.5943771215124488 19.34074246523792 2.4
    endloop
  endfacet
  facet normal 0 0 1
    outer loop
      vertex -17.51242410391569 19.297824919223785 2.4
      vertex -0.5943771215124488 19.34074246523792 2.4
      vertex -0.29782622957530247 19.36995017875163 2.4
    endloop
  endfacet
  facet normal 0 0 1
    outer loop
      vertex -17.51242410391569 19.297824919223785 2.4
      vertex -0.29782622957530247 19.36995017875163 2.4
      vertex 0 19.3797 2.4
    endloop
  endfacet
  facet normal 0 0 1
    outer loop
      vertex -17.51242410391569 19.297824919223785 2.4
      vertex 17.399857319891453 20.440734677016735 2.4
      vertex -17.465491950511932 19.87020081281662 2.4
    endloop
  endfacet
  facet normal 0 0 -1
    outer loop
      vertex -17.465491950511932 19.87020081281662 0
      vertex -17.399857319891453 20.440734677016735 0
      vertex 17.315590478479862 21.008815556764603 0
    endloop
  endfacet
  facet normal 0 0 -1
    outer loop
      vertex -17.399857319891453 20.440734677016735 0
      vertex -17.315590478479862 21.008815556764603 0
      vertex 17.21278166770935 21.573835149407387 0
    endloop
  endfacet
  facet normal 0 0 -1
    outer loop
      vertex -17.315590478479862 21.008815556764603 0
      vertex -17.21278166770935 21.573835149407387 0
      vertex 17.0915409848094 22.135188415646553 0
    endloop
  endfacet
  facet normal 0 0 -1
    outer loop
      vertex -17.21278166770935 21.573835149407387 0
      vertex -17.0915409848094 22.135188415646553 0
      vertex 16.951998248696327 22.69227424263954 0
    endloop
  endfacet
  facet normal 0 0 -1
    outer loop
      vertex -17.0915409848094 22.135188415646553 0
      vertex -16.951998248696327 22.69227424263954 0
      vertex 16.93023082613945 22.76850000023842 0
    endloop
  endfacet
  facet normal 0 0 -1
    outer loop
      vertex -16.951998248696327 22.69227424263954 0
      vertex -16.93023082613945 22.76850000023842 0
      vertex 16.93023082613945 22.76850000023842 0
    endloop
  endfacet
  facet normal 0 1 0
    outer loop
      vertex -16.93023082613945 22.76850000023842 0
      vertex -16.93023082613945 22.76850000023842 2.4
      vertex 16.93023082613945 22.76850000023842 2.4
    endloop
  endfacet
  facet normal 0 0 1
    outer loop
      vertex -17.465491950511932 19.87020081281662 2.4
      vertex 17.315590478479862 21.008815556764603 2.4
      vertex -17.399857319891453 20.440734677016735 2.4
    endloop
  endfacet
  facet normal 0 0 1
    outer loop
      vertex -17.399857319891453 20.440734677016735 2.4
      vertex 17.21278166770935 21.573835149407387 2.4
      vertex -17.315590478479862 21.008815556764603 2.4
    endloop
  endfacet
  facet normal 0 0 1
    outer loop
      vertex -17.315590478479862 21.008815556764603 2.4
      vertex 17.0915409848094 22.135188415646553 2.4
      vertex -17.21278166770935 21.573835149407387 2.4
    endloop
  endfacet
  facet normal 0 0 1
    outer loop
      vertex -17.21278166770935 21.573835149407387 2.4
      vertex 16.951998248696327 22.69227424263954 2.4
      vertex -17.0915409848094 22.135188415646553 2.4
    endloop
  endfacet
  facet normal 0 0 1
    outer loop
      vertex -17.0915409848094 22.135188415646553 2.4
      vertex 16.93023082613945 22.76850000023842 2.4
      vertex -16.951998248696327 22.69227424263954 2.4
    endloop
  endfacet
  facet normal 0 0 1
    outer loop
      vertex -16.951998248696327 22.69227424263954 2.4
      vertex 16.93023082613945 22.76850000023842 2.4
      vertex -16.93023082613945 22.76850000023842 2.4
    endloop
  endfacet
  facet normal 0 0 -1
    outer loop
      vertex -17.51242410391569 19.297824919223785 0
      vertex 17.465491950511932 19.87020081281662 0
      vertex 0 19.3797 0
    endloop
  endfacet
  facet normal 0 0 1
    outer loop
      vertex -17.51242410391569 19.297824919223785 2.4
      vertex 0 19.3797 2.4
      vertex 17.465491950511932 19.87020081281662 2.4
    endloop
  endfacet
  facet normal 0 0 -1
    outer loop
      vertex -0.5562244057655334 1.159102015197277 0
      vertex 1.6662913858890533 1.2318596467375755 0
      vertex 0 1.1499999985098839 0
    endloop
  endfacet
  facet normal 0 0 -1
    outer loop
      vertex 0 1.1499999985098839 0
      vertex 1.6662913858890533 1.2318596467375755 0
      vertex 0.5562244057655334 1.159102015197277 0
    endloop
  endfacet
  facet normal 0 0 -1
    outer loop
      vertex -1.1118531972169876 1.1863983049988747 0
      vertex 2.218945264816284 1.2954373583197594 0
      vertex 1.6662913858890533 1.2318596467375755 0
    endloop
  endfacet
  facet normal 0 0 -1
    outer loop
      vertex -2.218945264816284 1.2954373583197594 0
      vertex 2.7692230492830276 1.3770633563399315 0
      vertex 2.218945264816284 1.2954373583197594 0
    endloop
  endfacet
  facet normal 0 0 -1
    outer loop
      vertex 0.5562244057655334 1.159102015197277 0
      vertex 1.6662913858890533 1.2318596467375755 0
      vertex 1.1118531972169876 1.1863983049988747 0
    endloop
  endfacet
  facet normal 0 0 -1
    outer loop
      vertex -2.218945264816284 1.2954373583197594 0
      vertex 3.316535472869873 1.4766502305865288 0
      vertex 2.7692230492830276 1.3770633563399315 0
    endloop
  endfacet
  facet normal 0 0 -1
    outer loop
      vertex -3.316535472869873 1.4766502305865288 0
      vertex 3.8602964729070663 1.5940913558006287 0
      vertex 3.316535472869873 1.4766502305865288 0
    endloop
  endfacet
  facet normal 0 0 -1
    outer loop
      vertex -3.8602964729070663 1.5940913558006287 0
      vertex 4.399923764169216 1.7292609512805939 0
      vertex 3.8602964729070663 1.5940913558006287 0
    endloop
  endfacet
  facet normal 0 0 -1
    outer loop
      vertex -3.8602964729070663 1.5940913558006287 0
      vertex 4.934839516878128 1.8820142894983292 0
      vertex 4.399923764169216 1.7292609512805939 0
    endloop
  endfacet
  facet normal 0 0 -1
    outer loop
      vertex -4.934839516878128 1.8820142894983292 0
      vertex 5.464470908045769 2.0521878004074097 0
      vertex 4.934839516878128 1.8820142894983292 0
    endloop
  endfacet
  facet normal 0 0 -1
    outer loop
      vertex -5.464470908045769 2.0521878004074097 0
      vertex 5.988250814378262 2.2395992428064346 0
      vertex 5.464470908045769 2.0521878004074097 0
    endloop
  endfacet
  facet normal 0 0 -1
    outer loop
      vertex -5.988250814378262 2.2395992428064346 0
      vertex 6.5056183487176895 2.444047950208187 0
      vertex 5.988250814378262 2.2395992428064346 0
    endloop
  endfacet
  facet normal 0 0 -1
    outer loop
      vertex -6.5056183487176895 2.444047950208187 0
      vertex 7.016019508242607 2.665314979851246 0
      vertex 6.5056183487176895 2.444047950208187 0
    endloop
  endfacet
  facet normal 0 0 -1
    outer loop
      vertex -7.016019508242607 2.665314979851246 0
      vertex 7.518907733261585 2.903163395822048 0
      vertex 7.016019508242607 2.665314979851246 0
    endloop
  endfacet
  facet normal 0 0 1
    outer loop
      vertex -0.5562244057655334 1.159102015197277 2.4
      vertex 0 1.1499999985098839 2.4
      vertex 1.6662913858890533 1.2318596467375755 2.4
    endloop
  endfacet
  facet normal 0 0 1
    outer loop
      vertex -1.1118531972169876 1.1863983049988747 2.4
      vertex -0.5562244057655334 1.159102015197277 2.4
      vertex 2.218945264816284 1.2954373583197594 2.4
    endloop
  endfacet
  facet normal 0 0 1
    outer loop
      vertex 0 1.1499999985098839 2.4
      vertex 0.5562244057655334 1.159102015197277 2.4
      vertex 1.1118531972169876 1.1863983049988747 2.4
    endloop
  endfacet
  facet normal 0 0 1
    outer loop
      vertex 0 1.1499999985098839 2.4
      vertex 1.1118531972169876 1.1863983049988747 2.4
      vertex 1.6662913858890533 1.2318596467375755 2.4
    endloop
  endfacet
  facet normal 0 0 1
    outer loop
      vertex -0.5562244057655334 1.159102015197277 2.4
      vertex 1.6662913858890533 1.2318596467375755 2.4
      vertex 2.218945264816284 1.2954373583197594 2.4
    endloop
  endfacet
  facet normal 0 0 1
    outer loop
      vertex -1.1118531972169876 1.1863983049988747 2.4
      vertex 2.218945264816284 1.2954373583197594 2.4
      vertex 2.7692230492830276 1.3770633563399315 2.4
    endloop
  endfacet
  facet normal 0 0 1
    outer loop
      vertex -1.6662913858890533 1.2318596467375755 2.4
      vertex 2.7692230492830276 1.3770633563399315 2.4
      vertex 3.316535472869873 1.4766502305865288 2.4
    endloop
  endfacet
  facet normal 0 0 1
    outer loop
      vertex -2.218945264816284 1.2954373583197594 2.4
      vertex 3.316535472869873 1.4766502305865288 2.4
      vertex 3.8602964729070663 1.5940913558006287 2.4
    endloop
  endfacet
  facet normal 0 0 1
    outer loop
      vertex -2.7692230492830276 1.3770633563399315 2.4
      vertex 3.8602964729070663 1.5940913558006287 2.4
      vertex 4.399923764169216 1.7292609512805939 2.4
    endloop
  endfacet
  facet normal 0 0 1
    outer loop
      vertex -3.316535472869873 1.4766502305865288 2.4
      vertex 4.399923764169216 1.7292609512805939 2.4
      vertex 4.934839516878128 1.8820142894983292 2.4
    endloop
  endfacet
  facet normal 0 0 1
    outer loop
      vertex -3.8602964729070663 1.5940913558006287 2.4
      vertex 4.934839516878128 1.8820142894983292 2.4
      vertex 5.464470908045769 2.0521878004074097 2.4
    endloop
  endfacet
  facet normal 0 0 1
    outer loop
      vertex -4.399923764169216 1.7292609512805939 2.4
      vertex 5.464470908045769 2.0521878004074097 2.4
      vertex 5.988250814378262 2.2395992428064346 2.4
    endloop
  endfacet
  facet normal 0 0 1
    outer loop
      vertex -4.934839516878128 1.8820142894983292 2.4
      vertex 5.988250814378262 2.2395992428064346 2.4
      vertex 6.5056183487176895 2.444047950208187 2.4
    endloop
  endfacet
  facet normal 0 0 1
    outer loop
      vertex -5.464470908045769 2.0521878004074097 2.4
      vertex 6.5056183487176895 2.444047950208187 2.4
      vertex 7.016019508242607 2.665314979851246 2.4
    endloop
  endfacet
  facet normal 0 0 1
    outer loop
      vertex -6.5056183487176895 2.444047950208187 2.4
      vertex 7.016019508242607 2.665314979851246 2.4
      vertex 7.518907733261585 2.903163395822048 2.4
    endloop
  endfacet
  facet normal 0 0 1
    outer loop
      vertex -6.5056183487176895 2.444047950208187 2.4
      vertex 7.518907733261585 2.903163395822048 2.4
      vertex 8.0137445256114 3.157338507473469 2.4
    endloop
  endfacet
  facet normal 0 0 -1
    outer loop
      vertex -7.518907733261585 2.903163395822048 0
      vertex 8.0137445256114 3.157338507473469 0
      vertex 7.518907733261585 2.903163395822048 0
    endloop
  endfacet
  facet normal 0 0 -1
    outer loop
      vertex -8.0137445256114 3.157338507473469 0
      vertex 8.5 3.4275681376457214 0
      vertex 8.0137445256114 3.157338507473469 0
    endloop
  endfacet
  facet normal 0 0 -1
    outer loop
      vertex -8.5 3.4275681376457214 0
      vertex 8.977153457701206 3.7135629132390022 0
      vertex 8.5 3.4275681376457214 0
    endloop
  endfacet
  facet normal 0 0 -1
    outer loop
      vertex -8.977153457701206 3.7135629132390022 0
      vertex 9.444693960249424 4.015016593039036 0
      vertex 8.977153457701206 3.7135629132390022 0
    endloop
  endfacet
  facet normal 0 0 -1
    outer loop
      vertex -9.444693960249424 4.015016593039036 0
      vertex 9.902120843529701 4.331606358289719 0
      vertex 9.444693960249424 4.015016593039036 0
    endloop
  endfacet
  facet normal 0 0 -1
    outer loop
      vertex -9.902120843529701 4.331606358289719 0
      vertex 10.348944291472435 4.662993215024471 0
      vertex 9.902120843529701 4.331606358289719 0
    endloop
  endfacet
  facet normal 0 0 -1
    outer loop
      vertex -9.902120843529701 4.331606358289719 0
      vertex 11.571519054472446 4.955211378633976 0
      vertex 10.348944291472435 4.662993215024471 0
    endloop
  endfacet
  facet normal 0 0 -1
    outer loop
      vertex -11.571519054472446 4.955211378633976 0
      vertex 12.40972401201725 5.740275986492634 0
      vertex 11.997044898569584 5.340885527431965 0
    endloop
  endfacet
  facet normal 0 0 1
    outer loop
      vertex -7.016019508242607 2.665314979851246 2.4
      vertex 8.0137445256114 3.157338507473469 2.4
      vertex 8.5 3.4275681376457214 2.4
    endloop
  endfacet
  facet normal 0 0 1
    outer loop
      vertex -7.518907733261585 2.903163395822048 2.4
      vertex 8.5 3.4275681376457214 2.4
      vertex 8.977153457701206 3.7135629132390022 2.4
    endloop
  endfacet
  facet normal 0 0 1
    outer loop
      vertex -8.0137445256114 3.157338507473469 2.4
      vertex 8.977153457701206 3.7135629132390022 2.4
      vertex 9.444693960249424 4.015016593039036 2.4
    endloop
  endfacet
  facet normal 0 0 1
    outer loop
      vertex -8.5 3.4275681376457214 2.4
      vertex 9.444693960249424 4.015016593039036 2.4
      vertex 9.902120843529701 4.331606358289719 2.4
    endloop
  endfacet
  facet normal 0 0 1
    outer loop
      vertex -8.977153457701206 3.7135629132390022 2.4
      vertex 9.902120843529701 4.331606358289719 2.4
      vertex 10.348944291472435 4.662993215024471 2.4
    endloop
  endfacet
  facet normal 0 0 1
    outer loop
      vertex -9.444693960249424 4.015016593039036 2.4
      vertex 10.348944291472435 4.662993215024471 2.4
      vertex 10.773569822311401 5 2.4
    endloop
  endfacet
  facet normal 0 0 1
    outer loop
      vertex -9.902120843529701 4.331606358289719 2.4
      vertex 10.773569822311401 5 2.4
      vertex 11.997044898569584 5.340885527431965 2.4
    endloop
  endfacet
  facet normal 0 0 -1
    outer loop
      vertex 5.332830211676238 1.43227518657722 0
      vertex 5.352872540200719 1.5266570350899142 0
      vertex 5.641262613236904 1.531376227736473 0
    endloop
  endfacet
  facet normal 0 0 -1
    outer loop
      vertex 5.430845071495006 1.8938395023256707 0
      vertex 5.485362144254719 1.9157745991410593 0
      vertex 5.530083856367899 1.8588982881495015 0
    endloop
  endfacet
  facet normal 0 0 -1
    outer loop
      vertex 5.530083856367899 1.8588982881495015 0
      vertex 5.485362144254719 1.9157745991410593 0
      vertex 5.510636555935617 1.9161881876497304 0
    endloop
  endfacet
  facet normal 0 0 -1
    outer loop
      vertex -10.348944291472435 4.662993215024471 0
      vertex 11.997044898569584 5.340885527431965 0
      vertex 11.571519054472446 4.955211378633976 0
    endloop
  endfacet
  facet normal 0 0 -1
    outer loop
      vertex -11.997044898569584 5.340885527431965 0
      vertex 12.8091144785285 6.1529550999403 0
      vertex 12.40972401201725 5.740275986492634 0
    endloop
  endfacet
  facet normal 0 0 1
    outer loop
      vertex -10.348944291472435 4.662993215024471 2.4
      vertex 11.997044898569584 5.340885527431965 2.4
      vertex 12.40972401201725 5.740275986492634 2.4
    endloop
  endfacet
  facet normal 0 0 1
    outer loop
      vertex -11.997044898569584 5.340885527431965 2.4
      vertex 12.40972401201725 5.740275986492634 2.4
      vertex 12.8091144785285 6.1529550999403 2.4
    endloop
  endfacet
  facet normal 0 0 -1
    outer loop
      vertex -15.477718189358711 9.876987271010876 0
      vertex 0 10.272300000000001 0
      vertex 15.740116611123085 10.38783348351717 0
    endloop
  endfacet
  facet normal 0 0 1
    outer loop
      vertex -15.477718189358711 9.876987271010876 2.4
      vertex 15.740116611123085 10.38783348351717 2.4
      vertex 0 10.272300000000001 2.4
    endloop
  endfacet
  facet normal 0 0 -1
    outer loop
      vertex -12.40972401201725 5.740275986492634 0
      vertex 13.194788619875908 6.578480944037437 0
      vertex 12.8091144785285 6.1529550999403 0
    endloop
  endfacet
  facet normal 0 0 -1
    outer loop
      vertex -12.8091144785285 6.1529550999403 0
      vertex 13.566333457827568 7.01639786362648 0
      vertex 13.194788619875908 6.578480944037437 0
    endloop
  endfacet
  facet normal 0 0 -1
    outer loop
      vertex -13.194788619875908 6.578480944037437 0
      vertex 13.923351123929024 7.466236919164658 0
      vertex 13.566333457827568 7.01639786362648 0
    endloop
  endfacet
  facet normal 0 0 -1
    outer loop
      vertex -13.566333457827568 7.01639786362648 0
      vertex 14.265459313988686 7.927516423165798 0
      vertex 13.923351123929024 7.466236919164658 0
    endloop
  endfacet
  facet normal 0 0 -1
    outer loop
      vertex -13.923351123929024 7.466236919164658 0
      vertex 14.592291697859764 8.399742409586906 0
      vertex 14.265459313988686 7.927516423165798 0
    endloop
  endfacet
  facet normal 0 0 -1
    outer loop
      vertex -14.265459313988686 7.927516423165798 0
      vertex 14.903498284518719 8.88240922242403 0
      vertex 14.592291697859764 8.399742409586906 0
    endloop
  endfacet
  facet normal 0 0 1
    outer loop
      vertex -12.40972401201725 5.740275986492634 2.4
      vertex 12.8091144785285 6.1529550999403 2.4
      vertex 13.194788619875908 6.578480944037437 2.4
    endloop
  endfacet
  facet normal 0 0 1
    outer loop
      vertex -12.8091144785285 6.1529550999403 2.4
      vertex 13.194788619875908 6.578480944037437 2.4
      vertex 13.566333457827568 7.01639786362648 2.4
    endloop
  endfacet
  facet normal 0 0 1
    outer loop
      vertex -13.194788619875908 6.578480944037437 2.4
      vertex 13.566333457827568 7.01639786362648 2.4
      vertex 13.923351123929024 7.466236919164658 2.4
    endloop
  endfacet
  facet normal 0 0 1
    outer loop
      vertex -13.566333457827568 7.01639786362648 2.4
      vertex 13.923351123929024 7.466236919164658 2.4
      vertex 14.265459313988686 7.927516423165798 2.4
    endloop
  endfacet
  facet normal 0 0 1
    outer loop
      vertex -13.923351123929024 7.466236919164658 2.4
      vertex 14.265459313988686 7.927516423165798 2.4
      vertex 14.592291697859764 8.399742409586906 2.4
    endloop
  endfacet
  facet normal 0 0 1
    outer loop
      vertex -14.265459313988686 7.927516423165798 2.4
      vertex 14.592291697859764 8.399742409586906 2.4
      vertex 14.903498284518719 8.88240922242403 2.4
    endloop
  endfacet
  facet normal 0 0 -1
    outer loop
      vertex -14.592291697859764 8.399742409586906 0
      vertex 15.198745839297771 9.375 0
      vertex 14.903498284518719 8.88240922242403 0
    endloop
  endfacet
  facet normal 0 0 -1
    outer loop
      vertex -14.903498284518719 8.88240922242403 0
      vertex 15.477718189358711 9.876987271010876 0
      vertex 15.198745839297771 9.375 0
    endloop
  endfacet
  facet normal 0 0 -1
    outer loop
      vertex -15.198745839297771 9.375 0
      vertex 15.740116611123085 10.38783348351717 0
      vertex 15.477718189358711 9.876987271010876 0
    endloop
  endfacet
  facet normal 0 0 -1
    outer loop
      vertex 15.740116611123085 10.38783348351717 0
      vertex 0 10.272300000000001 0
      vertex 0.29782622957530247 10.282049821248371 0
    endloop
  endfacet
  facet normal 0 0 -1
    outer loop
      vertex 15.740116611123085 10.38783348351717 0
      vertex 0.29782622957530247 10.282049821248371 0
      vertex 0.5943771215124488 10.311257534762081 0
    endloop
  endfacet
  facet normal 0 0 -1
    outer loop
      vertex 15.740116611123085 10.38783348351717 0
      vertex 0.5943771215124488 10.311257534762081 0
      vertex 0.8883827993648432 10.35979806862781 0
    endloop
  endfacet
  facet normal 0 0 -1
    outer loop
      vertex 15.740116611123085 10.38783348351717 0
      vertex 0.8883827993648432 10.35979806862781 0
      vertex 1.1785842856833486 10.42746356482747 0
    endloop
  endfacet
  facet normal 0 0 -1
    outer loop
      vertex 15.985660128295422 10.906991623342037 0
      vertex 1.1785842856833486 10.42746356482747 0
      vertex 1.463738893151007 10.513964269318137 0
    endloop
  endfacet
  facet normal 0 0 -1
    outer loop
      vertex 15.985660128295422 10.906991623342037 0
      vertex 1.463738893151007 10.513964269318137 0
      vertex 1.7426255459609095 10.618929772803355 0
    endloop
  endfacet
  facet normal 0 0 -1
    outer loop
      vertex 15.985660128295422 10.906991623342037 0
      vertex 1.7426255459609095 10.618929772803355 0
      vertex 2.0140500086502664 10.741910596882597 0
    endloop
  endfacet
  facet normal 0 0 -1
    outer loop
      vertex 15.985660128295422 10.906991623342037 0
      vertex 2.0140500086502664 10.741910596882597 0
      vertex 2.27685 10.882380118786802 0
    endloop
  endfacet
  facet normal 0 0 -1
    outer loop
      vertex 15.985660128295422 10.906991623342037 0
      vertex 2.27685 10.882380118786802 0
      vertex 2.5299001701013624 11.0397368264579 0
    endloop
  endfacet
  facet normal 0 0 -1
    outer loop
      vertex 16.214085794985294 11.433905765414238 0
      vertex 2.5299001701013624 11.0397368264579 0
      vertex 2.7721169192770114 11.213306894315803 0
    endloop
  endfacet
  facet normal 0 0 -1
    outer loop
      vertex 16.214085794985294 11.433905765414238 0
      vertex 2.7721169192770114 11.213306894315803 0
      vertex 3.0024630382211837 11.40234706868298 0
    endloop
  endfacet
  facet normal 0 0 1
    outer loop
      vertex -14.592291697859764 8.399742409586906 2.4
      vertex 14.903498284518719 8.88240922242403 2.4
      vertex 15.198745839297771 9.375 2.4
    endloop
  endfacet
  facet normal 0 0 1
    outer loop
      vertex -14.903498284518719 8.88240922242403 2.4
      vertex 15.198745839297771 9.375 2.4
      vertex 15.477718189358711 9.876987271010876 2.4
    endloop
  endfacet
  facet normal 0 0 1
    outer loop
      vertex -15.198745839297771 9.375 2.4
      vertex 15.477718189358711 9.876987271010876 2.4
      vertex 15.740116611123085 10.38783348351717 2.4
    endloop
  endfacet
  facet normal 0 0 1
    outer loop
      vertex 15.740116611123085 10.38783348351717 2.4
      vertex 0.29782622957530247 10.282049821248371 2.4
      vertex 0 10.272300000000001 2.4
    endloop
  endfacet
  facet normal 0 0 1
    outer loop
      vertex 15.740116611123085 10.38783348351717 2.4
      vertex 0.5943771215124488 10.311257534762081 2.4
      vertex 0.29782622957530247 10.282049821248371 2.4
    endloop
  endfacet
  facet normal 0 0 1
    outer loop
      vertex 15.740116611123085 10.38783348351717 2.4
      vertex 0.8883827993648432 10.35979806862781 2.4
      vertex 0.5943771215124488 10.311257534762081 2.4
    endloop
  endfacet
  facet normal 0 0 1
    outer loop
      vertex 15.985660128295422 10.906991623342037 2.4
      vertex 1.1785842856833486 10.42746356482747 2.4
      vertex 0.8883827993648432 10.35979806862781 2.4
    endloop
  endfacet
  facet normal 0 0 1
    outer loop
      vertex 15.985660128295422 10.906991623342037 2.4
      vertex 1.463738893151007 10.513964269318137 2.4
      vertex 1.1785842856833486 10.42746356482747 2.4
    endloop
  endfacet
  facet normal 0 0 1
    outer loop
      vertex 15.985660128295422 10.906991623342037 2.4
      vertex 1.7426255459609095 10.618929772803355 2.4
      vertex 1.463738893151007 10.513964269318137 2.4
    endloop
  endfacet
  facet normal 0 0 1
    outer loop
      vertex 15.985660128295422 10.906991623342037 2.4
      vertex 2.0140500086502664 10.741910596882597 2.4
      vertex 1.7426255459609095 10.618929772803355 2.4
    endloop
  endfacet
  facet normal 0 0 1
    outer loop
      vertex 15.985660128295422 10.906991623342037 2.4
      vertex 2.27685 10.882380118786802 2.4
      vertex 2.0140500086502664 10.741910596882597 2.4
    endloop
  endfacet
  facet normal 0 0 1
    outer loop
      vertex 16.214085794985294 11.433905765414238 2.4
      vertex 2.5299001701013624 11.0397368264579 2.4
      vertex 2.27685 10.882380118786802 2.4
    endloop
  endfacet
  facet normal 0 0 1
    outer loop
      vertex 16.214085794985294 11.433905765414238 2.4
      vertex 2.7721169192770114 11.213306894315803 2.4
      vertex 2.5299001701013624 11.0397368264579 2.4
    endloop
  endfacet
  facet normal 0 0 1
    outer loop
      vertex 16.214085794985294 11.433905765414238 2.4
      vertex 3.0024630382211837 11.40234706868298 2.4
      vertex 2.7721169192770114 11.213306894315803 2.4
    endloop
  endfacet
  facet normal 0 0 -1
    outer loop
      vertex 10.683763079345226 4.22664887458086 0
      vertex 10.67567493323257 4.220650296607569 0
      vertex 10.348944291472435 4.662993215024471 0
    endloop
  endfacet
  facet normal 0 0 -1
    outer loop
      vertex 10.683763079345226 4.22664887458086 0
      vertex 10.348944291472435 4.662993215024471 0
      vertex 10.943000003695488 4.432393930639016 0
    endloop
  endfacet
  facet normal 0 0 -1
    outer loop
      vertex 10.348944291472435 4.662993215024471 0
      vertex 11.133602134883404 4.583666540682316 0
      vertex 10.943000003695488 4.432393930639016 0
    endloop
  endfacet
  facet normal 0 0 -1
    outer loop
      vertex 10.348944291472435 4.662993215024471 0
      vertex 11.571519054472446 4.955211378633976 0
      vertex 11.133602134883404 4.583666540682316 0
    endloop
  endfacet
  facet normal 0.6216605759719883 -0.7832867471636269 -2.408266924998881e-18
    outer loop
      vertex 10.943000003695488 4.432393930639016 0
      vertex 11.133602134883404 4.583666540682316 0
      vertex 11.133602134883404 4.583666540682316 2.4
    endloop
  endfacet
  facet normal 0.6469561538385671 -0.7625272028002729 0
    outer loop
      vertex 11.133602134883404 4.583666540682316 0
      vertex 11.571519054472446 4.955211378633976 0
      vertex 11.133602134883404 4.583666540682316 2.4
    endloop
  endfacet
  facet normal 0.6715589592980616 -0.7409511213207686 0
    outer loop
      vertex 11.571519054472446 4.955211378633976 0
      vertex 11.997044898569584 5.340885527431965 0
      vertex 11.571519054472446 4.955211378633976 2.4
    endloop
  endfacet
  facet normal 0.6954426251600162 -0.7185816273121274 0
    outer loop
      vertex 11.997044898569584 5.340885527431965 0
      vertex 12.40972401201725 5.740275986492634 0
      vertex 11.997044898569584 5.340885527431965 2.4
    endloop
  endfacet
  facet normal 0.6216605759719883 -0.7832867471636269 0
    outer loop
      vertex 10.943000003695488 4.432393930639016 0
      vertex 11.133602134883404 4.583666540682316 2.4
      vertex 10.943000003695488 4.432393930639016 2.4
    endloop
  endfacet
  facet normal 0.6469561538385671 -0.7625272028002729 0
    outer loop
      vertex 11.571519054472446 4.955211378633976 0
      vertex 11.571519054472446 4.955211378633976 2.4
      vertex 11.133602134883404 4.583666540682316 2.4
    endloop
  endfacet
  facet normal 0.6715589592980616 -0.7409511213207686 0
    outer loop
      vertex 11.997044898569584 5.340885527431965 0
      vertex 11.997044898569584 5.340885527431965 2.4
      vertex 11.571519054472446 4.955211378633976 2.4
    endloop
  endfacet
  facet normal 0.6954426251600162 -0.7185816273121274 0
    outer loop
      vertex 12.40972401201725 5.740275986492634 0
      vertex 12.40972401201725 5.740275986492634 2.4
      vertex 11.997044898569584 5.340885527431965 2.4
    endloop
  endfacet
  facet normal 0 0 1
    outer loop
      vertex 10.943000003695488 4.432393930639016 2.4
      vertex 11.133602134883404 4.583666540682316 2.4
      vertex 11.571519054472446 4.955211378633976 2.4
    endloop
  endfacet
  facet normal 0 0 1
    outer loop
      vertex 10.943000003695488 4.432393930639016 2.4
      vertex 11.571519054472446 4.955211378633976 2.4
      vertex 10.943000003695488 5 2.4
    endloop
  endfacet
  facet normal 0 0 1
    outer loop
      vertex 10.773569822311401 5 2.4
      vertex 10.943000003695488 5 2.4
      vertex 11.997044898569584 5.340885527431965 2.4
    endloop
  endfacet
  facet normal 0 0 1
    outer loop
      vertex 10.943000003695488 5 2.4
      vertex 11.571519054472446 4.955211378633976 2.4
      vertex 11.997044898569584 5.340885527431965 2.4
    endloop
  endfacet
  facet normal 0.7185816208289015 -0.6954426318589539 0
    outer loop
      vertex 12.40972401201725 5.740275986492634 0
      vertex 12.8091144785285 6.1529550999403 0
      vertex 12.40972401201725 5.740275986492634 2.4
    endloop
  endfacet
  facet normal 0.7409511277762323 -0.6715589521755551 0
    outer loop
      vertex 12.8091144785285 6.1529550999403 0
      vertex 13.194788619875908 6.578480944037437 0
      vertex 12.8091144785285 6.1529550999403 2.4
    endloop
  endfacet
  facet normal 0.7185816208289015 -0.6954426318589539 0
    outer loop
      vertex 12.40972401201725 5.740275986492634 2.4
      vertex 12.8091144785285 6.1529550999403 0
      vertex 12.8091144785285 6.1529550999403 2.4
    endloop
  endfacet
  facet normal 0.7409511277762323 -0.6715589521755551 0
    outer loop
      vertex 12.8091144785285 6.1529550999403 2.4
      vertex 13.194788619875908 6.578480944037437 0
      vertex 13.194788619875908 6.578480944037437 2.4
    endloop
  endfacet
  facet normal 0 0 -1
    outer loop
      vertex 15.740116611123085 10.38783348351717 0
      vertex 1.1785842856833486 10.42746356482747 0
      vertex 15.985660128295422 10.906991623342037 0
    endloop
  endfacet
  facet normal 0 0 -1
    outer loop
      vertex 15.985660128295422 10.906991623342037 0
      vertex 2.5299001701013624 11.0397368264579 0
      vertex 16.214085794985294 11.433905765414238 0
    endloop
  endfacet
  facet normal 0 0 1
    outer loop
      vertex 15.740116611123085 10.38783348351717 2.4
      vertex 15.985660128295422 10.906991623342037 2.4
      vertex 0.8883827993648432 10.35979806862781 2.4
    endloop
  endfacet
  facet normal 0 0 1
    outer loop
      vertex 15.985660128295422 10.906991623342037 2.4
      vertex 16.214085794985294 11.433905765414238 2.4
      vertex 2.27685 10.882380118786802 2.4
    endloop
  endfacet
  facet normal 0.7625272028002729 -0.6469561538385671 0
    outer loop
      vertex 13.194788619875908 6.578480944037437 0
      vertex 13.566333457827568 7.01639786362648 0
      vertex 13.194788619875908 6.578480944037437 2.4
    endloop
  endfacet
  facet normal 0.7832867471636266 -0.621660575971989 0
    outer loop
      vertex 13.566333457827568 7.01639786362648 0
      vertex 13.923351123929024 7.466236919164658 0
      vertex 13.566333457827568 7.01639786362648 2.4
    endloop
  endfacet
  facet normal 0.7625272028002729 -0.6469561538385671 0
    outer loop
      vertex 13.566333457827568 7.01639786362648 0
      vertex 13.566333457827568 7.01639786362648 2.4
      vertex 13.194788619875908 6.578480944037437 2.4
    endloop
  endfacet
  facet normal 0.803207536535209 -0.5956992976771426 0
    outer loop
      vertex 13.923351123929024 7.466236919164658 0
      vertex 14.265459313988686 7.927516423165798 0
      vertex 13.923351123929024 7.466236919164658 2.4
    endloop
  endfacet
  facet normal 0.8222682145961002 -0.5691001522271293 0
    outer loop
      vertex 14.265459313988686 7.927516423165798 0
      vertex 14.592291697859764 8.399742409586906 0
      vertex 14.265459313988686 7.927516423165798 2.4
    endloop
  endfacet
  facet normal 0.8404484048042986 -0.5418915748209321 0
    outer loop
      vertex 14.592291697859764 8.399742409586906 0
      vertex 14.903498284518719 8.88240922242403 0
      vertex 14.592291697859764 8.399742409586906 2.4
    endloop
  endfacet
  facet normal 0.7832867471636266 -0.621660575971989 0
    outer loop
      vertex 13.923351123929024 7.466236919164658 0
      vertex 13.923351123929024 7.466236919164658 2.4
      vertex 13.566333457827568 7.01639786362648 2.4
    endloop
  endfacet
  facet normal 0.803207536535209 -0.5956992976771426 0
    outer loop
      vertex 14.265459313988686 7.927516423165798 0
      vertex 14.265459313988686 7.927516423165798 2.4
      vertex 13.923351123929024 7.466236919164658 2.4
    endloop
  endfacet
  facet normal 0.8222682145961002 -0.5691001522271293 0
    outer loop
      vertex 14.592291697859764 8.399742409586906 0
      vertex 14.592291697859764 8.399742409586906 2.4
      vertex 14.265459313988686 7.927516423165798 2.4
    endloop
  endfacet
  facet normal 0.8577286061952484 -0.51410275054152 0
    outer loop
      vertex 14.903498284518719 8.88240922242403 0
      vertex 15.198745839297771 9.375 0
      vertex 14.903498284518719 8.88240922242403 2.4
    endloop
  endfacet
  facet normal 0.8740903446713278 -0.4857633882378945 0
    outer loop
      vertex 15.198745839297771 9.375 0
      vertex 15.477718189358711 9.876987271010876 0
      vertex 15.198745839297771 9.375 2.4
    endloop
  endfacet
  facet normal 0.8404484048042986 -0.5418915748209321 0
    outer loop
      vertex 14.592291697859764 8.399742409586906 2.4
      vertex 14.903498284518719 8.88240922242403 0
      vertex 14.903498284518719 8.88240922242403 2.4
    endloop
  endfacet
  facet normal 0.8577286061952484 -0.51410275054152 0
    outer loop
      vertex 15.198745839297771 9.375 0
      vertex 15.198745839297771 9.375 2.4
      vertex 14.903498284518719 8.88240922242403 2.4
    endloop
  endfacet
  facet normal 0.8740903446713278 -0.4857633882378945 0
    outer loop
      vertex 15.477718189358711 9.876987271010876 0
      vertex 15.477718189358711 9.876987271010876 2.4
      vertex 15.198745839297771 9.375 2.4
    endloop
  endfacet
  facet normal 0.8895160754381756 -0.4569038755986491 0
    outer loop
      vertex 15.477718189358711 9.876987271010876 0
      vertex 15.740116611123085 10.38783348351717 0
      vertex 15.477718189358711 9.876987271010876 2.4
    endloop
  endfacet
  facet normal 0.9039892904866635 -0.42755509900528443 0
    outer loop
      vertex 15.740116611123085 10.38783348351717 0
      vertex 15.985660128295422 10.906991623342037 0
      vertex 15.740116611123085 10.38783348351717 2.4
    endloop
  endfacet
  facet normal 0.9174944993429193 -0.3977484678480685 0
    outer loop
      vertex 15.985660128295422 10.906991623342037 0
      vertex 16.214085794985294 11.433905765414238 0
      vertex 15.985660128295422 10.906991623342037 2.4
    endloop
  endfacet
  facet normal 0.8895160754381756 -0.4569038755986491 0
    outer loop
      vertex 15.740116611123085 10.38783348351717 0
      vertex 15.740116611123085 10.38783348351717 2.4
      vertex 15.477718189358711 9.876987271010876 2.4
    endloop
  endfacet
  facet normal 0.9039892904866635 -0.42755509900528443 0
    outer loop
      vertex 15.985660128295422 10.906991623342037 0
      vertex 15.985660128295422 10.906991623342037 2.4
      vertex 15.740116611123085 10.38783348351717 2.4
    endloop
  endfacet
  facet normal 0.9174944993429193 -0.3977484678480685 0
    outer loop
      vertex 16.214085794985294 11.433905765414238 0
      vertex 16.214085794985294 11.433905765414238 2.4
      vertex 15.985660128295422 10.906991623342037 2.4
    endloop
  endfacet
  facet normal 0 0 -1
    outer loop
      vertex 16.214085794985294 11.433905765414238 0
      vertex 3.0024630382211837 11.40234706868298 0
      vertex 3.2199521494891816 11.60604785051082 0
    endloop
  endfacet
  facet normal 0 0 -1
    outer loop
      vertex 16.425149016082287 11.968011662364006 0
      vertex 3.2199521494891816 11.60604785051082 0
      vertex 3.42365293131702 11.823536961778817 0
    endloop
  endfacet
  facet normal 0 0 -1
    outer loop
      vertex 16.425149016082287 11.968011662364006 0
      vertex 3.42365293131702 11.823536961778817 0
      vertex 3.6126931056841975 12.05388308072299 0
    endloop
  endfacet
  facet normal 0 0 -1
    outer loop
      vertex 16.425149016082287 11.968011662364006 0
      vertex 3.6126931056841975 12.05388308072299 0
      vertex 3.7862631735421 12.296099829898639 0
    endloop
  endfacet
  facet normal 0 0 -1
    outer loop
      vertex 16.61862377077341 12.50873738527298 0
      vertex 3.7862631735421 12.296099829898639 0
      vertex 3.943619881213198 12.549150000000001 0
    endloop
  endfacet
  facet normal 0 0 -1
    outer loop
      vertex 16.61862377077341 12.50873738527298 0
      vertex 3.943619881213198 12.549150000000001 0
      vertex 4.084089403117402 12.811949991349735 0
    endloop
  endfacet
  facet normal 0 0 -1
    outer loop
      vertex 16.79430289566517 13.05550391227007 0
      vertex 4.084089403117402 12.811949991349735 0
      vertex 4.207070227196646 13.083374454039092 0
    endloop
  endfacet
  facet normal 0 0 -1
    outer loop
      vertex 16.79430289566517 13.05550391227007 0
      vertex 4.207070227196646 13.083374454039092 0
      vertex 4.312035730681862 13.362261106848994 0
    endloop
  endfacet
  facet normal 0 0 -1
    outer loop
      vertex 16.951998248696327 13.607725761830807 0
      vertex 4.312035730681862 13.362261106848994 0
      vertex 4.39853643517253 13.64741571431665 0
    endloop
  endfacet
  facet normal 0 0 -1
    outer loop
      vertex 16.951998248696327 13.607725761830807 0
      vertex 4.39853643517253 13.64741571431665 0
      vertex 4.466201931372191 13.937617200635156 0
    endloop
  endfacet
  facet normal 0 0 -1
    outer loop
      vertex 17.0915409848094 14.164811581373215 0
      vertex 4.466201931372191 13.937617200635156 0
      vertex 4.51474246523792 14.231622878487553 0
    endloop
  endfacet
  facet normal 0 0 1
    outer loop
      vertex 16.425149016082287 11.968011662364006 2.4
      vertex 3.2199521494891816 11.60604785051082 2.4
      vertex 3.0024630382211837 11.40234706868298 2.4
    endloop
  endfacet
  facet normal 0 0 1
    outer loop
      vertex 16.425149016082287 11.968011662364006 2.4
      vertex 3.42365293131702 11.823536961778817 2.4
      vertex 3.2199521494891816 11.60604785051082 2.4
    endloop
  endfacet
  facet normal 0 0 1
    outer loop
      vertex 16.425149016082287 11.968011662364006 2.4
      vertex 3.6126931056841975 12.05388308072299 2.4
      vertex 3.42365293131702 11.823536961778817 2.4
    endloop
  endfacet
  facet normal 0 0 1
    outer loop
      vertex 16.61862377077341 12.50873738527298 2.4
      vertex 3.7862631735421 12.296099829898639 2.4
      vertex 3.6126931056841975 12.05388308072299 2.4
    endloop
  endfacet
  facet normal 0 0 1
    outer loop
      vertex 16.61862377077341 12.50873738527298 2.4
      vertex 3.943619881213198 12.549150000000001 2.4
      vertex 3.7862631735421 12.296099829898639 2.4
    endloop
  endfacet
  facet normal 0 0 1
    outer loop
      vertex 16.79430289566517 13.05550391227007 2.4
      vertex 4.084089403117402 12.811949991349735 2.4
      vertex 3.943619881213198 12.549150000000001 2.4
    endloop
  endfacet
  facet normal 0 0 1
    outer loop
      vertex 16.79430289566517 13.05550391227007 2.4
      vertex 4.207070227196646 13.083374454039092 2.4
      vertex 4.084089403117402 12.811949991349735 2.4
    endloop
  endfacet
  facet normal 0 0 1
    outer loop
      vertex 16.951998248696327 13.607725761830807 2.4
      vertex 4.312035730681862 13.362261106848994 2.4
      vertex 4.207070227196646 13.083374454039092 2.4
    endloop
  endfacet
  facet normal 0 0 1
    outer loop
      vertex 16.951998248696327 13.607725761830807 2.4
      vertex 4.39853643517253 13.64741571431665 2.4
      vertex 4.312035730681862 13.362261106848994 2.4
    endloop
  endfacet
  facet normal 0 0 1
    outer loop
      vertex 17.0915409848094 14.164811581373215 2.4
      vertex 4.466201931372191 13.937617200635156 2.4
      vertex 4.39853643517253 13.64741571431665 2.4
    endloop
  endfacet
  facet normal 0 0 1
    outer loop
      vertex 17.0915409848094 14.164811581373215 2.4
      vertex 4.51474246523792 14.231622878487553 2.4
      vertex 4.466201931372191 13.937617200635156 2.4
    endloop
  endfacet
  facet normal 0 0 -1
    outer loop
      vertex 17.0915409848094 14.164811581373215 0
      vertex 4.51474246523792 14.231622878487553 0
      vertex 4.543950178751628 14.528173770424697 0
    endloop
  endfacet
  facet normal 0 0 -1
    outer loop
      vertex 17.21278166770935 14.726164847612381 0
      vertex 4.543950178751628 14.528173770424697 0
      vertex 4.5537 14.826 0
    endloop
  endfacet
  facet normal 0 0 -1
    outer loop
      vertex 17.21278166770935 14.726164847612381 0
      vertex 4.5537 14.826 0
      vertex 4.543950178751628 15.123826229575304 0
    endloop
  endfacet
  facet normal 0 0 -1
    outer loop
      vertex 17.315590478479862 15.291184440255165 0
      vertex 4.51474246523792 15.420377121512448 0
      vertex 4.466201931372191 15.714382799364845 0
    endloop
  endfacet
  facet normal 0 0 -1
    outer loop
      vertex 17.399857319891453 15.859265327453613 0
      vertex 4.466201931372191 15.714382799364845 0
      vertex 4.39853643517253 16.00458428568335 0
    endloop
  endfacet
  facet normal 0 0 -1
    outer loop
      vertex 17.465491950511932 16.429799184203148 0
      vertex 4.39853643517253 16.00458428568335 0
      vertex 4.312035730681862 16.289738893151007 0
    endloop
  endfacet
  facet normal 0 0 -1
    outer loop
      vertex 17.51242410391569 17.002175085246563 0
      vertex 4.312035730681862 16.289738893151007 0
      vertex 4.207070227196646 16.56862554596091 0
    endloop
  endfacet
  facet normal 0 0 -1
    outer loop
      vertex 17.51242410391569 17.002175085246563 0
      vertex 4.207070227196646 16.56862554596091 0
      vertex 4.084089403117402 16.840050008650266 0
    endloop
  endfacet
  facet normal 0 0 1
    outer loop
      vertex 17.21278166770935 14.726164847612381 2.4
      vertex 4.543950178751628 14.528173770424697 2.4
      vertex 4.51474246523792 14.231622878487553 2.4
    endloop
  endfacet
  facet normal 0 0 1
    outer loop
      vertex 17.21278166770935 14.726164847612381 2.4
      vertex 4.5537 14.826 2.4
      vertex 4.543950178751628 14.528173770424697 2.4
    endloop
  endfacet
  facet normal 0 0 1
    outer loop
      vertex 17.465491950511932 16.429799184203148 2.4
      vertex 4.312035730681862 16.289738893151007 2.4
      vertex 4.39853643517253 16.00458428568335 2.4
    endloop
  endfacet
  facet normal 0 0 1
    outer loop
      vertex 17.51242410391569 17.002175085246563 2.4
      vertex 4.207070227196646 16.56862554596091 2.4
      vertex 4.312035730681862 16.289738893151007 2.4
    endloop
  endfacet
  facet normal 0 0 1
    outer loop
      vertex 17.51242410391569 17.002175085246563 2.4
      vertex 4.084089403117402 16.840050008650266 2.4
      vertex 4.207070227196646 16.56862554596091 2.4
    endloop
  endfacet
  facet normal 0 0 -1
    outer loop
      vertex 17.465491950511932 19.87020081281662 0
      vertex 0.29782622957530247 19.36995017875163 0
      vertex 0 19.3797 0
    endloop
  endfacet
  facet normal 0 0 -1
    outer loop
      vertex -17.51242410391569 19.297824919223785 0
      vertex 17.399857319891453 20.440734677016735 0
      vertex 17.465491950511932 19.87020081281662 0
    endloop
  endfacet
  facet normal 0 0 -1
    outer loop
      vertex 17.465491950511932 19.87020081281662 0
      vertex 0.5943771215124488 19.34074246523792 0
      vertex 0.29782622957530247 19.36995017875163 0
    endloop
  endfacet
  facet normal 0 0 -1
    outer loop
      vertex 17.465491950511932 19.87020081281662 0
      vertex 0.8883827993648432 19.29220193137219 0
      vertex 0.5943771215124488 19.34074246523792 0
    endloop
  endfacet
  facet normal 0 0 -1
    outer loop
      vertex 17.465491950511932 19.87020081281662 0
      vertex 1.1785842856833486 19.22453643517253 0
      vertex 0.8883827993648432 19.29220193137219 0
    endloop
  endfacet
  facet normal 0 0 -1
    outer loop
      vertex 17.540603511035442 17.57578009366989 0
      vertex 3.943619881213198 17.10285 0
      vertex 3.7862631735421 17.355900170101364 0
    endloop
  endfacet
  facet normal 0 0 -1
    outer loop
      vertex 17.540603511035442 17.57578009366989 0
      vertex 4.084089403117402 16.840050008650266 0
      vertex 3.943619881213198 17.10285 0
    endloop
  endfacet
  facet normal 0 0 -1
    outer loop
      vertex 17.549999997019768 18.149999998509884 0
      vertex 3.7862631735421 17.355900170101364 0
      vertex 3.6126931056841975 17.59811691927701 0
    endloop
  endfacet
  facet normal 0 0 -1
    outer loop
      vertex 17.549999997019768 18.149999998509884 0
      vertex 3.6126931056841975 17.59811691927701 0
      vertex 3.42365293131702 17.828463038221184 0
    endloop
  endfacet
  facet normal 0 0 -1
    outer loop
      vertex 17.549999997019768 18.149999998509884 0
      vertex 3.42365293131702 17.828463038221184 0
      vertex 3.2199521494891816 18.04595214948918 0
    endloop
  endfacet
  facet normal 0 0 -1
    outer loop
      vertex 17.540603511035442 18.724219903349876 0
      vertex 3.2199521494891816 18.04595214948918 0
      vertex 3.0024630382211837 18.24965293131702 0
    endloop
  endfacet
  facet normal 0 0 -1
    outer loop
      vertex 17.540603511035442 18.724219903349876 0
      vertex 3.0024630382211837 18.24965293131702 0
      vertex 2.7721169192770114 18.438693105684198 0
    endloop
  endfacet
  facet normal 0 0 -1
    outer loop
      vertex 17.51242410391569 19.297824919223785 0
      vertex 1.7426255459609095 19.033070227196646 0
      vertex 1.463738893151007 19.138035730681864 0
    endloop
  endfacet
  facet normal 0 0 -1
    outer loop
      vertex 17.51242410391569 19.297824919223785 0
      vertex 2.0140500086502664 18.910089403117404 0
      vertex 1.7426255459609095 19.033070227196646 0
    endloop
  endfacet
  facet normal 0 0 -1
    outer loop
      vertex 17.540603511035442 18.724219903349876 0
      vertex 2.7721169192770114 18.438693105684198 0
      vertex 2.5299001701013624 18.6122631735421 0
    endloop
  endfacet
  facet normal 0 0 -1
    outer loop
      vertex 17.51242410391569 19.297824919223785 0
      vertex 2.27685 18.7696198812132 0
      vertex 2.0140500086502664 18.910089403117404 0
    endloop
  endfacet
  facet normal 0 0 -1
    outer loop
      vertex 17.51242410391569 19.297824919223785 0
      vertex 2.5299001701013624 18.6122631735421 0
      vertex 2.27685 18.7696198812132 0
    endloop
  endfacet
  facet normal 0 0 -1
    outer loop
      vertex 17.465491950511932 19.87020081281662 0
      vertex 1.463738893151007 19.138035730681864 0
      vertex 1.1785842856833486 19.22453643517253 0
    endloop
  endfacet
  facet normal 0 0 1
    outer loop
      vertex 17.465491950511932 19.87020081281662 2.4
      vertex 0 19.3797 2.4
      vertex 0.29782622957530247 19.36995017875163 2.4
    endloop
  endfacet
  facet normal 0 0 1
    outer loop
      vertex -17.51242410391569 19.297824919223785 2.4
      vertex 17.465491950511932 19.87020081281662 2.4
      vertex 17.399857319891453 20.440734677016735 2.4
    endloop
  endfacet
  facet normal 0 0 1
    outer loop
      vertex 17.465491950511932 19.87020081281662 2.4
      vertex 0.29782622957530247 19.36995017875163 2.4
      vertex 0.5943771215124488 19.34074246523792 2.4
    endloop
  endfacet
  facet normal 0 0 1
    outer loop
      vertex 17.465491950511932 19.87020081281662 2.4
      vertex 0.5943771215124488 19.34074246523792 2.4
      vertex 0.8883827993648432 19.29220193137219 2.4
    endloop
  endfacet
  facet normal 0 0 1
    outer loop
      vertex 17.465491950511932 19.87020081281662 2.4
      vertex 0.8883827993648432 19.29220193137219 2.4
      vertex 1.1785842856833486 19.22453643517253 2.4
    endloop
  endfacet
  facet normal 0 0 1
    outer loop
      vertex 17.540603511035442 17.57578009366989 2.4
      vertex 3.943619881213198 17.10285 2.4
      vertex 4.084089403117402 16.840050008650266 2.4
    endloop
  endfacet
  facet normal 0 0 1
    outer loop
      vertex 17.549999997019768 18.149999998509884 2.4
      vertex 3.7862631735421 17.355900170101364 2.4
      vertex 3.943619881213198 17.10285 2.4
    endloop
  endfacet
  facet normal 0 0 1
    outer loop
      vertex 17.549999997019768 18.149999998509884 2.4
      vertex 3.6126931056841975 17.59811691927701 2.4
      vertex 3.7862631735421 17.355900170101364 2.4
    endloop
  endfacet
  facet normal 0 0 1
    outer loop
      vertex 17.549999997019768 18.149999998509884 2.4
      vertex 3.42365293131702 17.828463038221184 2.4
      vertex 3.6126931056841975 17.59811691927701 2.4
    endloop
  endfacet
  facet normal 0 0 1
    outer loop
      vertex 17.540603511035442 18.724219903349876 2.4
      vertex 3.0024630382211837 18.24965293131702 2.4
      vertex 3.2199521494891816 18.04595214948918 2.4
    endloop
  endfacet
  facet normal 0 0 1
    outer loop
      vertex 17.540603511035442 18.724219903349876 2.4
      vertex 2.7721169192770114 18.438693105684198 2.4
      vertex 3.0024630382211837 18.24965293131702 2.4
    endloop
  endfacet
  facet normal 0 0 1
    outer loop
      vertex 17.540603511035442 18.724219903349876 2.4
      vertex 3.2199521494891816 18.04595214948918 2.4
      vertex 3.42365293131702 17.828463038221184 2.4
    endloop
  endfacet
  facet normal 0 0 1
    outer loop
      vertex 17.51242410391569 19.297824919223785 2.4
      vertex 1.7426255459609095 19.033070227196646 2.4
      vertex 2.0140500086502664 18.910089403117404 2.4
    endloop
  endfacet
  facet normal 0 0 1
    outer loop
      vertex 17.51242410391569 19.297824919223785 2.4
      vertex 2.5299001701013624 18.6122631735421 2.4
      vertex 2.7721169192770114 18.438693105684198 2.4
    endloop
  endfacet
  facet normal 0 0 1
    outer loop
      vertex 17.51242410391569 19.297824919223785 2.4
      vertex 2.0140500086502664 18.910089403117404 2.4
      vertex 2.27685 18.7696198812132 2.4
    endloop
  endfacet
  facet normal 0 0 1
    outer loop
      vertex 17.51242410391569 19.297824919223785 2.4
      vertex 2.27685 18.7696198812132 2.4
      vertex 2.5299001701013624 18.6122631735421 2.4
    endloop
  endfacet
  facet normal 0 0 1
    outer loop
      vertex 17.465491950511932 19.87020081281662 2.4
      vertex 1.1785842856833486 19.22453643517253 2.4
      vertex 1.463738893151007 19.138035730681864 2.4
    endloop
  endfacet
  facet normal 0 0 1
    outer loop
      vertex 17.465491950511932 19.87020081281662 2.4
      vertex 1.463738893151007 19.138035730681864 2.4
      vertex 1.7426255459609095 19.033070227196646 2.4
    endloop
  endfacet
  facet normal 0 0 -1
    outer loop
      vertex -17.465491950511932 19.87020081281662 0
      vertex 17.315590478479862 21.008815556764603 0
      vertex 17.399857319891453 20.440734677016735 0
    endloop
  endfacet
  facet normal 0 0 -1
    outer loop
      vertex -17.399857319891453 20.440734677016735 0
      vertex 17.21278166770935 21.573835149407387 0
      vertex 17.315590478479862 21.008815556764603 0
    endloop
  endfacet
  facet normal 0 0 -1
    outer loop
      vertex -17.315590478479862 21.008815556764603 0
      vertex 17.0915409848094 22.135188415646553 0
      vertex 17.21278166770935 21.573835149407387 0
    endloop
  endfacet
  facet normal 0 0 -1
    outer loop
      vertex -17.21278166770935 21.573835149407387 0
      vertex 16.951998248696327 22.69227424263954 0
      vertex 17.0915409848094 22.135188415646553 0
    endloop
  endfacet
  facet normal 0 0 -1
    outer loop
      vertex -17.0915409848094 22.135188415646553 0
      vertex 16.93023082613945 22.76850000023842 0
      vertex 16.951998248696327 22.69227424263954 0
    endloop
  endfacet
  facet normal 0 1 0
    outer loop
      vertex -16.93023082613945 22.76850000023842 0
      vertex 16.93023082613945 22.76850000023842 2.4
      vertex 16.93023082613945 22.76850000023842 0
    endloop
  endfacet
  facet normal 0 0 1
    outer loop
      vertex -17.465491950511932 19.87020081281662 2.4
      vertex 17.399857319891453 20.440734677016735 2.4
      vertex 17.315590478479862 21.008815556764603 2.4
    endloop
  endfacet
  facet normal 0 0 1
    outer loop
      vertex -17.399857319891453 20.440734677016735 2.4
      vertex 17.315590478479862 21.008815556764603 2.4
      vertex 17.21278166770935 21.573835149407387 2.4
    endloop
  endfacet
  facet normal 0 0 1
    outer loop
      vertex -17.315590478479862 21.008815556764603 2.4
      vertex 17.21278166770935 21.573835149407387 2.4
      vertex 17.0915409848094 22.135188415646553 2.4
    endloop
  endfacet
  facet normal 0 0 1
    outer loop
      vertex -17.21278166770935 21.573835149407387 2.4
      vertex 17.0915409848094 22.135188415646553 2.4
      vertex 16.951998248696327 22.69227424263954 2.4
    endloop
  endfacet
  facet normal 0 0 1
    outer loop
      vertex -17.0915409848094 22.135188415646553 2.4
      vertex 16.951998248696327 22.69227424263954 2.4
      vertex 16.93023082613945 22.76850000023842 2.4
    endloop
  endfacet
  facet normal 0 0 -1
    outer loop
      vertex 16.214085794985294 11.433905765414238 0
      vertex 3.2199521494891816 11.60604785051082 0
      vertex 16.425149016082287 11.968011662364006 0
    endloop
  endfacet
  facet normal 0 0 -1
    outer loop
      vertex 16.425149016082287 11.968011662364006 0
      vertex 3.7862631735421 12.296099829898639 0
      vertex 16.61862377077341 12.50873738527298 0
    endloop
  endfacet
  facet normal 0 0 -1
    outer loop
      vertex 16.61862377077341 12.50873738527298 0
      vertex 4.084089403117402 12.811949991349735 0
      vertex 16.79430289566517 13.05550391227007 0
    endloop
  endfacet
  facet normal 0 0 -1
    outer loop
      vertex 16.79430289566517 13.05550391227007 0
      vertex 4.312035730681862 13.362261106848994 0
      vertex 16.951998248696327 13.607725761830807 0
    endloop
  endfacet
  facet normal 0 0 -1
    outer loop
      vertex 16.951998248696327 13.607725761830807 0
      vertex 4.466201931372191 13.937617200635156 0
      vertex 17.0915409848094 14.164811581373215 0
    endloop
  endfacet
  facet normal 0 0 1
    outer loop
      vertex 16.214085794985294 11.433905765414238 2.4
      vertex 16.425149016082287 11.968011662364006 2.4
      vertex 3.0024630382211837 11.40234706868298 2.4
    endloop
  endfacet
  facet normal 0 0 1
    outer loop
      vertex 16.425149016082287 11.968011662364006 2.4
      vertex 16.61862377077341 12.50873738527298 2.4
      vertex 3.6126931056841975 12.05388308072299 2.4
    endloop
  endfacet
  facet normal 0 0 1
    outer loop
      vertex 16.61862377077341 12.50873738527298 2.4
      vertex 16.79430289566517 13.05550391227007 2.4
      vertex 3.943619881213198 12.549150000000001 2.4
    endloop
  endfacet
  facet normal 0 0 1
    outer loop
      vertex 16.79430289566517 13.05550391227007 2.4
      vertex 16.951998248696327 13.607725761830807 2.4
      vertex 4.207070227196646 13.083374454039092 2.4
    endloop
  endfacet
  facet normal 0 0 1
    outer loop
      vertex 16.951998248696327 13.607725761830807 2.4
      vertex 17.0915409848094 14.164811581373215 2.4
      vertex 4.39853643517253 13.64741571431665 2.4
    endloop
  endfacet
  facet normal 0 0 -1
    outer loop
      vertex 17.315590478479862 15.291184440255165 0
      vertex 4.543950178751628 15.123826229575304 0
      vertex 4.51474246523792 15.420377121512448 0
    endloop
  endfacet
  facet normal 0 0 -1
    outer loop
      vertex 17.0915409848094 14.164811581373215 0
      vertex 4.543950178751628 14.528173770424697 0
      vertex 17.21278166770935 14.726164847612381 0
    endloop
  endfacet
  facet normal 0 0 -1
    outer loop
      vertex 17.21278166770935 14.726164847612381 0
      vertex 4.543950178751628 15.123826229575304 0
      vertex 17.315590478479862 15.291184440255165 0
    endloop
  endfacet
  facet normal 0 0 -1
    outer loop
      vertex 17.315590478479862 15.291184440255165 0
      vertex 4.466201931372191 15.714382799364845 0
      vertex 17.399857319891453 15.859265327453613 0
    endloop
  endfacet
  facet normal 0 0 -1
    outer loop
      vertex 17.399857319891453 15.859265327453613 0
      vertex 4.39853643517253 16.00458428568335 0
      vertex 17.465491950511932 16.429799184203148 0
    endloop
  endfacet
  facet normal 0 0 -1
    outer loop
      vertex 17.465491950511932 16.429799184203148 0
      vertex 4.312035730681862 16.289738893151007 0
      vertex 17.51242410391569 17.002175085246563 0
    endloop
  endfacet
  facet normal 0 0 1
    outer loop
      vertex 17.315590478479862 15.291184440255165 2.4
      vertex 4.543950178751628 15.123826229575304 2.4
      vertex 4.5537 14.826 2.4
    endloop
  endfacet
  facet normal 0 0 1
    outer loop
      vertex 17.315590478479862 15.291184440255165 2.4
      vertex 4.51474246523792 15.420377121512448 2.4
      vertex 4.543950178751628 15.123826229575304 2.4
    endloop
  endfacet
  facet normal 0 0 1
    outer loop
      vertex 17.399857319891453 15.859265327453613 2.4
      vertex 4.466201931372191 15.714382799364845 2.4
      vertex 4.51474246523792 15.420377121512448 2.4
    endloop
  endfacet
  facet normal 0 0 1
    outer loop
      vertex 17.465491950511932 16.429799184203148 2.4
      vertex 4.39853643517253 16.00458428568335 2.4
      vertex 4.466201931372191 15.714382799364845 2.4
    endloop
  endfacet
  facet normal 0 0 1
    outer loop
      vertex 17.0915409848094 14.164811581373215 2.4
      vertex 17.21278166770935 14.726164847612381 2.4
      vertex 4.51474246523792 14.231622878487553 2.4
    endloop
  endfacet
  facet normal 0 0 1
    outer loop
      vertex 17.21278166770935 14.726164847612381 2.4
      vertex 17.315590478479862 15.291184440255165 2.4
      vertex 4.5537 14.826 2.4
    endloop
  endfacet
  facet normal 0 0 1
    outer loop
      vertex 17.315590478479862 15.291184440255165 2.4
      vertex 17.399857319891453 15.859265327453613 2.4
      vertex 4.51474246523792 15.420377121512448 2.4
    endloop
  endfacet
  facet normal 0 0 1
    outer loop
      vertex 17.399857319891453 15.859265327453613 2.4
      vertex 17.465491950511932 16.429799184203148 2.4
      vertex 4.466201931372191 15.714382799364845 2.4
    endloop
  endfacet
  facet normal 0 0 1
    outer loop
      vertex 17.465491950511932 16.429799184203148 2.4
      vertex 17.51242410391569 17.002175085246563 2.4
      vertex 4.312035730681862 16.289738893151007 2.4
    endloop
  endfacet
  facet normal 0.9300172224372913 -0.3675159397495922 0
    outer loop
      vertex 16.214085794985294 11.433905765414238 0
      vertex 16.425149016082287 11.968011662364006 0
      vertex 16.214085794985294 11.433905765414238 2.4
    endloop
  endfacet
  facet normal 0.941544066634323 -0.3368898493361019 0
    outer loop
      vertex 16.425149016082287 11.968011662364006 0
      vertex 16.61862377077341 12.50873738527298 0
      vertex 16.425149016082287 11.968011662364006 2.4
    endloop
  endfacet
  facet normal 0.9520626744291515 -0.305903030319759 0
    outer loop
      vertex 16.61862377077341 12.50873738527298 0
      vertex 16.79430289566517 13.05550391227007 0
      vertex 16.61862377077341 12.50873738527298 2.4
    endloop
  endfacet
  facet normal 0.9300172224372913 -0.3675159397495922 0
    outer loop
      vertex 16.214085794985294 11.433905765414238 2.4
      vertex 16.425149016082287 11.968011662364006 0
      vertex 16.425149016082287 11.968011662364006 2.4
    endloop
  endfacet
  facet normal 0.941544066634323 -0.3368898493361019 0
    outer loop
      vertex 16.61862377077341 12.50873738527298 0
      vertex 16.61862377077341 12.50873738527298 2.4
      vertex 16.425149016082287 11.968011662364006 2.4
    endloop
  endfacet
  facet normal 0.9615618012476711 -0.27458860570193766 0
    outer loop
      vertex 16.79430289566517 13.05550391227007 0
      vertex 16.951998248696327 13.607725761830807 0
      vertex 16.79430289566517 13.05550391227007 2.4
    endloop
  endfacet
  facet normal 0.9700312521232816 -0.24298018417998352 0
    outer loop
      vertex 16.951998248696327 13.607725761830807 0
      vertex 17.0915409848094 14.164811581373215 0
      vertex 16.951998248696327 13.607725761830807 2.4
    endloop
  endfacet
  facet normal 0.9520626744291515 -0.305903030319759 0
    outer loop
      vertex 16.79430289566517 13.05550391227007 0
      vertex 16.79430289566517 13.05550391227007 2.4
      vertex 16.61862377077341 12.50873738527298 2.4
    endloop
  endfacet
  facet normal 0.9615618012476711 -0.27458860570193766 0
    outer loop
      vertex 16.951998248696327 13.607725761830807 0
      vertex 16.951998248696327 13.607725761830807 2.4
      vertex 16.79430289566517 13.05550391227007 2.4
    endloop
  endfacet
  facet normal 0.9700312521232816 -0.24298018417998352 0
    outer loop
      vertex 17.0915409848094 14.164811581373215 0
      vertex 17.0915409848094 14.164811581373215 2.4
      vertex 16.951998248696327 13.607725761830807 2.4
    endloop
  endfacet
  facet normal 0.9774619757179698 -0.21111154877344587 0
    outer loop
      vertex 17.0915409848094 14.164811581373215 0
      vertex 17.21278166770935 14.726164847612381 0
      vertex 17.0915409848094 14.164811581373215 2.4
    endloop
  endfacet
  facet normal 0.9838460047375834 -0.17901686781388795 0
    outer loop
      vertex 17.21278166770935 14.726164847612381 0
      vertex 17.315590478479862 15.291184440255165 0
      vertex 17.21278166770935 14.726164847612381 2.4
    endloop
  endfacet
  facet normal 0.9891765094574628 -0.1467304778754233 0
    outer loop
      vertex 17.315590478479862 15.291184440255165 0
      vertex 17.399857319891453 15.859265327453613 0
      vertex 17.315590478479862 15.291184440255165 2.4
    endloop
  endfacet
  facet normal 0.9774619757179698 -0.21111154877344587 0
    outer loop
      vertex 17.0915409848094 14.164811581373215 2.4
      vertex 17.21278166770935 14.726164847612381 0
      vertex 17.21278166770935 14.726164847612381 2.4
    endloop
  endfacet
  facet normal 0.9838460047375834 -0.17901686781388795 0
    outer loop
      vertex 17.315590478479862 15.291184440255165 0
      vertex 17.315590478479862 15.291184440255165 2.4
      vertex 17.21278166770935 14.726164847612381 2.4
    endloop
  endfacet
  facet normal 0.9891765094574628 -0.1467304778754233 0
    outer loop
      vertex 17.399857319891453 15.859265327453613 0
      vertex 17.399857319891453 15.859265327453613 2.4
      vertex 17.315590478479862 15.291184440255165 2.4
    endloop
  endfacet
  facet normal 0.9934477799909898 -0.11428695652161623 0
    outer loop
      vertex 17.399857319891453 15.859265327453613 0
      vertex 17.465491950511932 16.429799184203148 0
      vertex 17.399857319891453 15.859265327453613 2.4
    endloop
  endfacet
  facet normal 0.9966552388623053 -0.08172107958367356 0
    outer loop
      vertex 17.465491950511932 16.429799184203148 0
      vertex 17.51242410391569 17.002175085246563 0
      vertex 17.465491950511932 16.429799184203148 2.4
    endloop
  endfacet
  facet normal 0.9934477799909898 -0.11428695652161623 0
    outer loop
      vertex 17.465491950511932 16.429799184203148 0
      vertex 17.465491950511932 16.429799184203148 2.4
      vertex 17.399857319891453 15.859265327453613 2.4
    endloop
  endfacet
  facet normal 0.9966552388623053 -0.08172107958367356 0
    outer loop
      vertex 17.51242410391569 17.002175085246563 0
      vertex 17.51242410391569 17.002175085246563 2.4
      vertex 17.465491950511932 16.429799184203148 2.4
    endloop
  endfacet
  facet normal 0 0 -1
    outer loop
      vertex 17.51242410391569 17.002175085246563 0
      vertex 4.084089403117402 16.840050008650266 0
      vertex 17.540603511035442 17.57578009366989 0
    endloop
  endfacet
  facet normal 0 0 -1
    outer loop
      vertex 17.540603511035442 17.57578009366989 0
      vertex 3.7862631735421 17.355900170101364 0
      vertex 17.549999997019768 18.149999998509884 0
    endloop
  endfacet
  facet normal 0 0 -1
    outer loop
      vertex 17.549999997019768 18.149999998509884 0
      vertex 3.2199521494891816 18.04595214948918 0
      vertex 17.540603511035442 18.724219903349876 0
    endloop
  endfacet
  facet normal 0 0 -1
    outer loop
      vertex 17.540603511035442 18.724219903349876 0
      vertex 2.5299001701013624 18.6122631735421 0
      vertex 17.51242410391569 19.297824919223785 0
    endloop
  endfacet
  facet normal 0 0 -1
    outer loop
      vertex 17.51242410391569 19.297824919223785 0
      vertex 1.463738893151007 19.138035730681864 0
      vertex 17.465491950511932 19.87020081281662 0
    endloop
  endfacet
  facet normal 0 0 1
    outer loop
      vertex 17.51242410391569 17.002175085246563 2.4
      vertex 17.540603511035442 17.57578009366989 2.4
      vertex 4.084089403117402 16.840050008650266 2.4
    endloop
  endfacet
  facet normal 0 0 1
    outer loop
      vertex 17.540603511035442 17.57578009366989 2.4
      vertex 17.549999997019768 18.149999998509884 2.4
      vertex 3.943619881213198 17.10285 2.4
    endloop
  endfacet
  facet normal 0 0 1
    outer loop
      vertex 17.549999997019768 18.149999998509884 2.4
      vertex 17.540603511035442 18.724219903349876 2.4
      vertex 3.42365293131702 17.828463038221184 2.4
    endloop
  endfacet
  facet normal 0 0 1
    outer loop
      vertex 17.540603511035442 18.724219903349876 2.4
      vertex 17.51242410391569 19.297824919223785 2.4
      vertex 2.7721169192770114 18.438693105684198 2.4
    endloop
  endfacet
  facet normal 0 0 1
    outer loop
      vertex 17.51242410391569 19.297824919223785 2.4
      vertex 17.465491950511932 19.87020081281662 2.4
      vertex 1.7426255459609095 19.033070227196646 2.4
    endloop
  endfacet
  facet normal 0.9987954562014241 -0.04906767440371719 0
    outer loop
      vertex 17.51242410391569 17.002175085246563 0
      vertex 17.540603511035442 17.57578009366989 0
      vertex 17.51242410391569 17.002175085246563 2.4
    endloop
  endfacet
  facet normal 0.999866138018579 -0.01636172496443005 0
    outer loop
      vertex 17.540603511035442 17.57578009366989 0
      vertex 17.549999997019768 18.149999998509884 0
      vertex 17.540603511035442 17.57578009366989 2.4
    endloop
  endfacet
  facet normal 0.999866138018579 0.01636172496443005 0
    outer loop
      vertex 17.549999997019768 18.149999998509884 0
      vertex 17.540603511035442 18.724219903349876 0
      vertex 17.549999997019768 18.149999998509884 2.4
    endloop
  endfacet
  facet normal 0.9987954562014241 -0.04906767440371719 0
    outer loop
      vertex 17.51242410391569 17.002175085246563 2.4
      vertex 17.540603511035442 17.57578009366989 0
      vertex 17.540603511035442 17.57578009366989 2.4
    endloop
  endfacet
  facet normal 0.999866138018579 -0.01636172496443005 0
    outer loop
      vertex 17.549999997019768 18.149999998509884 0
      vertex 17.549999997019768 18.149999998509884 2.4
      vertex 17.540603511035442 17.57578009366989 2.4
    endloop
  endfacet
  facet normal 0.9987954562326592 0.04906767376790951 0
    outer loop
      vertex 17.540603511035442 18.724219903349876 0
      vertex 17.51242410391569 19.297824919223785 0
      vertex 17.540603511035442 18.724219903349876 2.4
    endloop
  endfacet
  facet normal 0.9966552387756646 0.08172108064032751 0
    outer loop
      vertex 17.51242410391569 19.297824919223785 0
      vertex 17.465491950511932 19.87020081281662 0
      vertex 17.51242410391569 19.297824919223785 2.4
    endloop
  endfacet
  facet normal 0.999866138018579 0.01636172496443005 0
    outer loop
      vertex 17.540603511035442 18.724219903349876 0
      vertex 17.540603511035442 18.724219903349876 2.4
      vertex 17.549999997019768 18.149999998509884 2.4
    endloop
  endfacet
  facet normal 0.9987954562326592 0.04906767376790951 0
    outer loop
      vertex 17.51242410391569 19.297824919223785 0
      vertex 17.51242410391569 19.297824919223785 2.4
      vertex 17.540603511035442 18.724219903349876 2.4
    endloop
  endfacet
  facet normal 0.9966552387756646 0.08172108064032751 0
    outer loop
      vertex 17.465491950511932 19.87020081281662 0
      vertex 17.465491950511932 19.87020081281662 2.4
      vertex 17.51242410391569 19.297824919223785 2.4
    endloop
  endfacet
  facet normal 0.993447780160442 0.114286955048641 0
    outer loop
      vertex 17.465491950511932 19.87020081281662 0
      vertex 17.399857319891453 20.440734677016735 0
      vertex 17.465491950511932 19.87020081281662 2.4
    endloop
  endfacet
  facet normal 0.9891765091781477 0.14673047975841264 0
    outer loop
      vertex 17.399857319891453 20.440734677016735 0
      vertex 17.315590478479862 21.008815556764603 0
      vertex 17.399857319891453 20.440734677016735 2.4
    endloop
  endfacet
  facet normal 0.9838460047375834 0.17901686781388795 0
    outer loop
      vertex 17.315590478479862 21.008815556764603 0
      vertex 17.21278166770935 21.573835149407387 0
      vertex 17.315590478479862 21.008815556764603 2.4
    endloop
  endfacet
  facet normal 0.993447780160442 0.114286955048641 0
    outer loop
      vertex 17.465491950511932 19.87020081281662 2.4
      vertex 17.399857319891453 20.440734677016735 0
      vertex 17.399857319891453 20.440734677016735 2.4
    endloop
  endfacet
  facet normal 0.9891765091781477 0.14673047975841264 0
    outer loop
      vertex 17.315590478479862 21.008815556764603 0
      vertex 17.315590478479862 21.008815556764603 2.4
      vertex 17.399857319891453 20.440734677016735 2.4
    endloop
  endfacet
  facet normal 0.9774619757179698 0.21111154877344587 0
    outer loop
      vertex 17.21278166770935 21.573835149407387 0
      vertex 17.0915409848094 22.135188415646553 0
      vertex 17.21278166770935 21.573835149407387 2.4
    endloop
  endfacet
  facet normal 0.9615618097525768 0.2745885759192273 0
    outer loop
      vertex 16.93023082613945 22.76850000023842 0
      vertex 16.951998248696327 22.69227424263954 2.4
      vertex 16.951998248696327 22.69227424263954 0
    endloop
  endfacet
  facet normal 0.9700312528892228 0.24298018112217476 0
    outer loop
      vertex 16.951998248696327 22.69227424263954 0
      vertex 17.0915409848094 22.135188415646553 2.4
      vertex 17.0915409848094 22.135188415646553 0
    endloop
  endfacet
  facet normal 0.9838460047375834 0.17901686781388795 0
    outer loop
      vertex 17.21278166770935 21.573835149407387 0
      vertex 17.21278166770935 21.573835149407387 2.4
      vertex 17.315590478479862 21.008815556764603 2.4
    endloop
  endfacet
  facet normal 0.9774619757179698 0.21111154877344587 0
    outer loop
      vertex 17.0915409848094 22.135188415646553 0
      vertex 17.0915409848094 22.135188415646553 2.4
      vertex 17.21278166770935 21.573835149407387 2.4
    endloop
  endfacet
  facet normal 0.9700312528892228 0.24298018112217476 0
    outer loop
      vertex 16.951998248696327 22.69227424263954 0
      vertex 16.951998248696327 22.69227424263954 2.4
      vertex 17.0915409848094 22.135188415646553 2.4
    endloop
  endfacet
  facet normal 0.9615618097525768 0.2745885759192273 0
    outer loop
      vertex 16.93023082613945 22.76850000023842 0
      vertex 16.93023082613945 22.76850000023842 2.4
      vertex 16.951998248696327 22.69227424263954 2.4
    endloop
  endfacet
  facet normal 0 0 -1
    outer loop
      vertex -9.50522131472826 2.864360734820366 0
      vertex -8.5 3.4275681376457214 0
      vertex -9 2.561542734503746 0
    endloop
  endfacet
  facet normal 0 0 -1
    outer loop
      vertex -10.48459854722023 3.518759675323963 0
      vertex -9.444693960249424 4.015016593039036 0
      vertex -10.000264197587967 3.1835469752550125 0
    endloop
  endfacet
  facet normal 0 0 -1
    outer loop
      vertex -10.48459854722023 3.518759675323963 0
      vertex -10.943000003695488 3.8587333634495735 0
      vertex -9.902120843529701 4.331606358289719 0
    endloop
  endfacet
  facet normal 0 0 -1
    outer loop
      vertex -10.943000003695488 3.8587333634495735 0
      vertex -10.943000003695488 4.432393930639016 0
      vertex -10.683763079345226 4.22664887458086 0
    endloop
  endfacet
  facet normal 0 0 -1
    outer loop
      vertex -10.943000003695488 3.8587333634495735 0
      vertex -10.683763079345226 4.22664887458086 0
      vertex -10.67567493323257 4.220650296607569 0
    endloop
  endfacet
  facet normal 0 0 -1
    outer loop
      vertex -10.943000003695488 3.8587333634495735 0
      vertex -10.67567493323257 4.220650296607569 0
      vertex -9.902120843529701 4.331606358289719 0
    endloop
  endfacet
  facet normal 0 0 -1
    outer loop
      vertex -10.48459854722023 3.518759675323963 0
      vertex -9.902120843529701 4.331606358289719 0
      vertex -9.444693960249424 4.015016593039036 0
    endloop
  endfacet
  facet normal -1 0 0
    outer loop
      vertex -10.943000003695488 3.8587333634495735 0
      vertex -10.943000003695488 4.432393930639016 2.4
      vertex -10.943000003695488 4.432393930639016 0
    endloop
  endfacet
  facet normal 0 0 -1
    outer loop
      vertex -9.50522131472826 2.864360734820366 0
      vertex -10.000264197587967 3.1835469752550125 0
      vertex -8.977153457701206 3.7135629132390022 0
    endloop
  endfacet
  facet normal 0 0 -1
    outer loop
      vertex -10.000264197587967 3.1835469752550125 0
      vertex -9.444693960249424 4.015016593039036 0
      vertex -8.977153457701206 3.7135629132390022 0
    endloop
  endfacet
  facet normal 0 0 -1
    outer loop
      vertex -9.50522131472826 2.864360734820366 0
      vertex -8.977153457701206 3.7135629132390022 0
      vertex -8.5 3.4275681376457214 0
    endloop
  endfacet
  facet normal 0 0 -1
    outer loop
      vertex -10.67567493323257 4.220650296607569 0
      vertex -10.348944291472435 4.662993215024471 0
      vertex -9.902120843529701 4.331606358289719 0
    endloop
  endfacet
  facet normal 0 0 -1
    outer loop
      vertex -9 2.561542734503746 0
      vertex -8.0137445256114 3.157338507473469 0
      vertex -8.485141262412071 2.275417238473892 0
    endloop
  endfacet
  facet normal 0 0 -1
    outer loop
      vertex -7.961196422576904 2.006290651857853 0
      vertex -8.485141262412071 2.275417238473892 0
      vertex -7.518907733261585 2.903163395822048 0
    endloop
  endfacet
  facet normal 0 0 -1
    outer loop
      vertex -8.485141262412071 2.275417238473892 0
      vertex -8.0137445256114 3.157338507473469 0
      vertex -7.518907733261585 2.903163395822048 0
    endloop
  endfacet
  facet normal 0 0 -1
    outer loop
      vertex -7.961196422576904 2.006290651857853 0
      vertex -7.016019508242607 2.665314979851246 0
      vertex -7.42872653901577 1.754451148211956 0
    endloop
  endfacet
  facet normal 0 0 -1
    outer loop
      vertex -6.888301782310009 1.5201684162020683 0
      vertex -7.42872653901577 1.754451148211956 0
      vertex -6.5056183487176895 2.444047950208187 0
    endloop
  endfacet
  facet normal 0 0 -1
    outer loop
      vertex -7.961196422576904 2.006290651857853 0
      vertex -7.518907733261585 2.903163395822048 0
      vertex -7.016019508242607 2.665314979851246 0
    endloop
  endfacet
  facet normal 0 0 -1
    outer loop
      vertex -7.42872653901577 1.754451148211956 0
      vertex -7.016019508242607 2.665314979851246 0
      vertex -6.5056183487176895 2.444047950208187 0
    endloop
  endfacet
  facet normal 0 0 -1
    outer loop
      vertex -6.340500861406326 1.3036933168768883 0
      vertex -5.464470908045769 2.0521878004074097 0
      vertex -5.785910375416279 1.1052576676011086 0
    endloop
  endfacet
  facet normal 0 0 -1
    outer loop
      vertex -5.785910375416279 1.1052576676011086 0
      vertex -4.934839516878128 1.8820142894983292 0
      vertex -5.225124187767506 0.9250739589333534 0
    endloop
  endfacet
  facet normal 0 0 -1
    outer loop
      vertex -4.658742815256119 0.7633351236581802 0
      vertex -5.225124187767506 0.9250739589333534 0
      vertex -4.399923764169216 1.7292609512805939 0
    endloop
  endfacet
  facet normal 0 0 -1
    outer loop
      vertex -5.225124187767506 0.9250739589333534 0
      vertex -4.934839516878128 1.8820142894983292 0
      vertex -4.399923764169216 1.7292609512805939 0
    endloop
  endfacet
  facet normal 0 0 -1
    outer loop
      vertex -6.888301782310009 1.5201684162020683 0
      vertex -5.988250814378262 2.2395992428064346 0
      vertex -6.340500861406326 1.3036933168768883 0
    endloop
  endfacet
  facet normal 0 0 -1
    outer loop
      vertex -6.888301782310009 1.5201684162020683 0
      vertex -6.5056183487176895 2.444047950208187 0
      vertex -5.988250814378262 2.2395992428064346 0
    endloop
  endfacet
  facet normal 0 0 -1
    outer loop
      vertex -6.340500861406326 1.3036933168768883 0
      vertex -5.988250814378262 2.2395992428064346 0
      vertex -5.464470908045769 2.0521878004074097 0
    endloop
  endfacet
  facet normal 0 0 -1
    outer loop
      vertex -5.785910375416279 1.1052576676011086 0
      vertex -5.464470908045769 2.0521878004074097 0
      vertex -4.934839516878128 1.8820142894983292 0
    endloop
  endfacet
  facet normal 0 0 -1
    outer loop
      vertex -9 2.561542734503746 0
      vertex -8.5 3.4275681376457214 0
      vertex -8.0137445256114 3.157338507473469 0
    endloop
  endfacet
  facet normal 0 0 -1
    outer loop
      vertex -4.658742815256119 0.7633351236581802 0
      vertex -3.8602964729070663 1.5940913558006287 0
      vertex -4.087372735142708 0.6202143728733063 0
    endloop
  endfacet
  facet normal 0 0 -1
    outer loop
      vertex -4.658742815256119 0.7633351236581802 0
      vertex -4.399923764169216 1.7292609512805939 0
      vertex -3.8602964729070663 1.5940913558006287 0
    endloop
  endfacet
  facet normal 0 0 -1
    outer loop
      vertex -4.087372735142708 0.6202143728733063 0
      vertex -3.316535472869873 1.4766502305865288 0
      vertex -3.511625796556473 0.49586495012044907 0
    endloop
  endfacet
  facet normal 0 0 -1
    outer loop
      vertex -4.087372735142708 0.6202143728733063 0
      vertex -3.8602964729070663 1.5940913558006287 0
      vertex -3.316535472869873 1.4766502305865288 0
    endloop
  endfacet
  facet normal 0 0 -1
    outer loop
      vertex -3.511625796556473 0.49586495012044907 0
      vertex -2.7692230492830276 1.3770633563399315 0
      vertex -2.932118520140648 0.39042001962661743 0
    endloop
  endfacet
  facet normal 0 0 -1
    outer loop
      vertex -2.932118520140648 0.39042001962661743 0
      vertex -2.218945264816284 1.2954373583197594 0
      vertex -2.3494714573025703 0.30399249494075775 0
    endloop
  endfacet
  facet normal 0 0 -1
    outer loop
      vertex -3.511625796556473 0.49586495012044907 0
      vertex -3.316535472869873 1.4766502305865288 0
      vertex -2.7692230492830276 1.3770633563399315 0
    endloop
  endfacet
  facet normal 0 0 -1
    outer loop
      vertex -2.932118520140648 0.39042001962661743 0
      vertex -2.7692230492830276 1.3770633563399315 0
      vertex -2.218945264816284 1.2954373583197594 0
    endloop
  endfacet
  facet normal 0 0 -1
    outer loop
      vertex -2.3494714573025703 0.30399249494075775 0
      vertex -1.6662913858890533 1.2318596467375755 0
      vertex -1.7643085271120071 0.23667491972446442 0
    endloop
  endfacet
  facet normal 0 0 -1
    outer loop
      vertex -1.7643085271120071 0.23667491972446442 0
      vertex -1.1118531972169876 1.1863983049988747 0
      vertex -1.1772563233971596 0.18853937834501266 0
    endloop
  endfacet
  facet normal 0 0 -1
    outer loop
      vertex -2.3494714573025703 0.30399249494075775 0
      vertex -2.218945264816284 1.2954373583197594 0
      vertex -1.6662913858890533 1.2318596467375755 0
    endloop
  endfacet
  facet normal 0 0 -1
    outer loop
      vertex -1.7643085271120071 0.23667491972446442 0
      vertex -1.6662913858890533 1.2318596467375755 0
      vertex -1.1118531972169876 1.1863983049988747 0
    endloop
  endfacet
  facet normal 0 0 -1
    outer loop
      vertex -1.1772563233971596 0.18853937834501266 0
      vertex -0.5562244057655334 1.159102015197277 0
      vertex -0.5889434888958931 0.1596374288201332 0
    endloop
  endfacet
  facet normal 0 0 -1
    outer loop
      vertex -1.1772563233971596 0.18853937834501266 0
      vertex -1.1118531972169876 1.1863983049988747 0
      vertex -0.5562244057655334 1.159102015197277 0
    endloop
  endfacet
  facet normal 0 0 -1
    outer loop
      vertex -0.5889434888958931 0.1596374288201332 0
      vertex 0 1.1499999985098839 0
      vertex 0 0.14999999850988388 0
    endloop
  endfacet
  facet normal 0 0 -1
    outer loop
      vertex -0.5889434888958931 0.1596374288201332 0
      vertex -0.5562244057655334 1.159102015197277 0
      vertex 0 1.1499999985098839 0
    endloop
  endfacet
  facet normal -0.5141027415253798 -0.8577286115993149 0
    outer loop
      vertex -9.50522131472826 2.864360734820366 0
      vertex -9 2.561542734503746 0
      vertex -9.50522131472826 2.864360734820366 29.4
    endloop
  endfacet
  facet normal -0.4857634010139576 -0.8740903375712107 0
    outer loop
      vertex -9 2.561542734503746 0
      vertex -8.485141262412071 2.275417238473892 0
      vertex -9 2.561542734503746 29.4
    endloop
  endfacet
  facet normal -0.5691001470495285 -0.8222682181795701 0
    outer loop
      vertex -10.48459854722023 3.518759675323963 0
      vertex -10.000264197587967 3.1835469752550125 0
      vertex -10.48459854722023 3.518759675323963 29.4
    endloop
  endfacet
  facet normal -0.5956993016876952 -0.8032075335607807 0
    outer loop
      vertex -10.48459854722023 3.518759675323963 0
      vertex -10.943000003695488 3.8587333634495735 29.4
      vertex -10.943000003695488 3.8587333634495735 0
    endloop
  endfacet
  facet normal -0.5418915736966279 -0.8404484055292104 0
    outer loop
      vertex -9.50522131472826 2.864360734820366 0
      vertex -10.000264197587967 3.1835469752550125 29.4
      vertex -10.000264197587967 3.1835469752550125 0
    endloop
  endfacet
  facet normal -1 0 0
    outer loop
      vertex -10.943000003695488 3.8587333634495735 0
      vertex -10.943000003695488 5 29.4
      vertex -10.943000003695488 4.432393930639016 2.4
    endloop
  endfacet
  facet normal 0.5141027431624805 0.8577286106180745 0
    outer loop
      vertex -8.977153457701206 3.7135629132390022 2.4
      vertex -8.977153457701206 3.7135629132390022 29.4
      vertex -8.5 3.4275681376457214 2.4
    endloop
  endfacet
  facet normal 0.569100140586298 0.8222682226528372 0
    outer loop
      vertex -9.902120843529701 4.331606358289719 2.4
      vertex -9.902120843529701 4.331606358289719 29.4
      vertex -9.444693960249424 4.015016593039036 2.4
    endloop
  endfacet
  facet normal 0.5418915825137023 0.8404483998442708 0
    outer loop
      vertex -9.444693960249424 4.015016593039036 2.4
      vertex -9.444693960249424 4.015016593039036 29.4
      vertex -8.977153457701206 3.7135629132390022 2.4
    endloop
  endfacet
  facet normal -1 0 0
    outer loop
      vertex -10.943000003695488 4.432393930639016 2.4
      vertex -10.943000003695488 5 29.4
      vertex -10.943000003695488 5 2.4
    endloop
  endfacet
  facet normal 0 1 0
    outer loop
      vertex -10.943000003695488 5 2.4
      vertex -10.943000003695488 5 29.4
      vertex -10.773569822311401 5 2.4
    endloop
  endfacet
  facet normal 0.6216605706284744 0.7832867514045413 0
    outer loop
      vertex -10.773569822311401 5 2.4
      vertex -10.773569822311401 5 29.4
      vertex -10.348944291472435 4.662993215024471 2.4
    endloop
  endfacet
  facet normal 0.5956993073695094 0.80320752934686 0
    outer loop
      vertex -9.902120843529701 4.331606358289719 2.4
      vertex -10.348944291472435 4.662993215024471 2.4
      vertex -10.348944291472435 4.662993215024471 29.4
    endloop
  endfacet
  facet normal -0.36751594031742074 -0.9300172222129018 0
    outer loop
      vertex -6.888301782310009 1.5201684162020683 0
      vertex -6.340500861406326 1.3036933168768883 0
      vertex -6.888301782310009 1.5201684162020683 29.4
    endloop
  endfacet
  facet normal -0.45690387137348754 -0.8895160776084485 0
    outer loop
      vertex -7.961196422576904 2.006290651857853 0
      vertex -8.485141262412071 2.275417238473892 29.4
      vertex -8.485141262412071 2.275417238473892 0
    endloop
  endfacet
  facet normal -0.4275550996714407 -0.9039892901715951 0
    outer loop
      vertex -7.961196422576904 2.006290651857853 0
      vertex -7.42872653901577 1.754451148211956 0
      vertex -7.961196422576904 2.006290651857853 29.4
    endloop
  endfacet
  facet normal -0.39774846620197074 -0.9174945000565288 0
    outer loop
      vertex -6.888301782310009 1.5201684162020683 0
      vertex -7.42872653901577 1.754451148211956 29.4
      vertex -7.42872653901577 1.754451148211956 0
    endloop
  endfacet
  facet normal -0.3368898539971554 -0.9415440649665715 0
    outer loop
      vertex -6.340500861406326 1.3036933168768883 0
      vertex -5.785910375416279 1.1052576676011086 0
      vertex -6.340500861406326 1.3036933168768883 29.4
    endloop
  endfacet
  facet normal -0.3059030131858044 -0.9520626799343862 0
    outer loop
      vertex -5.785910375416279 1.1052576676011086 0
      vertex -5.225124187767506 0.9250739589333534 0
      vertex -5.785910375416279 1.1052576676011086 29.4
    endloop
  endfacet
  facet normal -0.24298017394940233 -0.9700312546859087 0
    outer loop
      vertex -4.658742815256119 0.7633351236581802 0
      vertex -4.087372735142708 0.6202143728733063 0
      vertex -4.658742815256119 0.7633351236581802 29.4
    endloop
  endfacet
  facet normal -0.27458862921840593 -0.9615617945321855 0
    outer loop
      vertex -4.658742815256119 0.7633351236581802 0
      vertex -5.225124187767506 0.9250739589333534 29.4
      vertex -5.225124187767506 0.9250739589333534 0
    endloop
  endfacet
  facet normal -0.21111155630225079 -0.9774619740919037 0
    outer loop
      vertex -4.087372735142708 0.6202143728733063 0
      vertex -3.511625796556473 0.49586495012044907 0
      vertex -4.087372735142708 0.6202143728733063 29.4
    endloop
  endfacet
  facet normal -0.17901686127777444 -0.9838460059268695 0
    outer loop
      vertex -3.511625796556473 0.49586495012044907 0
      vertex -2.932118520140648 0.39042001962661743 0
      vertex -3.511625796556473 0.49586495012044907 29.4
    endloop
  endfacet
  facet normal -0.14673046985964316 -0.9891765106464913 0
    outer loop
      vertex -2.932118520140648 0.39042001962661743 0
      vertex -2.3494714573025703 0.30399249494075775 0
      vertex -2.932118520140648 0.39042001962661743 29.4
    endloop
  endfacet
  facet normal -0.11428696544755387 -0.9934477789641434 0
    outer loop
      vertex -2.3494714573025703 0.30399249494075775 0
      vertex -1.7643085271120071 0.23667491972446442 0
      vertex -2.3494714573025703 0.30399249494075775 29.4
    endloop
  endfacet
  facet normal -0.08172107896057931 -0.9966552389133961 0
    outer loop
      vertex -1.7643085271120071 0.23667491972446442 0
      vertex -1.1772563233971596 0.18853937834501266 0
      vertex -1.7643085271120071 0.23667491972446442 29.4
    endloop
  endfacet
  facet normal -0.04906766295781358 -0.9987954567637252 0
    outer loop
      vertex -1.1772563233971596 0.18853937834501266 0
      vertex -0.5889434888958931 0.1596374288201332 0
      vertex -1.1772563233971596 0.18853937834501266 29.4
    endloop
  endfacet
  facet normal -0.016361739970045048 -0.9998661377730284 0
    outer loop
      vertex -0.5889434888958931 0.1596374288201332 0
      vertex 0 0.14999999850988388 0
      vertex -0.5889434888958931 0.1596374288201332 29.4
    endloop
  endfacet
  facet normal 0.4275550924406505 0.9039892935915043 0
    outer loop
      vertex -7.518907733261585 2.903163395822048 2.4
      vertex -7.518907733261585 2.903163395822048 29.4
      vertex -7.016019508242607 2.665314979851246 2.4
    endloop
  endfacet
  facet normal 0.3977484734466261 0.9174944969158554 0
    outer loop
      vertex -7.016019508242607 2.665314979851246 2.4
      vertex -7.016019508242607 2.665314979851246 29.4
      vertex -6.5056183487176895 2.444047950208187 2.4
    endloop
  endfacet
  facet normal 0.3368898457489033 0.9415440679178432 0
    outer loop
      vertex -5.988250814378262 2.2395992428064346 2.4
      vertex -5.988250814378262 2.2395992428064346 29.4
      vertex -5.464470908045769 2.0521878004074097 2.4
    endloop
  endfacet
  facet normal 0.36751594545039035 0.9300172201845005 0
    outer loop
      vertex -5.988250814378262 2.2395992428064346 2.4
      vertex -6.5056183487176895 2.444047950208187 2.4
      vertex -6.5056183487176895 2.444047950208187 29.4
    endloop
  endfacet
  facet normal 0.30590303100851546 0.9520626742078503 0
    outer loop
      vertex -5.464470908045769 2.0521878004074097 2.4
      vertex -5.464470908045769 2.0521878004074097 29.4
      vertex -4.934839516878128 1.8820142894983292 2.4
    endloop
  endfacet
  facet normal 0.2745886132017159 0.9615617991059953 0
    outer loop
      vertex -4.934839516878128 1.8820142894983292 2.4
      vertex -4.934839516878128 1.8820142894983292 29.4
      vertex -4.399923764169216 1.7292609512805939 2.4
    endloop
  endfacet
  facet normal 0.4857633941920896 0.8740903413623677 0
    outer loop
      vertex -8.5 3.4275681376457214 2.4
      vertex -8.5 3.4275681376457214 29.4
      vertex -8.0137445256114 3.157338507473469 2.4
    endloop
  endfacet
  facet normal 0.4569038749219522 0.8895160757857641 0
    outer loop
      vertex -7.518907733261585 2.903163395822048 2.4
      vertex -8.0137445256114 3.157338507473469 2.4
      vertex -8.0137445256114 3.157338507473469 29.4
    endloop
  endfacet
  facet normal 0.21111156177912094 0.9774619729090132 0
    outer loop
      vertex -3.316535472869873 1.4766502305865288 2.4
      vertex -3.8602964729070663 1.5940913558006287 2.4
      vertex -3.8602964729070663 1.5940913558006287 29.4
    endloop
  endfacet
  facet normal 0.17901685466586198 0.983846007129948 0
    outer loop
      vertex -3.316535472869873 1.4766502305865288 2.4
      vertex -3.316535472869873 1.4766502305865288 29.4
      vertex -2.7692230492830276 1.3770633563399315 2.4
    endloop
  endfacet
  facet normal 0.14673047347193627 0.9891765101106584 0
    outer loop
      vertex -2.7692230492830276 1.3770633563399315 2.4
      vertex -2.7692230492830276 1.3770633563399315 29.4
      vertex -2.218945264816284 1.2954373583197594 2.4
    endloop
  endfacet
  facet normal 0.24298017255459015 0.970031255035291 0
    outer loop
      vertex -4.399923764169216 1.7292609512805939 2.4
      vertex -4.399923764169216 1.7292609512805939 29.4
      vertex -3.8602964729070663 1.5940913558006287 2.4
    endloop
  endfacet
  facet normal 0.1142869683004502 0.9934477786359441 0
    outer loop
      vertex -2.218945264816284 1.2954373583197594 2.4
      vertex -2.218945264816284 1.2954373583197594 29.4
      vertex -1.6662913858890533 1.2318596467375755 2.4
    endloop
  endfacet
  facet normal 0.08172107433234525 0.9966552392928898 0
    outer loop
      vertex -1.6662913858890533 1.2318596467375755 2.4
      vertex -1.6662913858890533 1.2318596467375755 29.4
      vertex -1.1118531972169876 1.1863983049988747 2.4
    endloop
  endfacet
  facet normal 0.04906767008880101 0.9987954564134024 0
    outer loop
      vertex -1.1118531972169876 1.1863983049988747 2.4
      vertex -1.1118531972169876 1.1863983049988747 29.4
      vertex -0.5562244057655334 1.159102015197277 2.4
    endloop
  endfacet
  facet normal 0.016361738494490904 0.9998661377971743 0
    outer loop
      vertex -0.5562244057655334 1.159102015197277 2.4
      vertex -0.5562244057655334 1.159102015197277 29.4
      vertex 0 1.1499999985098839 2.4
    endloop
  endfacet
  facet normal 0 0 -1
    outer loop
      vertex 0 0.14999999850988388 0
      vertex 0.5562244057655334 1.159102015197277 0
      vertex 0.5889434888958931 0.1596374288201332 0
    endloop
  endfacet
  facet normal 0 0 -1
    outer loop
      vertex 0 0.14999999850988388 0
      vertex 0 1.1499999985098839 0
      vertex 0.5562244057655334 1.159102015197277 0
    endloop
  endfacet
  facet normal 0 0 -1
    outer loop
      vertex 0.5889434888958931 0.1596374288201332 0
      vertex 0.5562244057655334 1.159102015197277 0
      vertex 1.1118531972169876 1.1863983049988747 0
    endloop
  endfacet
  facet normal 0 0 -1
    outer loop
      vertex 0.5889434888958931 0.1596374288201332 0
      vertex 1.1118531972169876 1.1863983049988747 0
      vertex 1.1772563233971596 0.18853937834501266 0
    endloop
  endfacet
  facet normal 0 0 -1
    outer loop
      vertex 1.1772563233971596 0.18853937834501266 0
      vertex 1.6662913858890533 1.2318596467375755 0
      vertex 1.7643085271120071 0.23667491972446442 0
    endloop
  endfacet
  facet normal 0 0 -1
    outer loop
      vertex 1.7643085271120071 0.23667491972446442 0
      vertex 2.218945264816284 1.2954373583197594 0
      vertex 2.3494714573025703 0.30399249494075775 0
    endloop
  endfacet
  facet normal 0 0 -1
    outer loop
      vertex 1.1772563233971596 0.18853937834501266 0
      vertex 1.1118531972169876 1.1863983049988747 0
      vertex 1.6662913858890533 1.2318596467375755 0
    endloop
  endfacet
  facet normal 0 0 -1
    outer loop
      vertex 1.7643085271120071 0.23667491972446442 0
      vertex 1.6662913858890533 1.2318596467375755 0
      vertex 2.218945264816284 1.2954373583197594 0
    endloop
  endfacet
  facet normal 0 0 -1
    outer loop
      vertex 2.3494714573025703 0.30399249494075775 0
      vertex 2.7692230492830276 1.3770633563399315 0
      vertex 2.932118520140648 0.39042001962661743 0
    endloop
  endfacet
  facet normal 0 0 -1
    outer loop
      vertex 2.932118520140648 0.39042001962661743 0
      vertex 3.316535472869873 1.4766502305865288 0
      vertex 3.511625796556473 0.49586495012044907 0
    endloop
  endfacet
  facet normal 0 0 -1
    outer loop
      vertex 2.3494714573025703 0.30399249494075775 0
      vertex 2.218945264816284 1.2954373583197594 0
      vertex 2.7692230492830276 1.3770633563399315 0
    endloop
  endfacet
  facet normal 0 0 -1
    outer loop
      vertex 2.932118520140648 0.39042001962661743 0
      vertex 2.7692230492830276 1.3770633563399315 0
      vertex 3.316535472869873 1.4766502305865288 0
    endloop
  endfacet
  facet normal 0 0 -1
    outer loop
      vertex 3.511625796556473 0.49586495012044907 0
      vertex 3.316535472869873 1.4766502305865288 0
      vertex 3.8602964729070663 1.5940913558006287 0
    endloop
  endfacet
  facet normal 0 0 -1
    outer loop
      vertex 3.511625796556473 0.49586495012044907 0
      vertex 3.8602964729070663 1.5940913558006287 0
      vertex 4.087372735142708 0.6202143728733063 0
    endloop
  endfacet
  facet normal 0 0 -1
    outer loop
      vertex 4.087372735142708 0.6202143728733063 0
      vertex 4.399923764169216 1.7292609512805939 0
      vertex 4.658742815256119 0.7633351236581802 0
    endloop
  endfacet
  facet normal 0 0 -1
    outer loop
      vertex 4.087372735142708 0.6202143728733063 0
      vertex 3.8602964729070663 1.5940913558006287 0
      vertex 4.399923764169216 1.7292609512805939 0
    endloop
  endfacet
  facet normal 0 0 -1
    outer loop
      vertex 4.658742815256119 0.7633351236581802 0
      vertex 4.399923764169216 1.7292609512805939 0
      vertex 4.934839516878128 1.8820142894983292 0
    endloop
  endfacet
  facet normal 0 0 -1
    outer loop
      vertex 4.658742815256119 0.7633351236581802 0
      vertex 4.934839516878128 1.8820142894983292 0
      vertex 5.225124187767506 0.9250739589333534 0
    endloop
  endfacet
  facet normal 0 0 -1
    outer loop
      vertex 5.225124187767506 0.9250739589333534 0
      vertex 5.332830211676238 1.43227518657722 0
      vertex 5.785910375416279 1.1052576676011086 0
    endloop
  endfacet
  facet normal 0 0 -1
    outer loop
      vertex 5.225124187767506 0.9250739589333534 0
      vertex 4.934839516878128 1.8820142894983292 0
      vertex 5.332830211676238 1.43227518657722 0
    endloop
  endfacet
  facet normal 0 0 -1
    outer loop
      vertex 5.332830211676238 1.43227518657722 0
      vertex 5.641262613236904 1.531376227736473 0
      vertex 5.785910375416279 1.1052576676011086 0
    endloop
  endfacet
  facet normal 0 0 -1
    outer loop
      vertex 5.785910375416279 1.1052576676011086 0
      vertex 5.641262613236904 1.531376227736473 0
      vertex 5.530083856367899 1.8588982881495015 0
    endloop
  endfacet
  facet normal 0 0 -1
    outer loop
      vertex 5.785910375416279 1.1052576676011086 0
      vertex 5.988250814378262 2.2395992428064346 0
      vertex 6.340500861406326 1.3036933168768883 0
    endloop
  endfacet
  facet normal 0 0 -1
    outer loop
      vertex 5.332830211676238 1.43227518657722 0
      vertex 4.934839516878128 1.8820142894983292 0
      vertex 5.352872540200719 1.5266570350899142 0
    endloop
  endfacet
  facet normal 0 0 -1
    outer loop
      vertex 5.352872540200719 1.5266570350899142 0
      vertex 4.934839516878128 1.8820142894983292 0
      vertex 5.430845071495006 1.8938395023256707 0
    endloop
  endfacet
  facet normal 0 0 -1
    outer loop
      vertex 5.352872540200719 1.5266570350899142 0
      vertex 5.430845071495006 1.8938395023256707 0
      vertex 5.530083856367899 1.8588982881495015 0
    endloop
  endfacet
  facet normal 0 0 -1
    outer loop
      vertex 4.934839516878128 1.8820142894983292 0
      vertex 5.464470908045769 2.0521878004074097 0
      vertex 5.430845071495006 1.8938395023256707 0
    endloop
  endfacet
  facet normal 0 0 -1
    outer loop
      vertex 5.430845071495006 1.8938395023256707 0
      vertex 5.464470908045769 2.0521878004074097 0
      vertex 5.485362144254719 1.9157745991410593 0
    endloop
  endfacet
  facet normal 0 0 -1
    outer loop
      vertex 5.352872540200719 1.5266570350899142 0
      vertex 5.530083856367899 1.8588982881495015 0
      vertex 5.641262613236904 1.531376227736473 0
    endloop
  endfacet
  facet normal 0 0 -1
    outer loop
      vertex 5.785910375416279 1.1052576676011086 0
      vertex 5.530083856367899 1.8588982881495015 0
      vertex 5.988250814378262 2.2395992428064346 0
    endloop
  endfacet
  facet normal 0 0 -1
    outer loop
      vertex 5.464470908045769 2.0521878004074097 0
      vertex 5.510636555935617 1.9161881876497304 0
      vertex 5.485362144254719 1.9157745991410593 0
    endloop
  endfacet
  facet normal 0 0 -1
    outer loop
      vertex 5.530083856367899 1.8588982881495015 0
      vertex 5.510636555935617 1.9161881876497304 0
      vertex 5.988250814378262 2.2395992428064346 0
    endloop
  endfacet
  facet normal 0 0 -1
    outer loop
      vertex 5.464470908045769 2.0521878004074097 0
      vertex 5.988250814378262 2.2395992428064346 0
      vertex 5.510636555935617 1.9161881876497304 0
    endloop
  endfacet
  facet normal 0 0 -1
    outer loop
      vertex 6.340500861406326 1.3036933168768883 0
      vertex 6.5056183487176895 2.444047950208187 0
      vertex 6.888301782310009 1.5201684162020683 0
    endloop
  endfacet
  facet normal 0 0 -1
    outer loop
      vertex 6.340500861406326 1.3036933168768883 0
      vertex 5.988250814378262 2.2395992428064346 0
      vertex 6.5056183487176895 2.444047950208187 0
    endloop
  endfacet
  facet normal 0 0 -1
    outer loop
      vertex 6.5056183487176895 2.444047950208187 0
      vertex 7.016019508242607 2.665314979851246 0
      vertex 6.888301782310009 1.5201684162020683 0
    endloop
  endfacet
  facet normal 0 0 -1
    outer loop
      vertex 6.888301782310009 1.5201684162020683 0
      vertex 7.016019508242607 2.665314979851246 0
      vertex 7.42872653901577 1.754451148211956 0
    endloop
  endfacet
  facet normal 0 0 -1
    outer loop
      vertex 7.42872653901577 1.754451148211956 0
      vertex 7.518907733261585 2.903163395822048 0
      vertex 7.961196422576904 2.006290651857853 0
    endloop
  endfacet
  facet normal 0 0 -1
    outer loop
      vertex 7.42872653901577 1.754451148211956 0
      vertex 7.016019508242607 2.665314979851246 0
      vertex 7.518907733261585 2.903163395822048 0
    endloop
  endfacet
  facet normal 0 0 -1
    outer loop
      vertex 7.961196422576904 2.006290651857853 0
      vertex 8.0137445256114 3.157338507473469 0
      vertex 8.485141262412071 2.275417238473892 0
    endloop
  endfacet
  facet normal 0 0 -1
    outer loop
      vertex 7.518907733261585 2.903163395822048 0
      vertex 8.0137445256114 3.157338507473469 0
      vertex 7.961196422576904 2.006290651857853 0
    endloop
  endfacet
  facet normal 0 0 -1
    outer loop
      vertex 8.485141262412071 2.275417238473892 0
      vertex 8.0137445256114 3.157338507473469 0
      vertex 8.5 3.4275681376457214 0
    endloop
  endfacet
  facet normal 0 0 -1
    outer loop
      vertex 8.485141262412071 2.275417238473892 0
      vertex 8.5 3.4275681376457214 0
      vertex 9 2.561542734503746 0
    endloop
  endfacet
  facet normal 0 0 -1
    outer loop
      vertex 8.5 3.4275681376457214 0
      vertex 8.977153457701206 3.7135629132390022 0
      vertex 9 2.561542734503746 0
    endloop
  endfacet
  facet normal 0 0 -1
    outer loop
      vertex 9 2.561542734503746 0
      vertex 8.977153457701206 3.7135629132390022 0
      vertex 9.50522131472826 2.864360734820366 0
    endloop
  endfacet
  facet normal 0 0 -1
    outer loop
      vertex 9.50522131472826 2.864360734820366 0
      vertex 8.977153457701206 3.7135629132390022 0
      vertex 9.444693960249424 4.015016593039036 0
    endloop
  endfacet
  facet normal 0 0 -1
    outer loop
      vertex 9.50522131472826 2.864360734820366 0
      vertex 9.444693960249424 4.015016593039036 0
      vertex 10.000264197587967 3.1835469752550125 0
    endloop
  endfacet
  facet normal 0 0 -1
    outer loop
      vertex 9.444693960249424 4.015016593039036 0
      vertex 9.902120843529701 4.331606358289719 0
      vertex 10.000264197587967 3.1835469752550125 0
    endloop
  endfacet
  facet normal 0 0 -1
    outer loop
      vertex 10.000264197587967 3.1835469752550125 0
      vertex 9.902120843529701 4.331606358289719 0
      vertex 10.48459854722023 3.518759675323963 0
    endloop
  endfacet
  facet normal 0 0 -1
    outer loop
      vertex 10.48459854722023 3.518759675323963 0
      vertex 9.902120843529701 4.331606358289719 0
      vertex 10.943000003695488 3.8587333634495735 0
    endloop
  endfacet
  facet normal 0 0 -1
    outer loop
      vertex 9.902120843529701 4.331606358289719 0
      vertex 10.67567493323257 4.220650296607569 0
      vertex 10.943000003695488 3.8587333634495735 0
    endloop
  endfacet
  facet normal 0 0 -1
    outer loop
      vertex 10.943000003695488 3.8587333634495735 0
      vertex 10.67567493323257 4.220650296607569 0
      vertex 10.683763079345226 4.22664887458086 0
    endloop
  endfacet
  facet normal 0 0 -1
    outer loop
      vertex 10.943000003695488 3.8587333634495735 0
      vertex 10.683763079345226 4.22664887458086 0
      vertex 10.943000003695488 4.432393930639016 0
    endloop
  endfacet
  facet normal 0 0 -1
    outer loop
      vertex 9.902120843529701 4.331606358289719 0
      vertex 10.348944291472435 4.662993215024471 0
      vertex 10.67567493323257 4.220650296607569 0
    endloop
  endfacet
  facet normal 0.016361739970045048 -0.9998661377730284 0
    outer loop
      vertex 0 0.14999999850988388 0
      vertex 0.5889434888958931 0.1596374288201332 0
      vertex 0 0.14999999850988388 29.4
    endloop
  endfacet
  facet normal 0.04906766295781358 -0.9987954567637252 0
    outer loop
      vertex 0.5889434888958931 0.1596374288201332 0
      vertex 1.1772563233971596 0.18853937834501266 0
      vertex 0.5889434888958931 0.1596374288201332 29.4
    endloop
  endfacet
  facet normal 0.08172107896057931 -0.9966552389133961 0
    outer loop
      vertex 1.1772563233971596 0.18853937834501266 0
      vertex 1.7643085271120071 0.23667491972446442 0
      vertex 1.1772563233971596 0.18853937834501266 29.4
    endloop
  endfacet
  facet normal 0.11428696544755387 -0.9934477789641434 0
    outer loop
      vertex 1.7643085271120071 0.23667491972446442 0
      vertex 2.3494714573025703 0.30399249494075775 0
      vertex 1.7643085271120071 0.23667491972446442 29.4
    endloop
  endfacet
  facet normal 0.14673046985964316 -0.9891765106464913 0
    outer loop
      vertex 2.3494714573025703 0.30399249494075775 0
      vertex 2.932118520140648 0.39042001962661743 0
      vertex 2.3494714573025703 0.30399249494075775 29.4
    endloop
  endfacet
  facet normal 0.17901686127777444 -0.9838460059268695 0
    outer loop
      vertex 2.932118520140648 0.39042001962661743 0
      vertex 3.511625796556473 0.49586495012044907 0
      vertex 2.932118520140648 0.39042001962661743 29.4
    endloop
  endfacet
  facet normal 0.21111155630225079 -0.9774619740919037 0
    outer loop
      vertex 3.511625796556473 0.49586495012044907 0
      vertex 4.087372735142708 0.6202143728733063 0
      vertex 3.511625796556473 0.49586495012044907 29.4
    endloop
  endfacet
  facet normal 0.24298017394940233 -0.9700312546859087 0
    outer loop
      vertex 4.087372735142708 0.6202143728733063 0
      vertex 4.658742815256119 0.7633351236581802 0
      vertex 4.087372735142708 0.6202143728733063 29.4
    endloop
  endfacet
  facet normal 0.27458862921840593 -0.9615617945321855 0
    outer loop
      vertex 4.658742815256119 0.7633351236581802 0
      vertex 5.225124187767506 0.9250739589333534 0
      vertex 4.658742815256119 0.7633351236581802 29.4
    endloop
  endfacet
  facet normal 0.3059030131858044 -0.9520626799343862 0
    outer loop
      vertex 5.225124187767506 0.9250739589333534 0
      vertex 5.785910375416279 1.1052576676011086 0
      vertex 5.225124187767506 0.9250739589333534 29.4
    endloop
  endfacet
  facet normal 0.3368898539971554 -0.9415440649665715 0
    outer loop
      vertex 5.785910375416279 1.1052576676011086 0
      vertex 6.340500861406326 1.3036933168768883 0
      vertex 5.785910375416279 1.1052576676011086 29.4
    endloop
  endfacet
  facet normal 0.36751594031742074 -0.9300172222129018 0
    outer loop
      vertex 6.340500861406326 1.3036933168768883 0
      vertex 6.888301782310009 1.5201684162020683 0
      vertex 6.340500861406326 1.3036933168768883 29.4
    endloop
  endfacet
  facet normal 0.39774846620197074 -0.9174945000565288 0
    outer loop
      vertex 6.888301782310009 1.5201684162020683 0
      vertex 7.42872653901577 1.754451148211956 0
      vertex 6.888301782310009 1.5201684162020683 29.4
    endloop
  endfacet
  facet normal 0.4275550996714407 -0.9039892901715951 0
    outer loop
      vertex 7.42872653901577 1.754451148211956 0
      vertex 7.961196422576904 2.006290651857853 0
      vertex 7.42872653901577 1.754451148211956 29.4
    endloop
  endfacet
  facet normal 0.45690387137348754 -0.8895160776084485 0
    outer loop
      vertex 7.961196422576904 2.006290651857853 0
      vertex 8.485141262412071 2.275417238473892 0
      vertex 7.961196422576904 2.006290651857853 29.4
    endloop
  endfacet
  facet normal 0.4857634010139576 -0.8740903375712107 0
    outer loop
      vertex 8.485141262412071 2.275417238473892 0
      vertex 9 2.561542734503746 0
      vertex 8.485141262412071 2.275417238473892 29.4
    endloop
  endfacet
  facet normal -0.016361738494490904 0.9998661377971743 0
    outer loop
      vertex 0 1.1499999985098839 2.4
      vertex 0 1.1499999985098839 29.4
      vertex 0.5562244057655334 1.159102015197277 2.4
    endloop
  endfacet
  facet normal -0.04906767008880101 0.9987954564134024 0
    outer loop
      vertex 0.5562244057655334 1.159102015197277 2.4
      vertex 0.5562244057655334 1.159102015197277 29.4
      vertex 1.1118531972169876 1.1863983049988747 2.4
    endloop
  endfacet
  facet normal -0.08172107433234525 0.9966552392928898 0
    outer loop
      vertex 1.1118531972169876 1.1863983049988747 2.4
      vertex 1.1118531972169876 1.1863983049988747 29.4
      vertex 1.6662913858890533 1.2318596467375755 2.4
    endloop
  endfacet
  facet normal -0.1142869683004502 0.9934477786359441 0
    outer loop
      vertex 1.6662913858890533 1.2318596467375755 2.4
      vertex 1.6662913858890533 1.2318596467375755 29.4
      vertex 2.218945264816284 1.2954373583197594 2.4
    endloop
  endfacet
  facet normal -0.14673047347193627 0.9891765101106584 0
    outer loop
      vertex 2.218945264816284 1.2954373583197594 2.4
      vertex 2.218945264816284 1.2954373583197594 29.4
      vertex 2.7692230492830276 1.3770633563399315 2.4
    endloop
  endfacet
  facet normal -0.17901685466586198 0.983846007129948 0
    outer loop
      vertex 2.7692230492830276 1.3770633563399315 2.4
      vertex 2.7692230492830276 1.3770633563399315 29.4
      vertex 3.316535472869873 1.4766502305865288 2.4
    endloop
  endfacet
  facet normal -0.21111156177912094 0.9774619729090132 0
    outer loop
      vertex 3.316535472869873 1.4766502305865288 2.4
      vertex 3.316535472869873 1.4766502305865288 29.4
      vertex 3.8602964729070663 1.5940913558006287 2.4
    endloop
  endfacet
  facet normal -0.24298017255459015 0.970031255035291 0
    outer loop
      vertex 3.8602964729070663 1.5940913558006287 2.4
      vertex 3.8602964729070663 1.5940913558006287 29.4
      vertex 4.399923764169216 1.7292609512805939 2.4
    endloop
  endfacet
  facet normal -0.2745886132017159 0.9615617991059953 0
    outer loop
      vertex 4.399923764169216 1.7292609512805939 2.4
      vertex 4.399923764169216 1.7292609512805939 29.4
      vertex 4.934839516878128 1.8820142894983292 2.4
    endloop
  endfacet
  facet normal -0.30590303100851546 0.9520626742078503 0
    outer loop
      vertex 4.934839516878128 1.8820142894983292 2.4
      vertex 4.934839516878128 1.8820142894983292 29.4
      vertex 5.464470908045769 2.0521878004074097 2.4
    endloop
  endfacet
  facet normal -0.3368898457489033 0.9415440679178432 0
    outer loop
      vertex 5.464470908045769 2.0521878004074097 2.4
      vertex 5.464470908045769 2.0521878004074097 29.4
      vertex 5.988250814378262 2.2395992428064346 2.4
    endloop
  endfacet
  facet normal -0.36751594545039035 0.9300172201845005 0
    outer loop
      vertex 5.988250814378262 2.2395992428064346 2.4
      vertex 5.988250814378262 2.2395992428064346 29.4
      vertex 6.5056183487176895 2.444047950208187 2.4
    endloop
  endfacet
  facet normal -0.3977484734466261 0.9174944969158554 0
    outer loop
      vertex 6.5056183487176895 2.444047950208187 2.4
      vertex 6.5056183487176895 2.444047950208187 29.4
      vertex 7.016019508242607 2.665314979851246 2.4
    endloop
  endfacet
  facet normal -0.4275550924406505 0.9039892935915043 0
    outer loop
      vertex 7.016019508242607 2.665314979851246 2.4
      vertex 7.016019508242607 2.665314979851246 29.4
      vertex 7.518907733261585 2.903163395822048 2.4
    endloop
  endfacet
  facet normal -0.4569038749219522 0.8895160757857641 0
    outer loop
      vertex 7.518907733261585 2.903163395822048 2.4
      vertex 7.518907733261585 2.903163395822048 29.4
      vertex 8.0137445256114 3.157338507473469 2.4
    endloop
  endfacet
  facet normal -0.4857633941920896 0.8740903413623677 0
    outer loop
      vertex 8.0137445256114 3.157338507473469 2.4
      vertex 8.0137445256114 3.157338507473469 29.4
      vertex 8.5 3.4275681376457214 2.4
    endloop
  endfacet
  facet normal -0.5141027431624805 0.8577286106180745 0
    outer loop
      vertex 8.5 3.4275681376457214 2.4
      vertex 8.5 3.4275681376457214 29.4
      vertex 8.977153457701206 3.7135629132390022 2.4
    endloop
  endfacet
  facet normal 0.5141027415253798 -0.8577286115993149 0
    outer loop
      vertex 9 2.561542734503746 0
      vertex 9.50522131472826 2.864360734820366 0
      vertex 9 2.561542734503746 29.4
    endloop
  endfacet
  facet normal 0.5418915736966279 -0.8404484055292104 0
    outer loop
      vertex 9.50522131472826 2.864360734820366 0
      vertex 10.000264197587967 3.1835469752550125 0
      vertex 9.50522131472826 2.864360734820366 29.4
    endloop
  endfacet
  facet normal 0.5691001470495285 -0.8222682181795701 0
    outer loop
      vertex 10.000264197587967 3.1835469752550125 0
      vertex 10.48459854722023 3.518759675323963 0
      vertex 10.000264197587967 3.1835469752550125 29.4
    endloop
  endfacet
  facet normal 0.5956993016876952 -0.8032075335607807 0
    outer loop
      vertex 10.48459854722023 3.518759675323963 0
      vertex 10.943000003695488 3.8587333634495735 0
      vertex 10.48459854722023 3.518759675323963 29.4
    endloop
  endfacet
  facet normal 1 0 0
    outer loop
      vertex 10.943000003695488 3.8587333634495735 0
      vertex 10.943000003695488 4.432393930639016 0
      vertex 10.943000003695488 3.8587333634495735 29.4
    endloop
  endfacet
  facet normal 1 0 0
    outer loop
      vertex 10.943000003695488 4.432393930639016 0
      vertex 10.943000003695488 4.432393930639016 2.4
      vertex 10.943000003695488 3.8587333634495735 29.4
    endloop
  endfacet
  facet normal -0.5418915825137023 0.8404483998442708 0
    outer loop
      vertex 8.977153457701206 3.7135629132390022 2.4
      vertex 8.977153457701206 3.7135629132390022 29.4
      vertex 9.444693960249424 4.015016593039036 2.4
    endloop
  endfacet
  facet normal -0.569100140586298 0.8222682226528372 0
    outer loop
      vertex 9.444693960249424 4.015016593039036 2.4
      vertex 9.444693960249424 4.015016593039036 29.4
      vertex 9.902120843529701 4.331606358289719 2.4
    endloop
  endfacet
  facet normal -0.5956993073695094 0.80320752934686 0
    outer loop
      vertex 9.902120843529701 4.331606358289719 2.4
      vertex 9.902120843529701 4.331606358289719 29.4
      vertex 10.348944291472435 4.662993215024471 2.4
    endloop
  endfacet
  facet normal -0.6216605706284744 0.7832867514045413 0
    outer loop
      vertex 10.348944291472435 4.662993215024471 2.4
      vertex 10.348944291472435 4.662993215024471 29.4
      vertex 10.773569822311401 5 2.4
    endloop
  endfacet
  facet normal 1 0 0
    outer loop
      vertex 10.943000003695488 4.432393930639016 2.4
      vertex 10.943000003695488 5 2.4
      vertex 10.943000003695488 5 29.4
    endloop
  endfacet
  facet normal 0 1 0
    outer loop
      vertex 10.773569822311401 5 2.4
      vertex 10.773569822311401 5 29.4
      vertex 10.943000003695488 5 2.4
    endloop
  endfacet
  facet normal -0.5418915736966279 -0.8404484055292104 0
    outer loop
      vertex -9.50522131472826 2.864360734820366 0
      vertex -9.50522131472826 2.864360734820366 29.4
      vertex -10.000264197587967 3.1835469752550125 29.4
    endloop
  endfacet
  facet normal -0.5141027415253798 -0.8577286115993149 0
    outer loop
      vertex -9 2.561542734503746 0
      vertex -9 2.561542734503746 29.4
      vertex -9.50522131472826 2.864360734820366 29.4
    endloop
  endfacet
  facet normal -0.5956993016876952 -0.8032075335607807 0
    outer loop
      vertex -10.48459854722023 3.518759675323963 0
      vertex -10.48459854722023 3.518759675323963 29.4
      vertex -10.943000003695488 3.8587333634495735 29.4
    endloop
  endfacet
  facet normal -0.5691001470495285 -0.8222682181795701 0
    outer loop
      vertex -10.000264197587967 3.1835469752550125 0
      vertex -10.000264197587967 3.1835469752550125 29.4
      vertex -10.48459854722023 3.518759675323963 29.4
    endloop
  endfacet
  facet normal -1 0 0
    outer loop
      vertex -10.943000003695488 3.8587333634495735 0
      vertex -10.943000003695488 3.8587333634495735 29.4
      vertex -10.943000003695488 5 29.4
    endloop
  endfacet
  facet normal 0.569100140586298 0.8222682226528372 0
    outer loop
      vertex -9.444693960249424 4.015016593039036 2.4
      vertex -9.902120843529701 4.331606358289719 29.4
      vertex -9.444693960249424 4.015016593039036 29.4
    endloop
  endfacet
  facet normal 0.5418915825137023 0.8404483998442708 0
    outer loop
      vertex -8.977153457701206 3.7135629132390022 2.4
      vertex -9.444693960249424 4.015016593039036 29.4
      vertex -8.977153457701206 3.7135629132390022 29.4
    endloop
  endfacet
  facet normal 0 1 0
    outer loop
      vertex -10.773569822311401 5 2.4
      vertex -10.943000003695488 5 29.4
      vertex -10.773569822311401 5 29.4
    endloop
  endfacet
  facet normal 0.6216605706284744 0.7832867514045413 0
    outer loop
      vertex -10.348944291472435 4.662993215024471 2.4
      vertex -10.773569822311401 5 29.4
      vertex -10.348944291472435 4.662993215024471 29.4
    endloop
  endfacet
  facet normal 0.5956993073695094 0.80320752934686 0
    outer loop
      vertex -9.902120843529701 4.331606358289719 2.4
      vertex -10.348944291472435 4.662993215024471 29.4
      vertex -9.902120843529701 4.331606358289719 29.4
    endloop
  endfacet
  facet normal -0.45690387137348754 -0.8895160776084485 0
    outer loop
      vertex -7.961196422576904 2.006290651857853 0
      vertex -7.961196422576904 2.006290651857853 29.4
      vertex -8.485141262412071 2.275417238473892 29.4
    endloop
  endfacet
  facet normal -0.4857634010139576 -0.8740903375712107 0
    outer loop
      vertex -8.485141262412071 2.275417238473892 0
      vertex -8.485141262412071 2.275417238473892 29.4
      vertex -9 2.561542734503746 29.4
    endloop
  endfacet
  facet normal -0.4275550996714407 -0.9039892901715951 0
    outer loop
      vertex -7.42872653901577 1.754451148211956 0
      vertex -7.42872653901577 1.754451148211956 29.4
      vertex -7.961196422576904 2.006290651857853 29.4
    endloop
  endfacet
  facet normal -0.39774846620197074 -0.9174945000565288 0
    outer loop
      vertex -6.888301782310009 1.5201684162020683 0
      vertex -6.888301782310009 1.5201684162020683 29.4
      vertex -7.42872653901577 1.754451148211956 29.4
    endloop
  endfacet
  facet normal -0.36751594031742074 -0.9300172222129018 0
    outer loop
      vertex -6.340500861406326 1.3036933168768883 0
      vertex -6.340500861406326 1.3036933168768883 29.4
      vertex -6.888301782310009 1.5201684162020683 29.4
    endloop
  endfacet
  facet normal -0.3368898539971554 -0.9415440649665715 0
    outer loop
      vertex -5.785910375416279 1.1052576676011086 0
      vertex -5.785910375416279 1.1052576676011086 29.4
      vertex -6.340500861406326 1.3036933168768883 29.4
    endloop
  endfacet
  facet normal -0.27458862921840593 -0.9615617945321855 0
    outer loop
      vertex -4.658742815256119 0.7633351236581802 0
      vertex -4.658742815256119 0.7633351236581802 29.4
      vertex -5.225124187767506 0.9250739589333534 29.4
    endloop
  endfacet
  facet normal -0.3059030131858044 -0.9520626799343862 0
    outer loop
      vertex -5.225124187767506 0.9250739589333534 0
      vertex -5.225124187767506 0.9250739589333534 29.4
      vertex -5.785910375416279 1.1052576676011086 29.4
    endloop
  endfacet
  facet normal 0.4275550924406505 0.9039892935915043 0
    outer loop
      vertex -7.016019508242607 2.665314979851246 2.4
      vertex -7.518907733261585 2.903163395822048 29.4
      vertex -7.016019508242607 2.665314979851246 29.4
    endloop
  endfacet
  facet normal 0.3977484734466261 0.9174944969158554 0
    outer loop
      vertex -6.5056183487176895 2.444047950208187 2.4
      vertex -7.016019508242607 2.665314979851246 29.4
      vertex -6.5056183487176895 2.444047950208187 29.4
    endloop
  endfacet
  facet normal 0.3368898457489033 0.9415440679178432 0
    outer loop
      vertex -5.464470908045769 2.0521878004074097 2.4
      vertex -5.988250814378262 2.2395992428064346 29.4
      vertex -5.464470908045769 2.0521878004074097 29.4
    endloop
  endfacet
  facet normal 0.36751594545039035 0.9300172201845005 0
    outer loop
      vertex -5.988250814378262 2.2395992428064346 2.4
      vertex -6.5056183487176895 2.444047950208187 29.4
      vertex -5.988250814378262 2.2395992428064346 29.4
    endloop
  endfacet
  facet normal 0.30590303100851546 0.9520626742078503 0
    outer loop
      vertex -4.934839516878128 1.8820142894983292 2.4
      vertex -5.464470908045769 2.0521878004074097 29.4
      vertex -4.934839516878128 1.8820142894983292 29.4
    endloop
  endfacet
  facet normal 0.2745886132017159 0.9615617991059953 0
    outer loop
      vertex -4.399923764169216 1.7292609512805939 2.4
      vertex -4.934839516878128 1.8820142894983292 29.4
      vertex -4.399923764169216 1.7292609512805939 29.4
    endloop
  endfacet
  facet normal 0.5141027431624805 0.8577286106180745 0
    outer loop
      vertex -8.5 3.4275681376457214 2.4
      vertex -8.977153457701206 3.7135629132390022 29.4
      vertex -8.5 3.4275681376457214 29.4
    endloop
  endfacet
  facet normal 0.4857633941920896 0.8740903413623677 0
    outer loop
      vertex -8.0137445256114 3.157338507473469 2.4
      vertex -8.5 3.4275681376457214 29.4
      vertex -8.0137445256114 3.157338507473469 29.4
    endloop
  endfacet
  facet normal 0.4569038749219522 0.8895160757857641 0
    outer loop
      vertex -7.518907733261585 2.903163395822048 2.4
      vertex -8.0137445256114 3.157338507473469 29.4
      vertex -7.518907733261585 2.903163395822048 29.4
    endloop
  endfacet
  facet normal -0.24298017394940233 -0.9700312546859087 0
    outer loop
      vertex -4.087372735142708 0.6202143728733063 0
      vertex -4.087372735142708 0.6202143728733063 29.4
      vertex -4.658742815256119 0.7633351236581802 29.4
    endloop
  endfacet
  facet normal -0.21111155630225079 -0.9774619740919037 0
    outer loop
      vertex -3.511625796556473 0.49586495012044907 0
      vertex -3.511625796556473 0.49586495012044907 29.4
      vertex -4.087372735142708 0.6202143728733063 29.4
    endloop
  endfacet
  facet normal -0.17901686127777444 -0.9838460059268695 0
    outer loop
      vertex -2.932118520140648 0.39042001962661743 0
      vertex -2.932118520140648 0.39042001962661743 29.4
      vertex -3.511625796556473 0.49586495012044907 29.4
    endloop
  endfacet
  facet normal -0.14673046985964316 -0.9891765106464913 0
    outer loop
      vertex -2.3494714573025703 0.30399249494075775 0
      vertex -2.3494714573025703 0.30399249494075775 29.4
      vertex -2.932118520140648 0.39042001962661743 29.4
    endloop
  endfacet
  facet normal -0.11428696544755387 -0.9934477789641434 0
    outer loop
      vertex -1.7643085271120071 0.23667491972446442 0
      vertex -1.7643085271120071 0.23667491972446442 29.4
      vertex -2.3494714573025703 0.30399249494075775 29.4
    endloop
  endfacet
  facet normal -0.08172107896057931 -0.9966552389133961 0
    outer loop
      vertex -1.1772563233971596 0.18853937834501266 0
      vertex -1.1772563233971596 0.18853937834501266 29.4
      vertex -1.7643085271120071 0.23667491972446442 29.4
    endloop
  endfacet
  facet normal -0.04906766295781358 -0.9987954567637252 0
    outer loop
      vertex -0.5889434888958931 0.1596374288201332 0
      vertex -0.5889434888958931 0.1596374288201332 29.4
      vertex -1.1772563233971596 0.18853937834501266 29.4
    endloop
  endfacet
  facet normal -0.016361739970045048 -0.9998661377730284 0
    outer loop
      vertex 0 0.14999999850988388 0
      vertex 0 0.14999999850988388 29.4
      vertex -0.5889434888958931 0.1596374288201332 29.4
    endloop
  endfacet
  facet normal 0.21111156177912094 0.9774619729090132 0
    outer loop
      vertex -3.316535472869873 1.4766502305865288 2.4
      vertex -3.8602964729070663 1.5940913558006287 29.4
      vertex -3.316535472869873 1.4766502305865288 29.4
    endloop
  endfacet
  facet normal 0.17901685466586198 0.983846007129948 0
    outer loop
      vertex -2.7692230492830276 1.3770633563399315 2.4
      vertex -3.316535472869873 1.4766502305865288 29.4
      vertex -2.7692230492830276 1.3770633563399315 29.4
    endloop
  endfacet
  facet normal 0.14673047347193627 0.9891765101106584 0
    outer loop
      vertex -2.218945264816284 1.2954373583197594 2.4
      vertex -2.7692230492830276 1.3770633563399315 29.4
      vertex -2.218945264816284 1.2954373583197594 29.4
    endloop
  endfacet
  facet normal 0.24298017255459015 0.970031255035291 0
    outer loop
      vertex -3.8602964729070663 1.5940913558006287 2.4
      vertex -4.399923764169216 1.7292609512805939 29.4
      vertex -3.8602964729070663 1.5940913558006287 29.4
    endloop
  endfacet
  facet normal 0.1142869683004502 0.9934477786359441 0
    outer loop
      vertex -1.6662913858890533 1.2318596467375755 2.4
      vertex -2.218945264816284 1.2954373583197594 29.4
      vertex -1.6662913858890533 1.2318596467375755 29.4
    endloop
  endfacet
  facet normal 0.08172107433234525 0.9966552392928898 0
    outer loop
      vertex -1.1118531972169876 1.1863983049988747 2.4
      vertex -1.6662913858890533 1.2318596467375755 29.4
      vertex -1.1118531972169876 1.1863983049988747 29.4
    endloop
  endfacet
  facet normal 0.04906767008880101 0.9987954564134024 0
    outer loop
      vertex -0.5562244057655334 1.159102015197277 2.4
      vertex -1.1118531972169876 1.1863983049988747 29.4
      vertex -0.5562244057655334 1.159102015197277 29.4
    endloop
  endfacet
  facet normal 0.016361738494490904 0.9998661377971743 0
    outer loop
      vertex 0 1.1499999985098839 2.4
      vertex -0.5562244057655334 1.159102015197277 29.4
      vertex 0 1.1499999985098839 29.4
    endloop
  endfacet
  facet normal 0 0 1
    outer loop
      vertex -9.50522131472826 2.864360734820366 29.4
      vertex -9 2.561542734503746 29.4
      vertex -8.5 3.4275681376457214 29.4
    endloop
  endfacet
  facet normal 0 0 1
    outer loop
      vertex -10.48459854722023 3.518759675323963 29.4
      vertex -10.000264197587967 3.1835469752550125 29.4
      vertex -9.444693960249424 4.015016593039036 29.4
    endloop
  endfacet
  facet normal 0 0 1
    outer loop
      vertex -10.48459854722023 3.518759675323963 29.4
      vertex -9.902120843529701 4.331606358289719 29.4
      vertex -10.943000003695488 3.8587333634495735 29.4
    endloop
  endfacet
  facet normal 0 0 1
    outer loop
      vertex -10.48459854722023 3.518759675323963 29.4
      vertex -9.444693960249424 4.015016593039036 29.4
      vertex -9.902120843529701 4.331606358289719 29.4
    endloop
  endfacet
  facet normal 0 0 1
    outer loop
      vertex -10.943000003695488 3.8587333634495735 29.4
      vertex -9.902120843529701 4.331606358289719 29.4
      vertex -10.348944291472435 4.662993215024471 29.4
    endloop
  endfacet
  facet normal 0 0 1
    outer loop
      vertex -9.50522131472826 2.864360734820366 29.4
      vertex -8.977153457701206 3.7135629132390022 29.4
      vertex -10.000264197587967 3.1835469752550125 29.4
    endloop
  endfacet
  facet normal 0 0 1
    outer loop
      vertex -10.000264197587967 3.1835469752550125 29.4
      vertex -8.977153457701206 3.7135629132390022 29.4
      vertex -9.444693960249424 4.015016593039036 29.4
    endloop
  endfacet
  facet normal 0 0 1
    outer loop
      vertex -9.50522131472826 2.864360734820366 29.4
      vertex -8.5 3.4275681376457214 29.4
      vertex -8.977153457701206 3.7135629132390022 29.4
    endloop
  endfacet
  facet normal 0 0 1
    outer loop
      vertex -10.943000003695488 3.8587333634495735 29.4
      vertex -10.773569822311401 5 29.4
      vertex -10.943000003695488 5 29.4
    endloop
  endfacet
  facet normal 0 0 1
    outer loop
      vertex -10.943000003695488 3.8587333634495735 29.4
      vertex -10.348944291472435 4.662993215024471 29.4
      vertex -10.773569822311401 5 29.4
    endloop
  endfacet
  facet normal 0 0 1
    outer loop
      vertex -9 2.561542734503746 29.4
      vertex -8.485141262412071 2.275417238473892 29.4
      vertex -8.0137445256114 3.157338507473469 29.4
    endloop
  endfacet
  facet normal 0 0 1
    outer loop
      vertex -7.961196422576904 2.006290651857853 29.4
      vertex -7.518907733261585 2.903163395822048 29.4
      vertex -8.485141262412071 2.275417238473892 29.4
    endloop
  endfacet
  facet normal 0 0 1
    outer loop
      vertex -8.485141262412071 2.275417238473892 29.4
      vertex -7.518907733261585 2.903163395822048 29.4
      vertex -8.0137445256114 3.157338507473469 29.4
    endloop
  endfacet
  facet normal 0 0 1
    outer loop
      vertex -7.961196422576904 2.006290651857853 29.4
      vertex -7.42872653901577 1.754451148211956 29.4
      vertex -7.016019508242607 2.665314979851246 29.4
    endloop
  endfacet
  facet normal 0 0 1
    outer loop
      vertex -6.888301782310009 1.5201684162020683 29.4
      vertex -6.5056183487176895 2.444047950208187 29.4
      vertex -7.42872653901577 1.754451148211956 29.4
    endloop
  endfacet
  facet normal 0 0 1
    outer loop
      vertex -7.961196422576904 2.006290651857853 29.4
      vertex -7.016019508242607 2.665314979851246 29.4
      vertex -7.518907733261585 2.903163395822048 29.4
    endloop
  endfacet
  facet normal 0 0 1
    outer loop
      vertex -7.42872653901577 1.754451148211956 29.4
      vertex -6.5056183487176895 2.444047950208187 29.4
      vertex -7.016019508242607 2.665314979851246 29.4
    endloop
  endfacet
  facet normal 0 0 1
    outer loop
      vertex -6.340500861406326 1.3036933168768883 29.4
      vertex -5.785910375416279 1.1052576676011086 29.4
      vertex -5.464470908045769 2.0521878004074097 29.4
    endloop
  endfacet
  facet normal 0 0 1
    outer loop
      vertex -5.785910375416279 1.1052576676011086 29.4
      vertex -5.225124187767506 0.9250739589333534 29.4
      vertex -4.934839516878128 1.8820142894983292 29.4
    endloop
  endfacet
  facet normal 0 0 1
    outer loop
      vertex -4.658742815256119 0.7633351236581802 29.4
      vertex -4.399923764169216 1.7292609512805939 29.4
      vertex -5.225124187767506 0.9250739589333534 29.4
    endloop
  endfacet
  facet normal 0 0 1
    outer loop
      vertex -5.225124187767506 0.9250739589333534 29.4
      vertex -4.399923764169216 1.7292609512805939 29.4
      vertex -4.934839516878128 1.8820142894983292 29.4
    endloop
  endfacet
  facet normal 0 0 1
    outer loop
      vertex -6.888301782310009 1.5201684162020683 29.4
      vertex -6.340500861406326 1.3036933168768883 29.4
      vertex -5.988250814378262 2.2395992428064346 29.4
    endloop
  endfacet
  facet normal 0 0 1
    outer loop
      vertex -6.888301782310009 1.5201684162020683 29.4
      vertex -5.988250814378262 2.2395992428064346 29.4
      vertex -6.5056183487176895 2.444047950208187 29.4
    endloop
  endfacet
  facet normal 0 0 1
    outer loop
      vertex -6.340500861406326 1.3036933168768883 29.4
      vertex -5.464470908045769 2.0521878004074097 29.4
      vertex -5.988250814378262 2.2395992428064346 29.4
    endloop
  endfacet
  facet normal 0 0 1
    outer loop
      vertex -5.785910375416279 1.1052576676011086 29.4
      vertex -4.934839516878128 1.8820142894983292 29.4
      vertex -5.464470908045769 2.0521878004074097 29.4
    endloop
  endfacet
  facet normal 0 0 1
    outer loop
      vertex -9 2.561542734503746 29.4
      vertex -8.0137445256114 3.157338507473469 29.4
      vertex -8.5 3.4275681376457214 29.4
    endloop
  endfacet
  facet normal 0 0 1
    outer loop
      vertex -4.658742815256119 0.7633351236581802 29.4
      vertex -4.087372735142708 0.6202143728733063 29.4
      vertex -3.8602964729070663 1.5940913558006287 29.4
    endloop
  endfacet
  facet normal 0 0 1
    outer loop
      vertex -4.658742815256119 0.7633351236581802 29.4
      vertex -3.8602964729070663 1.5940913558006287 29.4
      vertex -4.399923764169216 1.7292609512805939 29.4
    endloop
  endfacet
  facet normal 0 0 1
    outer loop
      vertex -4.087372735142708 0.6202143728733063 29.4
      vertex -3.511625796556473 0.49586495012044907 29.4
      vertex -3.316535472869873 1.4766502305865288 29.4
    endloop
  endfacet
  facet normal 0 0 1
    outer loop
      vertex -4.087372735142708 0.6202143728733063 29.4
      vertex -3.316535472869873 1.4766502305865288 29.4
      vertex -3.8602964729070663 1.5940913558006287 29.4
    endloop
  endfacet
  facet normal 0 0 1
    outer loop
      vertex -3.511625796556473 0.49586495012044907 29.4
      vertex -2.932118520140648 0.39042001962661743 29.4
      vertex -2.7692230492830276 1.3770633563399315 29.4
    endloop
  endfacet
  facet normal 0 0 1
    outer loop
      vertex -2.932118520140648 0.39042001962661743 29.4
      vertex -2.3494714573025703 0.30399249494075775 29.4
      vertex -2.218945264816284 1.2954373583197594 29.4
    endloop
  endfacet
  facet normal 0 0 1
    outer loop
      vertex -3.511625796556473 0.49586495012044907 29.4
      vertex -2.7692230492830276 1.3770633563399315 29.4
      vertex -3.316535472869873 1.4766502305865288 29.4
    endloop
  endfacet
  facet normal 0 0 1
    outer loop
      vertex -2.932118520140648 0.39042001962661743 29.4
      vertex -2.218945264816284 1.2954373583197594 29.4
      vertex -2.7692230492830276 1.3770633563399315 29.4
    endloop
  endfacet
  facet normal 0 0 1
    outer loop
      vertex -2.3494714573025703 0.30399249494075775 29.4
      vertex -1.7643085271120071 0.23667491972446442 29.4
      vertex -1.6662913858890533 1.2318596467375755 29.4
    endloop
  endfacet
  facet normal 0 0 1
    outer loop
      vertex -1.7643085271120071 0.23667491972446442 29.4
      vertex -1.1772563233971596 0.18853937834501266 29.4
      vertex -1.1118531972169876 1.1863983049988747 29.4
    endloop
  endfacet
  facet normal 0 0 1
    outer loop
      vertex -2.3494714573025703 0.30399249494075775 29.4
      vertex -1.6662913858890533 1.2318596467375755 29.4
      vertex -2.218945264816284 1.2954373583197594 29.4
    endloop
  endfacet
  facet normal 0 0 1
    outer loop
      vertex -1.7643085271120071 0.23667491972446442 29.4
      vertex -1.1118531972169876 1.1863983049988747 29.4
      vertex -1.6662913858890533 1.2318596467375755 29.4
    endloop
  endfacet
  facet normal 0 0 1
    outer loop
      vertex -1.1772563233971596 0.18853937834501266 29.4
      vertex -0.5889434888958931 0.1596374288201332 29.4
      vertex -0.5562244057655334 1.159102015197277 29.4
    endloop
  endfacet
  facet normal 0 0 1
    outer loop
      vertex -1.1772563233971596 0.18853937834501266 29.4
      vertex -0.5562244057655334 1.159102015197277 29.4
      vertex -1.1118531972169876 1.1863983049988747 29.4
    endloop
  endfacet
  facet normal 0 0 1
    outer loop
      vertex -0.5889434888958931 0.1596374288201332 29.4
      vertex 0 0.14999999850988388 29.4
      vertex 0 1.1499999985098839 29.4
    endloop
  endfacet
  facet normal 0 0 1
    outer loop
      vertex -0.5889434888958931 0.1596374288201332 29.4
      vertex 0 1.1499999985098839 29.4
      vertex -0.5562244057655334 1.159102015197277 29.4
    endloop
  endfacet
  facet normal 0.016361739970045048 -0.9998661377730284 0
    outer loop
      vertex 0.5889434888958931 0.1596374288201332 0
      vertex 0.5889434888958931 0.1596374288201332 29.4
      vertex 0 0.14999999850988388 29.4
    endloop
  endfacet
  facet normal 0.04906766295781358 -0.9987954567637252 0
    outer loop
      vertex 1.1772563233971596 0.18853937834501266 0
      vertex 1.1772563233971596 0.18853937834501266 29.4
      vertex 0.5889434888958931 0.1596374288201332 29.4
    endloop
  endfacet
  facet normal 0.08172107896057931 -0.9966552389133961 0
    outer loop
      vertex 1.7643085271120071 0.23667491972446442 0
      vertex 1.7643085271120071 0.23667491972446442 29.4
      vertex 1.1772563233971596 0.18853937834501266 29.4
    endloop
  endfacet
  facet normal 0.11428696544755387 -0.9934477789641434 0
    outer loop
      vertex 2.3494714573025703 0.30399249494075775 0
      vertex 2.3494714573025703 0.30399249494075775 29.4
      vertex 1.7643085271120071 0.23667491972446442 29.4
    endloop
  endfacet
  facet normal 0.14673046985964316 -0.9891765106464913 0
    outer loop
      vertex 2.932118520140648 0.39042001962661743 0
      vertex 2.932118520140648 0.39042001962661743 29.4
      vertex 2.3494714573025703 0.30399249494075775 29.4
    endloop
  endfacet
  facet normal 0.17901686127777444 -0.9838460059268695 0
    outer loop
      vertex 3.511625796556473 0.49586495012044907 0
      vertex 3.511625796556473 0.49586495012044907 29.4
      vertex 2.932118520140648 0.39042001962661743 29.4
    endloop
  endfacet
  facet normal 0.21111155630225079 -0.9774619740919037 0
    outer loop
      vertex 4.087372735142708 0.6202143728733063 0
      vertex 4.087372735142708 0.6202143728733063 29.4
      vertex 3.511625796556473 0.49586495012044907 29.4
    endloop
  endfacet
  facet normal -0.016361738494490904 0.9998661377971743 0
    outer loop
      vertex 0.5562244057655334 1.159102015197277 2.4
      vertex 0 1.1499999985098839 29.4
      vertex 0.5562244057655334 1.159102015197277 29.4
    endloop
  endfacet
  facet normal -0.04906767008880101 0.9987954564134024 0
    outer loop
      vertex 1.1118531972169876 1.1863983049988747 2.4
      vertex 0.5562244057655334 1.159102015197277 29.4
      vertex 1.1118531972169876 1.1863983049988747 29.4
    endloop
  endfacet
  facet normal -0.08172107433234525 0.9966552392928898 0
    outer loop
      vertex 1.6662913858890533 1.2318596467375755 2.4
      vertex 1.1118531972169876 1.1863983049988747 29.4
      vertex 1.6662913858890533 1.2318596467375755 29.4
    endloop
  endfacet
  facet normal -0.1142869683004502 0.9934477786359441 0
    outer loop
      vertex 2.218945264816284 1.2954373583197594 2.4
      vertex 1.6662913858890533 1.2318596467375755 29.4
      vertex 2.218945264816284 1.2954373583197594 29.4
    endloop
  endfacet
  facet normal -0.14673047347193627 0.9891765101106584 0
    outer loop
      vertex 2.7692230492830276 1.3770633563399315 2.4
      vertex 2.218945264816284 1.2954373583197594 29.4
      vertex 2.7692230492830276 1.3770633563399315 29.4
    endloop
  endfacet
  facet normal -0.17901685466586198 0.983846007129948 0
    outer loop
      vertex 3.316535472869873 1.4766502305865288 2.4
      vertex 2.7692230492830276 1.3770633563399315 29.4
      vertex 3.316535472869873 1.4766502305865288 29.4
    endloop
  endfacet
  facet normal -0.21111156177912094 0.9774619729090132 0
    outer loop
      vertex 3.8602964729070663 1.5940913558006287 2.4
      vertex 3.316535472869873 1.4766502305865288 29.4
      vertex 3.8602964729070663 1.5940913558006287 29.4
    endloop
  endfacet
  facet normal -0.24298017255459015 0.970031255035291 0
    outer loop
      vertex 4.399923764169216 1.7292609512805939 2.4
      vertex 3.8602964729070663 1.5940913558006287 29.4
      vertex 4.399923764169216 1.7292609512805939 29.4
    endloop
  endfacet
  facet normal 0.24298017394940233 -0.9700312546859087 0
    outer loop
      vertex 4.658742815256119 0.7633351236581802 0
      vertex 4.658742815256119 0.7633351236581802 29.4
      vertex 4.087372735142708 0.6202143728733063 29.4
    endloop
  endfacet
  facet normal 0.27458862921840593 -0.9615617945321855 0
    outer loop
      vertex 5.225124187767506 0.9250739589333534 0
      vertex 5.225124187767506 0.9250739589333534 29.4
      vertex 4.658742815256119 0.7633351236581802 29.4
    endloop
  endfacet
  facet normal 0.3059030131858044 -0.9520626799343862 0
    outer loop
      vertex 5.785910375416279 1.1052576676011086 0
      vertex 5.785910375416279 1.1052576676011086 29.4
      vertex 5.225124187767506 0.9250739589333534 29.4
    endloop
  endfacet
  facet normal 0.3368898539971554 -0.9415440649665715 0
    outer loop
      vertex 6.340500861406326 1.3036933168768883 0
      vertex 6.340500861406326 1.3036933168768883 29.4
      vertex 5.785910375416279 1.1052576676011086 29.4
    endloop
  endfacet
  facet normal 0.36751594031742074 -0.9300172222129018 0
    outer loop
      vertex 6.888301782310009 1.5201684162020683 0
      vertex 6.888301782310009 1.5201684162020683 29.4
      vertex 6.340500861406326 1.3036933168768883 29.4
    endloop
  endfacet
  facet normal 0.39774846620197074 -0.9174945000565288 0
    outer loop
      vertex 7.42872653901577 1.754451148211956 0
      vertex 7.42872653901577 1.754451148211956 29.4
      vertex 6.888301782310009 1.5201684162020683 29.4
    endloop
  endfacet
  facet normal 0.4275550996714407 -0.9039892901715951 0
    outer loop
      vertex 7.961196422576904 2.006290651857853 0
      vertex 7.961196422576904 2.006290651857853 29.4
      vertex 7.42872653901577 1.754451148211956 29.4
    endloop
  endfacet
  facet normal 0.45690387137348754 -0.8895160776084485 0
    outer loop
      vertex 8.485141262412071 2.275417238473892 0
      vertex 8.485141262412071 2.275417238473892 29.4
      vertex 7.961196422576904 2.006290651857853 29.4
    endloop
  endfacet
  facet normal -0.2745886132017159 0.9615617991059953 0
    outer loop
      vertex 4.934839516878128 1.8820142894983292 2.4
      vertex 4.399923764169216 1.7292609512805939 29.4
      vertex 4.934839516878128 1.8820142894983292 29.4
    endloop
  endfacet
  facet normal -0.30590303100851546 0.9520626742078503 0
    outer loop
      vertex 5.464470908045769 2.0521878004074097 2.4
      vertex 4.934839516878128 1.8820142894983292 29.4
      vertex 5.464470908045769 2.0521878004074097 29.4
    endloop
  endfacet
  facet normal -0.3368898457489033 0.9415440679178432 0
    outer loop
      vertex 5.988250814378262 2.2395992428064346 2.4
      vertex 5.464470908045769 2.0521878004074097 29.4
      vertex 5.988250814378262 2.2395992428064346 29.4
    endloop
  endfacet
  facet normal -0.36751594545039035 0.9300172201845005 0
    outer loop
      vertex 6.5056183487176895 2.444047950208187 2.4
      vertex 5.988250814378262 2.2395992428064346 29.4
      vertex 6.5056183487176895 2.444047950208187 29.4
    endloop
  endfacet
  facet normal -0.3977484734466261 0.9174944969158554 0
    outer loop
      vertex 7.016019508242607 2.665314979851246 2.4
      vertex 6.5056183487176895 2.444047950208187 29.4
      vertex 7.016019508242607 2.665314979851246 29.4
    endloop
  endfacet
  facet normal -0.4275550924406505 0.9039892935915043 0
    outer loop
      vertex 7.518907733261585 2.903163395822048 2.4
      vertex 7.016019508242607 2.665314979851246 29.4
      vertex 7.518907733261585 2.903163395822048 29.4
    endloop
  endfacet
  facet normal -0.4569038749219522 0.8895160757857641 0
    outer loop
      vertex 8.0137445256114 3.157338507473469 2.4
      vertex 7.518907733261585 2.903163395822048 29.4
      vertex 8.0137445256114 3.157338507473469 29.4
    endloop
  endfacet
  facet normal -0.4857633941920896 0.8740903413623677 0
    outer loop
      vertex 8.5 3.4275681376457214 2.4
      vertex 8.0137445256114 3.157338507473469 29.4
      vertex 8.5 3.4275681376457214 29.4
    endloop
  endfacet
  facet normal 0.4857634010139576 -0.8740903375712107 0
    outer loop
      vertex 9 2.561542734503746 0
      vertex 9 2.561542734503746 29.4
      vertex 8.485141262412071 2.275417238473892 29.4
    endloop
  endfacet
  facet normal 0.5141027415253798 -0.8577286115993149 0
    outer loop
      vertex 9.50522131472826 2.864360734820366 0
      vertex 9.50522131472826 2.864360734820366 29.4
      vertex 9 2.561542734503746 29.4
    endloop
  endfacet
  facet normal 0.5418915736966279 -0.8404484055292104 0
    outer loop
      vertex 10.000264197587967 3.1835469752550125 0
      vertex 10.000264197587967 3.1835469752550125 29.4
      vertex 9.50522131472826 2.864360734820366 29.4
    endloop
  endfacet
  facet normal 0.5691001470495285 -0.8222682181795701 0
    outer loop
      vertex 10.48459854722023 3.518759675323963 0
      vertex 10.48459854722023 3.518759675323963 29.4
      vertex 10.000264197587967 3.1835469752550125 29.4
    endloop
  endfacet
  facet normal 0.5956993016876952 -0.8032075335607807 0
    outer loop
      vertex 10.943000003695488 3.8587333634495735 0
      vertex 10.943000003695488 3.8587333634495735 29.4
      vertex 10.48459854722023 3.518759675323963 29.4
    endloop
  endfacet
  facet normal -0.5141027431624805 0.8577286106180745 0
    outer loop
      vertex 8.977153457701206 3.7135629132390022 2.4
      vertex 8.5 3.4275681376457214 29.4
      vertex 8.977153457701206 3.7135629132390022 29.4
    endloop
  endfacet
  facet normal -0.5418915825137023 0.8404483998442708 0
    outer loop
      vertex 9.444693960249424 4.015016593039036 2.4
      vertex 8.977153457701206 3.7135629132390022 29.4
      vertex 9.444693960249424 4.015016593039036 29.4
    endloop
  endfacet
  facet normal -0.569100140586298 0.8222682226528372 0
    outer loop
      vertex 9.902120843529701 4.331606358289719 2.4
      vertex 9.444693960249424 4.015016593039036 29.4
      vertex 9.902120843529701 4.331606358289719 29.4
    endloop
  endfacet
  facet normal -0.5956993073695094 0.80320752934686 0
    outer loop
      vertex 10.348944291472435 4.662993215024471 2.4
      vertex 9.902120843529701 4.331606358289719 29.4
      vertex 10.348944291472435 4.662993215024471 29.4
    endloop
  endfacet
  facet normal 1 0 0
    outer loop
      vertex 10.943000003695488 4.432393930639016 2.4
      vertex 10.943000003695488 5 29.4
      vertex 10.943000003695488 3.8587333634495735 29.4
    endloop
  endfacet
  facet normal -0.6216605706284744 0.7832867514045413 0
    outer loop
      vertex 10.773569822311401 5 2.4
      vertex 10.348944291472435 4.662993215024471 29.4
      vertex 10.773569822311401 5 29.4
    endloop
  endfacet
  facet normal 0 1 0
    outer loop
      vertex 10.943000003695488 5 2.4
      vertex 10.773569822311401 5 29.4
      vertex 10.943000003695488 5 29.4
    endloop
  endfacet
  facet normal 0 0 1
    outer loop
      vertex 0 0.14999999850988388 29.4
      vertex 0.5889434888958931 0.1596374288201332 29.4
      vertex 0.5562244057655334 1.159102015197277 29.4
    endloop
  endfacet
  facet normal 0 0 1
    outer loop
      vertex 0 0.14999999850988388 29.4
      vertex 0.5562244057655334 1.159102015197277 29.4
      vertex 0 1.1499999985098839 29.4
    endloop
  endfacet
  facet normal 0 0 1
    outer loop
      vertex 0.5889434888958931 0.1596374288201332 29.4
      vertex 1.1118531972169876 1.1863983049988747 29.4
      vertex 0.5562244057655334 1.159102015197277 29.4
    endloop
  endfacet
  facet normal 0 0 1
    outer loop
      vertex 0.5889434888958931 0.1596374288201332 29.4
      vertex 1.1772563233971596 0.18853937834501266 29.4
      vertex 1.1118531972169876 1.1863983049988747 29.4
    endloop
  endfacet
  facet normal 0 0 1
    outer loop
      vertex 1.1772563233971596 0.18853937834501266 29.4
      vertex 1.7643085271120071 0.23667491972446442 29.4
      vertex 1.6662913858890533 1.2318596467375755 29.4
    endloop
  endfacet
  facet normal 0 0 1
    outer loop
      vertex 1.7643085271120071 0.23667491972446442 29.4
      vertex 2.3494714573025703 0.30399249494075775 29.4
      vertex 2.218945264816284 1.2954373583197594 29.4
    endloop
  endfacet
  facet normal 0 0 1
    outer loop
      vertex 1.1772563233971596 0.18853937834501266 29.4
      vertex 1.6662913858890533 1.2318596467375755 29.4
      vertex 1.1118531972169876 1.1863983049988747 29.4
    endloop
  endfacet
  facet normal 0 0 1
    outer loop
      vertex 1.7643085271120071 0.23667491972446442 29.4
      vertex 2.218945264816284 1.2954373583197594 29.4
      vertex 1.6662913858890533 1.2318596467375755 29.4
    endloop
  endfacet
  facet normal 0 0 1
    outer loop
      vertex 2.3494714573025703 0.30399249494075775 29.4
      vertex 2.932118520140648 0.39042001962661743 29.4
      vertex 2.7692230492830276 1.3770633563399315 29.4
    endloop
  endfacet
  facet normal 0 0 1
    outer loop
      vertex 2.932118520140648 0.39042001962661743 29.4
      vertex 3.511625796556473 0.49586495012044907 29.4
      vertex 3.316535472869873 1.4766502305865288 29.4
    endloop
  endfacet
  facet normal 0 0 1
    outer loop
      vertex 2.3494714573025703 0.30399249494075775 29.4
      vertex 2.7692230492830276 1.3770633563399315 29.4
      vertex 2.218945264816284 1.2954373583197594 29.4
    endloop
  endfacet
  facet normal 0 0 1
    outer loop
      vertex 2.932118520140648 0.39042001962661743 29.4
      vertex 3.316535472869873 1.4766502305865288 29.4
      vertex 2.7692230492830276 1.3770633563399315 29.4
    endloop
  endfacet
  facet normal 0 0 1
    outer loop
      vertex 3.511625796556473 0.49586495012044907 29.4
      vertex 3.8602964729070663 1.5940913558006287 29.4
      vertex 3.316535472869873 1.4766502305865288 29.4
    endloop
  endfacet
  facet normal 0 0 1
    outer loop
      vertex 3.511625796556473 0.49586495012044907 29.4
      vertex 4.087372735142708 0.6202143728733063 29.4
      vertex 3.8602964729070663 1.5940913558006287 29.4
    endloop
  endfacet
  facet normal 0 0 1
    outer loop
      vertex 4.087372735142708 0.6202143728733063 29.4
      vertex 4.658742815256119 0.7633351236581802 29.4
      vertex 4.399923764169216 1.7292609512805939 29.4
    endloop
  endfacet
  facet normal 0 0 1
    outer loop
      vertex 4.087372735142708 0.6202143728733063 29.4
      vertex 4.399923764169216 1.7292609512805939 29.4
      vertex 3.8602964729070663 1.5940913558006287 29.4
    endloop
  endfacet
  facet normal 0 0 1
    outer loop
      vertex 4.658742815256119 0.7633351236581802 29.4
      vertex 4.934839516878128 1.8820142894983292 29.4
      vertex 4.399923764169216 1.7292609512805939 29.4
    endloop
  endfacet
  facet normal 0 0 1
    outer loop
      vertex 4.658742815256119 0.7633351236581802 29.4
      vertex 5.225124187767506 0.9250739589333534 29.4
      vertex 4.934839516878128 1.8820142894983292 29.4
    endloop
  endfacet
  facet normal 0 0 1
    outer loop
      vertex 5.225124187767506 0.9250739589333534 29.4
      vertex 5.785910375416279 1.1052576676011086 29.4
      vertex 5.464470908045769 2.0521878004074097 29.4
    endloop
  endfacet
  facet normal 0 0 1
    outer loop
      vertex 5.785910375416279 1.1052576676011086 29.4
      vertex 6.340500861406326 1.3036933168768883 29.4
      vertex 5.988250814378262 2.2395992428064346 29.4
    endloop
  endfacet
  facet normal 0 0 1
    outer loop
      vertex 5.225124187767506 0.9250739589333534 29.4
      vertex 5.464470908045769 2.0521878004074097 29.4
      vertex 4.934839516878128 1.8820142894983292 29.4
    endloop
  endfacet
  facet normal 0 0 1
    outer loop
      vertex 5.785910375416279 1.1052576676011086 29.4
      vertex 5.988250814378262 2.2395992428064346 29.4
      vertex 5.464470908045769 2.0521878004074097 29.4
    endloop
  endfacet
  facet normal 0 0 1
    outer loop
      vertex 6.340500861406326 1.3036933168768883 29.4
      vertex 6.888301782310009 1.5201684162020683 29.4
      vertex 6.5056183487176895 2.444047950208187 29.4
    endloop
  endfacet
  facet normal 0 0 1
    outer loop
      vertex 6.340500861406326 1.3036933168768883 29.4
      vertex 6.5056183487176895 2.444047950208187 29.4
      vertex 5.988250814378262 2.2395992428064346 29.4
    endloop
  endfacet
  facet normal 0 0 1
    outer loop
      vertex 6.5056183487176895 2.444047950208187 29.4
      vertex 6.888301782310009 1.5201684162020683 29.4
      vertex 7.016019508242607 2.665314979851246 29.4
    endloop
  endfacet
  facet normal 0 0 1
    outer loop
      vertex 6.888301782310009 1.5201684162020683 29.4
      vertex 7.42872653901577 1.754451148211956 29.4
      vertex 7.016019508242607 2.665314979851246 29.4
    endloop
  endfacet
  facet normal 0 0 1
    outer loop
      vertex 7.42872653901577 1.754451148211956 29.4
      vertex 7.961196422576904 2.006290651857853 29.4
      vertex 7.518907733261585 2.903163395822048 29.4
    endloop
  endfacet
  facet normal 0 0 1
    outer loop
      vertex 7.42872653901577 1.754451148211956 29.4
      vertex 7.518907733261585 2.903163395822048 29.4
      vertex 7.016019508242607 2.665314979851246 29.4
    endloop
  endfacet
  facet normal 0 0 1
    outer loop
      vertex 7.961196422576904 2.006290651857853 29.4
      vertex 8.485141262412071 2.275417238473892 29.4
      vertex 8.0137445256114 3.157338507473469 29.4
    endloop
  endfacet
  facet normal 0 0 1
    outer loop
      vertex 7.518907733261585 2.903163395822048 29.4
      vertex 7.961196422576904 2.006290651857853 29.4
      vertex 8.0137445256114 3.157338507473469 29.4
    endloop
  endfacet
  facet normal 0 0 1
    outer loop
      vertex 8.485141262412071 2.275417238473892 29.4
      vertex 8.5 3.4275681376457214 29.4
      vertex 8.0137445256114 3.157338507473469 29.4
    endloop
  endfacet
  facet normal 0 0 1
    outer loop
      vertex 8.485141262412071 2.275417238473892 29.4
      vertex 9 2.561542734503746 29.4
      vertex 8.5 3.4275681376457214 29.4
    endloop
  endfacet
  facet normal 0 0 1
    outer loop
      vertex 8.5 3.4275681376457214 29.4
      vertex 9 2.561542734503746 29.4
      vertex 8.977153457701206 3.7135629132390022 29.4
    endloop
  endfacet
  facet normal 0 0 1
    outer loop
      vertex 9 2.561542734503746 29.4
      vertex 9.50522131472826 2.864360734820366 29.4
      vertex 8.977153457701206 3.7135629132390022 29.4
    endloop
  endfacet
  facet normal 0 0 1
    outer loop
      vertex 9.50522131472826 2.864360734820366 29.4
      vertex 9.444693960249424 4.015016593039036 29.4
      vertex 8.977153457701206 3.7135629132390022 29.4
    endloop
  endfacet
  facet normal 0 0 1
    outer loop
      vertex 9.50522131472826 2.864360734820366 29.4
      vertex 10.000264197587967 3.1835469752550125 29.4
      vertex 9.444693960249424 4.015016593039036 29.4
    endloop
  endfacet
  facet normal 0 0 1
    outer loop
      vertex 9.444693960249424 4.015016593039036 29.4
      vertex 10.000264197587967 3.1835469752550125 29.4
      vertex 9.902120843529701 4.331606358289719 29.4
    endloop
  endfacet
  facet normal 0 0 1
    outer loop
      vertex 10.000264197587967 3.1835469752550125 29.4
      vertex 10.48459854722023 3.518759675323963 29.4
      vertex 9.902120843529701 4.331606358289719 29.4
    endloop
  endfacet
  facet normal 0 0 1
    outer loop
      vertex 9.902120843529701 4.331606358289719 29.4
      vertex 10.943000003695488 3.8587333634495735 29.4
      vertex 10.348944291472435 4.662993215024471 29.4
    endloop
  endfacet
  facet normal 0 0 1
    outer loop
      vertex 10.48459854722023 3.518759675323963 29.4
      vertex 10.943000003695488 3.8587333634495735 29.4
      vertex 9.902120843529701 4.331606358289719 29.4
    endloop
  endfacet
  facet normal 0 0 1
    outer loop
      vertex 10.943000003695488 3.8587333634495735 29.4
      vertex 10.773569822311401 5 29.4
      vertex 10.348944291472435 4.662993215024471 29.4
    endloop
  endfacet
  facet normal 0 0 1
    outer loop
      vertex 10.943000003695488 3.8587333634495735 29.4
      vertex 10.943000003695488 5 29.4
      vertex 10.773569822311401 5 29.4
    endloop
  endfacet
  facet normal 0.6343932841636435 0.7730104533627387 -4.498772889974623e-18
    outer loop
      vertex -2.7721169192770114 11.213306894315803 0
      vertex -3.0024630382211837 11.40234706868298 0
      vertex -3.0024630382211837 11.40234706868298 2.4
    endloop
  endfacet
  facet normal 0.52806785065037 0.8492021815265776 -3.1565734913495278e-18
    outer loop
      vertex -2.27685 10.882380118786802 0
      vertex -2.5299001701013624 11.0397368264579 0
      vertex -2.5299001701013624 11.0397368264579 2.4
    endloop
  endfacet
  facet normal 0.5824776968678002 0.8128466845916166 -3.315117252966287e-18
    outer loop
      vertex -2.5299001701013624 11.0397368264579 0
      vertex -2.7721169192770114 11.213306894315803 0
      vertex -2.7721169192770114 11.213306894315803 2.4
    endloop
  endfacet
  facet normal 0.6343932841636435 0.7730104533627387 -4.498772889974623e-18
    outer loop
      vertex -3.0024630382211837 11.40234706868298 2.4
      vertex -2.7721169192770114 11.213306894315803 2.4
      vertex -2.7721169192770114 11.213306894315803 0
    endloop
  endfacet
  facet normal 0.5824776968678002 0.8128466845916166 -3.315117252966287e-18
    outer loop
      vertex -2.7721169192770114 11.213306894315803 2.4
      vertex -2.5299001701013624 11.0397368264579 2.4
      vertex -2.5299001701013624 11.0397368264579 0
    endloop
  endfacet
  facet normal 0.52806785065037 0.8492021815265776 0
    outer loop
      vertex -2.27685 10.882380118786802 0
      vertex -2.5299001701013624 11.0397368264579 2.4
      vertex -2.27685 10.882380118786802 2.4
    endloop
  endfacet
  facet normal 0.4127070298043904 0.9108638249211777 -1.835051768229616e-18
    outer loop
      vertex -1.7426255459609095 10.618929772803355 0
      vertex -2.0140500086502664 10.741910596882597 0
      vertex -2.0140500086502664 10.741910596882597 2.4
    endloop
  endfacet
  facet normal 0.3522500479212386 0.9359059267573238 6.381781510151437e-19
    outer loop
      vertex -1.463738893151007 10.513964269318137 0
      vertex -1.7426255459609095 10.618929772803355 0
      vertex -1.7426255459609095 10.618929772803355 2.4
    endloop
  endfacet
  facet normal 0.29028467725446216 0.9569403357322089 -3.9401064820696053e-19
    outer loop
      vertex -1.1785842856833486 10.42746356482747 0
      vertex -1.463738893151007 10.513964269318137 0
      vertex -1.463738893151007 10.513964269318137 2.4
    endloop
  endfacet
  facet normal 0.4713967368259986 0.8819212643483546 -3.330730452199768e-19
    outer loop
      vertex -2.0140500086502664 10.741910596882597 0
      vertex -2.27685 10.882380118786802 0
      vertex -2.27685 10.882380118786802 2.4
    endloop
  endfacet
  facet normal 0.16289547339458693 0.9866433320848793 -8.321271546453914e-20
    outer loop
      vertex -0.5943771215124488 10.311257534762081 0
      vertex -0.8883827993648432 10.35979806862781 0
      vertex -0.8883827993648432 10.35979806862781 2.4
    endloop
  endfacet
  facet normal 0.22707626303436937 0.9738769792773345 2.2376815953397386e-18
    outer loop
      vertex -0.8883827993648432 10.35979806862781 0
      vertex -1.1785842856833486 10.42746356482747 0
      vertex -1.1785842856833486 10.42746356482747 2.4
    endloop
  endfacet
  facet normal 0.09801714032956581 0.9951847266721964 -1.6323134454983087e-19
    outer loop
      vertex -0.29782622957530247 10.282049821248371 0
      vertex -0.5943771215124488 10.311257534762081 0
      vertex -0.5943771215124488 10.311257534762081 2.4
    endloop
  endfacet
  facet normal 0.032719082821772036 0.9994645874763659 -2.257419974937398e-19
    outer loop
      vertex 0 10.272300000000001 0
      vertex -0.29782622957530247 10.282049821248371 0
      vertex -0.29782622957530247 10.282049821248371 2.4
    endloop
  endfacet
  facet normal 0.4127070298043904 0.9108638249211777 0
    outer loop
      vertex -1.7426255459609095 10.618929772803355 0
      vertex -2.0140500086502664 10.741910596882597 2.4
      vertex -1.7426255459609095 10.618929772803355 2.4
    endloop
  endfacet
  facet normal 0.3522500479212386 0.9359059267573238 0
    outer loop
      vertex -1.463738893151007 10.513964269318137 0
      vertex -1.7426255459609095 10.618929772803355 2.4
      vertex -1.463738893151007 10.513964269318137 2.4
    endloop
  endfacet
  facet normal 0.29028467725446216 0.9569403357322089 0
    outer loop
      vertex -1.1785842856833486 10.42746356482747 0
      vertex -1.463738893151007 10.513964269318137 2.4
      vertex -1.1785842856833486 10.42746356482747 2.4
    endloop
  endfacet
  facet normal 0.4713967368259986 0.8819212643483546 -3.330730452199768e-19
    outer loop
      vertex -2.27685 10.882380118786802 2.4
      vertex -2.0140500086502664 10.741910596882597 2.4
      vertex -2.0140500086502664 10.741910596882597 0
    endloop
  endfacet
  facet normal 0.22707626303436937 0.9738769792773345 0
    outer loop
      vertex -0.8883827993648432 10.35979806862781 0
      vertex -1.1785842856833486 10.42746356482747 2.4
      vertex -0.8883827993648432 10.35979806862781 2.4
    endloop
  endfacet
  facet normal 0.16289547339458693 0.9866433320848793 0
    outer loop
      vertex -0.5943771215124488 10.311257534762081 0
      vertex -0.8883827993648432 10.35979806862781 2.4
      vertex -0.5943771215124488 10.311257534762081 2.4
    endloop
  endfacet
  facet normal 0.09801714032956581 0.9951847266721964 0
    outer loop
      vertex -0.29782622957530247 10.282049821248371 0
      vertex -0.5943771215124488 10.311257534762081 2.4
      vertex -0.29782622957530247 10.282049821248371 2.4
    endloop
  endfacet
  facet normal 0.032719082821772036 0.9994645874763659 0
    outer loop
      vertex 0 10.272300000000001 0
      vertex -0.29782622957530247 10.282049821248371 2.4
      vertex 0 10.272300000000001 2.4
    endloop
  endfacet
  facet normal 0.9738769792773332 0.22707626303437517 1.0124055813457957e-18
    outer loop
      vertex -4.39853643517253 13.64741571431665 0
      vertex -4.466201931372191 13.937617200635156 0
      vertex -4.466201931372191 13.937617200635156 2.4
    endloop
  endfacet
  facet normal 0.9866433320848794 0.16289547339458568 -6.616695014913973e-19
    outer loop
      vertex -4.466201931372191 13.937617200635156 0
      vertex -4.51474246523792 14.231622878487553 0
      vertex -4.51474246523792 14.231622878487553 2.4
    endloop
  endfacet
  facet normal 0.9738769792773332 0.22707626303437517 1.0124055813457957e-18
    outer loop
      vertex -4.466201931372191 13.937617200635156 2.4
      vertex -4.39853643517253 13.64741571431665 2.4
      vertex -4.39853643517253 13.64741571431665 0
    endloop
  endfacet
  facet normal 0.9866433320848794 0.16289547339458568 -6.616695014913973e-19
    outer loop
      vertex -4.51474246523792 14.231622878487553 2.4
      vertex -4.466201931372191 13.937617200635156 2.4
      vertex -4.466201931372191 13.937617200635156 0
    endloop
  endfacet
  facet normal 0.9951847266721969 0.09801714032956053 9.188532198937182e-19
    outer loop
      vertex -4.51474246523792 14.231622878487553 0
      vertex -4.543950178751628 14.528173770424697 0
      vertex -4.543950178751628 14.528173770424697 2.4
    endloop
  endfacet
  facet normal 0.9994645874763656 0.03271908282177788 -1.4319210449890465e-19
    outer loop
      vertex -4.543950178751628 14.528173770424697 0
      vertex -4.5537 14.826 0
      vertex -4.5537 14.826 2.4
    endloop
  endfacet
  facet normal 0.9994645874763656 -0.03271908282177788 1.4319210449890465e-19
    outer loop
      vertex -4.5537 14.826 0
      vertex -4.543950178751628 15.123826229575304 0
      vertex -4.543950178751628 15.123826229575304 2.4
    endloop
  endfacet
  facet normal 0.9951847266721969 -0.09801714032956053 -9.188532198937182e-19
    outer loop
      vertex -4.543950178751628 15.123826229575304 0
      vertex -4.51474246523792 15.420377121512448 0
      vertex -4.51474246523792 15.420377121512448 2.4
    endloop
  endfacet
  facet normal 0.9866433320848794 -0.16289547339458568 6.616695014913973e-19
    outer loop
      vertex -4.51474246523792 15.420377121512448 0
      vertex -4.466201931372191 15.714382799364845 0
      vertex -4.466201931372191 15.714382799364845 2.4
    endloop
  endfacet
  facet normal 0.9951847266721969 0.09801714032956053 9.188532198937182e-19
    outer loop
      vertex -4.543950178751628 14.528173770424697 2.4
      vertex -4.51474246523792 14.231622878487553 2.4
      vertex -4.51474246523792 14.231622878487553 0
    endloop
  endfacet
  facet normal 0.9994645874763656 0.03271908282177788 -1.4319210449890465e-19
    outer loop
      vertex -4.5537 14.826 2.4
      vertex -4.543950178751628 14.528173770424697 2.4
      vertex -4.543950178751628 14.528173770424697 0
    endloop
  endfacet
  facet normal 0.9994645874763656 -0.03271908282177788 1.4319210449890465e-19
    outer loop
      vertex -4.543950178751628 15.123826229575304 2.4
      vertex -4.5537 14.826 2.4
      vertex -4.5537 14.826 0
    endloop
  endfacet
  facet normal 0.9951847266721969 -0.09801714032956053 -9.188532198937182e-19
    outer loop
      vertex -4.51474246523792 15.420377121512448 2.4
      vertex -4.543950178751628 15.123826229575304 2.4
      vertex -4.543950178751628 15.123826229575304 0
    endloop
  endfacet
  facet normal 0.9866433320848794 -0.16289547339458568 6.616695014913973e-19
    outer loop
      vertex -4.466201931372191 15.714382799364845 2.4
      vertex -4.51474246523792 15.420377121512448 2.4
      vertex -4.51474246523792 15.420377121512448 0
    endloop
  endfacet
  facet normal 0.9738769792773332 -0.22707626303437517 -1.0124055813457957e-18
    outer loop
      vertex -4.466201931372191 15.714382799364845 0
      vertex -4.39853643517253 16.00458428568335 0
      vertex -4.39853643517253 16.00458428568335 2.4
    endloop
  endfacet
  facet normal 0.9738769792773332 -0.22707626303437517 0
    outer loop
      vertex -4.466201931372191 15.714382799364845 0
      vertex -4.39853643517253 16.00458428568335 2.4
      vertex -4.466201931372191 15.714382799364845 2.4
    endloop
  endfacet
  facet normal 0.7298640726978349 0.6835923020228721 -2.7586819104792357e-18
    outer loop
      vertex -3.2199521494891816 11.60604785051082 0
      vertex -3.42365293131702 11.823536961778817 0
      vertex -3.42365293131702 11.823536961778817 2.4
    endloop
  endfacet
  facet normal 0.7730104533627385 0.6343932841636436 -2.953386219370129e-18
    outer loop
      vertex -3.42365293131702 11.823536961778817 0
      vertex -3.6126931056841975 12.05388308072299 0
      vertex -3.6126931056841975 12.05388308072299 2.4
    endloop
  endfacet
  facet normal 0.849202181526579 0.5280678506503679 6.314922049563884e-19
    outer loop
      vertex -3.7862631735421 12.296099829898639 0
      vertex -3.943619881213198 12.549150000000001 0
      vertex -3.943619881213198 12.549150000000001 2.4
    endloop
  endfacet
  facet normal 0.8819212643483555 0.47139673682599675 -1.990744057422551e-18
    outer loop
      vertex -3.943619881213198 12.549150000000001 0
      vertex -4.084089403117402 12.811949991349735 0
      vertex -4.084089403117402 12.811949991349735 2.4
    endloop
  endfacet
  facet normal 0.8128466845916154 0.5824776968678019 2.5705370983867532e-18
    outer loop
      vertex -3.6126931056841975 12.05388308072299 0
      vertex -3.7862631735421 12.296099829898639 0
      vertex -3.7862631735421 12.296099829898639 2.4
    endloop
  endfacet
  facet normal 0.6835923020228736 0.7298640726978334 -1.1927596196462562e-18
    outer loop
      vertex -3.0024630382211837 11.40234706868298 0
      vertex -3.2199521494891816 11.60604785051082 0
      vertex -3.2199521494891816 11.60604785051082 2.4
    endloop
  endfacet
  facet normal 0.8128466845916154 0.5824776968678019 2.5705370983867532e-18
    outer loop
      vertex -3.7862631735421 12.296099829898639 2.4
      vertex -3.6126931056841975 12.05388308072299 2.4
      vertex -3.6126931056841975 12.05388308072299 0
    endloop
  endfacet
  facet normal 0.7730104533627385 0.6343932841636436 -2.953386219370129e-18
    outer loop
      vertex -3.6126931056841975 12.05388308072299 2.4
      vertex -3.42365293131702 11.823536961778817 2.4
      vertex -3.42365293131702 11.823536961778817 0
    endloop
  endfacet
  facet normal 0.8819212643483555 0.47139673682599675 -1.990744057422551e-18
    outer loop
      vertex -4.084089403117402 12.811949991349735 2.4
      vertex -3.943619881213198 12.549150000000001 2.4
      vertex -3.943619881213198 12.549150000000001 0
    endloop
  endfacet
  facet normal 0.849202181526579 0.5280678506503679 6.314922049563884e-19
    outer loop
      vertex -3.943619881213198 12.549150000000001 2.4
      vertex -3.7862631735421 12.296099829898639 2.4
      vertex -3.7862631735421 12.296099829898639 0
    endloop
  endfacet
  facet normal 0.6835923020228736 0.7298640726978334 0
    outer loop
      vertex -3.0024630382211837 11.40234706868298 0
      vertex -3.2199521494891816 11.60604785051082 2.4
      vertex -3.0024630382211837 11.40234706868298 2.4
    endloop
  endfacet
  facet normal 0.7298640726978349 0.6835923020228721 -2.7586819104792357e-18
    outer loop
      vertex -3.42365293131702 11.823536961778817 2.4
      vertex -3.2199521494891816 11.60604785051082 2.4
      vertex -3.2199521494891816 11.60604785051082 0
    endloop
  endfacet
  facet normal 0.9108638249211753 0.41270702980439566 2.538095289256955e-18
    outer loop
      vertex -4.084089403117402 12.811949991349735 0
      vertex -4.207070227196646 13.083374454039092 0
      vertex -4.207070227196646 13.083374454039092 2.4
    endloop
  endfacet
  facet normal 0.9359059267573256 0.3522500479212338 1.732380461091051e-18
    outer loop
      vertex -4.207070227196646 13.083374454039092 0
      vertex -4.312035730681862 13.362261106848994 0
      vertex -4.312035730681862 13.362261106848994 2.4
    endloop
  endfacet
  facet normal 0.9569403357322086 0.29028467725446344 6.551713024081079e-19
    outer loop
      vertex -4.312035730681862 13.362261106848994 0
      vertex -4.39853643517253 13.64741571431665 0
      vertex -4.39853643517253 13.64741571431665 2.4
    endloop
  endfacet
  facet normal 0.9108638249211753 0.41270702980439566 2.538095289256955e-18
    outer loop
      vertex -4.207070227196646 13.083374454039092 2.4
      vertex -4.084089403117402 12.811949991349735 2.4
      vertex -4.084089403117402 12.811949991349735 0
    endloop
  endfacet
  facet normal 0.9359059267573256 0.3522500479212338 1.732380461091051e-18
    outer loop
      vertex -4.312035730681862 13.362261106848994 2.4
      vertex -4.207070227196646 13.083374454039092 2.4
      vertex -4.207070227196646 13.083374454039092 0
    endloop
  endfacet
  facet normal 0.9569403357322086 0.29028467725446344 6.551713024081079e-19
    outer loop
      vertex -4.39853643517253 13.64741571431665 2.4
      vertex -4.312035730681862 13.362261106848994 2.4
      vertex -4.312035730681862 13.362261106848994 0
    endloop
  endfacet
  facet normal 0.9569403357322086 -0.29028467725446344 -6.551713024081079e-19
    outer loop
      vertex -4.39853643517253 16.00458428568335 0
      vertex -4.312035730681862 16.289738893151007 0
      vertex -4.312035730681862 16.289738893151007 2.4
    endloop
  endfacet
  facet normal 0.9359059267573256 -0.3522500479212338 -1.732380461091051e-18
    outer loop
      vertex -4.312035730681862 16.289738893151007 0
      vertex -4.207070227196646 16.56862554596091 0
      vertex -4.207070227196646 16.56862554596091 2.4
    endloop
  endfacet
  facet normal 0.9108638249211753 -0.41270702980439566 -2.538095289256955e-18
    outer loop
      vertex -4.207070227196646 16.56862554596091 0
      vertex -4.084089403117402 16.840050008650266 0
      vertex -4.084089403117402 16.840050008650266 2.4
    endloop
  endfacet
  facet normal 0.8819212643483555 -0.47139673682599675 1.990744057422551e-18
    outer loop
      vertex -4.084089403117402 16.840050008650266 0
      vertex -3.943619881213198 17.10285 0
      vertex -3.943619881213198 17.10285 2.4
    endloop
  endfacet
  facet normal 0.9569403357322086 -0.29028467725446344 -6.551713024081079e-19
    outer loop
      vertex -4.312035730681862 16.289738893151007 2.4
      vertex -4.39853643517253 16.00458428568335 2.4
      vertex -4.39853643517253 16.00458428568335 0
    endloop
  endfacet
  facet normal 0.9359059267573256 -0.3522500479212338 0
    outer loop
      vertex -4.312035730681862 16.289738893151007 0
      vertex -4.207070227196646 16.56862554596091 2.4
      vertex -4.312035730681862 16.289738893151007 2.4
    endloop
  endfacet
  facet normal 0.9108638249211753 -0.41270702980439566 -2.538095289256955e-18
    outer loop
      vertex -4.084089403117402 16.840050008650266 2.4
      vertex -4.207070227196646 16.56862554596091 2.4
      vertex -4.207070227196646 16.56862554596091 0
    endloop
  endfacet
  facet normal 0.8819212643483555 -0.47139673682599675 1.990744057422551e-18
    outer loop
      vertex -3.943619881213198 17.10285 2.4
      vertex -4.084089403117402 16.840050008650266 2.4
      vertex -4.084089403117402 16.840050008650266 0
    endloop
  endfacet
  facet normal 0.8492021815265806 -0.5280678506503652 2.1173914476973675e-18
    outer loop
      vertex -3.943619881213198 17.10285 0
      vertex -3.7862631735421 17.355900170101364 0
      vertex -3.7862631735421 17.355900170101364 2.4
    endloop
  endfacet
  facet normal 0.8128466845916134 -0.5824776968678047 2.9216832974673628e-18
    outer loop
      vertex -3.7862631735421 17.355900170101364 0
      vertex -3.6126931056841975 17.59811691927701 0
      vertex -3.6126931056841975 17.59811691927701 2.4
    endloop
  endfacet
  facet normal 0.7730104533627385 -0.6343932841636436 2.953386219370129e-18
    outer loop
      vertex -3.6126931056841975 17.59811691927701 0
      vertex -3.42365293131702 17.828463038221184 0
      vertex -3.42365293131702 17.828463038221184 2.4
    endloop
  endfacet
  facet normal 0.7298640726978349 -0.6835923020228721 2.7586819104792357e-18
    outer loop
      vertex -3.42365293131702 17.828463038221184 0
      vertex -3.2199521494891816 18.04595214948918 0
      vertex -3.2199521494891816 18.04595214948918 2.4
    endloop
  endfacet
  facet normal 0.6835923020228705 -0.7298640726978365 4.324604201312221e-18
    outer loop
      vertex -3.2199521494891816 18.04595214948918 0
      vertex -3.0024630382211837 18.24965293131702 0
      vertex -3.0024630382211837 18.24965293131702 2.4
    endloop
  endfacet
  facet normal 0.634393284163647 -0.7730104533627357 4.194177093382491e-18
    outer loop
      vertex -3.0024630382211837 18.24965293131702 0
      vertex -2.7721169192770114 18.438693105684198 0
      vertex -2.7721169192770114 18.438693105684198 2.4
    endloop
  endfacet
  facet normal 0.8492021815265806 -0.5280678506503652 2.1173914476973675e-18
    outer loop
      vertex -3.7862631735421 17.355900170101364 2.4
      vertex -3.943619881213198 17.10285 2.4
      vertex -3.943619881213198 17.10285 0
    endloop
  endfacet
  facet normal 0.8128466845916134 -0.5824776968678047 2.9216832974673628e-18
    outer loop
      vertex -3.6126931056841975 17.59811691927701 2.4
      vertex -3.7862631735421 17.355900170101364 2.4
      vertex -3.7862631735421 17.355900170101364 0
    endloop
  endfacet
  facet normal 0.7730104533627385 -0.6343932841636436 0
    outer loop
      vertex -3.6126931056841975 17.59811691927701 0
      vertex -3.42365293131702 17.828463038221184 2.4
      vertex -3.6126931056841975 17.59811691927701 2.4
    endloop
  endfacet
  facet normal 0.7298640726978349 -0.6835923020228721 0
    outer loop
      vertex -3.42365293131702 17.828463038221184 0
      vertex -3.2199521494891816 18.04595214948918 2.4
      vertex -3.42365293131702 17.828463038221184 2.4
    endloop
  endfacet
  facet normal 0.6835923020228705 -0.7298640726978365 0
    outer loop
      vertex -3.2199521494891816 18.04595214948918 0
      vertex -3.0024630382211837 18.24965293131702 2.4
      vertex -3.2199521494891816 18.04595214948918 2.4
    endloop
  endfacet
  facet normal 0.634393284163647 -0.7730104533627357 4.194177093382491e-18
    outer loop
      vertex -2.7721169192770114 18.438693105684198 2.4
      vertex -3.0024630382211837 18.24965293131702 2.4
      vertex -3.0024630382211837 18.24965293131702 0
    endloop
  endfacet
  facet normal 0.5824776968678002 -0.8128466845916166 0
    outer loop
      vertex -2.7721169192770114 18.438693105684198 0
      vertex -2.5299001701013624 18.6122631735421 2.4
      vertex -2.7721169192770114 18.438693105684198 2.4
    endloop
  endfacet
  facet normal 0.5824776968678002 -0.8128466845916166 3.315117252966287e-18
    outer loop
      vertex -2.7721169192770114 18.438693105684198 0
      vertex -2.5299001701013624 18.6122631735421 0
      vertex -2.5299001701013624 18.6122631735421 2.4
    endloop
  endfacet
  facet normal 0.52806785065037 -0.8492021815265776 3.1565734913495278e-18
    outer loop
      vertex -2.5299001701013624 18.6122631735421 0
      vertex -2.27685 18.7696198812132 0
      vertex -2.27685 18.7696198812132 2.4
    endloop
  endfacet
  facet normal 0.52806785065037 -0.8492021815265776 3.1565734913495278e-18
    outer loop
      vertex -2.27685 18.7696198812132 2.4
      vertex -2.5299001701013624 18.6122631735421 2.4
      vertex -2.5299001701013624 18.6122631735421 0
    endloop
  endfacet
  facet normal 0.4713967368259986 -0.8819212643483546 3.330730452199768e-19
    outer loop
      vertex -2.27685 18.7696198812132 0
      vertex -2.0140500086502664 18.910089403117404 0
      vertex -2.0140500086502664 18.910089403117404 2.4
    endloop
  endfacet
  facet normal 0.4127070298043904 -0.9108638249211777 1.835051768229616e-18
    outer loop
      vertex -2.0140500086502664 18.910089403117404 0
      vertex -1.7426255459609095 19.033070227196646 0
      vertex -1.7426255459609095 19.033070227196646 2.4
    endloop
  endfacet
  facet normal 0.3522500479212386 -0.9359059267573238 -6.381781510151437e-19
    outer loop
      vertex -1.7426255459609095 19.033070227196646 0
      vertex -1.463738893151007 19.138035730681864 0
      vertex -1.463738893151007 19.138035730681864 2.4
    endloop
  endfacet
  facet normal 0.29028467725446216 -0.9569403357322089 3.9401064820696053e-19
    outer loop
      vertex -1.463738893151007 19.138035730681864 0
      vertex -1.1785842856833486 19.22453643517253 0
      vertex -1.1785842856833486 19.22453643517253 2.4
    endloop
  endfacet
  facet normal 0.22707626303436937 -0.9738769792773345 -2.2376815953397386e-18
    outer loop
      vertex -1.1785842856833486 19.22453643517253 0
      vertex -0.8883827993648432 19.29220193137219 0
      vertex -0.8883827993648432 19.29220193137219 2.4
    endloop
  endfacet
  facet normal 0.16289547339458693 -0.9866433320848793 8.321271546453914e-20
    outer loop
      vertex -0.8883827993648432 19.29220193137219 0
      vertex -0.5943771215124488 19.34074246523792 0
      vertex -0.5943771215124488 19.34074246523792 2.4
    endloop
  endfacet
  facet normal 0.09801714032956581 -0.9951847266721964 1.6323134454983087e-19
    outer loop
      vertex -0.5943771215124488 19.34074246523792 0
      vertex -0.29782622957530247 19.36995017875163 0
      vertex -0.29782622957530247 19.36995017875163 2.4
    endloop
  endfacet
  facet normal 0.032719082821772036 -0.9994645874763659 2.257419974937398e-19
    outer loop
      vertex -0.29782622957530247 19.36995017875163 0
      vertex 0 19.3797 0
      vertex 0 19.3797 2.4
    endloop
  endfacet
  facet normal 0.4713967368259986 -0.8819212643483546 0
    outer loop
      vertex -2.27685 18.7696198812132 0
      vertex -2.0140500086502664 18.910089403117404 2.4
      vertex -2.27685 18.7696198812132 2.4
    endloop
  endfacet
  facet normal 0.4127070298043904 -0.9108638249211777 1.835051768229616e-18
    outer loop
      vertex -1.7426255459609095 19.033070227196646 2.4
      vertex -2.0140500086502664 18.910089403117404 2.4
      vertex -2.0140500086502664 18.910089403117404 0
    endloop
  endfacet
  facet normal 0.3522500479212386 -0.9359059267573238 0
    outer loop
      vertex -1.7426255459609095 19.033070227196646 0
      vertex -1.463738893151007 19.138035730681864 2.4
      vertex -1.7426255459609095 19.033070227196646 2.4
    endloop
  endfacet
  facet normal 0.29028467725446216 -0.9569403357322089 0
    outer loop
      vertex -1.463738893151007 19.138035730681864 0
      vertex -1.1785842856833486 19.22453643517253 2.4
      vertex -1.463738893151007 19.138035730681864 2.4
    endloop
  endfacet
  facet normal 0.22707626303436937 -0.9738769792773345 -2.2376815953397386e-18
    outer loop
      vertex -0.8883827993648432 19.29220193137219 2.4
      vertex -1.1785842856833486 19.22453643517253 2.4
      vertex -1.1785842856833486 19.22453643517253 0
    endloop
  endfacet
  facet normal 0.16289547339458693 -0.9866433320848793 0
    outer loop
      vertex -0.8883827993648432 19.29220193137219 0
      vertex -0.5943771215124488 19.34074246523792 2.4
      vertex -0.8883827993648432 19.29220193137219 2.4
    endloop
  endfacet
  facet normal 0.09801714032956581 -0.9951847266721964 0
    outer loop
      vertex -0.5943771215124488 19.34074246523792 0
      vertex -0.29782622957530247 19.36995017875163 2.4
      vertex -0.5943771215124488 19.34074246523792 2.4
    endloop
  endfacet
  facet normal 0.032719082821772036 -0.9994645874763659 0
    outer loop
      vertex -0.29782622957530247 19.36995017875163 0
      vertex 0 19.3797 2.4
      vertex -0.29782622957530247 19.36995017875163 2.4
    endloop
  endfacet
  facet normal -0.032719082821772036 0.9994645874763659 2.257419974937398e-19
    outer loop
      vertex 0.29782622957530247 10.282049821248371 0
      vertex 0 10.272300000000001 0
      vertex 0 10.272300000000001 2.4
    endloop
  endfacet
  facet normal -0.09801714032956581 0.9951847266721964 1.6323134454983087e-19
    outer loop
      vertex 0.5943771215124488 10.311257534762081 0
      vertex 0.29782622957530247 10.282049821248371 0
      vertex 0.29782622957530247 10.282049821248371 2.4
    endloop
  endfacet
  facet normal -0.16289547339458693 0.9866433320848793 8.321271546453914e-20
    outer loop
      vertex 0.8883827993648432 10.35979806862781 0
      vertex 0.5943771215124488 10.311257534762081 0
      vertex 0.5943771215124488 10.311257534762081 2.4
    endloop
  endfacet
  facet normal -0.22707626303436937 0.9738769792773345 -2.2376815953397386e-18
    outer loop
      vertex 1.1785842856833486 10.42746356482747 0
      vertex 0.8883827993648432 10.35979806862781 0
      vertex 0.8883827993648432 10.35979806862781 2.4
    endloop
  endfacet
  facet normal -0.29028467725446216 0.9569403357322089 3.9401064820696053e-19
    outer loop
      vertex 1.463738893151007 10.513964269318137 0
      vertex 1.1785842856833486 10.42746356482747 0
      vertex 1.1785842856833486 10.42746356482747 2.4
    endloop
  endfacet
  facet normal -0.3522500479212386 0.9359059267573238 -6.381781510151437e-19
    outer loop
      vertex 1.7426255459609095 10.618929772803355 0
      vertex 1.463738893151007 10.513964269318137 0
      vertex 1.463738893151007 10.513964269318137 2.4
    endloop
  endfacet
  facet normal -0.4127070298043904 0.9108638249211777 1.835051768229616e-18
    outer loop
      vertex 2.0140500086502664 10.741910596882597 0
      vertex 1.7426255459609095 10.618929772803355 0
      vertex 1.7426255459609095 10.618929772803355 2.4
    endloop
  endfacet
  facet normal -0.4713967368259986 0.8819212643483546 3.330730452199768e-19
    outer loop
      vertex 2.27685 10.882380118786802 0
      vertex 2.0140500086502664 10.741910596882597 0
      vertex 2.0140500086502664 10.741910596882597 2.4
    endloop
  endfacet
  facet normal -0.032719082821772036 0.9994645874763659 0
    outer loop
      vertex 0.29782622957530247 10.282049821248371 0
      vertex 0 10.272300000000001 2.4
      vertex 0.29782622957530247 10.282049821248371 2.4
    endloop
  endfacet
  facet normal -0.09801714032956581 0.9951847266721964 0
    outer loop
      vertex 0.5943771215124488 10.311257534762081 0
      vertex 0.29782622957530247 10.282049821248371 2.4
      vertex 0.5943771215124488 10.311257534762081 2.4
    endloop
  endfacet
  facet normal -0.16289547339458693 0.9866433320848793 0
    outer loop
      vertex 0.8883827993648432 10.35979806862781 0
      vertex 0.5943771215124488 10.311257534762081 2.4
      vertex 0.8883827993648432 10.35979806862781 2.4
    endloop
  endfacet
  facet normal -0.22707626303436937 0.9738769792773345 -2.2376815953397386e-18
    outer loop
      vertex 0.8883827993648432 10.35979806862781 2.4
      vertex 1.1785842856833486 10.42746356482747 2.4
      vertex 1.1785842856833486 10.42746356482747 0
    endloop
  endfacet
  facet normal -0.29028467725446216 0.9569403357322089 0
    outer loop
      vertex 1.463738893151007 10.513964269318137 0
      vertex 1.1785842856833486 10.42746356482747 2.4
      vertex 1.463738893151007 10.513964269318137 2.4
    endloop
  endfacet
  facet normal -0.3522500479212386 0.9359059267573238 0
    outer loop
      vertex 1.7426255459609095 10.618929772803355 0
      vertex 1.463738893151007 10.513964269318137 2.4
      vertex 1.7426255459609095 10.618929772803355 2.4
    endloop
  endfacet
  facet normal -0.4127070298043904 0.9108638249211777 1.835051768229616e-18
    outer loop
      vertex 1.7426255459609095 10.618929772803355 2.4
      vertex 2.0140500086502664 10.741910596882597 2.4
      vertex 2.0140500086502664 10.741910596882597 0
    endloop
  endfacet
  facet normal -0.4713967368259986 0.8819212643483546 0
    outer loop
      vertex 2.27685 10.882380118786802 0
      vertex 2.0140500086502664 10.741910596882597 2.4
      vertex 2.27685 10.882380118786802 2.4
    endloop
  endfacet
  facet normal -0.52806785065037 0.8492021815265776 3.1565734913495278e-18
    outer loop
      vertex 2.5299001701013624 11.0397368264579 0
      vertex 2.27685 10.882380118786802 0
      vertex 2.27685 10.882380118786802 2.4
    endloop
  endfacet
  facet normal -0.5824776968678002 0.8128466845916166 3.315117252966287e-18
    outer loop
      vertex 2.7721169192770114 11.213306894315803 0
      vertex 2.5299001701013624 11.0397368264579 0
      vertex 2.5299001701013624 11.0397368264579 2.4
    endloop
  endfacet
  facet normal -0.6343932841636435 0.7730104533627387 4.498772889974623e-18
    outer loop
      vertex 3.0024630382211837 11.40234706868298 0
      vertex 2.7721169192770114 11.213306894315803 0
      vertex 2.7721169192770114 11.213306894315803 2.4
    endloop
  endfacet
  facet normal -0.52806785065037 0.8492021815265776 3.1565734913495278e-18
    outer loop
      vertex 2.27685 10.882380118786802 2.4
      vertex 2.5299001701013624 11.0397368264579 2.4
      vertex 2.5299001701013624 11.0397368264579 0
    endloop
  endfacet
  facet normal -0.5824776968678002 0.8128466845916166 0
    outer loop
      vertex 2.7721169192770114 11.213306894315803 0
      vertex 2.5299001701013624 11.0397368264579 2.4
      vertex 2.7721169192770114 11.213306894315803 2.4
    endloop
  endfacet
  facet normal -0.6343932841636435 0.7730104533627387 0
    outer loop
      vertex 3.0024630382211837 11.40234706868298 0
      vertex 2.7721169192770114 11.213306894315803 2.4
      vertex 3.0024630382211837 11.40234706868298 2.4
    endloop
  endfacet
  facet normal -0.6835923020228736 0.7298640726978334 1.1927596196462562e-18
    outer loop
      vertex 3.2199521494891816 11.60604785051082 0
      vertex 3.0024630382211837 11.40234706868298 0
      vertex 3.0024630382211837 11.40234706868298 2.4
    endloop
  endfacet
  facet normal -0.7298640726978349 0.6835923020228721 2.7586819104792357e-18
    outer loop
      vertex 3.42365293131702 11.823536961778817 0
      vertex 3.2199521494891816 11.60604785051082 0
      vertex 3.2199521494891816 11.60604785051082 2.4
    endloop
  endfacet
  facet normal -0.7730104533627385 0.6343932841636436 2.953386219370129e-18
    outer loop
      vertex 3.6126931056841975 12.05388308072299 0
      vertex 3.42365293131702 11.823536961778817 0
      vertex 3.42365293131702 11.823536961778817 2.4
    endloop
  endfacet
  facet normal -0.8128466845916154 0.5824776968678019 -2.5705370983867532e-18
    outer loop
      vertex 3.7862631735421 12.296099829898639 0
      vertex 3.6126931056841975 12.05388308072299 0
      vertex 3.6126931056841975 12.05388308072299 2.4
    endloop
  endfacet
  facet normal -0.849202181526579 0.5280678506503679 -6.314922049563884e-19
    outer loop
      vertex 3.943619881213198 12.549150000000001 0
      vertex 3.7862631735421 12.296099829898639 0
      vertex 3.7862631735421 12.296099829898639 2.4
    endloop
  endfacet
  facet normal -0.8819212643483555 0.47139673682599675 1.990744057422551e-18
    outer loop
      vertex 4.084089403117402 12.811949991349735 0
      vertex 3.943619881213198 12.549150000000001 0
      vertex 3.943619881213198 12.549150000000001 2.4
    endloop
  endfacet
  facet normal -0.6835923020228736 0.7298640726978334 1.1927596196462562e-18
    outer loop
      vertex 3.0024630382211837 11.40234706868298 2.4
      vertex 3.2199521494891816 11.60604785051082 2.4
      vertex 3.2199521494891816 11.60604785051082 0
    endloop
  endfacet
  facet normal -0.7298640726978349 0.6835923020228721 2.7586819104792357e-18
    outer loop
      vertex 3.2199521494891816 11.60604785051082 2.4
      vertex 3.42365293131702 11.823536961778817 2.4
      vertex 3.42365293131702 11.823536961778817 0
    endloop
  endfacet
  facet normal -0.7730104533627385 0.6343932841636436 0
    outer loop
      vertex 3.6126931056841975 12.05388308072299 0
      vertex 3.42365293131702 11.823536961778817 2.4
      vertex 3.6126931056841975 12.05388308072299 2.4
    endloop
  endfacet
  facet normal -0.8128466845916154 0.5824776968678019 0
    outer loop
      vertex 3.7862631735421 12.296099829898639 0
      vertex 3.6126931056841975 12.05388308072299 2.4
      vertex 3.7862631735421 12.296099829898639 2.4
    endloop
  endfacet
  facet normal -0.849202181526579 0.5280678506503679 0
    outer loop
      vertex 3.943619881213198 12.549150000000001 0
      vertex 3.7862631735421 12.296099829898639 2.4
      vertex 3.943619881213198 12.549150000000001 2.4
    endloop
  endfacet
  facet normal -0.8819212643483555 0.47139673682599675 1.990744057422551e-18
    outer loop
      vertex 3.943619881213198 12.549150000000001 2.4
      vertex 4.084089403117402 12.811949991349735 2.4
      vertex 4.084089403117402 12.811949991349735 0
    endloop
  endfacet
  facet normal -0.9108638249211753 0.41270702980439566 -2.538095289256955e-18
    outer loop
      vertex 4.207070227196646 13.083374454039092 0
      vertex 4.084089403117402 12.811949991349735 0
      vertex 4.084089403117402 12.811949991349735 2.4
    endloop
  endfacet
  facet normal -0.9359059267573256 0.3522500479212338 -1.732380461091051e-18
    outer loop
      vertex 4.312035730681862 13.362261106848994 0
      vertex 4.207070227196646 13.083374454039092 0
      vertex 4.207070227196646 13.083374454039092 2.4
    endloop
  endfacet
  facet normal -0.9569403357322086 0.29028467725446344 -6.551713024081079e-19
    outer loop
      vertex 4.39853643517253 13.64741571431665 0
      vertex 4.312035730681862 13.362261106848994 0
      vertex 4.312035730681862 13.362261106848994 2.4
    endloop
  endfacet
  facet normal -0.9108638249211753 0.41270702980439566 0
    outer loop
      vertex 4.207070227196646 13.083374454039092 0
      vertex 4.084089403117402 12.811949991349735 2.4
      vertex 4.207070227196646 13.083374454039092 2.4
    endloop
  endfacet
  facet normal -0.9359059267573256 0.3522500479212338 -1.732380461091051e-18
    outer loop
      vertex 4.207070227196646 13.083374454039092 2.4
      vertex 4.312035730681862 13.362261106848994 2.4
      vertex 4.312035730681862 13.362261106848994 0
    endloop
  endfacet
  facet normal -0.9569403357322086 0.29028467725446344 0
    outer loop
      vertex 4.39853643517253 13.64741571431665 0
      vertex 4.312035730681862 13.362261106848994 2.4
      vertex 4.39853643517253 13.64741571431665 2.4
    endloop
  endfacet
  facet normal -0.9569403357322086 -0.29028467725446344 6.551713024081079e-19
    outer loop
      vertex 4.312035730681862 16.289738893151007 0
      vertex 4.39853643517253 16.00458428568335 0
      vertex 4.39853643517253 16.00458428568335 2.4
    endloop
  endfacet
  facet normal -0.9359059267573256 -0.3522500479212338 1.732380461091051e-18
    outer loop
      vertex 4.207070227196646 16.56862554596091 0
      vertex 4.312035730681862 16.289738893151007 0
      vertex 4.312035730681862 16.289738893151007 2.4
    endloop
  endfacet
  facet normal -0.9108638249211753 -0.41270702980439566 2.538095289256955e-18
    outer loop
      vertex 4.084089403117402 16.840050008650266 0
      vertex 4.207070227196646 16.56862554596091 0
      vertex 4.207070227196646 16.56862554596091 2.4
    endloop
  endfacet
  facet normal -0.8819212643483555 -0.47139673682599675 -1.990744057422551e-18
    outer loop
      vertex 3.943619881213198 17.10285 0
      vertex 4.084089403117402 16.840050008650266 0
      vertex 4.084089403117402 16.840050008650266 2.4
    endloop
  endfacet
  facet normal -0.9569403357322086 -0.29028467725446344 6.551713024081079e-19
    outer loop
      vertex 4.39853643517253 16.00458428568335 2.4
      vertex 4.312035730681862 16.289738893151007 2.4
      vertex 4.312035730681862 16.289738893151007 0
    endloop
  endfacet
  facet normal -0.9359059267573256 -0.3522500479212338 1.732380461091051e-18
    outer loop
      vertex 4.312035730681862 16.289738893151007 2.4
      vertex 4.207070227196646 16.56862554596091 2.4
      vertex 4.207070227196646 16.56862554596091 0
    endloop
  endfacet
  facet normal -0.9108638249211753 -0.41270702980439566 2.538095289256955e-18
    outer loop
      vertex 4.207070227196646 16.56862554596091 2.4
      vertex 4.084089403117402 16.840050008650266 2.4
      vertex 4.084089403117402 16.840050008650266 0
    endloop
  endfacet
  facet normal -0.8819212643483555 -0.47139673682599675 0
    outer loop
      vertex 3.943619881213198 17.10285 0
      vertex 4.084089403117402 16.840050008650266 2.4
      vertex 3.943619881213198 17.10285 2.4
    endloop
  endfacet
  facet normal -0.9738769792773332 0.22707626303437517 -1.0124055813457957e-18
    outer loop
      vertex 4.466201931372191 13.937617200635156 0
      vertex 4.39853643517253 13.64741571431665 0
      vertex 4.39853643517253 13.64741571431665 2.4
    endloop
  endfacet
  facet normal -0.9866433320848794 0.16289547339458568 6.616695014913973e-19
    outer loop
      vertex 4.51474246523792 14.231622878487553 0
      vertex 4.466201931372191 13.937617200635156 0
      vertex 4.466201931372191 13.937617200635156 2.4
    endloop
  endfacet
  facet normal -0.9738769792773332 0.22707626303437517 -1.0124055813457957e-18
    outer loop
      vertex 4.39853643517253 13.64741571431665 2.4
      vertex 4.466201931372191 13.937617200635156 2.4
      vertex 4.466201931372191 13.937617200635156 0
    endloop
  endfacet
  facet normal -0.9866433320848794 0.16289547339458568 0
    outer loop
      vertex 4.51474246523792 14.231622878487553 0
      vertex 4.466201931372191 13.937617200635156 2.4
      vertex 4.51474246523792 14.231622878487553 2.4
    endloop
  endfacet
  facet normal -0.9951847266721969 0.09801714032956053 -9.188532198937182e-19
    outer loop
      vertex 4.543950178751628 14.528173770424697 0
      vertex 4.51474246523792 14.231622878487553 0
      vertex 4.51474246523792 14.231622878487553 2.4
    endloop
  endfacet
  facet normal -0.9994645874763656 0.03271908282177788 1.4319210449890465e-19
    outer loop
      vertex 4.5537 14.826 0
      vertex 4.543950178751628 14.528173770424697 0
      vertex 4.543950178751628 14.528173770424697 2.4
    endloop
  endfacet
  facet normal -0.9994645874763656 -0.03271908282177788 -1.4319210449890465e-19
    outer loop
      vertex 4.543950178751628 15.123826229575304 0
      vertex 4.5537 14.826 0
      vertex 4.5537 14.826 2.4
    endloop
  endfacet
  facet normal -0.9951847266721969 -0.09801714032956053 9.188532198937182e-19
    outer loop
      vertex 4.51474246523792 15.420377121512448 0
      vertex 4.543950178751628 15.123826229575304 0
      vertex 4.543950178751628 15.123826229575304 2.4
    endloop
  endfacet
  facet normal -0.9866433320848794 -0.16289547339458568 -6.616695014913973e-19
    outer loop
      vertex 4.466201931372191 15.714382799364845 0
      vertex 4.51474246523792 15.420377121512448 0
      vertex 4.51474246523792 15.420377121512448 2.4
    endloop
  endfacet
  facet normal -0.9951847266721969 0.09801714032956053 -9.188532198937182e-19
    outer loop
      vertex 4.51474246523792 14.231622878487553 2.4
      vertex 4.543950178751628 14.528173770424697 2.4
      vertex 4.543950178751628 14.528173770424697 0
    endloop
  endfacet
  facet normal -0.9994645874763656 0.03271908282177788 0
    outer loop
      vertex 4.5537 14.826 0
      vertex 4.543950178751628 14.528173770424697 2.4
      vertex 4.5537 14.826 2.4
    endloop
  endfacet
  facet normal -0.9994645874763656 -0.03271908282177788 -1.4319210449890465e-19
    outer loop
      vertex 4.5537 14.826 2.4
      vertex 4.543950178751628 15.123826229575304 2.4
      vertex 4.543950178751628 15.123826229575304 0
    endloop
  endfacet
  facet normal -0.9951847266721969 -0.09801714032956053 0
    outer loop
      vertex 4.51474246523792 15.420377121512448 0
      vertex 4.543950178751628 15.123826229575304 2.4
      vertex 4.51474246523792 15.420377121512448 2.4
    endloop
  endfacet
  facet normal -0.9866433320848794 -0.16289547339458568 -6.616695014913973e-19
    outer loop
      vertex 4.51474246523792 15.420377121512448 2.4
      vertex 4.466201931372191 15.714382799364845 2.4
      vertex 4.466201931372191 15.714382799364845 0
    endloop
  endfacet
  facet normal -0.9738769792773332 -0.22707626303437517 1.0124055813457957e-18
    outer loop
      vertex 4.39853643517253 16.00458428568335 0
      vertex 4.466201931372191 15.714382799364845 0
      vertex 4.466201931372191 15.714382799364845 2.4
    endloop
  endfacet
  facet normal -0.9738769792773332 -0.22707626303437517 1.0124055813457957e-18
    outer loop
      vertex 4.466201931372191 15.714382799364845 2.4
      vertex 4.39853643517253 16.00458428568335 2.4
      vertex 4.39853643517253 16.00458428568335 0
    endloop
  endfacet
  facet normal -0.032719082821772036 -0.9994645874763659 -2.257419974937398e-19
    outer loop
      vertex 0 19.3797 0
      vertex 0.29782622957530247 19.36995017875163 0
      vertex 0.29782622957530247 19.36995017875163 2.4
    endloop
  endfacet
  facet normal -0.09801714032956581 -0.9951847266721964 -1.6323134454983087e-19
    outer loop
      vertex 0.29782622957530247 19.36995017875163 0
      vertex 0.5943771215124488 19.34074246523792 0
      vertex 0.5943771215124488 19.34074246523792 2.4
    endloop
  endfacet
  facet normal -0.16289547339458693 -0.9866433320848793 -8.321271546453914e-20
    outer loop
      vertex 0.5943771215124488 19.34074246523792 0
      vertex 0.8883827993648432 19.29220193137219 0
      vertex 0.8883827993648432 19.29220193137219 2.4
    endloop
  endfacet
  facet normal -0.22707626303436937 -0.9738769792773345 2.2376815953397386e-18
    outer loop
      vertex 0.8883827993648432 19.29220193137219 0
      vertex 1.1785842856833486 19.22453643517253 0
      vertex 1.1785842856833486 19.22453643517253 2.4
    endloop
  endfacet
  facet normal -0.29028467725446216 -0.9569403357322089 -3.9401064820696053e-19
    outer loop
      vertex 1.1785842856833486 19.22453643517253 0
      vertex 1.463738893151007 19.138035730681864 0
      vertex 1.463738893151007 19.138035730681864 2.4
    endloop
  endfacet
  facet normal -0.4713967368259986 -0.8819212643483546 -3.330730452199768e-19
    outer loop
      vertex 2.0140500086502664 18.910089403117404 0
      vertex 2.27685 18.7696198812132 0
      vertex 2.27685 18.7696198812132 2.4
    endloop
  endfacet
  facet normal -0.3522500479212386 -0.9359059267573238 6.381781510151437e-19
    outer loop
      vertex 1.463738893151007 19.138035730681864 0
      vertex 1.7426255459609095 19.033070227196646 0
      vertex 1.7426255459609095 19.033070227196646 2.4
    endloop
  endfacet
  facet normal -0.4127070298043904 -0.9108638249211777 -1.835051768229616e-18
    outer loop
      vertex 1.7426255459609095 19.033070227196646 0
      vertex 2.0140500086502664 18.910089403117404 0
      vertex 2.0140500086502664 18.910089403117404 2.4
    endloop
  endfacet
  facet normal -0.032719082821772036 -0.9994645874763659 0
    outer loop
      vertex 0 19.3797 0
      vertex 0.29782622957530247 19.36995017875163 2.4
      vertex 0 19.3797 2.4
    endloop
  endfacet
  facet normal -0.09801714032956581 -0.9951847266721964 0
    outer loop
      vertex 0.29782622957530247 19.36995017875163 0
      vertex 0.5943771215124488 19.34074246523792 2.4
      vertex 0.29782622957530247 19.36995017875163 2.4
    endloop
  endfacet
  facet normal -0.16289547339458693 -0.9866433320848793 -8.321271546453914e-20
    outer loop
      vertex 0.8883827993648432 19.29220193137219 2.4
      vertex 0.5943771215124488 19.34074246523792 2.4
      vertex 0.5943771215124488 19.34074246523792 0
    endloop
  endfacet
  facet normal -0.22707626303436937 -0.9738769792773345 0
    outer loop
      vertex 0.8883827993648432 19.29220193137219 0
      vertex 1.1785842856833486 19.22453643517253 2.4
      vertex 0.8883827993648432 19.29220193137219 2.4
    endloop
  endfacet
  facet normal -0.29028467725446216 -0.9569403357322089 0
    outer loop
      vertex 1.1785842856833486 19.22453643517253 0
      vertex 1.463738893151007 19.138035730681864 2.4
      vertex 1.1785842856833486 19.22453643517253 2.4
    endloop
  endfacet
  facet normal -0.3522500479212386 -0.9359059267573238 0
    outer loop
      vertex 1.463738893151007 19.138035730681864 0
      vertex 1.7426255459609095 19.033070227196646 2.4
      vertex 1.463738893151007 19.138035730681864 2.4
    endloop
  endfacet
  facet normal -0.4713967368259986 -0.8819212643483546 0
    outer loop
      vertex 2.0140500086502664 18.910089403117404 0
      vertex 2.27685 18.7696198812132 2.4
      vertex 2.0140500086502664 18.910089403117404 2.4
    endloop
  endfacet
  facet normal -0.4127070298043904 -0.9108638249211777 0
    outer loop
      vertex 1.7426255459609095 19.033070227196646 0
      vertex 2.0140500086502664 18.910089403117404 2.4
      vertex 1.7426255459609095 19.033070227196646 2.4
    endloop
  endfacet
  facet normal -0.5824776968678002 -0.8128466845916166 -3.315117252966287e-18
    outer loop
      vertex 2.5299001701013624 18.6122631735421 0
      vertex 2.7721169192770114 18.438693105684198 0
      vertex 2.7721169192770114 18.438693105684198 2.4
    endloop
  endfacet
  facet normal -0.6835923020228705 -0.7298640726978365 -4.324604201312221e-18
    outer loop
      vertex 3.0024630382211837 18.24965293131702 0
      vertex 3.2199521494891816 18.04595214948918 0
      vertex 3.2199521494891816 18.04595214948918 2.4
    endloop
  endfacet
  facet normal -0.634393284163647 -0.7730104533627357 -4.194177093382491e-18
    outer loop
      vertex 2.7721169192770114 18.438693105684198 0
      vertex 3.0024630382211837 18.24965293131702 0
      vertex 3.0024630382211837 18.24965293131702 2.4
    endloop
  endfacet
  facet normal -0.8128466845916134 -0.5824776968678047 -2.9216832974673628e-18
    outer loop
      vertex 3.6126931056841975 17.59811691927701 0
      vertex 3.7862631735421 17.355900170101364 0
      vertex 3.7862631735421 17.355900170101364 2.4
    endloop
  endfacet
  facet normal -0.7730104533627385 -0.6343932841636436 -2.953386219370129e-18
    outer loop
      vertex 3.42365293131702 17.828463038221184 0
      vertex 3.6126931056841975 17.59811691927701 0
      vertex 3.6126931056841975 17.59811691927701 2.4
    endloop
  endfacet
  facet normal -0.8492021815265806 -0.5280678506503652 -2.1173914476973675e-18
    outer loop
      vertex 3.7862631735421 17.355900170101364 0
      vertex 3.943619881213198 17.10285 0
      vertex 3.943619881213198 17.10285 2.4
    endloop
  endfacet
  facet normal -0.7298640726978349 -0.6835923020228721 -2.7586819104792357e-18
    outer loop
      vertex 3.2199521494891816 18.04595214948918 0
      vertex 3.42365293131702 17.828463038221184 0
      vertex 3.42365293131702 17.828463038221184 2.4
    endloop
  endfacet
  facet normal -0.7298640726978349 -0.6835923020228721 -2.7586819104792357e-18
    outer loop
      vertex 3.42365293131702 17.828463038221184 2.4
      vertex 3.2199521494891816 18.04595214948918 2.4
      vertex 3.2199521494891816 18.04595214948918 0
    endloop
  endfacet
  facet normal -0.634393284163647 -0.7730104533627357 0
    outer loop
      vertex 2.7721169192770114 18.438693105684198 0
      vertex 3.0024630382211837 18.24965293131702 2.4
      vertex 2.7721169192770114 18.438693105684198 2.4
    endloop
  endfacet
  facet normal -0.6835923020228705 -0.7298640726978365 -4.324604201312221e-18
    outer loop
      vertex 3.2199521494891816 18.04595214948918 2.4
      vertex 3.0024630382211837 18.24965293131702 2.4
      vertex 3.0024630382211837 18.24965293131702 0
    endloop
  endfacet
  facet normal -0.8492021815265806 -0.5280678506503652 -2.1173914476973675e-18
    outer loop
      vertex 3.943619881213198 17.10285 2.4
      vertex 3.7862631735421 17.355900170101364 2.4
      vertex 3.7862631735421 17.355900170101364 0
    endloop
  endfacet
  facet normal -0.7730104533627385 -0.6343932841636436 -2.953386219370129e-18
    outer loop
      vertex 3.6126931056841975 17.59811691927701 2.4
      vertex 3.42365293131702 17.828463038221184 2.4
      vertex 3.42365293131702 17.828463038221184 0
    endloop
  endfacet
  facet normal -0.8128466845916134 -0.5824776968678047 0
    outer loop
      vertex 3.6126931056841975 17.59811691927701 0
      vertex 3.7862631735421 17.355900170101364 2.4
      vertex 3.6126931056841975 17.59811691927701 2.4
    endloop
  endfacet
  facet normal -0.52806785065037 -0.8492021815265776 -3.1565734913495278e-18
    outer loop
      vertex 2.27685 18.7696198812132 0
      vertex 2.5299001701013624 18.6122631735421 0
      vertex 2.5299001701013624 18.6122631735421 2.4
    endloop
  endfacet
  facet normal -0.52806785065037 -0.8492021815265776 0
    outer loop
      vertex 2.27685 18.7696198812132 0
      vertex 2.5299001701013624 18.6122631735421 2.4
      vertex 2.27685 18.7696198812132 2.4
    endloop
  endfacet
  facet normal -0.5824776968678002 -0.8128466845916166 -3.315117252966287e-18
    outer loop
      vertex 2.7721169192770114 18.438693105684198 2.4
      vertex 2.5299001701013624 18.6122631735421 2.4
      vertex 2.5299001701013624 18.6122631735421 0
    endloop
  endfacet
endsolid OpenSCAD_Model
