solid OpenSCAD_Model
  facet normal -0.621660577805896 -0.7832867457081344 0
    outer loop
      vertex -14.035951413214207 5.6221437230706215 0
      vertex -13.468846619129181 5.172057345509529 0
      vertex -14.035951413214207 5.6221437230706215 2.4
    endloop
  endfacet
  facet normal -0.6954426331358964 -0.7185816195930781 0
    outer loop
      vertex -15.644737534224987 7.080262467265129 0
      vertex -15.124479681253433 6.5767573937773705 0
      vertex -15.644737534224987 7.080262467265129 2.4
    endloop
  endfacet
  facet normal -0.6469561518981494 -0.7625272044465946 0
    outer loop
      vertex -14.588026158511639 6.090544261038303 0
      vertex -14.035951413214207 5.6221437230706215 0
      vertex -14.588026158511639 6.090544261038303 2.4
    endloop
  endfacet
  facet normal -0.6715589556748406 -0.7409511246046648 0
    outer loop
      vertex -14.588026158511639 6.090544261038303 0
      vertex -15.124479681253433 6.5767573937773705 2.4
      vertex -15.124479681253433 6.5767573937773705 0
    endloop
  endfacet
  facet normal -0.6954426331358964 -0.7185816195930781 0
    outer loop
      vertex -15.124479681253433 6.5767573937773705 0
      vertex -15.124479681253433 6.5767573937773705 2.4
      vertex -15.644737534224987 7.080262467265129 2.4
    endloop
  endfacet
  facet normal -0.7185816195930781 -0.6954426331358964 0
    outer loop
      vertex -15.644737534224987 7.080262467265129 0
      vertex -15.644737534224987 7.080262467265129 2.4
      vertex -16.148242607712746 7.600520320236683 2.4
    endloop
  endfacet
  facet normal -0.6715589556748406 -0.7409511246046648 0
    outer loop
      vertex -14.588026158511639 6.090544261038303 0
      vertex -14.588026158511639 6.090544261038303 2.4
      vertex -15.124479681253433 6.5767573937773705 2.4
    endloop
  endfacet
  facet normal -0.6469561518981494 -0.7625272044465946 0
    outer loop
      vertex -14.035951413214207 5.6221437230706215 0
      vertex -14.035951413214207 5.6221437230706215 2.4
      vertex -14.588026158511639 6.090544261038303 2.4
    endloop
  endfacet
  facet normal 0 0 -1
    outer loop
      vertex -13.23685414174036 5 0
      vertex -12.295564837753773 5 0
      vertex -12.887319043278694 4.740767106413841 0
    endloop
  endfacet
  facet normal 0 0 -1
    outer loop
      vertex -12.887319043278694 4.740767106413841 0
      vertex -12.295564837753773 5 0
      vertex -12.431103084191237 4.425015429316586 0
    endloop
  endfacet
  facet normal 0 0 -1
    outer loop
      vertex -13.23685414174036 5 0
      vertex -13.468846619129181 5.172057345509529 0
      vertex -12.295564837753773 5 0
    endloop
  endfacet
  facet normal -0.5956992998534414 -0.8032075349211558 0
    outer loop
      vertex -13.23685414174036 5 0
      vertex -13.23685414174036 5 2.4
      vertex -13.468846619129181 5.172057345509529 0
    endloop
  endfacet
  facet normal -0.621660577805896 -0.7832867457081344 0
    outer loop
      vertex -13.468846619129181 5.172057345509529 0
      vertex -13.468846619129181 5.172057345509529 2.4
      vertex -14.035951413214207 5.6221437230706215 2.4
    endloop
  endfacet
  facet normal -0.5956992998534414 -0.8032075349211558 0
    outer loop
      vertex -13.468846619129181 5.172057345509529 0
      vertex -13.23685414174036 5 2.4
      vertex -13.468846619129181 5.172057345509529 2.4
    endloop
  endfacet
  facet normal -0.7625272044465946 -0.6469561518981494 0
    outer loop
      vertex -16.634455740451813 8.136973842978477 0
      vertex -17.102856278419495 8.68904858827591 2.4
      vertex -17.102856278419495 8.68904858827591 0
    endloop
  endfacet
  facet normal -0.7625272044465946 -0.6469561518981494 0
    outer loop
      vertex -16.634455740451813 8.136973842978477 0
      vertex -16.634455740451813 8.136973842978477 2.4
      vertex -17.102856278419495 8.68904858827591 2.4
    endloop
  endfacet
  facet normal -0.7832867457081344 -0.621660577805896 0
    outer loop
      vertex -17.102856278419495 8.68904858827591 0
      vertex -17.102856278419495 8.68904858827591 2.4
      vertex -17.552942655980587 9.256153382360935 2.4
    endloop
  endfacet
  facet normal -0.8222682186811944 -0.5691001463247531 0
    outer loop
      vertex -17.984232895076275 9.837680958211422 0
      vertex -18.396265171468258 10.433008596301079 2.4
      vertex -18.396265171468258 10.433008596301079 0
    endloop
  endfacet
  facet normal -0.8404483973157811 -0.5418915864352712 0
    outer loop
      vertex -18.396265171468258 10.433008596301079 0
      vertex -18.788598269224167 11.041498802602291 2.4
      vertex -18.788598269224167 11.041498802602291 0
    endloop
  endfacet
  facet normal -0.7832867457081344 -0.621660577805896 0
    outer loop
      vertex -17.102856278419495 8.68904858827591 0
      vertex -17.552942655980587 9.256153382360935 2.4
      vertex -17.552942655980587 9.256153382360935 0
    endloop
  endfacet
  facet normal -0.8032075349211563 -0.5956992998534407 0
    outer loop
      vertex -17.984232895076275 9.837680958211422 0
      vertex -17.552942655980587 9.256153382360935 0
      vertex -17.984232895076275 9.837680958211422 2.4
    endloop
  endfacet
  facet normal -0.8222682186811944 -0.5691001463247531 0
    outer loop
      vertex -17.984232895076275 9.837680958211422 0
      vertex -17.984232895076275 9.837680958211422 2.4
      vertex -18.396265171468258 10.433008596301079 2.4
    endloop
  endfacet
  facet normal -0.8404483973157811 -0.5418915864352712 0
    outer loop
      vertex -18.396265171468258 10.433008596301079 0
      vertex -18.396265171468258 10.433008596301079 2.4
      vertex -18.788598269224167 11.041498802602291 2.4
    endloop
  endfacet
  facet normal -0.8032075349211563 -0.5956992998534407 0
    outer loop
      vertex -17.552942655980587 9.256153382360935 0
      vertex -17.552942655980587 9.256153382360935 2.4
      vertex -17.984232895076275 9.837680958211422 2.4
    endloop
  endfacet
  facet normal -0.874090339998595 -0.4857633966460838 0
    outer loop
      vertex -19.51250797510147 12.295347198843956 0
      vertex -19.160812057554722 11.662500001490116 0
      vertex -19.51250797510147 12.295347198843956 2.4
    endloop
  endfacet
  facet normal -0.8895160733951086 -0.45690387957616185 0
    outer loop
      vertex -19.51250797510147 12.295347198843956 0
      vertex -19.51250797510147 12.295347198843956 2.4
      vertex -19.8433094099164 12.939362727105618 2.4
    endloop
  endfacet
  facet normal -0.8895160733951086 -0.45690387957616185 0
    outer loop
      vertex -19.51250797510147 12.295347198843956 0
      vertex -19.8433094099164 12.939362727105618 2.4
      vertex -19.8433094099164 12.939362727105618 0
    endloop
  endfacet
  facet normal -0.9039892972507606 -0.4275550847038027 0
    outer loop
      vertex -19.8433094099164 12.939362727105618 0
      vertex -20.15286212414503 13.59385696798563 2.4
      vertex -20.15286212414503 13.59385696798563 0
    endloop
  endfacet
  facet normal -0.9174944953174932 -0.3977484771336005 0
    outer loop
      vertex -20.15286212414503 13.59385696798563 0
      vertex -20.440834656357765 14.258129060268402 2.4
      vertex -20.440834656357765 14.258129060268402 0
    endloop
  endfacet
  facet normal -0.9039892972507606 -0.4275550847038027 0
    outer loop
      vertex -19.8433094099164 12.939362727105618 0
      vertex -19.8433094099164 12.939362727105618 2.4
      vertex -20.15286212414503 13.59385696798563 2.4
    endloop
  endfacet
  facet normal -0.9174944953174932 -0.3977484771336005 0
    outer loop
      vertex -20.15286212414503 13.59385696798563 0
      vertex -20.15286212414503 13.59385696798563 2.4
      vertex -20.440834656357765 14.258129060268402 2.4
    endloop
  endfacet
  facet normal -0.857728613698234 -0.5141027380235449 0
    outer loop
      vertex -18.788598269224167 11.041498802602291 0
      vertex -19.160812057554722 11.662500001490116 2.4
      vertex -19.160812057554722 11.662500001490116 0
    endloop
  endfacet
  facet normal -0.857728613698234 -0.5141027380235449 0
    outer loop
      vertex -18.788598269224167 11.041498802602291 0
      vertex -18.788598269224167 11.041498802602291 2.4
      vertex -19.160812057554722 11.662500001490116 2.4
    endloop
  endfacet
  facet normal -0.874090339998595 -0.4857633966460838 0
    outer loop
      vertex -19.160812057554722 11.662500001490116 0
      vertex -19.160812057554722 11.662500001490116 2.4
      vertex -19.51250797510147 12.295347198843956 2.4
    endloop
  endfacet
  facet normal -0.7185816195930781 -0.6954426331358964 0
    outer loop
      vertex -15.644737534224987 7.080262467265129 0
      vertex -16.148242607712746 7.600520320236683 2.4
      vertex -16.148242607712746 7.600520320236683 0
    endloop
  endfacet
  facet normal -0.7409511246046648 -0.6715589556748406 0
    outer loop
      vertex -16.634455740451813 8.136973842978477 0
      vertex -16.148242607712746 7.600520320236683 0
      vertex -16.634455740451813 8.136973842978477 2.4
    endloop
  endfacet
  facet normal -0.7409511246046648 -0.6715589556748406 0
    outer loop
      vertex -16.634455740451813 8.136973842978477 2.4
      vertex -16.148242607712746 7.600520320236683 0
      vertex -16.148242607712746 7.600520320236683 2.4
    endloop
  endfacet
  facet normal 0 0 -1
    outer loop
      vertex -19.8433094099164 12.939362727105618 0
      vertex -20.15286212414503 13.59385696798563 0
      vertex -4.285747798150448 13.782041251386648 0
    endloop
  endfacet
  facet normal 0 0 -1
    outer loop
      vertex -19.51250797510147 12.295347198843956 0
      vertex -19.8433094099164 12.939362727105618 0
      vertex -3.25 13.039834875401148 0
    endloop
  endfacet
  facet normal 0 0 -1
    outer loop
      vertex -20.15286212414503 13.59385696798563 0
      vertex -20.440834656357765 14.258129060268402 0
      vertex -4.886958748613353 14.383252201849551 0
    endloop
  endfacet
  facet normal 0 0 -1
    outer loop
      vertex -19.51250797510147 12.295347198843956 0
      vertex -2.08935652447055 12.513954158281813 0
      vertex -19.160812057554722 11.662500001490116 0
    endloop
  endfacet
  facet normal 0 0 1
    outer loop
      vertex -20.15286212414503 13.59385696798563 2.4
      vertex -5.156796711893029 14.712050711443318 2.4
      vertex -20.440834656357765 14.258129060268402 2.4
    endloop
  endfacet
  facet normal 0 0 1
    outer loop
      vertex -19.51250797510147 12.295347198843956 2.4
      vertex -3.611206514627414 13.264447520033457 2.4
      vertex -19.8433094099164 12.939362727105618 2.4
    endloop
  endfacet
  facet normal 0 0 1
    outer loop
      vertex -19.8433094099164 12.939362727105618 2.4
      vertex -4.59619407771256 14.07280592228744 2.4
      vertex -20.15286212414503 13.59385696798563 2.4
    endloop
  endfacet
  facet normal 0 0 1
    outer loop
      vertex -19.51250797510147 12.295347198843956 2.4
      vertex -19.160812057554722 11.662500001490116 2.4
      vertex -2.4874423103730834 12.663783038676637 2.4
    endloop
  endfacet
  facet normal 0 0 -1
    outer loop
      vertex -10.170384593307972 3.6975487247109413 0
      vertex 10.170384593307972 3.6975487247109413 0
      vertex -9.54237849265337 3.3749706000089645 0
    endloop
  endfacet
  facet normal 0 0 -1
    outer loop
      vertex -9.54237849265337 3.3749706000089645 0
      vertex 9.54237849265337 3.3749706000089645 0
      vertex -8.904154166579247 3.073112979531288 0
    endloop
  endfacet
  facet normal 0 0 -1
    outer loop
      vertex -4.899170376360416 1.713604174554348 0
      vertex 4.899170376360416 1.713604174554348 0
      vertex -4.2090737000107765 1.5645575746893883 0
    endloop
  endfacet
  facet normal 0 0 -1
    outer loop
      vertex -5.584020897746086 1.8851502984762192 0
      vertex 5.584020897746086 1.8851502984762192 0
      vertex -4.899170376360416 1.713604174554348 0
    endloop
  endfacet
  facet normal 0 0 -1
    outer loop
      vertex -3.514469839632511 1.438170112669468 0
      vertex 3.514469839632511 1.438170112669468 0
      vertex -2.8161025941371918 1.3345771133899689 0
    endloop
  endfacet
  facet normal 0 0 -1
    outer loop
      vertex -2.8161025941371918 1.3345771133899689 0
      vertex 2.8161025941371918 1.3345771133899689 0
      vertex -2.1147198006510735 1.25388952344656 0
    endloop
  endfacet
  facet normal 0 0 -1
    outer loop
      vertex -4.2090737000107765 1.5645575746893883 0
      vertex 4.899170376360416 1.713604174554348 0
      vertex -3.514469839632511 1.438170112669468 0
    endloop
  endfacet
  facet normal 0 0 -1
    outer loop
      vertex -2.1147198006510735 1.25388952344656 0
      vertex 2.1147198006510735 1.25388952344656 0
      vertex -1.411072514951229 1.1961937323212624 0
    endloop
  endfacet
  facet normal 0 0 -1
    outer loop
      vertex -1.411072514951229 1.1961937323212624 0
      vertex 2.1147198006510735 1.25388952344656 0
      vertex -0.7059142142534256 1.1615515276789665 0
    endloop
  endfacet
  facet normal 0 0 -1
    outer loop
      vertex -8.256395056843758 2.792299084365368 0
      vertex 8.256395056843758 2.792299084365368 0
      vertex -7.5997947826981544 2.532829627394676 0
    endloop
  endfacet
  facet normal 0 0 -1
    outer loop
      vertex -6.935056462883949 2.2949824556708336 0
      vertex -7.5997947826981544 2.532829627394676 0
      vertex 7.5997947826981544 2.532829627394676 0
    endloop
  endfacet
  facet normal 0 0 -1
    outer loop
      vertex -5.584020897746086 1.8851502984762192 0
      vertex -6.262891910970211 2.0790122598409653 0
      vertex 6.262891910970211 2.0790122598409653 0
    endloop
  endfacet
  facet normal 0 0 -1
    outer loop
      vertex -6.935056462883949 2.2949824556708336 0
      vertex 7.5997947826981544 2.532829627394676 0
      vertex -6.262891910970211 2.0790122598409653 0
    endloop
  endfacet
  facet normal 0 0 -1
    outer loop
      vertex -8.904154166579247 3.073112979531288 0
      vertex 8.904154166579247 3.073112979531288 0
      vertex -8.256395056843758 2.792299084365368 0
    endloop
  endfacet
  facet normal 0 0 1
    outer loop
      vertex -4.2090737000107765 1.5645575746893883 2.4
      vertex -3.514469839632511 1.438170112669468 2.4
      vertex 5.584020897746086 1.8851502984762192 2.4
    endloop
  endfacet
  facet normal 0 0 1
    outer loop
      vertex -4.899170376360416 1.713604174554348 2.4
      vertex -4.2090737000107765 1.5645575746893883 2.4
      vertex 6.262891910970211 2.0790122598409653 2.4
    endloop
  endfacet
  facet normal 0 0 1
    outer loop
      vertex -2.1147198006510735 1.25388952344656 2.4
      vertex -1.411072514951229 1.1961937323212624 2.4
      vertex 2.8161025941371918 1.3345771133899689 2.4
    endloop
  endfacet
  facet normal 0 0 1
    outer loop
      vertex -2.8161025941371918 1.3345771133899689 2.4
      vertex -2.1147198006510735 1.25388952344656 2.4
      vertex 4.2090737000107765 1.5645575746893883 2.4
    endloop
  endfacet
  facet normal 0 0 1
    outer loop
      vertex -3.514469839632511 1.438170112669468 2.4
      vertex -2.8161025941371918 1.3345771133899689 2.4
      vertex 4.899170376360416 1.713604174554348 2.4
    endloop
  endfacet
  facet normal 0 0 1
    outer loop
      vertex -5.584020897746086 1.8851502984762192 2.4
      vertex 7.5997947826981544 2.532829627394676 2.4
      vertex -6.262891910970211 2.0790122598409653 2.4
    endloop
  endfacet
  facet normal 0 0 1
    outer loop
      vertex -6.935056462883949 2.2949824556708336 2.4
      vertex 8.904154166579247 3.073112979531288 2.4
      vertex -7.5997947826981544 2.532829627394676 2.4
    endloop
  endfacet
  facet normal 0 0 1
    outer loop
      vertex -6.935056462883949 2.2949824556708336 2.4
      vertex -6.262891910970211 2.0790122598409653 2.4
      vertex 8.256395056843758 2.792299084365368 2.4
    endloop
  endfacet
  facet normal 0 0 1
    outer loop
      vertex -8.256395056843758 2.792299084365368 2.4
      vertex -7.5997947826981544 2.532829627394676 2.4
      vertex 9.54237849265337 3.3749706000089645 2.4
    endloop
  endfacet
  facet normal 0 0 1
    outer loop
      vertex -8.904154166579247 3.073112979531288 2.4
      vertex -8.256395056843758 2.792299084365368 2.4
      vertex 10.170384593307972 3.6975487247109413 2.4
    endloop
  endfacet
  facet normal 0 0 1
    outer loop
      vertex -9.54237849265337 3.3749706000089645 2.4
      vertex -8.904154166579247 3.073112979531288 2.4
      vertex 10.787500001490116 4.040501914918423 2.4
    endloop
  endfacet
  facet normal 0 0 1
    outer loop
      vertex -5.584020897746086 1.8851502984762192 2.4
      vertex -4.899170376360416 1.713604174554348 2.4
      vertex 6.935056462883949 2.2949824556708336 2.4
    endloop
  endfacet
  facet normal 0 0 -1
    outer loop
      vertex -11.393063880503178 4.403462931513786 0
      vertex 11.393063880503178 4.403462931513786 0
      vertex -10.787500001490116 4.040501914918423 0
    endloop
  endfacet
  facet normal 0 0 -1
    outer loop
      vertex -10.170384593307972 3.6975487247109413 0
      vertex -10.787500001490116 4.040501914918423 0
      vertex 10.787500001490116 4.040501914918423 0
    endloop
  endfacet
  facet normal 0 0 -1
    outer loop
      vertex -13.468846619129181 5.172057345509529 0
      vertex 14.035951413214207 5.6221437230706215 0
      vertex -12.295564837753773 5 0
    endloop
  endfacet
  facet normal 0 0 -1
    outer loop
      vertex -11.393063880503178 4.403462931513786 0
      vertex -11.986427776515484 4.786043114960194 0
      vertex 13.468846619129181 5.172057345509529 0
    endloop
  endfacet
  facet normal 0 0 -1
    outer loop
      vertex -12.295564837753773 5 0
      vertex 14.035951413214207 5.6221437230706215 0
      vertex -11.986427776515484 4.786043114960194 0
    endloop
  endfacet
  facet normal 0 0 -1
    outer loop
      vertex -14.035951413214207 5.6221437230706215 0
      vertex 14.588026158511639 6.090544261038303 0
      vertex -13.468846619129181 5.172057345509529 0
    endloop
  endfacet
  facet normal 0 0 -1
    outer loop
      vertex -14.588026158511639 6.090544261038303 0
      vertex 15.124479681253433 6.5767573937773705 0
      vertex -14.035951413214207 5.6221437230706215 0
    endloop
  endfacet
  facet normal 0 0 -1
    outer loop
      vertex -15.644737534224987 7.080262467265129 0
      vertex 16.148242607712746 7.600520320236683 0
      vertex -15.124479681253433 6.5767573937773705 0
    endloop
  endfacet
  facet normal 0 0 -1
    outer loop
      vertex -14.588026158511639 6.090544261038303 0
      vertex -15.124479681253433 6.5767573937773705 0
      vertex 15.644737534224987 7.080262467265129 0
    endloop
  endfacet
  facet normal 0 0 1
    outer loop
      vertex -13.23685414174036 5 2.4
      vertex 14.035951413214207 5.6221437230706215 2.4
      vertex -13.468846619129181 5.172057345509529 2.4
    endloop
  endfacet
  facet normal 0 0 1
    outer loop
      vertex -10.170384593307972 3.6975487247109413 2.4
      vertex -9.54237849265337 3.3749706000089645 2.4
      vertex 11.393063880503178 4.403462931513786 2.4
    endloop
  endfacet
  facet normal 0 0 1
    outer loop
      vertex -10.170384593307972 3.6975487247109413 2.4
      vertex 11.986427776515484 4.786043114960194 2.4
      vertex -10.787500001490116 4.040501914918423 2.4
    endloop
  endfacet
  facet normal 0 0 1
    outer loop
      vertex -11.393063880503178 4.403462931513786 2.4
      vertex -10.787500001490116 4.040501914918423 2.4
      vertex 13.468846619129181 5.172057345509529 2.4
    endloop
  endfacet
  facet normal 0 0 1
    outer loop
      vertex -13.23685414174036 5 2.4
      vertex -12.295564837753773 5 2.4
      vertex 14.035951413214207 5.6221437230706215 2.4
    endloop
  endfacet
  facet normal 0 0 1
    outer loop
      vertex -11.393063880503178 4.403462931513786 2.4
      vertex 14.035951413214207 5.6221437230706215 2.4
      vertex -11.986427776515484 4.786043114960194 2.4
    endloop
  endfacet
  facet normal 0 0 1
    outer loop
      vertex -12.295564837753773 5 2.4
      vertex -11.986427776515484 4.786043114960194 2.4
      vertex 14.035951413214207 5.6221437230706215 2.4
    endloop
  endfacet
  facet normal 0 0 1
    outer loop
      vertex -14.035951413214207 5.6221437230706215 2.4
      vertex -13.468846619129181 5.172057345509529 2.4
      vertex 14.588026158511639 6.090544261038303 2.4
    endloop
  endfacet
  facet normal 0 0 1
    outer loop
      vertex -14.588026158511639 6.090544261038303 2.4
      vertex -14.035951413214207 5.6221437230706215 2.4
      vertex 15.124479681253433 6.5767573937773705 2.4
    endloop
  endfacet
  facet normal 0 0 1
    outer loop
      vertex -15.644737534224987 7.080262467265129 2.4
      vertex -15.124479681253433 6.5767573937773705 2.4
      vertex 16.148242607712746 7.600520320236683 2.4
    endloop
  endfacet
  facet normal 0 0 1
    outer loop
      vertex -14.588026158511639 6.090544261038303 2.4
      vertex 15.644737534224987 7.080262467265129 2.4
      vertex -15.124479681253433 6.5767573937773705 2.4
    endloop
  endfacet
  facet normal 0 0 -1
    outer loop
      vertex -17.102856278419495 8.68904858827591 0
      vertex -17.552942655980587 9.256153382360935 0
      vertex 17.984232895076275 9.837680958211422 0
    endloop
  endfacet
  facet normal 0 0 -1
    outer loop
      vertex -17.984232895076275 9.837680958211422 0
      vertex 18.396265171468258 10.433008596301079 0
      vertex -17.552942655980587 9.256153382360935 0
    endloop
  endfacet
  facet normal 0 0 -1
    outer loop
      vertex -17.984232895076275 9.837680958211422 0
      vertex -18.396265171468258 10.433008596301079 0
      vertex 18.788598269224167 11.041498802602291 0
    endloop
  endfacet
  facet normal 0 0 1
    outer loop
      vertex -17.102856278419495 8.68904858827591 2.4
      vertex 17.984232895076275 9.837680958211422 2.4
      vertex -17.552942655980587 9.256153382360935 2.4
    endloop
  endfacet
  facet normal 0 0 1
    outer loop
      vertex -17.984232895076275 9.837680958211422 2.4
      vertex -17.552942655980587 9.256153382360935 2.4
      vertex 18.396265171468258 10.433008596301079 2.4
    endloop
  endfacet
  facet normal 0 0 1
    outer loop
      vertex -17.984232895076275 9.837680958211422 2.4
      vertex 18.788598269224167 11.041498802602291 2.4
      vertex -18.396265171468258 10.433008596301079 2.4
    endloop
  endfacet
  facet normal 0 0 -1
    outer loop
      vertex -20.15286212414503 13.59385696798563 0
      vertex -4.886958748613353 14.383252201849551 0
      vertex -4.59619407771256 14.07280592228744 0
    endloop
  endfacet
  facet normal 0 0 -1
    outer loop
      vertex -19.8433094099164 12.939362727105618 0
      vertex -4.285747798150448 13.782041251386648 0
      vertex -3.956949288556684 13.51220328810697 0
    endloop
  endfacet
  facet normal 0 0 -1
    outer loop
      vertex -19.8433094099164 12.939362727105618 0
      vertex -3.956949288556684 13.51220328810697 0
      vertex -3.611206514627414 13.264447520033457 0
    endloop
  endfacet
  facet normal 0 0 -1
    outer loop
      vertex -19.51250797510147 12.295347198843956 0
      vertex -3.25 13.039834875401148 0
      vertex -2.8748764864235086 12.839327180037527 0
    endloop
  endfacet
  facet normal 0 0 -1
    outer loop
      vertex -19.8433094099164 12.939362727105618 0
      vertex -3.611206514627414 13.264447520033457 0
      vertex -3.25 13.039834875401148 0
    endloop
  endfacet
  facet normal 0 0 -1
    outer loop
      vertex -20.15286212414503 13.59385696798563 0
      vertex -4.59619407771256 14.07280592228744 0
      vertex -4.285747798150448 13.782041251386648 0
    endloop
  endfacet
  facet normal 0 0 -1
    outer loop
      vertex -19.51250797510147 12.295347198843956 0
      vertex -2.8748764864235086 12.839327180037527 0
      vertex -2.4874423103730834 12.663783038676637 0
    endloop
  endfacet
  facet normal 0 0 -1
    outer loop
      vertex -19.51250797510147 12.295347198843956 0
      vertex -2.4874423103730834 12.663783038676637 0
      vertex -2.08935652447055 12.513954158281813 0
    endloop
  endfacet
  facet normal 0 0 -1
    outer loop
      vertex -19.160812057554722 11.662500001490116 0
      vertex -2.08935652447055 12.513954158281813 0
      vertex -1.6823237931663848 12.390482129121057 0
    endloop
  endfacet
  facet normal 0 0 -1
    outer loop
      vertex -19.160812057554722 11.662500001490116 0
      vertex -1.6823237931663848 12.390482129121057 0
      vertex -1.2680870931048336 12.293895677379002 0
    endloop
  endfacet
  facet normal 0 0 -1
    outer loop
      vertex -19.160812057554722 11.662500001490116 0
      vertex -1.2680870931048336 12.293895677379002 0
      vertex -0.8484202494303352 12.224608401070233 0
    endloop
  endfacet
  facet normal 0 0 -1
    outer loop
      vertex -18.396265171468258 10.433008596301079 0
      vertex -18.788598269224167 11.041498802602291 0
      vertex 19.160812057554722 11.662500001490116 0
    endloop
  endfacet
  facet normal 0 0 -1
    outer loop
      vertex -18.788598269224167 11.041498802602291 0
      vertex -19.160812057554722 11.662500001490116 0
      vertex 19.51250797510147 12.295347198843956 0
    endloop
  endfacet
  facet normal 0 0 -1
    outer loop
      vertex -19.160812057554722 11.662500001490116 0
      vertex -0.8484202494303352 12.224608401070233 0
      vertex -0.4251203399959299 12.182916998949079 0
    endloop
  endfacet
  facet normal 0 0 -1
    outer loop
      vertex -19.160812057554722 11.662500001490116 0
      vertex -0.4251203399959299 12.182916998949079 0
      vertex 0 12.169 0
    endloop
  endfacet
  facet normal 0 0 1
    outer loop
      vertex -20.15286212414503 13.59385696798563 2.4
      vertex -4.886958748613353 14.383252201849551 2.4
      vertex -5.156796711893029 14.712050711443318 2.4
    endloop
  endfacet
  facet normal 0 0 1
    outer loop
      vertex -20.15286212414503 13.59385696798563 2.4
      vertex -4.59619407771256 14.07280592228744 2.4
      vertex -4.886958748613353 14.383252201849551 2.4
    endloop
  endfacet
  facet normal 0 0 1
    outer loop
      vertex -19.8433094099164 12.939362727105618 2.4
      vertex -3.956949288556684 13.51220328810697 2.4
      vertex -4.285747798150448 13.782041251386648 2.4
    endloop
  endfacet
  facet normal 0 0 1
    outer loop
      vertex -19.8433094099164 12.939362727105618 2.4
      vertex -3.611206514627414 13.264447520033457 2.4
      vertex -3.956949288556684 13.51220328810697 2.4
    endloop
  endfacet
  facet normal 0 0 1
    outer loop
      vertex -19.51250797510147 12.295347198843956 2.4
      vertex -3.25 13.039834875401148 2.4
      vertex -3.611206514627414 13.264447520033457 2.4
    endloop
  endfacet
  facet normal 0 0 1
    outer loop
      vertex -19.51250797510147 12.295347198843956 2.4
      vertex -2.8748764864235086 12.839327180037527 2.4
      vertex -3.25 13.039834875401148 2.4
    endloop
  endfacet
  facet normal 0 0 1
    outer loop
      vertex -19.8433094099164 12.939362727105618 2.4
      vertex -4.285747798150448 13.782041251386648 2.4
      vertex -4.59619407771256 14.07280592228744 2.4
    endloop
  endfacet
  facet normal 0 0 1
    outer loop
      vertex -19.51250797510147 12.295347198843956 2.4
      vertex -2.4874423103730834 12.663783038676637 2.4
      vertex -2.8748764864235086 12.839327180037527 2.4
    endloop
  endfacet
  facet normal 0 0 1
    outer loop
      vertex -19.160812057554722 11.662500001490116 2.4
      vertex -2.08935652447055 12.513954158281813 2.4
      vertex -2.4874423103730834 12.663783038676637 2.4
    endloop
  endfacet
  facet normal 0 0 1
    outer loop
      vertex -19.160812057554722 11.662500001490116 2.4
      vertex -1.6823237931663848 12.390482129121057 2.4
      vertex -2.08935652447055 12.513954158281813 2.4
    endloop
  endfacet
  facet normal 0 0 1
    outer loop
      vertex -19.160812057554722 11.662500001490116 2.4
      vertex -1.2680870931048336 12.293895677379002 2.4
      vertex -1.6823237931663848 12.390482129121057 2.4
    endloop
  endfacet
  facet normal 0 0 1
    outer loop
      vertex -19.160812057554722 11.662500001490116 2.4
      vertex -0.8484202494303352 12.224608401070233 2.4
      vertex -1.2680870931048336 12.293895677379002 2.4
    endloop
  endfacet
  facet normal 0 0 1
    outer loop
      vertex -18.396265171468258 10.433008596301079 2.4
      vertex 19.160812057554722 11.662500001490116 2.4
      vertex -18.788598269224167 11.041498802602291 2.4
    endloop
  endfacet
  facet normal 0 0 1
    outer loop
      vertex -18.788598269224167 11.041498802602291 2.4
      vertex 19.51250797510147 12.295347198843956 2.4
      vertex -19.160812057554722 11.662500001490116 2.4
    endloop
  endfacet
  facet normal 0 0 1
    outer loop
      vertex -19.160812057554722 11.662500001490116 2.4
      vertex -0.4251203399959299 12.182916998949079 2.4
      vertex -0.8484202494303352 12.224608401070233 2.4
    endloop
  endfacet
  facet normal 0 0 1
    outer loop
      vertex -19.160812057554722 11.662500001490116 2.4
      vertex 0 12.169 2.4
      vertex -0.4251203399959299 12.182916998949079 2.4
    endloop
  endfacet
  facet normal 0 0 -1
    outer loop
      vertex -15.644737534224987 7.080262467265129 0
      vertex -16.148242607712746 7.600520320236683 0
      vertex 16.634455740451813 8.136973842978477 0
    endloop
  endfacet
  facet normal 0 0 -1
    outer loop
      vertex -16.634455740451813 8.136973842978477 0
      vertex 17.102856278419495 8.68904858827591 0
      vertex -16.148242607712746 7.600520320236683 0
    endloop
  endfacet
  facet normal 0 0 -1
    outer loop
      vertex -16.634455740451813 8.136973842978477 0
      vertex -17.102856278419495 8.68904858827591 0
      vertex 17.552942655980587 9.256153382360935 0
    endloop
  endfacet
  facet normal 0 0 1
    outer loop
      vertex -15.644737534224987 7.080262467265129 2.4
      vertex 16.634455740451813 8.136973842978477 2.4
      vertex -16.148242607712746 7.600520320236683 2.4
    endloop
  endfacet
  facet normal 0 0 1
    outer loop
      vertex -16.634455740451813 8.136973842978477 2.4
      vertex -16.148242607712746 7.600520320236683 2.4
      vertex 17.102856278419495 8.68904858827591 2.4
    endloop
  endfacet
  facet normal 0 0 1
    outer loop
      vertex -16.634455740451813 8.136973842978477 2.4
      vertex 17.552942655980587 9.256153382360935 2.4
      vertex -17.102856278419495 8.68904858827591 2.4
    endloop
  endfacet
  facet normal -0.9415440631367163 -0.3368898591112578 0
    outer loop
      vertex -20.95082911849022 15.613151833415031 0
      vertex -20.706918627023697 14.931467689573765 0
      vertex -20.95082911849022 15.613151833415031 2.4
    endloop
  endfacet
  facet normal -0.9520626783114036 -0.3059030182370173 0
    outer loop
      vertex -20.95082911849022 15.613151833415031 0
      vertex -21.172304928302765 16.302451513707638 2.4
      vertex -21.172304928302765 16.302451513707638 0
    endloop
  endfacet
  facet normal -0.9300172243586344 -0.3675159348875385 0
    outer loop
      vertex -20.440834656357765 14.258129060268402 0
      vertex -20.706918627023697 14.931467689573765 2.4
      vertex -20.706918627023697 14.931467689573765 0
    endloop
  endfacet
  facet normal -0.9415440631367163 -0.3368898591112578 0
    outer loop
      vertex -20.706918627023697 14.931467689573765 0
      vertex -20.706918627023697 14.931467689573765 2.4
      vertex -20.95082911849022 15.613151833415031 2.4
    endloop
  endfacet
  facet normal -0.9520626783114036 -0.3059030182370173 0
    outer loop
      vertex -20.95082911849022 15.613151833415031 0
      vertex -20.95082911849022 15.613151833415031 2.4
      vertex -21.172304928302765 16.302451513707638 2.4
    endloop
  endfacet
  facet normal -0.9300172243586344 -0.3675159348875385 0
    outer loop
      vertex -20.440834656357765 14.258129060268402 0
      vertex -20.440834656357765 14.258129060268402 2.4
      vertex -20.706918627023697 14.931467689573765 2.4
    endloop
  endfacet
  facet normal -0.9615617984215127 -0.2745886155986554 0
    outer loop
      vertex -21.172304928302765 16.302451513707638 0
      vertex -21.371108904480934 16.99862862378359 2.4
      vertex -21.371108904480934 16.99862862378359 0
    endloop
  endfacet
  facet normal -0.9700312519825182 -0.24298018474194236 0
    outer loop
      vertex -21.371108904480934 16.99862862378359 0
      vertex -21.54702816903591 17.700937680900097 2.4
      vertex -21.54702816903591 17.700937680900097 0
    endloop
  endfacet
  facet normal -0.9615617984215127 -0.2745886155986554 0
    outer loop
      vertex -21.172304928302765 16.302451513707638 0
      vertex -21.172304928302765 16.302451513707638 2.4
      vertex -21.371108904480934 16.99862862378359 2.4
    endloop
  endfacet
  facet normal -0.97746197617617 -0.21111154665194537 0
    outer loop
      vertex -21.54702816903591 17.700937680900097 0
      vertex -21.54702816903591 17.700937680900097 2.4
      vertex -21.699874326586723 18.40862662345171 2.4
    endloop
  endfacet
  facet normal -0.9700312519825182 -0.24298018474194236 0
    outer loop
      vertex -21.371108904480934 16.99862862378359 0
      vertex -21.371108904480934 16.99862862378359 2.4
      vertex -21.54702816903591 17.700937680900097 2.4
    endloop
  endfacet
  facet normal -0.97746197617617 -0.21111154665194537 0
    outer loop
      vertex -21.54702816903591 17.700937680900097 0
      vertex -21.699874326586723 18.40862662345171 2.4
      vertex -21.699874326586723 18.40862662345171 0
    endloop
  endfacet
  facet normal -0.9838460048525103 -0.17901686718226942 0
    outer loop
      vertex -21.699874326586723 18.40862662345171 0
      vertex -21.829483725130558 19.120937652885914 2.4
      vertex -21.829483725130558 19.120937652885914 0
    endloop
  endfacet
  facet normal -0.9891765098694394 -0.14673047509810316 0
    outer loop
      vertex -21.829483725130558 19.120937652885914 0
      vertex -21.935717560350895 19.837107993662357 2.4
      vertex -21.935717560350895 19.837107993662357 0
    endloop
  endfacet
  facet normal -0.9838460048525103 -0.17901686718226942 0
    outer loop
      vertex -21.699874326586723 18.40862662345171 0
      vertex -21.699874326586723 18.40862662345171 2.4
      vertex -21.829483725130558 19.120937652885914 2.4
    endloop
  endfacet
  facet normal -0.9891765098694394 -0.14673047509810316 0
    outer loop
      vertex -21.829483725130558 19.120937652885914 0
      vertex -21.829483725130558 19.120937652885914 2.4
      vertex -21.935717560350895 19.837107993662357 2.4
    endloop
  endfacet
  facet normal -0.9934477796385923 -0.11428695958485807 0
    outer loop
      vertex -21.935717560350895 19.837107993662357 0
      vertex -22.01846207678318 20.55637077242136 2.4
      vertex -22.01846207678318 20.55637077242136 0
    endloop
  endfacet
  facet normal -0.996655238840656 -0.08172107984770442 0
    outer loop
      vertex -22.01846207678318 20.55637077242136 0
      vertex -22.077628679573536 21.277955763041973 2.4
      vertex -22.077628679573536 21.277955763041973 0
    endloop
  endfacet
  facet normal -0.9934477796385923 -0.11428695958485807 0
    outer loop
      vertex -21.935717560350895 19.837107993662357 0
      vertex -21.935717560350895 19.837107993662357 2.4
      vertex -22.01846207678318 20.55637077242136 2.4
    endloop
  endfacet
  facet normal -0.996655238840656 -0.08172107984770442 0
    outer loop
      vertex -22.01846207678318 20.55637077242136 0
      vertex -22.01846207678318 20.55637077242136 2.4
      vertex -22.077628679573536 21.277955763041973 2.4
    endloop
  endfacet
  facet normal -0.9987954561770316 -0.0490676749002398 0
    outer loop
      vertex -22.077628679573536 21.277955763041973 0
      vertex -22.077628679573536 21.277955763041973 2.4
      vertex -22.113154001533985 22.001090295612812 2.4
    endloop
  endfacet
  facet normal 0 0 -1
    outer loop
      vertex -21.699874326586723 18.40862662345171 0
      vertex -21.829483725130558 19.120937652885914 0
      vertex -6.486083001050923 19.094120339995932 0
    endloop
  endfacet
  facet normal 0 0 -1
    outer loop
      vertex -21.829483725130558 19.120937652885914 0
      vertex -21.935717560350895 19.837107993662357 0
      vertex -6.375104322620998 19.937087093104836 0
    endloop
  endfacet
  facet normal 0 0 -1
    outer loop
      vertex -21.935717560350895 19.837107993662357 0
      vertex -22.01846207678318 20.55637077242136 0
      vertex -6.278517870878944 20.351323793166387 0
    endloop
  endfacet
  facet normal 0 0 -1
    outer loop
      vertex -22.01846207678318 20.55637077242136 0
      vertex -22.077628679573536 21.277955763041973 0
      vertex -6.005216961323364 21.156442310373084 0
    endloop
  endfacet
  facet normal 0 0 1
    outer loop
      vertex -21.699874326586723 18.40862662345171 2.4
      vertex -6.4443915989297675 19.517420249430337 2.4
      vertex -21.829483725130558 19.120937652885914 2.4
    endloop
  endfacet
  facet normal 0 0 1
    outer loop
      vertex -21.829483725130558 19.120937652885914 2.4
      vertex -6.375104322620998 19.937087093104836 2.4
      vertex -21.935717560350895 19.837107993662357 2.4
    endloop
  endfacet
  facet normal 0 0 1
    outer loop
      vertex -21.935717560350895 19.837107993662357 2.4
      vertex -6.278517870878944 20.351323793166387 2.4
      vertex -22.01846207678318 20.55637077242136 2.4
    endloop
  endfacet
  facet normal 0 0 1
    outer loop
      vertex -22.01846207678318 20.55637077242136 2.4
      vertex -6.005216961323364 21.156442310373084 2.4
      vertex -22.077628679573536 21.277955763041973 2.4
    endloop
  endfacet
  facet normal 0 0 -1
    outer loop
      vertex -20.440834656357765 14.258129060268402 0
      vertex -20.706918627023697 14.931467689573765 0
      vertex -5.404552479966544 15.057793485372585 0
    endloop
  endfacet
  facet normal 0 0 -1
    outer loop
      vertex -20.95082911849022 15.613151833415031 0
      vertex -21.172304928302765 16.302451513707638 0
      vertex -6.005216961323364 16.181557689626917 0
    endloop
  endfacet
  facet normal 0 0 -1
    outer loop
      vertex -20.95082911849022 15.613151833415031 0
      vertex -5.829672819962473 15.79412351357649 0
      vertex -20.706918627023697 14.931467689573765 0
    endloop
  endfacet
  facet normal 0 0 -1
    outer loop
      vertex -21.172304928302765 16.302451513707638 0
      vertex -21.371108904480934 16.99862862378359 0
      vertex -6.278517870878944 16.986676206833614 0
    endloop
  endfacet
  facet normal 0 0 -1
    outer loop
      vertex -21.371108904480934 16.99862862378359 0
      vertex -21.54702816903591 17.700937680900097 0
      vertex -6.4443915989297675 17.820579750569664 0
    endloop
  endfacet
  facet normal 0 0 -1
    outer loop
      vertex -21.172304928302765 16.302451513707638 0
      vertex -6.155045841718187 16.57964347552945 0
      vertex -6.005216961323364 16.181557689626917 0
    endloop
  endfacet
  facet normal 0 0 -1
    outer loop
      vertex -21.172304928302765 16.302451513707638 0
      vertex -6.278517870878944 16.986676206833614 0
      vertex -6.155045841718187 16.57964347552945 0
    endloop
  endfacet
  facet normal 0 0 -1
    outer loop
      vertex -21.371108904480934 16.99862862378359 0
      vertex -6.375104322620998 17.400912906895165 0
      vertex -6.278517870878944 16.986676206833614 0
    endloop
  endfacet
  facet normal 0 0 -1
    outer loop
      vertex -21.371108904480934 16.99862862378359 0
      vertex -6.4443915989297675 17.820579750569664 0
      vertex -6.375104322620998 17.400912906895165 0
    endloop
  endfacet
  facet normal 0 0 -1
    outer loop
      vertex -21.54702816903591 17.700937680900097 0
      vertex -6.486083001050923 18.24387966000407 0
      vertex -6.4443915989297675 17.820579750569664 0
    endloop
  endfacet
  facet normal 0 0 1
    outer loop
      vertex -20.440834656357765 14.258129060268402 2.4
      vertex -5.629165124598851 15.419 2.4
      vertex -20.706918627023697 14.931467689573765 2.4
    endloop
  endfacet
  facet normal 0 0 1
    outer loop
      vertex -20.95082911849022 15.613151833415031 2.4
      vertex -6.155045841718187 16.57964347552945 2.4
      vertex -21.172304928302765 16.302451513707638 2.4
    endloop
  endfacet
  facet normal 0 0 1
    outer loop
      vertex -20.95082911849022 15.613151833415031 2.4
      vertex -20.706918627023697 14.931467689573765 2.4
      vertex -6.005216961323364 16.181557689626917 2.4
    endloop
  endfacet
  facet normal 0 0 1
    outer loop
      vertex -21.172304928302765 16.302451513707638 2.4
      vertex -6.375104322620998 17.400912906895165 2.4
      vertex -21.371108904480934 16.99862862378359 2.4
    endloop
  endfacet
  facet normal 0 0 1
    outer loop
      vertex -21.371108904480934 16.99862862378359 2.4
      vertex -6.486083001050923 18.24387966000407 2.4
      vertex -21.54702816903591 17.700937680900097 2.4
    endloop
  endfacet
  facet normal 0 0 1
    outer loop
      vertex -21.172304928302765 16.302451513707638 2.4
      vertex -6.155045841718187 16.57964347552945 2.4
      vertex -6.278517870878944 16.986676206833614 2.4
    endloop
  endfacet
  facet normal 0 0 1
    outer loop
      vertex -21.172304928302765 16.302451513707638 2.4
      vertex -6.278517870878944 16.986676206833614 2.4
      vertex -6.375104322620998 17.400912906895165 2.4
    endloop
  endfacet
  facet normal 0 0 1
    outer loop
      vertex -21.371108904480934 16.99862862378359 2.4
      vertex -6.375104322620998 17.400912906895165 2.4
      vertex -6.4443915989297675 17.820579750569664 2.4
    endloop
  endfacet
  facet normal 0 0 1
    outer loop
      vertex -21.371108904480934 16.99862862378359 2.4
      vertex -6.4443915989297675 17.820579750569664 2.4
      vertex -6.486083001050923 18.24387966000407 2.4
    endloop
  endfacet
  facet normal 0 0 -1
    outer loop
      vertex -21.54702816903591 17.700937680900097 0
      vertex -21.699874326586723 18.40862662345171 0
      vertex -6.486083001050923 18.24387966000407 0
    endloop
  endfacet
  facet normal 0 0 -1
    outer loop
      vertex -21.699874326586723 18.40862662345171 0
      vertex -6.5 18.669 0
      vertex -6.486083001050923 18.24387966000407 0
    endloop
  endfacet
  facet normal 0 0 -1
    outer loop
      vertex -21.699874326586723 18.40862662345171 0
      vertex -6.486083001050923 19.094120339995932 0
      vertex -6.5 18.669 0
    endloop
  endfacet
  facet normal 0 0 -1
    outer loop
      vertex -21.829483725130558 19.120937652885914 0
      vertex -6.4443915989297675 19.517420249430337 0
      vertex -6.486083001050923 19.094120339995932 0
    endloop
  endfacet
  facet normal 0 0 -1
    outer loop
      vertex -21.829483725130558 19.120937652885914 0
      vertex -6.375104322620998 19.937087093104836 0
      vertex -6.4443915989297675 19.517420249430337 0
    endloop
  endfacet
  facet normal 0 0 -1
    outer loop
      vertex -21.935717560350895 19.837107993662357 0
      vertex -6.278517870878944 20.351323793166387 0
      vertex -6.375104322620998 19.937087093104836 0
    endloop
  endfacet
  facet normal 0 0 -1
    outer loop
      vertex -22.01846207678318 20.55637077242136 0
      vertex -6.155045841718187 20.75835652447055 0
      vertex -6.278517870878944 20.351323793166387 0
    endloop
  endfacet
  facet normal 0 0 -1
    outer loop
      vertex -22.01846207678318 20.55637077242136 0
      vertex -6.005216961323364 21.156442310373084 0
      vertex -6.155045841718187 20.75835652447055 0
    endloop
  endfacet
  facet normal 0 0 -1
    outer loop
      vertex -22.077628679573536 21.277955763041973 0
      vertex -5.829672819962473 21.54387648642351 0
      vertex -6.005216961323364 21.156442310373084 0
    endloop
  endfacet
  facet normal 0 0 1
    outer loop
      vertex -21.54702816903591 17.700937680900097 2.4
      vertex -6.5 18.669 2.4
      vertex -21.699874326586723 18.40862662345171 2.4
    endloop
  endfacet
  facet normal 0 0 1
    outer loop
      vertex -21.54702816903591 17.700937680900097 2.4
      vertex -6.486083001050923 18.24387966000407 2.4
      vertex -6.5 18.669 2.4
    endloop
  endfacet
  facet normal 0 0 1
    outer loop
      vertex -21.699874326586723 18.40862662345171 2.4
      vertex -6.5 18.669 2.4
      vertex -6.486083001050923 19.094120339995932 2.4
    endloop
  endfacet
  facet normal 0 0 1
    outer loop
      vertex -21.699874326586723 18.40862662345171 2.4
      vertex -6.486083001050923 19.094120339995932 2.4
      vertex -6.4443915989297675 19.517420249430337 2.4
    endloop
  endfacet
  facet normal 0 0 1
    outer loop
      vertex -21.829483725130558 19.120937652885914 2.4
      vertex -6.4443915989297675 19.517420249430337 2.4
      vertex -6.375104322620998 19.937087093104836 2.4
    endloop
  endfacet
  facet normal 0 0 1
    outer loop
      vertex -21.935717560350895 19.837107993662357 2.4
      vertex -6.375104322620998 19.937087093104836 2.4
      vertex -6.278517870878944 20.351323793166387 2.4
    endloop
  endfacet
  facet normal 0 0 1
    outer loop
      vertex -22.01846207678318 20.55637077242136 2.4
      vertex -6.278517870878944 20.351323793166387 2.4
      vertex -6.155045841718187 20.75835652447055 2.4
    endloop
  endfacet
  facet normal 0 0 1
    outer loop
      vertex -22.01846207678318 20.55637077242136 2.4
      vertex -6.155045841718187 20.75835652447055 2.4
      vertex -6.005216961323364 21.156442310373084 2.4
    endloop
  endfacet
  facet normal 0 0 1
    outer loop
      vertex -22.077628679573536 21.277955763041973 2.4
      vertex -6.005216961323364 21.156442310373084 2.4
      vertex -5.829672819962473 21.54387648642351 2.4
    endloop
  endfacet
  facet normal -0.9987954561770316 -0.0490676749002398 0
    outer loop
      vertex -22.077628679573536 21.277955763041973 0
      vertex -22.113154001533985 22.001090295612812 2.4
      vertex -22.113154001533985 22.001090295612812 0
    endloop
  endfacet
  facet normal -0.9998661379907703 -0.01636172666383117 0
    outer loop
      vertex -22.113154001533985 22.001090295612812 0
      vertex -22.125 22.725000001490116 2.4
      vertex -22.125 22.725000001490116 0
    endloop
  endfacet
  facet normal -0.9998661379907703 0.01636172666383117 0
    outer loop
      vertex -22.125 22.725000001490116 0
      vertex -22.113154001533985 23.44890970736742 2.4
      vertex -22.113154001533985 23.44890970736742 0
    endloop
  endfacet
  facet normal -0.9998661379907703 -0.01636172666383117 0
    outer loop
      vertex -22.113154001533985 22.001090295612812 0
      vertex -22.113154001533985 22.001090295612812 2.4
      vertex -22.125 22.725000001490116 2.4
    endloop
  endfacet
  facet normal -0.9998661379907703 0.01636172666383117 0
    outer loop
      vertex -22.125 22.725000001490116 0
      vertex -22.125 22.725000001490116 2.4
      vertex -22.113154001533985 23.44890970736742 2.4
    endloop
  endfacet
  facet normal -0.9987954561522552 0.04906767540457539 0
    outer loop
      vertex -22.113154001533985 23.44890970736742 0
      vertex -22.077628679573536 24.17204423248768 2.4
      vertex -22.077628679573536 24.17204423248768 0
    endloop
  endfacet
  facet normal -0.9966552389093812 0.08172107900954502 0
    outer loop
      vertex -22.077628679573536 24.17204423248768 0
      vertex -22.01846207678318 24.893629230558872 2.4
      vertex -22.01846207678318 24.893629230558872 0
    endloop
  endfacet
  facet normal -0.9987954561522552 0.04906767540457539 0
    outer loop
      vertex -22.113154001533985 23.44890970736742 0
      vertex -22.113154001533985 23.44890970736742 2.4
      vertex -22.077628679573536 24.17204423248768 2.4
    endloop
  endfacet
  facet normal -0.9966552389093812 0.08172107900954502 0
    outer loop
      vertex -22.077628679573536 24.17204423248768 0
      vertex -22.077628679573536 24.17204423248768 2.4
      vertex -22.01846207678318 24.893629230558872 2.4
    endloop
  endfacet
  facet normal 0 0 -1
    outer loop
      vertex -22.077628679573536 21.277955763041973 0
      vertex -22.113154001533985 22.001090295612812 0
      vertex -5.829672819962473 21.54387648642351 0
    endloop
  endfacet
  facet normal 0 0 1
    outer loop
      vertex -22.077628679573536 21.277955763041973 2.4
      vertex -5.629165124598851 21.919 2.4
      vertex -22.113154001533985 22.001090295612812 2.4
    endloop
  endfacet
  facet normal -0.9934477795041794 0.11428696075325202 0
    outer loop
      vertex -22.01846207678318 24.893629230558872 0
      vertex -21.935717560350895 25.612892001867294 2.4
      vertex -21.935717560350895 25.612892001867294 0
    endloop
  endfacet
  facet normal -0.9891765100909977 0.14673047360447775 0
    outer loop
      vertex -21.935717560350895 25.612892001867294 0
      vertex -21.829483725130558 26.32906235009432 2.4
      vertex -21.829483725130558 26.32906235009432 0
    endloop
  endfacet
  facet normal -0.9838460045227219 0.1790168689947304 0
    outer loop
      vertex -21.829483725130558 26.32906235009432 0
      vertex -21.699874326586723 27.041373372077942 2.4
      vertex -21.699874326586723 27.041373372077942 0
    endloop
  endfacet
  facet normal -0.9934477795041794 0.11428696075325202 0
    outer loop
      vertex -22.01846207678318 24.893629230558872 0
      vertex -22.01846207678318 24.893629230558872 2.4
      vertex -21.935717560350895 25.612892001867294 2.4
    endloop
  endfacet
  facet normal -0.9891765100909977 0.14673047360447775 0
    outer loop
      vertex -21.935717560350895 25.612892001867294 0
      vertex -21.935717560350895 25.612892001867294 2.4
      vertex -21.829483725130558 26.32906235009432 2.4
    endloop
  endfacet
  facet normal -0.9838460045227219 0.1790168689947304 0
    outer loop
      vertex -21.829483725130558 26.32906235009432 0
      vertex -21.829483725130558 26.32906235009432 2.4
      vertex -21.699874326586723 27.041373372077942 2.4
    endloop
  endfacet
  facet normal -0.9774619766348095 0.2111115445284103 0
    outer loop
      vertex -21.699874326586723 27.041373372077942 0
      vertex -21.54702816903591 27.749062322080135 2.4
      vertex -21.54702816903591 27.749062322080135 0
    endloop
  endfacet
  facet normal -0.970031251374958 0.24298018716745848 0
    outer loop
      vertex -21.54702816903591 27.749062322080135 0
      vertex -21.371108904480934 28.451371371746063 2.4
      vertex -21.371108904480934 28.451371371746063 0
    endloop
  endfacet
  facet normal -0.9615617957181117 0.2745886250654975 0
    outer loop
      vertex -21.371108904480934 28.451371371746063 0
      vertex -21.308604776859283 28.67024999856949 2.4
      vertex -21.308604776859283 28.67024999856949 0
    endloop
  endfacet
  facet normal -0.9774619766348095 0.2111115445284103 0
    outer loop
      vertex -21.699874326586723 27.041373372077942 0
      vertex -21.699874326586723 27.041373372077942 2.4
      vertex -21.54702816903591 27.749062322080135 2.4
    endloop
  endfacet
  facet normal -0.970031251374958 0.24298018716745848 0
    outer loop
      vertex -21.54702816903591 27.749062322080135 0
      vertex -21.54702816903591 27.749062322080135 2.4
      vertex -21.371108904480934 28.451371371746063 2.4
    endloop
  endfacet
  facet normal -0.9615617957181117 0.2745886250654975 0
    outer loop
      vertex -21.371108904480934 28.451371371746063 0
      vertex -21.371108904480934 28.451371371746063 2.4
      vertex -21.308604776859283 28.67024999856949 2.4
    endloop
  endfacet
  facet normal 0 0 -1
    outer loop
      vertex -22.113154001533985 22.001090295612812 0
      vertex -22.125 22.725000001490116 0
      vertex -5.404552479966544 22.280206514627416 0
    endloop
  endfacet
  facet normal 0 0 -1
    outer loop
      vertex -22.125 22.725000001490116 0
      vertex -22.113154001533985 23.44890970736742 0
      vertex -4.59619407771256 23.26519407771256 0
    endloop
  endfacet
  facet normal 0 0 -1
    outer loop
      vertex -22.113154001533985 23.44890970736742 0
      vertex -22.077628679573536 24.17204423248768 0
      vertex -3.956949288556684 23.82579671189303 0
    endloop
  endfacet
  facet normal 0 0 -1
    outer loop
      vertex -22.077628679573536 24.17204423248768 0
      vertex -22.01846207678318 24.893629230558872 0
      vertex -2.08935652447055 24.82404584171819 0
    endloop
  endfacet
  facet normal 0 0 -1
    outer loop
      vertex -22.113154001533985 22.001090295612812 0
      vertex -5.629165124598851 21.919 0
      vertex -5.829672819962473 21.54387648642351 0
    endloop
  endfacet
  facet normal 0 0 1
    outer loop
      vertex -22.113154001533985 22.001090295612812 2.4
      vertex -5.156796711893029 22.625949288556683 2.4
      vertex -22.125 22.725000001490116 2.4
    endloop
  endfacet
  facet normal 0 0 1
    outer loop
      vertex -22.125 22.725000001490116 2.4
      vertex -4.285747798150448 23.555958748613353 2.4
      vertex -22.113154001533985 23.44890970736742 2.4
    endloop
  endfacet
  facet normal 0 0 1
    outer loop
      vertex -22.113154001533985 23.44890970736742 2.4
      vertex -3.611206514627414 24.073552479966544 2.4
      vertex -22.077628679573536 24.17204423248768 2.4
    endloop
  endfacet
  facet normal 0 0 1
    outer loop
      vertex -22.077628679573536 24.17204423248768 2.4
      vertex -1.6823237931663848 24.947517870878944 2.4
      vertex -22.01846207678318 24.893629230558872 2.4
    endloop
  endfacet
  facet normal 0 0 1
    outer loop
      vertex -22.077628679573536 21.277955763041973 2.4
      vertex -5.829672819962473 21.54387648642351 2.4
      vertex -5.629165124598851 21.919 2.4
    endloop
  endfacet
  facet normal 0 0 -1
    outer loop
      vertex -20.706918627023697 14.931467689573765 0
      vertex -5.629165124598851 15.419 0
      vertex -5.404552479966544 15.057793485372585 0
    endloop
  endfacet
  facet normal 0 0 -1
    outer loop
      vertex -20.440834656357765 14.258129060268402 0
      vertex -5.156796711893029 14.712050711443318 0
      vertex -4.886958748613353 14.383252201849551 0
    endloop
  endfacet
  facet normal 0 0 -1
    outer loop
      vertex -20.440834656357765 14.258129060268402 0
      vertex -5.404552479966544 15.057793485372585 0
      vertex -5.156796711893029 14.712050711443318 0
    endloop
  endfacet
  facet normal 0 0 -1
    outer loop
      vertex -20.706918627023697 14.931467689573765 0
      vertex -5.829672819962473 15.79412351357649 0
      vertex -5.629165124598851 15.419 0
    endloop
  endfacet
  facet normal 0 0 -1
    outer loop
      vertex -20.95082911849022 15.613151833415031 0
      vertex -6.005216961323364 16.181557689626917 0
      vertex -5.829672819962473 15.79412351357649 0
    endloop
  endfacet
  facet normal 0 0 1
    outer loop
      vertex -20.440834656357765 14.258129060268402 2.4
      vertex -5.404552479966544 15.057793485372585 2.4
      vertex -5.629165124598851 15.419 2.4
    endloop
  endfacet
  facet normal 0 0 1
    outer loop
      vertex -20.440834656357765 14.258129060268402 2.4
      vertex -5.156796711893029 14.712050711443318 2.4
      vertex -5.404552479966544 15.057793485372585 2.4
    endloop
  endfacet
  facet normal 0 0 1
    outer loop
      vertex -20.706918627023697 14.931467689573765 2.4
      vertex -5.629165124598851 15.419 2.4
      vertex -5.829672819962473 15.79412351357649 2.4
    endloop
  endfacet
  facet normal 0 0 1
    outer loop
      vertex -20.706918627023697 14.931467689573765 2.4
      vertex -5.829672819962473 15.79412351357649 2.4
      vertex -6.005216961323364 16.181557689626917 2.4
    endloop
  endfacet
  facet normal 0 0 1
    outer loop
      vertex -20.95082911849022 15.613151833415031 2.4
      vertex -6.005216961323364 16.181557689626917 2.4
      vertex -6.155045841718187 16.57964347552945 2.4
    endloop
  endfacet
  facet normal 0 0 -1
    outer loop
      vertex -22.113154001533985 22.001090295612812 0
      vertex -5.404552479966544 22.280206514627416 0
      vertex -5.629165124598851 21.919 0
    endloop
  endfacet
  facet normal 0 0 -1
    outer loop
      vertex -22.125 22.725000001490116 0
      vertex -5.156796711893029 22.625949288556683 0
      vertex -5.404552479966544 22.280206514627416 0
    endloop
  endfacet
  facet normal 0 0 -1
    outer loop
      vertex -22.125 22.725000001490116 0
      vertex -4.886958748613353 22.95474779815045 0
      vertex -5.156796711893029 22.625949288556683 0
    endloop
  endfacet
  facet normal 0 0 -1
    outer loop
      vertex -22.125 22.725000001490116 0
      vertex -4.59619407771256 23.26519407771256 0
      vertex -4.886958748613353 22.95474779815045 0
    endloop
  endfacet
  facet normal 0 0 -1
    outer loop
      vertex -22.113154001533985 23.44890970736742 0
      vertex -4.285747798150448 23.555958748613353 0
      vertex -4.59619407771256 23.26519407771256 0
    endloop
  endfacet
  facet normal 0 0 -1
    outer loop
      vertex -22.113154001533985 23.44890970736742 0
      vertex -3.956949288556684 23.82579671189303 0
      vertex -4.285747798150448 23.555958748613353 0
    endloop
  endfacet
  facet normal 0 0 -1
    outer loop
      vertex -22.077628679573536 24.17204423248768 0
      vertex -3.611206514627414 24.073552479966544 0
      vertex -3.956949288556684 23.82579671189303 0
    endloop
  endfacet
  facet normal 0 0 -1
    outer loop
      vertex -22.077628679573536 24.17204423248768 0
      vertex -3.25 24.298165124598853 0
      vertex -3.611206514627414 24.073552479966544 0
    endloop
  endfacet
  facet normal 0 0 -1
    outer loop
      vertex -22.077628679573536 24.17204423248768 0
      vertex -2.8748764864235086 24.498672819962472 0
      vertex -3.25 24.298165124598853 0
    endloop
  endfacet
  facet normal 0 0 -1
    outer loop
      vertex -22.077628679573536 24.17204423248768 0
      vertex -2.4874423103730834 24.674216961323364 0
      vertex -2.8748764864235086 24.498672819962472 0
    endloop
  endfacet
  facet normal 0 0 -1
    outer loop
      vertex -22.077628679573536 24.17204423248768 0
      vertex -2.08935652447055 24.82404584171819 0
      vertex -2.4874423103730834 24.674216961323364 0
    endloop
  endfacet
  facet normal 0 0 -1
    outer loop
      vertex -22.01846207678318 24.893629230558872 0
      vertex -1.6823237931663848 24.947517870878944 0
      vertex -2.08935652447055 24.82404584171819 0
    endloop
  endfacet
  facet normal 0 0 -1
    outer loop
      vertex -22.01846207678318 24.893629230558872 0
      vertex -1.2680870931048336 25.044104322621 0
      vertex -1.6823237931663848 24.947517870878944 0
    endloop
  endfacet
  facet normal 0 0 -1
    outer loop
      vertex -22.01846207678318 24.893629230558872 0
      vertex -0.8484202494303352 25.113391598929766 0
      vertex -1.2680870931048336 25.044104322621 0
    endloop
  endfacet
  facet normal 0 0 -1
    outer loop
      vertex -22.01846207678318 24.893629230558872 0
      vertex -0.4251203399959299 25.155083001050922 0
      vertex -0.8484202494303352 25.113391598929766 0
    endloop
  endfacet
  facet normal 0 0 -1
    outer loop
      vertex -22.01846207678318 24.893629230558872 0
      vertex 0 25.169 0
      vertex -0.4251203399959299 25.155083001050922 0
    endloop
  endfacet
  facet normal 0 0 1
    outer loop
      vertex -22.113154001533985 22.001090295612812 2.4
      vertex -5.629165124598851 21.919 2.4
      vertex -5.404552479966544 22.280206514627416 2.4
    endloop
  endfacet
  facet normal 0 0 1
    outer loop
      vertex -22.113154001533985 22.001090295612812 2.4
      vertex -5.404552479966544 22.280206514627416 2.4
      vertex -5.156796711893029 22.625949288556683 2.4
    endloop
  endfacet
  facet normal 0 0 1
    outer loop
      vertex -22.125 22.725000001490116 2.4
      vertex -5.156796711893029 22.625949288556683 2.4
      vertex -4.886958748613353 22.95474779815045 2.4
    endloop
  endfacet
  facet normal 0 0 1
    outer loop
      vertex -22.125 22.725000001490116 2.4
      vertex -4.886958748613353 22.95474779815045 2.4
      vertex -4.59619407771256 23.26519407771256 2.4
    endloop
  endfacet
  facet normal 0 0 1
    outer loop
      vertex -22.125 22.725000001490116 2.4
      vertex -4.59619407771256 23.26519407771256 2.4
      vertex -4.285747798150448 23.555958748613353 2.4
    endloop
  endfacet
  facet normal 0 0 1
    outer loop
      vertex -22.113154001533985 23.44890970736742 2.4
      vertex -4.285747798150448 23.555958748613353 2.4
      vertex -3.956949288556684 23.82579671189303 2.4
    endloop
  endfacet
  facet normal 0 0 1
    outer loop
      vertex -22.113154001533985 23.44890970736742 2.4
      vertex -3.956949288556684 23.82579671189303 2.4
      vertex -3.611206514627414 24.073552479966544 2.4
    endloop
  endfacet
  facet normal 0 0 1
    outer loop
      vertex -22.077628679573536 24.17204423248768 2.4
      vertex -3.611206514627414 24.073552479966544 2.4
      vertex -3.25 24.298165124598853 2.4
    endloop
  endfacet
  facet normal 0 0 1
    outer loop
      vertex -22.077628679573536 24.17204423248768 2.4
      vertex -3.25 24.298165124598853 2.4
      vertex -2.8748764864235086 24.498672819962472 2.4
    endloop
  endfacet
  facet normal 0 0 1
    outer loop
      vertex -22.077628679573536 24.17204423248768 2.4
      vertex -2.8748764864235086 24.498672819962472 2.4
      vertex -2.4874423103730834 24.674216961323364 2.4
    endloop
  endfacet
  facet normal 0 0 1
    outer loop
      vertex -22.077628679573536 24.17204423248768 2.4
      vertex -2.4874423103730834 24.674216961323364 2.4
      vertex -2.08935652447055 24.82404584171819 2.4
    endloop
  endfacet
  facet normal 0 0 1
    outer loop
      vertex -22.077628679573536 24.17204423248768 2.4
      vertex -2.08935652447055 24.82404584171819 2.4
      vertex -1.6823237931663848 24.947517870878944 2.4
    endloop
  endfacet
  facet normal 0 0 1
    outer loop
      vertex -22.01846207678318 24.893629230558872 2.4
      vertex -1.6823237931663848 24.947517870878944 2.4
      vertex -1.2680870931048336 25.044104322621 2.4
    endloop
  endfacet
  facet normal 0 0 1
    outer loop
      vertex -22.01846207678318 24.893629230558872 2.4
      vertex -1.2680870931048336 25.044104322621 2.4
      vertex -0.8484202494303352 25.113391598929766 2.4
    endloop
  endfacet
  facet normal 0 0 1
    outer loop
      vertex -22.01846207678318 24.893629230558872 2.4
      vertex -0.8484202494303352 25.113391598929766 2.4
      vertex -0.4251203399959299 25.155083001050922 2.4
    endloop
  endfacet
  facet normal 0 0 1
    outer loop
      vertex -22.01846207678318 24.893629230558872 2.4
      vertex -0.4251203399959299 25.155083001050922 2.4
      vertex 0 25.169 2.4
    endloop
  endfacet
  facet normal 0 0 -1
    outer loop
      vertex -22.01846207678318 24.893629230558872 0
      vertex -21.935717560350895 25.612892001867294 0
      vertex 21.829483725130558 26.32906235009432 0
    endloop
  endfacet
  facet normal 0 0 -1
    outer loop
      vertex -21.935717560350895 25.612892001867294 0
      vertex -21.829483725130558 26.32906235009432 0
      vertex 21.699874326586723 27.041373372077942 0
    endloop
  endfacet
  facet normal 0 0 -1
    outer loop
      vertex -21.829483725130558 26.32906235009432 0
      vertex -21.699874326586723 27.041373372077942 0
      vertex 21.54702816903591 27.749062322080135 0
    endloop
  endfacet
  facet normal 0 0 -1
    outer loop
      vertex -21.699874326586723 27.041373372077942 0
      vertex -21.54702816903591 27.749062322080135 0
      vertex 21.371108904480934 28.451371371746063 0
    endloop
  endfacet
  facet normal 0 0 -1
    outer loop
      vertex -21.54702816903591 27.749062322080135 0
      vertex -21.371108904480934 28.451371371746063 0
      vertex 21.308604776859283 28.67024999856949 0
    endloop
  endfacet
  facet normal 0 0 -1
    outer loop
      vertex -21.371108904480934 28.451371371746063 0
      vertex -21.308604776859283 28.67024999856949 0
      vertex 21.308604776859283 28.67024999856949 0
    endloop
  endfacet
  facet normal 0 1 0
    outer loop
      vertex -21.308604776859283 28.67024999856949 0
      vertex -21.308604776859283 28.67024999856949 2.4
      vertex 21.308604776859283 28.67024999856949 2.4
    endloop
  endfacet
  facet normal 0 0 1
    outer loop
      vertex -22.01846207678318 24.893629230558872 2.4
      vertex 21.829483725130558 26.32906235009432 2.4
      vertex -21.935717560350895 25.612892001867294 2.4
    endloop
  endfacet
  facet normal 0 0 1
    outer loop
      vertex -21.935717560350895 25.612892001867294 2.4
      vertex 21.699874326586723 27.041373372077942 2.4
      vertex -21.829483725130558 26.32906235009432 2.4
    endloop
  endfacet
  facet normal 0 0 1
    outer loop
      vertex -21.829483725130558 26.32906235009432 2.4
      vertex 21.54702816903591 27.749062322080135 2.4
      vertex -21.699874326586723 27.041373372077942 2.4
    endloop
  endfacet
  facet normal 0 0 1
    outer loop
      vertex -21.699874326586723 27.041373372077942 2.4
      vertex 21.371108904480934 28.451371371746063 2.4
      vertex -21.54702816903591 27.749062322080135 2.4
    endloop
  endfacet
  facet normal 0 0 1
    outer loop
      vertex -21.54702816903591 27.749062322080135 2.4
      vertex 21.308604776859283 28.67024999856949 2.4
      vertex -21.371108904480934 28.451371371746063 2.4
    endloop
  endfacet
  facet normal 0 0 1
    outer loop
      vertex -21.371108904480934 28.451371371746063 2.4
      vertex 21.308604776859283 28.67024999856949 2.4
      vertex -21.308604776859283 28.67024999856949 2.4
    endloop
  endfacet
  facet normal 0 0 -1
    outer loop
      vertex -22.01846207678318 24.893629230558872 0
      vertex 21.935717560350895 25.612892001867294 0
      vertex 0 25.169 0
    endloop
  endfacet
  facet normal 0 0 1
    outer loop
      vertex -22.01846207678318 24.893629230558872 2.4
      vertex 0 25.169 2.4
      vertex 21.935717560350895 25.612892001867294 2.4
    endloop
  endfacet
  facet normal 0 0 -1
    outer loop
      vertex -0.7059142142534256 1.1615515276789665 0
      vertex 1.411072514951229 1.1961937323212624 0
      vertex 0 1.1499999985098839 0
    endloop
  endfacet
  facet normal 0 0 -1
    outer loop
      vertex 0 1.1499999985098839 0
      vertex 1.411072514951229 1.1961937323212624 0
      vertex 0.7059142142534256 1.1615515276789665 0
    endloop
  endfacet
  facet normal 0 0 -1
    outer loop
      vertex -0.7059142142534256 1.1615515276789665 0
      vertex 2.1147198006510735 1.25388952344656 0
      vertex 1.411072514951229 1.1961937323212624 0
    endloop
  endfacet
  facet normal 0 0 -1
    outer loop
      vertex -2.1147198006510735 1.25388952344656 0
      vertex 2.8161025941371918 1.3345771133899689 0
      vertex 2.1147198006510735 1.25388952344656 0
    endloop
  endfacet
  facet normal 0 0 -1
    outer loop
      vertex -2.8161025941371918 1.3345771133899689 0
      vertex 3.514469839632511 1.438170112669468 0
      vertex 2.8161025941371918 1.3345771133899689 0
    endloop
  endfacet
  facet normal 0 0 -1
    outer loop
      vertex -3.514469839632511 1.438170112669468 0
      vertex 4.2090737000107765 1.5645575746893883 0
      vertex 3.514469839632511 1.438170112669468 0
    endloop
  endfacet
  facet normal 0 0 -1
    outer loop
      vertex -3.514469839632511 1.438170112669468 0
      vertex 4.899170376360416 1.713604174554348 0
      vertex 4.2090737000107765 1.5645575746893883 0
    endloop
  endfacet
  facet normal 0 0 -1
    outer loop
      vertex -4.899170376360416 1.713604174554348 0
      vertex 5.584020897746086 1.8851502984762192 0
      vertex 4.899170376360416 1.713604174554348 0
    endloop
  endfacet
  facet normal 0 0 -1
    outer loop
      vertex -5.584020897746086 1.8851502984762192 0
      vertex 6.262891910970211 2.0790122598409653 0
      vertex 5.584020897746086 1.8851502984762192 0
    endloop
  endfacet
  facet normal 0 0 -1
    outer loop
      vertex -6.262891910970211 2.0790122598409653 0
      vertex 6.935056462883949 2.2949824556708336 0
      vertex 6.262891910970211 2.0790122598409653 0
    endloop
  endfacet
  facet normal 0 0 -1
    outer loop
      vertex -6.262891910970211 2.0790122598409653 0
      vertex 7.5997947826981544 2.532829627394676 0
      vertex 6.935056462883949 2.2949824556708336 0
    endloop
  endfacet
  facet normal 0 0 -1
    outer loop
      vertex -7.5997947826981544 2.532829627394676 0
      vertex 8.256395056843758 2.792299084365368 0
      vertex 7.5997947826981544 2.532829627394676 0
    endloop
  endfacet
  facet normal 0 0 -1
    outer loop
      vertex -8.256395056843758 2.792299084365368 0
      vertex 8.904154166579247 3.073112979531288 0
      vertex 8.256395056843758 2.792299084365368 0
    endloop
  endfacet
  facet normal 0 0 -1
    outer loop
      vertex -8.904154166579247 3.073112979531288 0
      vertex 9.54237849265337 3.3749706000089645 0
      vertex 8.904154166579247 3.073112979531288 0
    endloop
  endfacet
  facet normal 0 0 -1
    outer loop
      vertex -9.54237849265337 3.3749706000089645 0
      vertex 10.170384593307972 3.6975487247109413 0
      vertex 9.54237849265337 3.3749706000089645 0
    endloop
  endfacet
  facet normal 0 0 1
    outer loop
      vertex -1.411072514951229 1.1961937323212624 2.4
      vertex -0.7059142142534256 1.1615515276789665 2.4
      vertex 2.8161025941371918 1.3345771133899689 2.4
    endloop
  endfacet
  facet normal 0 0 1
    outer loop
      vertex -0.7059142142534256 1.1615515276789665 2.4
      vertex 0 1.1499999985098839 2.4
      vertex 2.1147198006510735 1.25388952344656 2.4
    endloop
  endfacet
  facet normal 0 0 1
    outer loop
      vertex 0 1.1499999985098839 2.4
      vertex 0.7059142142534256 1.1615515276789665 2.4
      vertex 1.411072514951229 1.1961937323212624 2.4
    endloop
  endfacet
  facet normal 0 0 1
    outer loop
      vertex 0 1.1499999985098839 2.4
      vertex 1.411072514951229 1.1961937323212624 2.4
      vertex 2.1147198006510735 1.25388952344656 2.4
    endloop
  endfacet
  facet normal 0 0 1
    outer loop
      vertex -0.7059142142534256 1.1615515276789665 2.4
      vertex 2.1147198006510735 1.25388952344656 2.4
      vertex 2.8161025941371918 1.3345771133899689 2.4
    endloop
  endfacet
  facet normal 0 0 1
    outer loop
      vertex -2.1147198006510735 1.25388952344656 2.4
      vertex 2.8161025941371918 1.3345771133899689 2.4
      vertex 3.514469839632511 1.438170112669468 2.4
    endloop
  endfacet
  facet normal 0 0 1
    outer loop
      vertex -2.1147198006510735 1.25388952344656 2.4
      vertex 3.514469839632511 1.438170112669468 2.4
      vertex 4.2090737000107765 1.5645575746893883 2.4
    endloop
  endfacet
  facet normal 0 0 1
    outer loop
      vertex -2.8161025941371918 1.3345771133899689 2.4
      vertex 4.2090737000107765 1.5645575746893883 2.4
      vertex 4.899170376360416 1.713604174554348 2.4
    endloop
  endfacet
  facet normal 0 0 1
    outer loop
      vertex -3.514469839632511 1.438170112669468 2.4
      vertex 4.899170376360416 1.713604174554348 2.4
      vertex 5.584020897746086 1.8851502984762192 2.4
    endloop
  endfacet
  facet normal 0 0 1
    outer loop
      vertex -4.2090737000107765 1.5645575746893883 2.4
      vertex 5.584020897746086 1.8851502984762192 2.4
      vertex 6.262891910970211 2.0790122598409653 2.4
    endloop
  endfacet
  facet normal 0 0 1
    outer loop
      vertex -4.899170376360416 1.713604174554348 2.4
      vertex 6.262891910970211 2.0790122598409653 2.4
      vertex 6.935056462883949 2.2949824556708336 2.4
    endloop
  endfacet
  facet normal 0 0 1
    outer loop
      vertex -5.584020897746086 1.8851502984762192 2.4
      vertex 6.935056462883949 2.2949824556708336 2.4
      vertex 7.5997947826981544 2.532829627394676 2.4
    endloop
  endfacet
  facet normal 0 0 1
    outer loop
      vertex -6.262891910970211 2.0790122598409653 2.4
      vertex 7.5997947826981544 2.532829627394676 2.4
      vertex 8.256395056843758 2.792299084365368 2.4
    endloop
  endfacet
  facet normal 0 0 1
    outer loop
      vertex -6.935056462883949 2.2949824556708336 2.4
      vertex 8.256395056843758 2.792299084365368 2.4
      vertex 8.904154166579247 3.073112979531288 2.4
    endloop
  endfacet
  facet normal 0 0 1
    outer loop
      vertex -7.5997947826981544 2.532829627394676 2.4
      vertex 8.904154166579247 3.073112979531288 2.4
      vertex 9.54237849265337 3.3749706000089645 2.4
    endloop
  endfacet
  facet normal 0 0 1
    outer loop
      vertex -8.256395056843758 2.792299084365368 2.4
      vertex 9.54237849265337 3.3749706000089645 2.4
      vertex 10.170384593307972 3.6975487247109413 2.4
    endloop
  endfacet
  facet normal 0 0 1
    outer loop
      vertex -8.904154166579247 3.073112979531288 2.4
      vertex 10.170384593307972 3.6975487247109413 2.4
      vertex 10.787500001490116 4.040501914918423 2.4
    endloop
  endfacet
  facet normal 0 0 -1
    outer loop
      vertex -10.170384593307972 3.6975487247109413 0
      vertex 10.787500001490116 4.040501914918423 0
      vertex 10.170384593307972 3.6975487247109413 0
    endloop
  endfacet
  facet normal 0 0 -1
    outer loop
      vertex -10.787500001490116 4.040501914918423 0
      vertex 11.393063880503178 4.403462931513786 0
      vertex 10.787500001490116 4.040501914918423 0
    endloop
  endfacet
  facet normal 0 0 -1
    outer loop
      vertex -11.393063880503178 4.403462931513786 0
      vertex 11.986427776515484 4.786043114960194 0
      vertex 11.393063880503178 4.403462931513786 0
    endloop
  endfacet
  facet normal 0 0 -1
    outer loop
      vertex -11.393063880503178 4.403462931513786 0
      vertex 12.295564837753773 5 0
      vertex 11.986427776515484 4.786043114960194 0
    endloop
  endfacet
  facet normal 0 0 -1
    outer loop
      vertex -11.393063880503178 4.403462931513786 0
      vertex 13.468846619129181 5.172057345509529 0
      vertex 12.295564837753773 5 0
    endloop
  endfacet
  facet normal 0 0 -1
    outer loop
      vertex -11.986427776515484 4.786043114960194 0
      vertex 14.035951413214207 5.6221437230706215 0
      vertex 13.468846619129181 5.172057345509529 0
    endloop
  endfacet
  facet normal 0 0 -1
    outer loop
      vertex -13.468846619129181 5.172057345509529 0
      vertex 14.588026158511639 6.090544261038303 0
      vertex 14.035951413214207 5.6221437230706215 0
    endloop
  endfacet
  facet normal 0 0 -1
    outer loop
      vertex -14.035951413214207 5.6221437230706215 0
      vertex 15.124479681253433 6.5767573937773705 0
      vertex 14.588026158511639 6.090544261038303 0
    endloop
  endfacet
  facet normal 0 0 -1
    outer loop
      vertex -14.588026158511639 6.090544261038303 0
      vertex 15.644737534224987 7.080262467265129 0
      vertex 15.124479681253433 6.5767573937773705 0
    endloop
  endfacet
  facet normal 0 0 1
    outer loop
      vertex -9.54237849265337 3.3749706000089645 2.4
      vertex 10.787500001490116 4.040501914918423 2.4
      vertex 11.393063880503178 4.403462931513786 2.4
    endloop
  endfacet
  facet normal 0 0 1
    outer loop
      vertex -10.170384593307972 3.6975487247109413 2.4
      vertex 11.393063880503178 4.403462931513786 2.4
      vertex 11.986427776515484 4.786043114960194 2.4
    endloop
  endfacet
  facet normal 0 0 1
    outer loop
      vertex -10.787500001490116 4.040501914918423 2.4
      vertex 11.986427776515484 4.786043114960194 2.4
      vertex 12.295564837753773 5 2.4
    endloop
  endfacet
  facet normal 0 0 1
    outer loop
      vertex -10.787500001490116 4.040501914918423 2.4
      vertex 12.295564837753773 5 2.4
      vertex 13.468846619129181 5.172057345509529 2.4
    endloop
  endfacet
  facet normal 0 0 1
    outer loop
      vertex -11.393063880503178 4.403462931513786 2.4
      vertex 13.468846619129181 5.172057345509529 2.4
      vertex 14.035951413214207 5.6221437230706215 2.4
    endloop
  endfacet
  facet normal 0 0 1
    outer loop
      vertex -13.468846619129181 5.172057345509529 2.4
      vertex 14.035951413214207 5.6221437230706215 2.4
      vertex 14.588026158511639 6.090544261038303 2.4
    endloop
  endfacet
  facet normal 0 0 1
    outer loop
      vertex -14.035951413214207 5.6221437230706215 2.4
      vertex 14.588026158511639 6.090544261038303 2.4
      vertex 15.124479681253433 6.5767573937773705 2.4
    endloop
  endfacet
  facet normal 0 0 1
    outer loop
      vertex -14.588026158511639 6.090544261038303 2.4
      vertex 15.124479681253433 6.5767573937773705 2.4
      vertex 15.644737534224987 7.080262467265129 2.4
    endloop
  endfacet
  facet normal 0 0 -1
    outer loop
      vertex 10.068240016040225 3.0268507442717167 0
      vertex 10.170384593307972 3.6975487247109413 0
      vertex 10.429652802799678 3.212492026473961 0
    endloop
  endfacet
  facet normal 0 0 -1
    outer loop
      vertex -15.124479681253433 6.5767573937773705 0
      vertex 16.148242607712746 7.600520320236683 0
      vertex 15.644737534224987 7.080262467265129 0
    endloop
  endfacet
  facet normal 0 0 1
    outer loop
      vertex -15.124479681253433 6.5767573937773705 2.4
      vertex 15.644737534224987 7.080262467265129 2.4
      vertex 16.148242607712746 7.600520320236683 2.4
    endloop
  endfacet
  facet normal 0 0 -1
    outer loop
      vertex -19.160812057554722 11.662500001490116 0
      vertex 0 12.169 0
      vertex 19.51250797510147 12.295347198843956 0
    endloop
  endfacet
  facet normal 0 0 1
    outer loop
      vertex -19.160812057554722 11.662500001490116 2.4
      vertex 19.51250797510147 12.295347198843956 2.4
      vertex 0 12.169 2.4
    endloop
  endfacet
  facet normal 0 0 -1
    outer loop
      vertex -15.644737534224987 7.080262467265129 0
      vertex 16.634455740451813 8.136973842978477 0
      vertex 16.148242607712746 7.600520320236683 0
    endloop
  endfacet
  facet normal 0 0 -1
    outer loop
      vertex -16.148242607712746 7.600520320236683 0
      vertex 17.102856278419495 8.68904858827591 0
      vertex 16.634455740451813 8.136973842978477 0
    endloop
  endfacet
  facet normal 0 0 -1
    outer loop
      vertex -16.634455740451813 8.136973842978477 0
      vertex 17.552942655980587 9.256153382360935 0
      vertex 17.102856278419495 8.68904858827591 0
    endloop
  endfacet
  facet normal 0 0 -1
    outer loop
      vertex -17.102856278419495 8.68904858827591 0
      vertex 17.984232895076275 9.837680958211422 0
      vertex 17.552942655980587 9.256153382360935 0
    endloop
  endfacet
  facet normal 0 0 -1
    outer loop
      vertex -17.552942655980587 9.256153382360935 0
      vertex 18.396265171468258 10.433008596301079 0
      vertex 17.984232895076275 9.837680958211422 0
    endloop
  endfacet
  facet normal 0 0 -1
    outer loop
      vertex -17.984232895076275 9.837680958211422 0
      vertex 18.788598269224167 11.041498802602291 0
      vertex 18.396265171468258 10.433008596301079 0
    endloop
  endfacet
  facet normal 0 0 1
    outer loop
      vertex -15.644737534224987 7.080262467265129 2.4
      vertex 16.148242607712746 7.600520320236683 2.4
      vertex 16.634455740451813 8.136973842978477 2.4
    endloop
  endfacet
  facet normal 0 0 1
    outer loop
      vertex -16.148242607712746 7.600520320236683 2.4
      vertex 16.634455740451813 8.136973842978477 2.4
      vertex 17.102856278419495 8.68904858827591 2.4
    endloop
  endfacet
  facet normal 0 0 1
    outer loop
      vertex -16.634455740451813 8.136973842978477 2.4
      vertex 17.102856278419495 8.68904858827591 2.4
      vertex 17.552942655980587 9.256153382360935 2.4
    endloop
  endfacet
  facet normal 0 0 1
    outer loop
      vertex -17.102856278419495 8.68904858827591 2.4
      vertex 17.552942655980587 9.256153382360935 2.4
      vertex 17.984232895076275 9.837680958211422 2.4
    endloop
  endfacet
  facet normal 0 0 1
    outer loop
      vertex -17.552942655980587 9.256153382360935 2.4
      vertex 17.984232895076275 9.837680958211422 2.4
      vertex 18.396265171468258 10.433008596301079 2.4
    endloop
  endfacet
  facet normal 0 0 1
    outer loop
      vertex -17.984232895076275 9.837680958211422 2.4
      vertex 18.396265171468258 10.433008596301079 2.4
      vertex 18.788598269224167 11.041498802602291 2.4
    endloop
  endfacet
  facet normal 0 0 -1
    outer loop
      vertex -18.396265171468258 10.433008596301079 0
      vertex 19.160812057554722 11.662500001490116 0
      vertex 18.788598269224167 11.041498802602291 0
    endloop
  endfacet
  facet normal 0 0 -1
    outer loop
      vertex -18.788598269224167 11.041498802602291 0
      vertex 19.51250797510147 12.295347198843956 0
      vertex 19.160812057554722 11.662500001490116 0
    endloop
  endfacet
  facet normal 0 0 -1
    outer loop
      vertex 19.51250797510147 12.295347198843956 0
      vertex 0 12.169 0
      vertex 0.4251203399959299 12.182916998949079 0
    endloop
  endfacet
  facet normal 0 0 -1
    outer loop
      vertex 19.51250797510147 12.295347198843956 0
      vertex 0.4251203399959299 12.182916998949079 0
      vertex 0.8484202494303352 12.224608401070233 0
    endloop
  endfacet
  facet normal 0 0 -1
    outer loop
      vertex 19.51250797510147 12.295347198843956 0
      vertex 0.8484202494303352 12.224608401070233 0
      vertex 1.2680870931048336 12.293895677379002 0
    endloop
  endfacet
  facet normal 0 0 -1
    outer loop
      vertex 19.51250797510147 12.295347198843956 0
      vertex 1.2680870931048336 12.293895677379002 0
      vertex 1.6823237931663848 12.390482129121057 0
    endloop
  endfacet
  facet normal 0 0 -1
    outer loop
      vertex 19.8433094099164 12.939362727105618 0
      vertex 1.6823237931663848 12.390482129121057 0
      vertex 2.08935652447055 12.513954158281813 0
    endloop
  endfacet
  facet normal 0 0 -1
    outer loop
      vertex 19.8433094099164 12.939362727105618 0
      vertex 2.08935652447055 12.513954158281813 0
      vertex 2.4874423103730834 12.663783038676637 0
    endloop
  endfacet
  facet normal 0 0 -1
    outer loop
      vertex 19.8433094099164 12.939362727105618 0
      vertex 2.4874423103730834 12.663783038676637 0
      vertex 2.8748764864235086 12.839327180037527 0
    endloop
  endfacet
  facet normal 0 0 -1
    outer loop
      vertex 19.8433094099164 12.939362727105618 0
      vertex 2.8748764864235086 12.839327180037527 0
      vertex 3.25 13.039834875401148 0
    endloop
  endfacet
  facet normal 0 0 -1
    outer loop
      vertex 19.8433094099164 12.939362727105618 0
      vertex 3.25 13.039834875401148 0
      vertex 3.611206514627414 13.264447520033457 0
    endloop
  endfacet
  facet normal 0 0 -1
    outer loop
      vertex 20.15286212414503 13.59385696798563 0
      vertex 3.611206514627414 13.264447520033457 0
      vertex 3.956949288556684 13.51220328810697 0
    endloop
  endfacet
  facet normal 0 0 -1
    outer loop
      vertex 20.15286212414503 13.59385696798563 0
      vertex 3.956949288556684 13.51220328810697 0
      vertex 4.285747798150448 13.782041251386648 0
    endloop
  endfacet
  facet normal 0 0 -1
    outer loop
      vertex 20.440834656357765 14.258129060268402 0
      vertex 4.285747798150448 13.782041251386648 0
      vertex 4.59619407771256 14.07280592228744 0
    endloop
  endfacet
  facet normal 0 0 -1
    outer loop
      vertex 20.440834656357765 14.258129060268402 0
      vertex 4.59619407771256 14.07280592228744 0
      vertex 4.886958748613353 14.383252201849551 0
    endloop
  endfacet
  facet normal 0 0 1
    outer loop
      vertex -18.396265171468258 10.433008596301079 2.4
      vertex 18.788598269224167 11.041498802602291 2.4
      vertex 19.160812057554722 11.662500001490116 2.4
    endloop
  endfacet
  facet normal 0 0 1
    outer loop
      vertex -18.788598269224167 11.041498802602291 2.4
      vertex 19.160812057554722 11.662500001490116 2.4
      vertex 19.51250797510147 12.295347198843956 2.4
    endloop
  endfacet
  facet normal 0 0 1
    outer loop
      vertex 19.51250797510147 12.295347198843956 2.4
      vertex 0.4251203399959299 12.182916998949079 2.4
      vertex 0 12.169 2.4
    endloop
  endfacet
  facet normal 0 0 1
    outer loop
      vertex 19.51250797510147 12.295347198843956 2.4
      vertex 0.8484202494303352 12.224608401070233 2.4
      vertex 0.4251203399959299 12.182916998949079 2.4
    endloop
  endfacet
  facet normal 0 0 1
    outer loop
      vertex 19.51250797510147 12.295347198843956 2.4
      vertex 1.2680870931048336 12.293895677379002 2.4
      vertex 0.8484202494303352 12.224608401070233 2.4
    endloop
  endfacet
  facet normal 0 0 1
    outer loop
      vertex 19.8433094099164 12.939362727105618 2.4
      vertex 1.6823237931663848 12.390482129121057 2.4
      vertex 1.2680870931048336 12.293895677379002 2.4
    endloop
  endfacet
  facet normal 0 0 1
    outer loop
      vertex 19.8433094099164 12.939362727105618 2.4
      vertex 2.08935652447055 12.513954158281813 2.4
      vertex 1.6823237931663848 12.390482129121057 2.4
    endloop
  endfacet
  facet normal 0 0 1
    outer loop
      vertex 19.8433094099164 12.939362727105618 2.4
      vertex 2.4874423103730834 12.663783038676637 2.4
      vertex 2.08935652447055 12.513954158281813 2.4
    endloop
  endfacet
  facet normal 0 0 1
    outer loop
      vertex 19.8433094099164 12.939362727105618 2.4
      vertex 2.8748764864235086 12.839327180037527 2.4
      vertex 2.4874423103730834 12.663783038676637 2.4
    endloop
  endfacet
  facet normal 0 0 1
    outer loop
      vertex 19.8433094099164 12.939362727105618 2.4
      vertex 3.25 13.039834875401148 2.4
      vertex 2.8748764864235086 12.839327180037527 2.4
    endloop
  endfacet
  facet normal 0 0 1
    outer loop
      vertex 20.15286212414503 13.59385696798563 2.4
      vertex 3.611206514627414 13.264447520033457 2.4
      vertex 3.25 13.039834875401148 2.4
    endloop
  endfacet
  facet normal 0 0 1
    outer loop
      vertex 20.15286212414503 13.59385696798563 2.4
      vertex 3.956949288556684 13.51220328810697 2.4
      vertex 3.611206514627414 13.264447520033457 2.4
    endloop
  endfacet
  facet normal 0 0 1
    outer loop
      vertex 20.440834656357765 14.258129060268402 2.4
      vertex 4.285747798150448 13.782041251386648 2.4
      vertex 3.956949288556684 13.51220328810697 2.4
    endloop
  endfacet
  facet normal 0 0 1
    outer loop
      vertex 20.440834656357765 14.258129060268402 2.4
      vertex 4.59619407771256 14.07280592228744 2.4
      vertex 4.285747798150448 13.782041251386648 2.4
    endloop
  endfacet
  facet normal 0 0 1
    outer loop
      vertex 20.440834656357765 14.258129060268402 2.4
      vertex 4.886958748613353 14.383252201849551 2.4
      vertex 4.59619407771256 14.07280592228744 2.4
    endloop
  endfacet
  facet normal 0 0 -1
    outer loop
      vertex 12.291991406122273 4.32873483066776 0
      vertex 11.986427776515484 4.786043114960194 0
      vertex 12.765192880078486 4.656242354309485 0
    endloop
  endfacet
  facet normal 0 0 -1
    outer loop
      vertex 11.986427776515484 4.786043114960194 0
      vertex 12.295564837753773 5 0
      vertex 12.765192880078486 4.656242354309485 0
    endloop
  endfacet
  facet normal 0 0 -1
    outer loop
      vertex 12.295564837753773 5 0
      vertex 13.23685414174036 5 0
      vertex 13.098496919217364 4.8973872915737715 0
    endloop
  endfacet
  facet normal 0 0 -1
    outer loop
      vertex 12.295564837753773 5 0
      vertex 13.468846619129181 5.172057345509529 0
      vertex 13.23685414174036 5 0
    endloop
  endfacet
  facet normal 0.5956992998534414 -0.8032075349211558 4.612291477760775e-18
    outer loop
      vertex 13.23685414174036 5 0
      vertex 13.468846619129181 5.172057345509529 0
      vertex 13.468846619129181 5.172057345509529 2.4
    endloop
  endfacet
  facet normal 0.621660577805896 -0.7832867457081344 0
    outer loop
      vertex 13.468846619129181 5.172057345509529 0
      vertex 14.035951413214207 5.6221437230706215 0
      vertex 13.468846619129181 5.172057345509529 2.4
    endloop
  endfacet
  facet normal 0.5956992998534414 -0.8032075349211558 0
    outer loop
      vertex 13.23685414174036 5 0
      vertex 13.468846619129181 5.172057345509529 2.4
      vertex 13.23685414174036 5 2.4
    endloop
  endfacet
  facet normal 0.621660577805896 -0.7832867457081344 0
    outer loop
      vertex 14.035951413214207 5.6221437230706215 0
      vertex 14.035951413214207 5.6221437230706215 2.4
      vertex 13.468846619129181 5.172057345509529 2.4
    endloop
  endfacet
  facet normal 0.6469561518981494 -0.7625272044465946 0
    outer loop
      vertex 14.035951413214207 5.6221437230706215 0
      vertex 14.588026158511639 6.090544261038303 0
      vertex 14.035951413214207 5.6221437230706215 2.4
    endloop
  endfacet
  facet normal 0.6715589556748406 -0.7409511246046648 0
    outer loop
      vertex 14.588026158511639 6.090544261038303 0
      vertex 15.124479681253433 6.5767573937773705 0
      vertex 14.588026158511639 6.090544261038303 2.4
    endloop
  endfacet
  facet normal 0.6954426331358964 -0.7185816195930781 0
    outer loop
      vertex 15.124479681253433 6.5767573937773705 0
      vertex 15.644737534224987 7.080262467265129 0
      vertex 15.124479681253433 6.5767573937773705 2.4
    endloop
  endfacet
  facet normal 0.7185816195930781 -0.6954426331358964 0
    outer loop
      vertex 15.644737534224987 7.080262467265129 0
      vertex 16.148242607712746 7.600520320236683 0
      vertex 15.644737534224987 7.080262467265129 2.4
    endloop
  endfacet
  facet normal 0.6469561518981494 -0.7625272044465946 0
    outer loop
      vertex 14.588026158511639 6.090544261038303 0
      vertex 14.588026158511639 6.090544261038303 2.4
      vertex 14.035951413214207 5.6221437230706215 2.4
    endloop
  endfacet
  facet normal 0.6715589556748406 -0.7409511246046648 0
    outer loop
      vertex 15.124479681253433 6.5767573937773705 0
      vertex 15.124479681253433 6.5767573937773705 2.4
      vertex 14.588026158511639 6.090544261038303 2.4
    endloop
  endfacet
  facet normal 0.6954426331358964 -0.7185816195930781 0
    outer loop
      vertex 15.644737534224987 7.080262467265129 0
      vertex 15.644737534224987 7.080262467265129 2.4
      vertex 15.124479681253433 6.5767573937773705 2.4
    endloop
  endfacet
  facet normal 0 0 1
    outer loop
      vertex 12.295564837753773 5 2.4
      vertex 13.23685414174036 5 2.4
      vertex 13.468846619129181 5.172057345509529 2.4
    endloop
  endfacet
  facet normal 0.7409511246046648 -0.6715589556748406 0
    outer loop
      vertex 16.148242607712746 7.600520320236683 0
      vertex 16.634455740451813 8.136973842978477 0
      vertex 16.148242607712746 7.600520320236683 2.4
    endloop
  endfacet
  facet normal 0.7185816195930781 -0.6954426331358964 0
    outer loop
      vertex 15.644737534224987 7.080262467265129 2.4
      vertex 16.148242607712746 7.600520320236683 0
      vertex 16.148242607712746 7.600520320236683 2.4
    endloop
  endfacet
  facet normal 0.7409511246046648 -0.6715589556748406 0
    outer loop
      vertex 16.148242607712746 7.600520320236683 2.4
      vertex 16.634455740451813 8.136973842978477 0
      vertex 16.634455740451813 8.136973842978477 2.4
    endloop
  endfacet
  facet normal 0 0 -1
    outer loop
      vertex 19.51250797510147 12.295347198843956 0
      vertex 1.6823237931663848 12.390482129121057 0
      vertex 19.8433094099164 12.939362727105618 0
    endloop
  endfacet
  facet normal 0 0 -1
    outer loop
      vertex 19.8433094099164 12.939362727105618 0
      vertex 3.611206514627414 13.264447520033457 0
      vertex 20.15286212414503 13.59385696798563 0
    endloop
  endfacet
  facet normal 0 0 -1
    outer loop
      vertex 20.15286212414503 13.59385696798563 0
      vertex 4.285747798150448 13.782041251386648 0
      vertex 20.440834656357765 14.258129060268402 0
    endloop
  endfacet
  facet normal 0 0 1
    outer loop
      vertex 19.51250797510147 12.295347198843956 2.4
      vertex 19.8433094099164 12.939362727105618 2.4
      vertex 1.2680870931048336 12.293895677379002 2.4
    endloop
  endfacet
  facet normal 0 0 1
    outer loop
      vertex 19.8433094099164 12.939362727105618 2.4
      vertex 20.15286212414503 13.59385696798563 2.4
      vertex 3.25 13.039834875401148 2.4
    endloop
  endfacet
  facet normal 0 0 1
    outer loop
      vertex 20.15286212414503 13.59385696798563 2.4
      vertex 20.440834656357765 14.258129060268402 2.4
      vertex 3.956949288556684 13.51220328810697 2.4
    endloop
  endfacet
  facet normal 0.7625272044465946 -0.6469561518981494 0
    outer loop
      vertex 16.634455740451813 8.136973842978477 0
      vertex 17.102856278419495 8.68904858827591 0
      vertex 16.634455740451813 8.136973842978477 2.4
    endloop
  endfacet
  facet normal 0.7832867457081344 -0.621660577805896 0
    outer loop
      vertex 17.102856278419495 8.68904858827591 0
      vertex 17.552942655980587 9.256153382360935 0
      vertex 17.102856278419495 8.68904858827591 2.4
    endloop
  endfacet
  facet normal 0.7625272044465946 -0.6469561518981494 0
    outer loop
      vertex 17.102856278419495 8.68904858827591 0
      vertex 17.102856278419495 8.68904858827591 2.4
      vertex 16.634455740451813 8.136973842978477 2.4
    endloop
  endfacet
  facet normal 0.8032075349211563 -0.5956992998534407 0
    outer loop
      vertex 17.552942655980587 9.256153382360935 0
      vertex 17.984232895076275 9.837680958211422 0
      vertex 17.552942655980587 9.256153382360935 2.4
    endloop
  endfacet
  facet normal 0.8222682186811944 -0.5691001463247531 0
    outer loop
      vertex 17.984232895076275 9.837680958211422 0
      vertex 18.396265171468258 10.433008596301079 0
      vertex 17.984232895076275 9.837680958211422 2.4
    endloop
  endfacet
  facet normal 0.8404483973157811 -0.5418915864352712 0
    outer loop
      vertex 18.396265171468258 10.433008596301079 0
      vertex 18.788598269224167 11.041498802602291 0
      vertex 18.396265171468258 10.433008596301079 2.4
    endloop
  endfacet
  facet normal 0.7832867457081344 -0.621660577805896 0
    outer loop
      vertex 17.552942655980587 9.256153382360935 0
      vertex 17.552942655980587 9.256153382360935 2.4
      vertex 17.102856278419495 8.68904858827591 2.4
    endloop
  endfacet
  facet normal 0.8032075349211563 -0.5956992998534407 0
    outer loop
      vertex 17.984232895076275 9.837680958211422 0
      vertex 17.984232895076275 9.837680958211422 2.4
      vertex 17.552942655980587 9.256153382360935 2.4
    endloop
  endfacet
  facet normal 0.8222682186811944 -0.5691001463247531 0
    outer loop
      vertex 18.396265171468258 10.433008596301079 0
      vertex 18.396265171468258 10.433008596301079 2.4
      vertex 17.984232895076275 9.837680958211422 2.4
    endloop
  endfacet
  facet normal 0.8404483973157811 -0.5418915864352712 0
    outer loop
      vertex 18.396265171468258 10.433008596301079 2.4
      vertex 18.788598269224167 11.041498802602291 0
      vertex 18.788598269224167 11.041498802602291 2.4
    endloop
  endfacet
  facet normal 0.857728613698234 -0.5141027380235449 0
    outer loop
      vertex 18.788598269224167 11.041498802602291 0
      vertex 19.160812057554722 11.662500001490116 0
      vertex 18.788598269224167 11.041498802602291 2.4
    endloop
  endfacet
  facet normal 0.874090339998595 -0.4857633966460838 0
    outer loop
      vertex 19.160812057554722 11.662500001490116 0
      vertex 19.51250797510147 12.295347198843956 0
      vertex 19.160812057554722 11.662500001490116 2.4
    endloop
  endfacet
  facet normal 0.857728613698234 -0.5141027380235449 0
    outer loop
      vertex 19.160812057554722 11.662500001490116 0
      vertex 19.160812057554722 11.662500001490116 2.4
      vertex 18.788598269224167 11.041498802602291 2.4
    endloop
  endfacet
  facet normal 0.8895160733951086 -0.45690387957616185 0
    outer loop
      vertex 19.51250797510147 12.295347198843956 0
      vertex 19.8433094099164 12.939362727105618 0
      vertex 19.51250797510147 12.295347198843956 2.4
    endloop
  endfacet
  facet normal 0.874090339998595 -0.4857633966460838 0
    outer loop
      vertex 19.51250797510147 12.295347198843956 0
      vertex 19.51250797510147 12.295347198843956 2.4
      vertex 19.160812057554722 11.662500001490116 2.4
    endloop
  endfacet
  facet normal 0.9039892972507606 -0.4275550847038027 0
    outer loop
      vertex 19.8433094099164 12.939362727105618 0
      vertex 20.15286212414503 13.59385696798563 0
      vertex 19.8433094099164 12.939362727105618 2.4
    endloop
  endfacet
  facet normal 0.9174944953174932 -0.3977484771336005 0
    outer loop
      vertex 20.15286212414503 13.59385696798563 0
      vertex 20.440834656357765 14.258129060268402 0
      vertex 20.15286212414503 13.59385696798563 2.4
    endloop
  endfacet
  facet normal 0.8895160733951086 -0.45690387957616185 0
    outer loop
      vertex 19.8433094099164 12.939362727105618 0
      vertex 19.8433094099164 12.939362727105618 2.4
      vertex 19.51250797510147 12.295347198843956 2.4
    endloop
  endfacet
  facet normal 0.9039892972507606 -0.4275550847038027 0
    outer loop
      vertex 20.15286212414503 13.59385696798563 0
      vertex 20.15286212414503 13.59385696798563 2.4
      vertex 19.8433094099164 12.939362727105618 2.4
    endloop
  endfacet
  facet normal 0.9174944953174932 -0.3977484771336005 0
    outer loop
      vertex 20.440834656357765 14.258129060268402 0
      vertex 20.440834656357765 14.258129060268402 2.4
      vertex 20.15286212414503 13.59385696798563 2.4
    endloop
  endfacet
  facet normal 0 0 -1
    outer loop
      vertex 20.440834656357765 14.258129060268402 0
      vertex 4.886958748613353 14.383252201849551 0
      vertex 5.156796711893029 14.712050711443318 0
    endloop
  endfacet
  facet normal 0 0 -1
    outer loop
      vertex 20.706918627023697 14.931467689573765 0
      vertex 5.156796711893029 14.712050711443318 0
      vertex 5.404552479966544 15.057793485372585 0
    endloop
  endfacet
  facet normal 0 0 -1
    outer loop
      vertex 20.706918627023697 14.931467689573765 0
      vertex 5.404552479966544 15.057793485372585 0
      vertex 5.629165124598851 15.419 0
    endloop
  endfacet
  facet normal 0 0 -1
    outer loop
      vertex 20.95082911849022 15.613151833415031 0
      vertex 5.629165124598851 15.419 0
      vertex 5.829672819962473 15.79412351357649 0
    endloop
  endfacet
  facet normal 0 0 -1
    outer loop
      vertex 20.95082911849022 15.613151833415031 0
      vertex 5.829672819962473 15.79412351357649 0
      vertex 6.005216961323364 16.181557689626917 0
    endloop
  endfacet
  facet normal 0 0 1
    outer loop
      vertex 20.706918627023697 14.931467689573765 2.4
      vertex 5.156796711893029 14.712050711443318 2.4
      vertex 4.886958748613353 14.383252201849551 2.4
    endloop
  endfacet
  facet normal 0 0 1
    outer loop
      vertex 20.706918627023697 14.931467689573765 2.4
      vertex 5.404552479966544 15.057793485372585 2.4
      vertex 5.156796711893029 14.712050711443318 2.4
    endloop
  endfacet
  facet normal 0 0 1
    outer loop
      vertex 20.95082911849022 15.613151833415031 2.4
      vertex 5.629165124598851 15.419 2.4
      vertex 5.404552479966544 15.057793485372585 2.4
    endloop
  endfacet
  facet normal 0 0 1
    outer loop
      vertex 20.95082911849022 15.613151833415031 2.4
      vertex 5.829672819962473 15.79412351357649 2.4
      vertex 5.629165124598851 15.419 2.4
    endloop
  endfacet
  facet normal 0 0 1
    outer loop
      vertex 21.172304928302765 16.302451513707638 2.4
      vertex 6.005216961323364 16.181557689626917 2.4
      vertex 5.829672819962473 15.79412351357649 2.4
    endloop
  endfacet
  facet normal 0 0 -1
    outer loop
      vertex 22.125 22.725000001490116 0
      vertex 5.629165124598851 21.919 0
      vertex 5.404552479966544 22.280206514627416 0
    endloop
  endfacet
  facet normal 0 0 -1
    outer loop
      vertex 22.125 22.725000001490116 0
      vertex 5.404552479966544 22.280206514627416 0
      vertex 5.156796711893029 22.625949288556683 0
    endloop
  endfacet
  facet normal 0 0 -1
    outer loop
      vertex 22.113154001533985 23.44890970736742 0
      vertex 4.886958748613353 22.95474779815045 0
      vertex 4.59619407771256 23.26519407771256 0
    endloop
  endfacet
  facet normal 0 0 -1
    outer loop
      vertex 22.113154001533985 23.44890970736742 0
      vertex 5.156796711893029 22.625949288556683 0
      vertex 4.886958748613353 22.95474779815045 0
    endloop
  endfacet
  facet normal 0 0 -1
    outer loop
      vertex 21.935717560350895 25.612892001867294 0
      vertex 2.4874423103730834 24.674216961323364 0
      vertex 2.08935652447055 24.82404584171819 0
    endloop
  endfacet
  facet normal 0 0 -1
    outer loop
      vertex 22.01846207678318 24.893629230558872 0
      vertex 3.611206514627414 24.073552479966544 0
      vertex 3.25 24.298165124598853 0
    endloop
  endfacet
  facet normal 0 0 -1
    outer loop
      vertex 22.01846207678318 24.893629230558872 0
      vertex 3.25 24.298165124598853 0
      vertex 2.8748764864235086 24.498672819962472 0
    endloop
  endfacet
  facet normal 0 0 -1
    outer loop
      vertex 22.01846207678318 24.893629230558872 0
      vertex 2.8748764864235086 24.498672819962472 0
      vertex 2.4874423103730834 24.674216961323364 0
    endloop
  endfacet
  facet normal 0 0 -1
    outer loop
      vertex 22.077628679573536 24.17204423248768 0
      vertex 4.59619407771256 23.26519407771256 0
      vertex 4.285747798150448 23.555958748613353 0
    endloop
  endfacet
  facet normal 0 0 -1
    outer loop
      vertex 22.077628679573536 24.17204423248768 0
      vertex 3.956949288556684 23.82579671189303 0
      vertex 3.611206514627414 24.073552479966544 0
    endloop
  endfacet
  facet normal 0 0 -1
    outer loop
      vertex 22.077628679573536 24.17204423248768 0
      vertex 4.285747798150448 23.555958748613353 0
      vertex 3.956949288556684 23.82579671189303 0
    endloop
  endfacet
  facet normal 0 0 1
    outer loop
      vertex 22.125 22.725000001490116 2.4
      vertex 5.404552479966544 22.280206514627416 2.4
      vertex 5.629165124598851 21.919 2.4
    endloop
  endfacet
  facet normal 0 0 1
    outer loop
      vertex 22.113154001533985 23.44890970736742 2.4
      vertex 5.156796711893029 22.625949288556683 2.4
      vertex 5.404552479966544 22.280206514627416 2.4
    endloop
  endfacet
  facet normal 0 0 1
    outer loop
      vertex 22.113154001533985 23.44890970736742 2.4
      vertex 4.886958748613353 22.95474779815045 2.4
      vertex 5.156796711893029 22.625949288556683 2.4
    endloop
  endfacet
  facet normal 0 0 1
    outer loop
      vertex 21.935717560350895 25.612892001867294 2.4
      vertex 2.08935652447055 24.82404584171819 2.4
      vertex 2.4874423103730834 24.674216961323364 2.4
    endloop
  endfacet
  facet normal 0 0 1
    outer loop
      vertex 22.01846207678318 24.893629230558872 2.4
      vertex 3.25 24.298165124598853 2.4
      vertex 3.611206514627414 24.073552479966544 2.4
    endloop
  endfacet
  facet normal 0 0 1
    outer loop
      vertex 22.01846207678318 24.893629230558872 2.4
      vertex 2.8748764864235086 24.498672819962472 2.4
      vertex 3.25 24.298165124598853 2.4
    endloop
  endfacet
  facet normal 0 0 1
    outer loop
      vertex 21.935717560350895 25.612892001867294 2.4
      vertex 2.4874423103730834 24.674216961323364 2.4
      vertex 2.8748764864235086 24.498672819962472 2.4
    endloop
  endfacet
  facet normal 0 0 1
    outer loop
      vertex 22.077628679573536 24.17204423248768 2.4
      vertex 4.285747798150448 23.555958748613353 2.4
      vertex 4.59619407771256 23.26519407771256 2.4
    endloop
  endfacet
  facet normal 0 0 1
    outer loop
      vertex 22.077628679573536 24.17204423248768 2.4
      vertex 3.956949288556684 23.82579671189303 2.4
      vertex 4.285747798150448 23.555958748613353 2.4
    endloop
  endfacet
  facet normal 0 0 1
    outer loop
      vertex 22.077628679573536 24.17204423248768 2.4
      vertex 4.59619407771256 23.26519407771256 2.4
      vertex 4.886958748613353 22.95474779815045 2.4
    endloop
  endfacet
  facet normal 0 0 1
    outer loop
      vertex 22.01846207678318 24.893629230558872 2.4
      vertex 3.611206514627414 24.073552479966544 2.4
      vertex 3.956949288556684 23.82579671189303 2.4
    endloop
  endfacet
  facet normal 0 0 -1
    outer loop
      vertex 21.935717560350895 25.612892001867294 0
      vertex 0.4251203399959299 25.155083001050922 0
      vertex 0 25.169 0
    endloop
  endfacet
  facet normal 0 0 -1
    outer loop
      vertex -22.01846207678318 24.893629230558872 0
      vertex 21.829483725130558 26.32906235009432 0
      vertex 21.935717560350895 25.612892001867294 0
    endloop
  endfacet
  facet normal 0 0 -1
    outer loop
      vertex 21.935717560350895 25.612892001867294 0
      vertex 0.8484202494303352 25.113391598929766 0
      vertex 0.4251203399959299 25.155083001050922 0
    endloop
  endfacet
  facet normal 0 0 -1
    outer loop
      vertex 21.935717560350895 25.612892001867294 0
      vertex 1.2680870931048336 25.044104322621 0
      vertex 0.8484202494303352 25.113391598929766 0
    endloop
  endfacet
  facet normal 0 0 -1
    outer loop
      vertex 21.935717560350895 25.612892001867294 0
      vertex 1.6823237931663848 24.947517870878944 0
      vertex 1.2680870931048336 25.044104322621 0
    endloop
  endfacet
  facet normal 0 0 -1
    outer loop
      vertex -21.935717560350895 25.612892001867294 0
      vertex 21.699874326586723 27.041373372077942 0
      vertex 21.829483725130558 26.32906235009432 0
    endloop
  endfacet
  facet normal 0 0 -1
    outer loop
      vertex -21.829483725130558 26.32906235009432 0
      vertex 21.54702816903591 27.749062322080135 0
      vertex 21.699874326586723 27.041373372077942 0
    endloop
  endfacet
  facet normal 0 0 -1
    outer loop
      vertex -21.699874326586723 27.041373372077942 0
      vertex 21.371108904480934 28.451371371746063 0
      vertex 21.54702816903591 27.749062322080135 0
    endloop
  endfacet
  facet normal 0 0 -1
    outer loop
      vertex -21.54702816903591 27.749062322080135 0
      vertex 21.308604776859283 28.67024999856949 0
      vertex 21.371108904480934 28.451371371746063 0
    endloop
  endfacet
  facet normal 0 1 0
    outer loop
      vertex -21.308604776859283 28.67024999856949 0
      vertex 21.308604776859283 28.67024999856949 2.4
      vertex 21.308604776859283 28.67024999856949 0
    endloop
  endfacet
  facet normal 0 0 -1
    outer loop
      vertex 21.935717560350895 25.612892001867294 0
      vertex 2.08935652447055 24.82404584171819 0
      vertex 1.6823237931663848 24.947517870878944 0
    endloop
  endfacet
  facet normal 0 0 1
    outer loop
      vertex 21.935717560350895 25.612892001867294 2.4
      vertex 0 25.169 2.4
      vertex 0.4251203399959299 25.155083001050922 2.4
    endloop
  endfacet
  facet normal 0 0 1
    outer loop
      vertex -22.01846207678318 24.893629230558872 2.4
      vertex 21.935717560350895 25.612892001867294 2.4
      vertex 21.829483725130558 26.32906235009432 2.4
    endloop
  endfacet
  facet normal 0 0 1
    outer loop
      vertex 21.935717560350895 25.612892001867294 2.4
      vertex 0.4251203399959299 25.155083001050922 2.4
      vertex 0.8484202494303352 25.113391598929766 2.4
    endloop
  endfacet
  facet normal 0 0 1
    outer loop
      vertex 21.935717560350895 25.612892001867294 2.4
      vertex 0.8484202494303352 25.113391598929766 2.4
      vertex 1.2680870931048336 25.044104322621 2.4
    endloop
  endfacet
  facet normal 0 0 1
    outer loop
      vertex 21.935717560350895 25.612892001867294 2.4
      vertex 1.2680870931048336 25.044104322621 2.4
      vertex 1.6823237931663848 24.947517870878944 2.4
    endloop
  endfacet
  facet normal 0 0 1
    outer loop
      vertex -21.935717560350895 25.612892001867294 2.4
      vertex 21.829483725130558 26.32906235009432 2.4
      vertex 21.699874326586723 27.041373372077942 2.4
    endloop
  endfacet
  facet normal 0 0 1
    outer loop
      vertex -21.829483725130558 26.32906235009432 2.4
      vertex 21.699874326586723 27.041373372077942 2.4
      vertex 21.54702816903591 27.749062322080135 2.4
    endloop
  endfacet
  facet normal 0 0 1
    outer loop
      vertex -21.699874326586723 27.041373372077942 2.4
      vertex 21.54702816903591 27.749062322080135 2.4
      vertex 21.371108904480934 28.451371371746063 2.4
    endloop
  endfacet
  facet normal 0 0 1
    outer loop
      vertex -21.54702816903591 27.749062322080135 2.4
      vertex 21.371108904480934 28.451371371746063 2.4
      vertex 21.308604776859283 28.67024999856949 2.4
    endloop
  endfacet
  facet normal 0 0 1
    outer loop
      vertex 21.935717560350895 25.612892001867294 2.4
      vertex 1.6823237931663848 24.947517870878944 2.4
      vertex 2.08935652447055 24.82404584171819 2.4
    endloop
  endfacet
  facet normal 0 0 -1
    outer loop
      vertex 21.172304928302765 16.302451513707638 0
      vertex 6.005216961323364 16.181557689626917 0
      vertex 6.155045841718187 16.57964347552945 0
    endloop
  endfacet
  facet normal 0 0 -1
    outer loop
      vertex 21.371108904480934 16.99862862378359 0
      vertex 6.155045841718187 16.57964347552945 0
      vertex 6.278517870878944 16.986676206833614 0
    endloop
  endfacet
  facet normal 0 0 -1
    outer loop
      vertex 21.371108904480934 16.99862862378359 0
      vertex 6.278517870878944 16.986676206833614 0
      vertex 6.375104322620998 17.400912906895165 0
    endloop
  endfacet
  facet normal 0 0 -1
    outer loop
      vertex 21.54702816903591 17.700937680900097 0
      vertex 6.375104322620998 17.400912906895165 0
      vertex 6.4443915989297675 17.820579750569664 0
    endloop
  endfacet
  facet normal 0 0 -1
    outer loop
      vertex 21.54702816903591 17.700937680900097 0
      vertex 6.4443915989297675 17.820579750569664 0
      vertex 6.486083001050923 18.24387966000407 0
    endloop
  endfacet
  facet normal 0 0 -1
    outer loop
      vertex 20.440834656357765 14.258129060268402 0
      vertex 5.156796711893029 14.712050711443318 0
      vertex 20.706918627023697 14.931467689573765 0
    endloop
  endfacet
  facet normal 0 0 -1
    outer loop
      vertex 20.706918627023697 14.931467689573765 0
      vertex 5.629165124598851 15.419 0
      vertex 20.95082911849022 15.613151833415031 0
    endloop
  endfacet
  facet normal 0 0 -1
    outer loop
      vertex 20.95082911849022 15.613151833415031 0
      vertex 6.005216961323364 16.181557689626917 0
      vertex 21.172304928302765 16.302451513707638 0
    endloop
  endfacet
  facet normal 0 0 -1
    outer loop
      vertex 21.172304928302765 16.302451513707638 0
      vertex 6.155045841718187 16.57964347552945 0
      vertex 21.371108904480934 16.99862862378359 0
    endloop
  endfacet
  facet normal 0 0 -1
    outer loop
      vertex 21.371108904480934 16.99862862378359 0
      vertex 6.375104322620998 17.400912906895165 0
      vertex 21.54702816903591 17.700937680900097 0
    endloop
  endfacet
  facet normal 0 0 1
    outer loop
      vertex 21.371108904480934 16.99862862378359 2.4
      vertex 6.155045841718187 16.57964347552945 2.4
      vertex 6.005216961323364 16.181557689626917 2.4
    endloop
  endfacet
  facet normal 0 0 1
    outer loop
      vertex 21.371108904480934 16.99862862378359 2.4
      vertex 6.278517870878944 16.986676206833614 2.4
      vertex 6.155045841718187 16.57964347552945 2.4
    endloop
  endfacet
  facet normal 0 0 1
    outer loop
      vertex 21.54702816903591 17.700937680900097 2.4
      vertex 6.375104322620998 17.400912906895165 2.4
      vertex 6.278517870878944 16.986676206833614 2.4
    endloop
  endfacet
  facet normal 0 0 1
    outer loop
      vertex 21.54702816903591 17.700937680900097 2.4
      vertex 6.4443915989297675 17.820579750569664 2.4
      vertex 6.375104322620998 17.400912906895165 2.4
    endloop
  endfacet
  facet normal 0 0 1
    outer loop
      vertex 20.440834656357765 14.258129060268402 2.4
      vertex 20.706918627023697 14.931467689573765 2.4
      vertex 4.886958748613353 14.383252201849551 2.4
    endloop
  endfacet
  facet normal 0 0 1
    outer loop
      vertex 20.706918627023697 14.931467689573765 2.4
      vertex 20.95082911849022 15.613151833415031 2.4
      vertex 5.404552479966544 15.057793485372585 2.4
    endloop
  endfacet
  facet normal 0 0 1
    outer loop
      vertex 20.95082911849022 15.613151833415031 2.4
      vertex 21.172304928302765 16.302451513707638 2.4
      vertex 5.829672819962473 15.79412351357649 2.4
    endloop
  endfacet
  facet normal 0 0 1
    outer loop
      vertex 21.172304928302765 16.302451513707638 2.4
      vertex 21.371108904480934 16.99862862378359 2.4
      vertex 6.005216961323364 16.181557689626917 2.4
    endloop
  endfacet
  facet normal 0 0 1
    outer loop
      vertex 21.371108904480934 16.99862862378359 2.4
      vertex 21.54702816903591 17.700937680900097 2.4
      vertex 6.278517870878944 16.986676206833614 2.4
    endloop
  endfacet
  facet normal 0 0 -1
    outer loop
      vertex 21.699874326586723 18.40862662345171 0
      vertex 6.486083001050923 18.24387966000407 0
      vertex 6.5 18.669 0
    endloop
  endfacet
  facet normal 0 0 -1
    outer loop
      vertex 21.829483725130558 19.120937652885914 0
      vertex 6.5 18.669 0
      vertex 6.486083001050923 19.094120339995932 0
    endloop
  endfacet
  facet normal 0 0 -1
    outer loop
      vertex 21.829483725130558 19.120937652885914 0
      vertex 6.486083001050923 19.094120339995932 0
      vertex 6.4443915989297675 19.517420249430337 0
    endloop
  endfacet
  facet normal 0 0 -1
    outer loop
      vertex 21.935717560350895 19.837107993662357 0
      vertex 6.4443915989297675 19.517420249430337 0
      vertex 6.375104322620998 19.937087093104836 0
    endloop
  endfacet
  facet normal 0 0 -1
    outer loop
      vertex 21.935717560350895 19.837107993662357 0
      vertex 6.375104322620998 19.937087093104836 0
      vertex 6.278517870878944 20.351323793166387 0
    endloop
  endfacet
  facet normal 0 0 -1
    outer loop
      vertex 22.077628679573536 21.277955763041973 0
      vertex 6.278517870878944 20.351323793166387 0
      vertex 6.155045841718187 20.75835652447055 0
    endloop
  endfacet
  facet normal 0 0 -1
    outer loop
      vertex 22.077628679573536 21.277955763041973 0
      vertex 6.155045841718187 20.75835652447055 0
      vertex 6.005216961323364 21.156442310373084 0
    endloop
  endfacet
  facet normal 0 0 -1
    outer loop
      vertex 21.54702816903591 17.700937680900097 0
      vertex 6.486083001050923 18.24387966000407 0
      vertex 21.699874326586723 18.40862662345171 0
    endloop
  endfacet
  facet normal 0 0 1
    outer loop
      vertex 21.699874326586723 18.40862662345171 2.4
      vertex 6.486083001050923 18.24387966000407 2.4
      vertex 6.4443915989297675 17.820579750569664 2.4
    endloop
  endfacet
  facet normal 0 0 1
    outer loop
      vertex 21.829483725130558 19.120937652885914 2.4
      vertex 6.5 18.669 2.4
      vertex 6.486083001050923 18.24387966000407 2.4
    endloop
  endfacet
  facet normal 0 0 1
    outer loop
      vertex 21.829483725130558 19.120937652885914 2.4
      vertex 6.486083001050923 19.094120339995932 2.4
      vertex 6.5 18.669 2.4
    endloop
  endfacet
  facet normal 0 0 1
    outer loop
      vertex 21.935717560350895 19.837107993662357 2.4
      vertex 6.4443915989297675 19.517420249430337 2.4
      vertex 6.486083001050923 19.094120339995932 2.4
    endloop
  endfacet
  facet normal 0 0 1
    outer loop
      vertex 21.935717560350895 19.837107993662357 2.4
      vertex 6.375104322620998 19.937087093104836 2.4
      vertex 6.4443915989297675 19.517420249430337 2.4
    endloop
  endfacet
  facet normal 0 0 1
    outer loop
      vertex 22.01846207678318 20.55637077242136 2.4
      vertex 6.278517870878944 20.351323793166387 2.4
      vertex 6.375104322620998 19.937087093104836 2.4
    endloop
  endfacet
  facet normal 0 0 1
    outer loop
      vertex 22.077628679573536 21.277955763041973 2.4
      vertex 6.155045841718187 20.75835652447055 2.4
      vertex 6.278517870878944 20.351323793166387 2.4
    endloop
  endfacet
  facet normal 0 0 1
    outer loop
      vertex 22.113154001533985 22.001090295612812 2.4
      vertex 6.005216961323364 21.156442310373084 2.4
      vertex 6.155045841718187 20.75835652447055 2.4
    endloop
  endfacet
  facet normal 0 0 1
    outer loop
      vertex 21.54702816903591 17.700937680900097 2.4
      vertex 21.699874326586723 18.40862662345171 2.4
      vertex 6.4443915989297675 17.820579750569664 2.4
    endloop
  endfacet
  facet normal 0.9300172243586344 -0.3675159348875385 0
    outer loop
      vertex 20.440834656357765 14.258129060268402 0
      vertex 20.706918627023697 14.931467689573765 0
      vertex 20.440834656357765 14.258129060268402 2.4
    endloop
  endfacet
  facet normal 0.9415440631367163 -0.3368898591112578 0
    outer loop
      vertex 20.706918627023697 14.931467689573765 0
      vertex 20.95082911849022 15.613151833415031 0
      vertex 20.706918627023697 14.931467689573765 2.4
    endloop
  endfacet
  facet normal 0.9520626783114036 -0.3059030182370173 0
    outer loop
      vertex 20.95082911849022 15.613151833415031 0
      vertex 21.172304928302765 16.302451513707638 0
      vertex 20.95082911849022 15.613151833415031 2.4
    endloop
  endfacet
  facet normal 0.9300172243586344 -0.3675159348875385 0
    outer loop
      vertex 20.440834656357765 14.258129060268402 2.4
      vertex 20.706918627023697 14.931467689573765 0
      vertex 20.706918627023697 14.931467689573765 2.4
    endloop
  endfacet
  facet normal 0.9415440631367163 -0.3368898591112578 0
    outer loop
      vertex 20.95082911849022 15.613151833415031 0
      vertex 20.95082911849022 15.613151833415031 2.4
      vertex 20.706918627023697 14.931467689573765 2.4
    endloop
  endfacet
  facet normal 0.9520626783114036 -0.3059030182370173 0
    outer loop
      vertex 21.172304928302765 16.302451513707638 0
      vertex 21.172304928302765 16.302451513707638 2.4
      vertex 20.95082911849022 15.613151833415031 2.4
    endloop
  endfacet
  facet normal 0.9615617984215127 -0.2745886155986554 0
    outer loop
      vertex 21.172304928302765 16.302451513707638 0
      vertex 21.371108904480934 16.99862862378359 0
      vertex 21.172304928302765 16.302451513707638 2.4
    endloop
  endfacet
  facet normal 0.9700312519825182 -0.24298018474194236 0
    outer loop
      vertex 21.371108904480934 16.99862862378359 0
      vertex 21.54702816903591 17.700937680900097 0
      vertex 21.371108904480934 16.99862862378359 2.4
    endloop
  endfacet
  facet normal 0.97746197617617 -0.21111154665194537 0
    outer loop
      vertex 21.54702816903591 17.700937680900097 0
      vertex 21.699874326586723 18.40862662345171 0
      vertex 21.54702816903591 17.700937680900097 2.4
    endloop
  endfacet
  facet normal 0.9615617984215127 -0.2745886155986554 0
    outer loop
      vertex 21.371108904480934 16.99862862378359 0
      vertex 21.371108904480934 16.99862862378359 2.4
      vertex 21.172304928302765 16.302451513707638 2.4
    endloop
  endfacet
  facet normal 0.9700312519825182 -0.24298018474194236 0
    outer loop
      vertex 21.54702816903591 17.700937680900097 0
      vertex 21.54702816903591 17.700937680900097 2.4
      vertex 21.371108904480934 16.99862862378359 2.4
    endloop
  endfacet
  facet normal 0 0 -1
    outer loop
      vertex 21.699874326586723 18.40862662345171 0
      vertex 6.5 18.669 0
      vertex 21.829483725130558 19.120937652885914 0
    endloop
  endfacet
  facet normal 0 0 -1
    outer loop
      vertex 21.829483725130558 19.120937652885914 0
      vertex 6.4443915989297675 19.517420249430337 0
      vertex 21.935717560350895 19.837107993662357 0
    endloop
  endfacet
  facet normal 0 0 -1
    outer loop
      vertex 21.935717560350895 19.837107993662357 0
      vertex 6.278517870878944 20.351323793166387 0
      vertex 22.01846207678318 20.55637077242136 0
    endloop
  endfacet
  facet normal 0 0 -1
    outer loop
      vertex 22.01846207678318 20.55637077242136 0
      vertex 6.278517870878944 20.351323793166387 0
      vertex 22.077628679573536 21.277955763041973 0
    endloop
  endfacet
  facet normal 0 0 -1
    outer loop
      vertex 22.077628679573536 21.277955763041973 0
      vertex 6.005216961323364 21.156442310373084 0
      vertex 22.113154001533985 22.001090295612812 0
    endloop
  endfacet
  facet normal 0.9838460048525103 -0.17901686718226942 0
    outer loop
      vertex 21.699874326586723 18.40862662345171 0
      vertex 21.829483725130558 19.120937652885914 0
      vertex 21.699874326586723 18.40862662345171 2.4
    endloop
  endfacet
  facet normal 0.9891765098694394 -0.14673047509810316 0
    outer loop
      vertex 21.829483725130558 19.120937652885914 0
      vertex 21.935717560350895 19.837107993662357 0
      vertex 21.829483725130558 19.120937652885914 2.4
    endloop
  endfacet
  facet normal 0.97746197617617 -0.21111154665194537 0
    outer loop
      vertex 21.54702816903591 17.700937680900097 2.4
      vertex 21.699874326586723 18.40862662345171 0
      vertex 21.699874326586723 18.40862662345171 2.4
    endloop
  endfacet
  facet normal 0.9838460048525103 -0.17901686718226942 0
    outer loop
      vertex 21.829483725130558 19.120937652885914 0
      vertex 21.829483725130558 19.120937652885914 2.4
      vertex 21.699874326586723 18.40862662345171 2.4
    endloop
  endfacet
  facet normal 0.9891765098694394 -0.14673047509810316 0
    outer loop
      vertex 21.935717560350895 19.837107993662357 0
      vertex 21.935717560350895 19.837107993662357 2.4
      vertex 21.829483725130558 19.120937652885914 2.4
    endloop
  endfacet
  facet normal 0.9934477796385923 -0.11428695958485807 0
    outer loop
      vertex 21.935717560350895 19.837107993662357 0
      vertex 22.01846207678318 20.55637077242136 0
      vertex 21.935717560350895 19.837107993662357 2.4
    endloop
  endfacet
  facet normal 0.996655238840656 -0.08172107984770442 0
    outer loop
      vertex 22.01846207678318 20.55637077242136 0
      vertex 22.077628679573536 21.277955763041973 0
      vertex 22.01846207678318 20.55637077242136 2.4
    endloop
  endfacet
  facet normal 0.9987954561770316 -0.0490676749002398 0
    outer loop
      vertex 22.077628679573536 21.277955763041973 0
      vertex 22.113154001533985 22.001090295612812 0
      vertex 22.077628679573536 21.277955763041973 2.4
    endloop
  endfacet
  facet normal 0.9934477796385923 -0.11428695958485807 0
    outer loop
      vertex 22.01846207678318 20.55637077242136 0
      vertex 22.01846207678318 20.55637077242136 2.4
      vertex 21.935717560350895 19.837107993662357 2.4
    endloop
  endfacet
  facet normal 0.996655238840656 -0.08172107984770442 0
    outer loop
      vertex 22.077628679573536 21.277955763041973 0
      vertex 22.077628679573536 21.277955763041973 2.4
      vertex 22.01846207678318 20.55637077242136 2.4
    endloop
  endfacet
  facet normal 0 0 1
    outer loop
      vertex 21.699874326586723 18.40862662345171 2.4
      vertex 21.829483725130558 19.120937652885914 2.4
      vertex 6.486083001050923 18.24387966000407 2.4
    endloop
  endfacet
  facet normal 0 0 1
    outer loop
      vertex 21.829483725130558 19.120937652885914 2.4
      vertex 21.935717560350895 19.837107993662357 2.4
      vertex 6.486083001050923 19.094120339995932 2.4
    endloop
  endfacet
  facet normal 0 0 1
    outer loop
      vertex 21.935717560350895 19.837107993662357 2.4
      vertex 22.01846207678318 20.55637077242136 2.4
      vertex 6.375104322620998 19.937087093104836 2.4
    endloop
  endfacet
  facet normal 0 0 1
    outer loop
      vertex 22.01846207678318 20.55637077242136 2.4
      vertex 22.077628679573536 21.277955763041973 2.4
      vertex 6.278517870878944 20.351323793166387 2.4
    endloop
  endfacet
  facet normal 0 0 1
    outer loop
      vertex 22.077628679573536 21.277955763041973 2.4
      vertex 22.113154001533985 22.001090295612812 2.4
      vertex 6.155045841718187 20.75835652447055 2.4
    endloop
  endfacet
  facet normal 0 0 -1
    outer loop
      vertex 22.113154001533985 22.001090295612812 0
      vertex 6.005216961323364 21.156442310373084 0
      vertex 5.829672819962473 21.54387648642351 0
    endloop
  endfacet
  facet normal 0 0 -1
    outer loop
      vertex 22.113154001533985 22.001090295612812 0
      vertex 5.829672819962473 21.54387648642351 0
      vertex 5.629165124598851 21.919 0
    endloop
  endfacet
  facet normal 0 0 -1
    outer loop
      vertex 22.125 22.725000001490116 0
      vertex 5.156796711893029 22.625949288556683 0
      vertex 22.113154001533985 23.44890970736742 0
    endloop
  endfacet
  facet normal 0 0 -1
    outer loop
      vertex 22.113154001533985 23.44890970736742 0
      vertex 4.59619407771256 23.26519407771256 0
      vertex 22.077628679573536 24.17204423248768 0
    endloop
  endfacet
  facet normal 0 0 -1
    outer loop
      vertex 22.01846207678318 24.893629230558872 0
      vertex 2.4874423103730834 24.674216961323364 0
      vertex 21.935717560350895 25.612892001867294 0
    endloop
  endfacet
  facet normal 0 0 -1
    outer loop
      vertex 22.077628679573536 24.17204423248768 0
      vertex 3.611206514627414 24.073552479966544 0
      vertex 22.01846207678318 24.893629230558872 0
    endloop
  endfacet
  facet normal 0 0 1
    outer loop
      vertex 22.113154001533985 22.001090295612812 2.4
      vertex 5.829672819962473 21.54387648642351 2.4
      vertex 6.005216961323364 21.156442310373084 2.4
    endloop
  endfacet
  facet normal 0 0 1
    outer loop
      vertex 22.125 22.725000001490116 2.4
      vertex 5.629165124598851 21.919 2.4
      vertex 5.829672819962473 21.54387648642351 2.4
    endloop
  endfacet
  facet normal 0 0 1
    outer loop
      vertex 22.125 22.725000001490116 2.4
      vertex 22.113154001533985 23.44890970736742 2.4
      vertex 5.404552479966544 22.280206514627416 2.4
    endloop
  endfacet
  facet normal 0 0 1
    outer loop
      vertex 22.113154001533985 23.44890970736742 2.4
      vertex 22.077628679573536 24.17204423248768 2.4
      vertex 4.886958748613353 22.95474779815045 2.4
    endloop
  endfacet
  facet normal 0 0 1
    outer loop
      vertex 22.01846207678318 24.893629230558872 2.4
      vertex 21.935717560350895 25.612892001867294 2.4
      vertex 2.8748764864235086 24.498672819962472 2.4
    endloop
  endfacet
  facet normal 0 0 1
    outer loop
      vertex 22.077628679573536 24.17204423248768 2.4
      vertex 22.01846207678318 24.893629230558872 2.4
      vertex 3.956949288556684 23.82579671189303 2.4
    endloop
  endfacet
  facet normal 0 0 -1
    outer loop
      vertex 22.113154001533985 22.001090295612812 0
      vertex 5.629165124598851 21.919 0
      vertex 22.125 22.725000001490116 0
    endloop
  endfacet
  facet normal 0.9998661379907703 -0.01636172666383117 0
    outer loop
      vertex 22.113154001533985 22.001090295612812 0
      vertex 22.125 22.725000001490116 0
      vertex 22.113154001533985 22.001090295612812 2.4
    endloop
  endfacet
  facet normal 0.9998661379907703 0.01636172666383117 0
    outer loop
      vertex 22.125 22.725000001490116 0
      vertex 22.113154001533985 23.44890970736742 0
      vertex 22.125 22.725000001490116 2.4
    endloop
  endfacet
  facet normal 0.9987954561770316 -0.0490676749002398 0
    outer loop
      vertex 22.077628679573536 21.277955763041973 2.4
      vertex 22.113154001533985 22.001090295612812 0
      vertex 22.113154001533985 22.001090295612812 2.4
    endloop
  endfacet
  facet normal 0.9998661379907703 -0.01636172666383117 0
    outer loop
      vertex 22.125 22.725000001490116 0
      vertex 22.125 22.725000001490116 2.4
      vertex 22.113154001533985 22.001090295612812 2.4
    endloop
  endfacet
  facet normal 0.9998661379907703 0.01636172666383117 0
    outer loop
      vertex 22.113154001533985 23.44890970736742 0
      vertex 22.113154001533985 23.44890970736742 2.4
      vertex 22.125 22.725000001490116 2.4
    endloop
  endfacet
  facet normal 0.9987954561522552 0.04906767540457539 0
    outer loop
      vertex 22.113154001533985 23.44890970736742 0
      vertex 22.077628679573536 24.17204423248768 0
      vertex 22.113154001533985 23.44890970736742 2.4
    endloop
  endfacet
  facet normal 0.9966552389093812 0.08172107900954502 0
    outer loop
      vertex 22.077628679573536 24.17204423248768 0
      vertex 22.01846207678318 24.893629230558872 0
      vertex 22.077628679573536 24.17204423248768 2.4
    endloop
  endfacet
  facet normal 0.9987954561522552 0.04906767540457539 0
    outer loop
      vertex 22.077628679573536 24.17204423248768 0
      vertex 22.077628679573536 24.17204423248768 2.4
      vertex 22.113154001533985 23.44890970736742 2.4
    endloop
  endfacet
  facet normal 0.9966552389093812 0.08172107900954502 0
    outer loop
      vertex 22.01846207678318 24.893629230558872 0
      vertex 22.01846207678318 24.893629230558872 2.4
      vertex 22.077628679573536 24.17204423248768 2.4
    endloop
  endfacet
  facet normal 0 0 1
    outer loop
      vertex 22.113154001533985 22.001090295612812 2.4
      vertex 22.125 22.725000001490116 2.4
      vertex 5.829672819962473 21.54387648642351 2.4
    endloop
  endfacet
  facet normal 0.9934477795041794 0.11428696075325202 0
    outer loop
      vertex 22.01846207678318 24.893629230558872 0
      vertex 21.935717560350895 25.612892001867294 0
      vertex 22.01846207678318 24.893629230558872 2.4
    endloop
  endfacet
  facet normal 0.9891765100909977 0.14673047360447775 0
    outer loop
      vertex 21.935717560350895 25.612892001867294 0
      vertex 21.829483725130558 26.32906235009432 0
      vertex 21.935717560350895 25.612892001867294 2.4
    endloop
  endfacet
  facet normal 0.9838460045227219 0.1790168689947304 0
    outer loop
      vertex 21.829483725130558 26.32906235009432 0
      vertex 21.699874326586723 27.041373372077942 0
      vertex 21.829483725130558 26.32906235009432 2.4
    endloop
  endfacet
  facet normal 0.9934477795041794 0.11428696075325202 0
    outer loop
      vertex 22.01846207678318 24.893629230558872 2.4
      vertex 21.935717560350895 25.612892001867294 0
      vertex 21.935717560350895 25.612892001867294 2.4
    endloop
  endfacet
  facet normal 0.9891765100909977 0.14673047360447775 0
    outer loop
      vertex 21.829483725130558 26.32906235009432 0
      vertex 21.829483725130558 26.32906235009432 2.4
      vertex 21.935717560350895 25.612892001867294 2.4
    endloop
  endfacet
  facet normal 0.9838460045227219 0.1790168689947304 0
    outer loop
      vertex 21.699874326586723 27.041373372077942 0
      vertex 21.699874326586723 27.041373372077942 2.4
      vertex 21.829483725130558 26.32906235009432 2.4
    endloop
  endfacet
  facet normal 0.9774619766348095 0.2111115445284103 0
    outer loop
      vertex 21.699874326586723 27.041373372077942 0
      vertex 21.54702816903591 27.749062322080135 0
      vertex 21.699874326586723 27.041373372077942 2.4
    endloop
  endfacet
  facet normal 0.9615617957181117 0.2745886250654975 0
    outer loop
      vertex 21.371108904480934 28.451371371746063 0
      vertex 21.308604776859283 28.67024999856949 0
      vertex 21.371108904480934 28.451371371746063 2.4
    endloop
  endfacet
  facet normal 0.970031251374958 0.24298018716745848 0
    outer loop
      vertex 21.54702816903591 27.749062322080135 0
      vertex 21.371108904480934 28.451371371746063 0
      vertex 21.54702816903591 27.749062322080135 2.4
    endloop
  endfacet
  facet normal 0.9774619766348095 0.2111115445284103 0
    outer loop
      vertex 21.54702816903591 27.749062322080135 0
      vertex 21.54702816903591 27.749062322080135 2.4
      vertex 21.699874326586723 27.041373372077942 2.4
    endloop
  endfacet
  facet normal 0.970031251374958 0.24298018716745848 0
    outer loop
      vertex 21.371108904480934 28.451371371746063 0
      vertex 21.371108904480934 28.451371371746063 2.4
      vertex 21.54702816903591 27.749062322080135 2.4
    endloop
  endfacet
  facet normal 0.9615617957181117 0.2745886250654975 0
    outer loop
      vertex 21.308604776859283 28.67024999856949 0
      vertex 21.308604776859283 28.67024999856949 2.4
      vertex 21.371108904480934 28.451371371746063 2.4
    endloop
  endfacet
  facet normal 0 0 -1
    outer loop
      vertex -11.92113173007965 3.55426075309515 0
      vertex -10.787500001490116 4.040501914918423 0
      vertex -11.287500001490116 3.1744765117764473 0
    endloop
  endfacet
  facet normal 0 0 -1
    outer loop
      vertex -13.149434007704258 4.374986097216606 0
      vertex -12.887319043278694 4.740767106413841 0
      vertex -12.431103084191237 4.425015429316586 0
    endloop
  endfacet
  facet normal 0 0 -1
    outer loop
      vertex -13.149434007704258 4.374986097216606 0
      vertex -12.431103084191237 4.425015429316586 0
      vertex -12.541998013854027 3.954573504626751 0
    endloop
  endfacet
  facet normal 0 0 -1
    outer loop
      vertex -13.742789261043072 4.815048344433308 0
      vertex -13.779500000178814 4.844184055924416 0
      vertex -13.23685414174036 5 0
    endloop
  endfacet
  facet normal 0 0 -1
    outer loop
      vertex -13.779500000178814 4.844184055924416 0
      vertex -13.779500000178814 5 0
      vertex -13.23685414174036 5 0
    endloop
  endfacet
  facet normal 0 0 -1
    outer loop
      vertex -13.149434007704258 4.374986097216606 0
      vertex -13.742789261043072 4.815048344433308 0
      vertex -13.23685414174036 5 0
    endloop
  endfacet
  facet normal 0 0 -1
    outer loop
      vertex -13.149434007704258 4.374986097216606 0
      vertex -13.23685414174036 5 0
      vertex -12.887319043278694 4.740767106413841 0
    endloop
  endfacet
  facet normal 0 1 0
    outer loop
      vertex -13.779500000178814 5 0
      vertex -13.23685414174036 5 2.4
      vertex -13.23685414174036 5 0
    endloop
  endfacet
  facet normal 0 0 -1
    outer loop
      vertex -11.92113173007965 3.55426075309515 0
      vertex -12.541998013854027 3.954573504626751 0
      vertex -11.393063880503178 4.403462931513786 0
    endloop
  endfacet
  facet normal 0 0 -1
    outer loop
      vertex -12.541998013854027 3.954573504626751 0
      vertex -12.431103084191237 4.425015429316586 0
      vertex -11.986427776515484 4.786043114960194 0
    endloop
  endfacet
  facet normal 0 0 -1
    outer loop
      vertex -12.541998013854027 3.954573504626751 0
      vertex -11.986427776515484 4.786043114960194 0
      vertex -11.393063880503178 4.403462931513786 0
    endloop
  endfacet
  facet normal 0 0 -1
    outer loop
      vertex -11.92113173007965 3.55426075309515 0
      vertex -11.393063880503178 4.403462931513786 0
      vertex -10.787500001490116 4.040501914918423 0
    endloop
  endfacet
  facet normal 0 0 -1
    outer loop
      vertex -12.431103084191237 4.425015429316586 0
      vertex -12.295564837753773 5 0
      vertex -11.986427776515484 4.786043114960194 0
    endloop
  endfacet
  facet normal 0 0 -1
    outer loop
      vertex -11.287500001490116 3.1744765117764473 0
      vertex -10.170384593307972 3.6975487247109413 0
      vertex -10.641781337559223 2.8156274557113647 0
    endloop
  endfacet
  facet normal 0 0 -1
    outer loop
      vertex -11.287500001490116 3.1744765117764473 0
      vertex -10.787500001490116 4.040501914918423 0
      vertex -10.170384593307972 3.6975487247109413 0
    endloop
  endfacet
  facet normal 0 0 -1
    outer loop
      vertex -10.641781337559223 2.8156274557113647 0
      vertex -9.54237849265337 3.3749706000089645 0
      vertex -9.984667181968689 2.47809786349535 0
    endloop
  endfacet
  facet normal 0 0 -1
    outer loop
      vertex -10.641781337559223 2.8156274557113647 0
      vertex -10.170384593307972 3.6975487247109413 0
      vertex -9.54237849265337 3.3749706000089645 0
    endloop
  endfacet
  facet normal 0 0 -1
    outer loop
      vertex -9.984667181968689 2.47809786349535 0
      vertex -8.904154166579247 3.073112979531288 0
      vertex -9.31686119735241 2.162249155342579 0
    endloop
  endfacet
  facet normal 0 0 -1
    outer loop
      vertex -8.639078482985497 1.8684195503592491 0
      vertex -9.31686119735241 2.162249155342579 0
      vertex -8.256395056843758 2.792299084365368 0
    endloop
  endfacet
  facet normal 0 0 -1
    outer loop
      vertex -9.31686119735241 2.162249155342579 0
      vertex -8.904154166579247 3.073112979531288 0
      vertex -8.256395056843758 2.792299084365368 0
    endloop
  endfacet
  facet normal 0 0 -1
    outer loop
      vertex -9.984667181968689 2.47809786349535 0
      vertex -9.54237849265337 3.3749706000089645 0
      vertex -8.904154166579247 3.073112979531288 0
    endloop
  endfacet
  facet normal 0 0 -1
    outer loop
      vertex -7.952044829726219 1.5969237014651299 0
      vertex -6.935056462883949 2.2949824556708336 0
      vertex -7.256495930254459 1.348052330315113 0
    endloop
  endfacet
  facet normal 0 0 -1
    outer loop
      vertex -7.256495930254459 1.348052330315113 0
      vertex -6.262891910970211 2.0790122598409653 0
      vertex -6.553176589310169 1.122071921825409 0
    endloop
  endfacet
  facet normal 0 0 -1
    outer loop
      vertex -7.256495930254459 1.348052330315113 0
      vertex -6.935056462883949 2.2949824556708336 0
      vertex -6.262891910970211 2.0790122598409653 0
    endloop
  endfacet
  facet normal 0 0 -1
    outer loop
      vertex -5.842839941382408 0.9192244708538055 0
      vertex -6.553176589310169 1.122071921825409 0
      vertex -5.584020897746086 1.8851502984762192 0
    endloop
  endfacet
  facet normal 0 0 -1
    outer loop
      vertex -6.553176589310169 1.122071921825409 0
      vertex -6.262891910970211 2.0790122598409653 0
      vertex -5.584020897746086 1.8851502984762192 0
    endloop
  endfacet
  facet normal 0 0 -1
    outer loop
      vertex -8.639078482985497 1.8684195503592491 0
      vertex -7.5997947826981544 2.532829627394676 0
      vertex -7.952044829726219 1.5969237014651299 0
    endloop
  endfacet
  facet normal 0 0 -1
    outer loop
      vertex -8.639078482985497 1.8684195503592491 0
      vertex -8.256395056843758 2.792299084365368 0
      vertex -7.5997947826981544 2.532829627394676 0
    endloop
  endfacet
  facet normal 0 0 -1
    outer loop
      vertex -7.952044829726219 1.5969237014651299 0
      vertex -7.5997947826981544 2.532829627394676 0
      vertex -6.935056462883949 2.2949824556708336 0
    endloop
  endfacet
  facet normal 0 0 -1
    outer loop
      vertex -5.126246638596058 0.7397271916270256 0
      vertex -4.2090737000107765 1.5645575746893883 0
      vertex -4.404164016246796 0.5837722942233086 0
    endloop
  endfacet
  facet normal 0 0 -1
    outer loop
      vertex -5.842839941382408 0.9192244708538055 0
      vertex -4.899170376360416 1.713604174554348 0
      vertex -5.126246638596058 0.7397271916270256 0
    endloop
  endfacet
  facet normal 0 0 -1
    outer loop
      vertex -5.842839941382408 0.9192244708538055 0
      vertex -5.584020897746086 1.8851502984762192 0
      vertex -4.899170376360416 1.713604174554348 0
    endloop
  endfacet
  facet normal 0 0 -1
    outer loop
      vertex -5.126246638596058 0.7397271916270256 0
      vertex -4.899170376360416 1.713604174554348 0
      vertex -4.2090737000107765 1.5645575746893883 0
    endloop
  endfacet
  facet normal 0 0 -1
    outer loop
      vertex -4.404164016246796 0.5837722942233086 0
      vertex -3.514469839632511 1.438170112669468 0
      vertex -3.6773653104901314 0.45152677595615387 0
    endloop
  endfacet
  facet normal 0 0 -1
    outer loop
      vertex -3.6773653104901314 0.45152677595615387 0
      vertex -2.8161025941371918 1.3345771133899689 0
      vertex -2.946628786623478 0.34313225746154785 0
    endloop
  endfacet
  facet normal 0 0 -1
    outer loop
      vertex -4.404164016246796 0.5837722942233086 0
      vertex -4.2090737000107765 1.5645575746893883 0
      vertex -3.514469839632511 1.438170112669468 0
    endloop
  endfacet
  facet normal 0 0 -1
    outer loop
      vertex -3.6773653104901314 0.45152677595615387 0
      vertex -3.514469839632511 1.438170112669468 0
      vertex -2.8161025941371918 1.3345771133899689 0
    endloop
  endfacet
  facet normal 0 0 -1
    outer loop
      vertex -2.946628786623478 0.34313225746154785 0
      vertex -2.1147198006510735 1.25388952344656 0
      vertex -2.2127369418740273 0.2587047964334488 0
    endloop
  endfacet
  facet normal 0 0 -1
    outer loop
      vertex -2.946628786623478 0.34313225746154785 0
      vertex -2.8161025941371918 1.3345771133899689 0
      vertex -2.1147198006510735 1.25388952344656 0
    endloop
  endfacet
  facet normal 0 0 -1
    outer loop
      vertex -2.2127369418740273 0.2587047964334488 0
      vertex -1.411072514951229 1.1961937323212624 0
      vertex -1.476475641131401 0.19833480566740036 0
    endloop
  endfacet
  facet normal 0 0 -1
    outer loop
      vertex -2.2127369418740273 0.2587047964334488 0
      vertex -2.1147198006510735 1.25388952344656 0
      vertex -1.411072514951229 1.1961937323212624 0
    endloop
  endfacet
  facet normal 0 0 -1
    outer loop
      vertex -1.476475641131401 0.19833480566740036 0
      vertex -0.7059142142534256 1.1615515276789665 0
      vertex -0.7386332973837852 0.16208694130182266 0
    endloop
  endfacet
  facet normal 0 0 -1
    outer loop
      vertex -1.476475641131401 0.19833480566740036 0
      vertex -1.411072514951229 1.1961937323212624 0
      vertex -0.7059142142534256 1.1615515276789665 0
    endloop
  endfacet
  facet normal 0 0 -1
    outer loop
      vertex -0.7386332973837852 0.16208694130182266 0
      vertex 0 1.1499999985098839 0
      vertex 0 0.14999999850988388 0
    endloop
  endfacet
  facet normal 0 0 -1
    outer loop
      vertex -0.7386332973837852 0.16208694130182266 0
      vertex -0.7059142142534256 1.1615515276789665 0
      vertex 0 1.1499999985098839 0
    endloop
  endfacet
  facet normal -0.48576339895960824 -0.8740903387128863 0
    outer loop
      vertex -11.287500001490116 3.1744765117764473 0
      vertex -10.641781337559223 2.8156274557113647 0
      vertex -11.287500001490116 3.1744765117764473 26.7
    endloop
  endfacet
  facet normal -0.5141027429514727 -0.8577286107445478 0
    outer loop
      vertex -11.92113173007965 3.55426075309515 0
      vertex -11.287500001490116 3.1744765117764473 0
      vertex -11.92113173007965 3.55426075309515 26.7
    endloop
  endfacet
  facet normal -0.5691001470336902 -0.8222682181905319 0
    outer loop
      vertex -13.149434007704258 4.374986097216606 0
      vertex -12.541998013854027 3.954573504626751 0
      vertex -13.149434007704258 4.374986097216606 26.7
    endloop
  endfacet
  facet normal -0.5956993040073867 -0.8032075318403801 0
    outer loop
      vertex -13.149434007704258 4.374986097216606 0
      vertex -13.742789261043072 4.815048344433308 26.7
      vertex -13.742789261043072 4.815048344433308 0
    endloop
  endfacet
  facet normal -0.6216605332655936 -0.7832867810578306 0
    outer loop
      vertex -13.742789261043072 4.815048344433308 0
      vertex -13.779500000178814 4.844184055924416 26.7
      vertex -13.779500000178814 4.844184055924416 0
    endloop
  endfacet
  facet normal -1 0 0
    outer loop
      vertex -13.779500000178814 4.844184055924416 0
      vertex -13.779500000178814 5 26.7
      vertex -13.779500000178814 5 0
    endloop
  endfacet
  facet normal -0.5418915807139824 -0.840448401004667 0
    outer loop
      vertex -11.92113173007965 3.55426075309515 0
      vertex -12.541998013854027 3.954573504626751 26.7
      vertex -12.541998013854027 3.954573504626751 0
    endloop
  endfacet
  facet normal 0 1 0
    outer loop
      vertex -13.779500000178814 5 0
      vertex -12.295564837753773 5 26.7
      vertex -13.23685414174036 5 2.4
    endloop
  endfacet
  facet normal 0 1 0
    outer loop
      vertex -13.23685414174036 5 2.4
      vertex -12.295564837753773 5 26.7
      vertex -12.295564837753773 5 2.4
    endloop
  endfacet
  facet normal 0.5141027396540223 0.8577286127209635 0
    outer loop
      vertex -11.393063880503178 4.403462931513786 2.4
      vertex -11.393063880503178 4.403462931513786 26.7
      vertex -10.787500001490116 4.040501914918423 2.4
    endloop
  endfacet
  facet normal 0.5691001462178991 0.8222682187551492 0
    outer loop
      vertex -12.295564837753773 5 2.4
      vertex -12.295564837753773 5 26.7
      vertex -11.986427776515484 4.786043114960194 2.4
    endloop
  endfacet
  facet normal 0.5418915853386408 0.8404483980228498 0
    outer loop
      vertex -11.393063880503178 4.403462931513786 2.4
      vertex -11.986427776515484 4.786043114960194 2.4
      vertex -11.986427776515484 4.786043114960194 26.7
    endloop
  endfacet
  facet normal -0.36751593543721023 -0.9300172241414201 0
    outer loop
      vertex -8.639078482985497 1.8684195503592491 0
      vertex -7.952044829726219 1.5969237014651299 0
      vertex -8.639078482985497 1.8684195503592491 26.7
    endloop
  endfacet
  facet normal -0.4569038681478329 -0.8895160792653205 0
    outer loop
      vertex -10.641781337559223 2.8156274557113647 0
      vertex -9.984667181968689 2.47809786349535 0
      vertex -10.641781337559223 2.8156274557113647 26.7
    endloop
  endfacet
  facet normal -0.42755509376198075 -0.9039892929665616 0
    outer loop
      vertex -9.984667181968689 2.47809786349535 0
      vertex -9.31686119735241 2.162249155342579 0
      vertex -9.984667181968689 2.47809786349535 26.7
    endloop
  endfacet
  facet normal -0.39774848044547945 -0.9174944938817409 0
    outer loop
      vertex -8.639078482985497 1.8684195503592491 0
      vertex -9.31686119735241 2.162249155342579 26.7
      vertex -9.31686119735241 2.162249155342579 0
    endloop
  endfacet
  facet normal -0.33688984795005716 -0.9415440671302578 0
    outer loop
      vertex -7.952044829726219 1.5969237014651299 0
      vertex -7.256495930254459 1.348052330315113 0
      vertex -7.952044829726219 1.5969237014651299 26.7
    endloop
  endfacet
  facet normal -0.305903023099948 -0.9520626767489168 0
    outer loop
      vertex -7.256495930254459 1.348052330315113 0
      vertex -6.553176589310169 1.122071921825409 0
      vertex -7.256495930254459 1.348052330315113 26.7
    endloop
  endfacet
  facet normal -0.2429801813278003 -0.9700312528377161 0
    outer loop
      vertex -5.842839941382408 0.9192244708538055 0
      vertex -5.126246638596058 0.7397271916270256 0
      vertex -5.842839941382408 0.9192244708538055 26.7
    endloop
  endfacet
  facet normal -0.2745886195009673 -0.9615617973071481 0
    outer loop
      vertex -5.842839941382408 0.9192244708538055 0
      vertex -6.553176589310169 1.122071921825409 26.7
      vertex -6.553176589310169 1.122071921825409 0
    endloop
  endfacet
  facet normal -0.21111155061606277 -0.9774619753200026 0
    outer loop
      vertex -5.126246638596058 0.7397271916270256 0
      vertex -4.404164016246796 0.5837722942233086 0
      vertex -5.126246638596058 0.7397271916270256 26.7
    endloop
  endfacet
  facet normal -0.17901686375967293 -0.9838460054752729 0
    outer loop
      vertex -4.404164016246796 0.5837722942233086 0
      vertex -3.6773653104901314 0.45152677595615387 0
      vertex -4.404164016246796 0.5837722942233086 26.7
    endloop
  endfacet
  facet normal -0.14673046729829314 -0.9891765110264317 0
    outer loop
      vertex -3.6773653104901314 0.45152677595615387 0
      vertex -2.946628786623478 0.34313225746154785 0
      vertex -3.6773653104901314 0.45152677595615387 26.7
    endloop
  endfacet
  facet normal -0.11428696778592715 -0.9934477786951353 0
    outer loop
      vertex -2.946628786623478 0.34313225746154785 0
      vertex -2.2127369418740273 0.2587047964334488 0
      vertex -2.946628786623478 0.34313225746154785 26.7
    endloop
  endfacet
  facet normal -0.0817210785241701 -0.9966552389491796 0
    outer loop
      vertex -2.2127369418740273 0.2587047964334488 0
      vertex -1.476475641131401 0.19833480566740036 0
      vertex -2.2127369418740273 0.2587047964334488 26.7
    endloop
  endfacet
  facet normal -0.04906766675260521 -0.9987954565772992 0
    outer loop
      vertex -1.476475641131401 0.19833480566740036 0
      vertex -0.7386332973837852 0.16208694130182266 0
      vertex -1.476475641131401 0.19833480566740036 26.7
    endloop
  endfacet
  facet normal -0.0163617384295697 -0.9998661377982365 0
    outer loop
      vertex -0.7386332973837852 0.16208694130182266 0
      vertex 0 0.14999999850988388 0
      vertex -0.7386332973837852 0.16208694130182266 26.7
    endloop
  endfacet
  facet normal 0.45690388343338195 0.8895160714138304 0
    outer loop
      vertex -10.170384593307972 3.6975487247109413 2.4
      vertex -10.170384593307972 3.6975487247109413 26.7
      vertex -9.54237849265337 3.3749706000089645 2.4
    endloop
  endfacet
  facet normal 0.4275550877905836 0.9039892957908219 0
    outer loop
      vertex -9.54237849265337 3.3749706000089645 2.4
      vertex -9.54237849265337 3.3749706000089645 26.7
      vertex -8.904154166579247 3.073112979531288 2.4
    endloop
  endfacet
  facet normal 0.3977484817816897 0.9174944933024726 0
    outer loop
      vertex -8.904154166579247 3.073112979531288 2.4
      vertex -8.904154166579247 3.073112979531288 26.7
      vertex -8.256395056843758 2.792299084365368 2.4
    endloop
  endfacet
  facet normal 0.3675159356485221 0.9300172240579156 0
    outer loop
      vertex -8.256395056843758 2.792299084365368 2.4
      vertex -8.256395056843758 2.792299084365368 26.7
      vertex -7.5997947826981544 2.532829627394676 2.4
    endloop
  endfacet
  facet normal 0.33688985052595066 0.9415440662085882 0
    outer loop
      vertex -6.935056462883949 2.2949824556708336 2.4
      vertex -7.5997947826981544 2.532829627394676 2.4
      vertex -7.5997947826981544 2.532829627394676 26.7
    endloop
  endfacet
  facet normal 0.30590301539823056 0.9520626792235214 0
    outer loop
      vertex -6.935056462883949 2.2949824556708336 2.4
      vertex -6.935056462883949 2.2949824556708336 26.7
      vertex -6.262891910970211 2.0790122598409653 2.4
    endloop
  endfacet
  facet normal 0.27458862176039006 0.9615617966619355 0
    outer loop
      vertex -5.584020897746086 1.8851502984762192 2.4
      vertex -6.262891910970211 2.0790122598409653 2.4
      vertex -6.262891910970211 2.0790122598409653 26.7
    endloop
  endfacet
  facet normal 0.48576338900824734 0.8740903442432152 0
    outer loop
      vertex -10.170384593307972 3.6975487247109413 2.4
      vertex -10.787500001490116 4.040501914918423 2.4
      vertex -10.787500001490116 4.040501914918423 26.7
    endloop
  endfacet
  facet normal 0.2429801780833994 0.9700312536503962 0
    outer loop
      vertex -5.584020897746086 1.8851502984762192 2.4
      vertex -5.584020897746086 1.8851502984762192 26.7
      vertex -4.899170376360416 1.713604174554348 2.4
    endloop
  endfacet
  facet normal 0.21111155684567204 0.977461973974536 0
    outer loop
      vertex -4.899170376360416 1.713604174554348 2.4
      vertex -4.899170376360416 1.713604174554348 26.7
      vertex -4.2090737000107765 1.5645575746893883 2.4
    endloop
  endfacet
  facet normal 0.17901685680619392 0.9838460067405015 0
    outer loop
      vertex -4.2090737000107765 1.5645575746893883 2.4
      vertex -4.2090737000107765 1.5645575746893883 26.7
      vertex -3.514469839632511 1.438170112669468 2.4
    endloop
  endfacet
  facet normal 0.14673048035177094 0.9891765090901312 0
    outer loop
      vertex -3.514469839632511 1.438170112669468 2.4
      vertex -3.514469839632511 1.438170112669468 26.7
      vertex -2.8161025941371918 1.3345771133899689 2.4
    endloop
  endfacet
  facet normal 0.11428695972698687 0.9934477796222416 0
    outer loop
      vertex -2.8161025941371918 1.3345771133899689 2.4
      vertex -2.8161025941371918 1.3345771133899689 26.7
      vertex -2.1147198006510735 1.25388952344656 2.4
    endloop
  endfacet
  facet normal 0.08172107485713007 0.9966552392498598 0
    outer loop
      vertex -2.1147198006510735 1.25388952344656 2.4
      vertex -2.1147198006510735 1.25388952344656 26.7
      vertex -1.411072514951229 1.1961937323212624 2.4
    endloop
  endfacet
  facet normal 0.049067672547348104 0.9987954562926217 0
    outer loop
      vertex -1.411072514951229 1.1961937323212624 2.4
      vertex -1.411072514951229 1.1961937323212624 26.7
      vertex -0.7059142142534256 1.1615515276789665 2.4
    endloop
  endfacet
  facet normal 0.016361737195507337 0.9998661378184308 0
    outer loop
      vertex -0.7059142142534256 1.1615515276789665 2.4
      vertex -0.7059142142534256 1.1615515276789665 26.7
      vertex 0 1.1499999985098839 2.4
    endloop
  endfacet
  facet normal 0 0 -1
    outer loop
      vertex 0 0.14999999850988388 0
      vertex 0.7059142142534256 1.1615515276789665 0
      vertex 0.7386332973837852 0.16208694130182266 0
    endloop
  endfacet
  facet normal 0 0 -1
    outer loop
      vertex 0 0.14999999850988388 0
      vertex 0 1.1499999985098839 0
      vertex 0.7059142142534256 1.1615515276789665 0
    endloop
  endfacet
  facet normal 0 0 -1
    outer loop
      vertex 0.7386332973837852 0.16208694130182266 0
      vertex 1.411072514951229 1.1961937323212624 0
      vertex 1.476475641131401 0.19833480566740036 0
    endloop
  endfacet
  facet normal 0 0 -1
    outer loop
      vertex 0.7386332973837852 0.16208694130182266 0
      vertex 0.7059142142534256 1.1615515276789665 0
      vertex 1.411072514951229 1.1961937323212624 0
    endloop
  endfacet
  facet normal 0 0 -1
    outer loop
      vertex 1.476475641131401 0.19833480566740036 0
      vertex 2.1147198006510735 1.25388952344656 0
      vertex 2.2127369418740273 0.2587047964334488 0
    endloop
  endfacet
  facet normal 0 0 -1
    outer loop
      vertex 1.476475641131401 0.19833480566740036 0
      vertex 1.411072514951229 1.1961937323212624 0
      vertex 2.1147198006510735 1.25388952344656 0
    endloop
  endfacet
  facet normal 0 0 -1
    outer loop
      vertex 2.2127369418740273 0.2587047964334488 0
      vertex 2.1147198006510735 1.25388952344656 0
      vertex 2.8161025941371918 1.3345771133899689 0
    endloop
  endfacet
  facet normal 0 0 -1
    outer loop
      vertex 2.2127369418740273 0.2587047964334488 0
      vertex 2.8161025941371918 1.3345771133899689 0
      vertex 2.946628786623478 0.34313225746154785 0
    endloop
  endfacet
  facet normal 0 0 -1
    outer loop
      vertex 2.946628786623478 0.34313225746154785 0
      vertex 2.8161025941371918 1.3345771133899689 0
      vertex 3.514469839632511 1.438170112669468 0
    endloop
  endfacet
  facet normal 0 0 -1
    outer loop
      vertex 2.946628786623478 0.34313225746154785 0
      vertex 3.514469839632511 1.438170112669468 0
      vertex 3.6773653104901314 0.45152677595615387 0
    endloop
  endfacet
  facet normal 0 0 -1
    outer loop
      vertex 3.6773653104901314 0.45152677595615387 0
      vertex 4.2090737000107765 1.5645575746893883 0
      vertex 4.404164016246796 0.5837722942233086 0
    endloop
  endfacet
  facet normal 0 0 -1
    outer loop
      vertex 3.6773653104901314 0.45152677595615387 0
      vertex 3.514469839632511 1.438170112669468 0
      vertex 4.2090737000107765 1.5645575746893883 0
    endloop
  endfacet
  facet normal 0 0 -1
    outer loop
      vertex 4.404164016246796 0.5837722942233086 0
      vertex 4.899170376360416 1.713604174554348 0
      vertex 5.126246638596058 0.7397271916270256 0
    endloop
  endfacet
  facet normal 0 0 -1
    outer loop
      vertex 4.404164016246796 0.5837722942233086 0
      vertex 4.2090737000107765 1.5645575746893883 0
      vertex 4.899170376360416 1.713604174554348 0
    endloop
  endfacet
  facet normal 0 0 -1
    outer loop
      vertex 5.126246638596058 0.7397271916270256 0
      vertex 5.584020897746086 1.8851502984762192 0
      vertex 5.842839941382408 0.9192244708538055 0
    endloop
  endfacet
  facet normal 0 0 -1
    outer loop
      vertex 5.126246638596058 0.7397271916270256 0
      vertex 4.899170376360416 1.713604174554348 0
      vertex 5.584020897746086 1.8851502984762192 0
    endloop
  endfacet
  facet normal 0 0 -1
    outer loop
      vertex 5.842839941382408 0.9192244708538055 0
      vertex 6.262891910970211 2.0790122598409653 0
      vertex 6.553176589310169 1.122071921825409 0
    endloop
  endfacet
  facet normal 0 0 -1
    outer loop
      vertex 5.842839941382408 0.9192244708538055 0
      vertex 5.584020897746086 1.8851502984762192 0
      vertex 6.262891910970211 2.0790122598409653 0
    endloop
  endfacet
  facet normal 0 0 -1
    outer loop
      vertex 6.553176589310169 1.122071921825409 0
      vertex 6.262891910970211 2.0790122598409653 0
      vertex 6.935056462883949 2.2949824556708336 0
    endloop
  endfacet
  facet normal 0 0 -1
    outer loop
      vertex 6.553176589310169 1.122071921825409 0
      vertex 6.935056462883949 2.2949824556708336 0
      vertex 7.256495930254459 1.348052330315113 0
    endloop
  endfacet
  facet normal 0 0 -1
    outer loop
      vertex 7.256495930254459 1.348052330315113 0
      vertex 7.5997947826981544 2.532829627394676 0
      vertex 7.952044829726219 1.5969237014651299 0
    endloop
  endfacet
  facet normal 0 0 -1
    outer loop
      vertex 7.256495930254459 1.348052330315113 0
      vertex 6.935056462883949 2.2949824556708336 0
      vertex 7.5997947826981544 2.532829627394676 0
    endloop
  endfacet
  facet normal 0 0 -1
    outer loop
      vertex 7.952044829726219 1.5969237014651299 0
      vertex 7.5997947826981544 2.532829627394676 0
      vertex 8.256395056843758 2.792299084365368 0
    endloop
  endfacet
  facet normal 0 0 -1
    outer loop
      vertex 7.952044829726219 1.5969237014651299 0
      vertex 8.256395056843758 2.792299084365368 0
      vertex 8.639078482985497 1.8684195503592491 0
    endloop
  endfacet
  facet normal 0 0 -1
    outer loop
      vertex 8.639078482985497 1.8684195503592491 0
      vertex 8.904154166579247 3.073112979531288 0
      vertex 9.31686119735241 2.162249155342579 0
    endloop
  endfacet
  facet normal 0 0 -1
    outer loop
      vertex 8.256395056843758 2.792299084365368 0
      vertex 8.904154166579247 3.073112979531288 0
      vertex 8.639078482985497 1.8684195503592491 0
    endloop
  endfacet
  facet normal 0 0 -1
    outer loop
      vertex 9.31686119735241 2.162249155342579 0
      vertex 9.54237849265337 3.3749706000089645 0
      vertex 9.984667181968689 2.47809786349535 0
    endloop
  endfacet
  facet normal 0 0 -1
    outer loop
      vertex 9.31686119735241 2.162249155342579 0
      vertex 8.904154166579247 3.073112979531288 0
      vertex 9.54237849265337 3.3749706000089645 0
    endloop
  endfacet
  facet normal 0 0 -1
    outer loop
      vertex 9.984667181968689 2.47809786349535 0
      vertex 10.068240016040225 3.0268507442717167 0
      vertex 10.641781337559223 2.8156274557113647 0
    endloop
  endfacet
  facet normal 0 0 -1
    outer loop
      vertex 9.54237849265337 3.3749706000089645 0
      vertex 10.068240016040225 3.0268507442717167 0
      vertex 9.984667181968689 2.47809786349535 0
    endloop
  endfacet
  facet normal 0 0 -1
    outer loop
      vertex 9.54237849265337 3.3749706000089645 0
      vertex 10.170384593307972 3.6975487247109413 0
      vertex 10.068240016040225 3.0268507442717167 0
    endloop
  endfacet
  facet normal 0 0 -1
    outer loop
      vertex 10.641781337559223 2.8156274557113647 0
      vertex 10.068240016040225 3.0268507442717167 0
      vertex 10.429652802799678 3.212492026473961 0
    endloop
  endfacet
  facet normal 0 0 -1
    outer loop
      vertex 10.641781337559223 2.8156274557113647 0
      vertex 10.429652802799678 3.212492026473961 0
      vertex 10.787500001490116 4.040501914918423 0
    endloop
  endfacet
  facet normal 0 0 -1
    outer loop
      vertex 10.170384593307972 3.6975487247109413 0
      vertex 10.787500001490116 4.040501914918423 0
      vertex 10.429652802799678 3.212492026473961 0
    endloop
  endfacet
  facet normal 0 0 -1
    outer loop
      vertex 10.641781337559223 2.8156274557113647 0
      vertex 10.787500001490116 4.040501914918423 0
      vertex 11.287500001490116 3.1744765117764473 0
    endloop
  endfacet
  facet normal 0 0 -1
    outer loop
      vertex 11.287500001490116 3.1744765117764473 0
      vertex 11.393063880503178 4.403462931513786 0
      vertex 11.92113173007965 3.55426075309515 0
    endloop
  endfacet
  facet normal 0 0 -1
    outer loop
      vertex 10.787500001490116 4.040501914918423 0
      vertex 11.393063880503178 4.403462931513786 0
      vertex 11.287500001490116 3.1744765117764473 0
    endloop
  endfacet
  facet normal 0 0 -1
    outer loop
      vertex 11.92113173007965 3.55426075309515 0
      vertex 12.291991406122273 4.32873483066776 0
      vertex 12.541998013854027 3.954573504626751 0
    endloop
  endfacet
  facet normal 0 0 -1
    outer loop
      vertex 11.92113173007965 3.55426075309515 0
      vertex 11.393063880503178 4.403462931513786 0
      vertex 11.986427776515484 4.786043114960194 0
    endloop
  endfacet
  facet normal 0 0 -1
    outer loop
      vertex 11.92113173007965 3.55426075309515 0
      vertex 11.986427776515484 4.786043114960194 0
      vertex 12.291991406122273 4.32873483066776 0
    endloop
  endfacet
  facet normal 0 0 -1
    outer loop
      vertex 12.291991406122273 4.32873483066776 0
      vertex 13.149434007704258 4.374986097216606 0
      vertex 12.541998013854027 3.954573504626751 0
    endloop
  endfacet
  facet normal 0 0 -1
    outer loop
      vertex 12.291991406122273 4.32873483066776 0
      vertex 12.765192880078486 4.656242354309485 0
      vertex 13.149434007704258 4.374986097216606 0
    endloop
  endfacet
  facet normal 0 0 -1
    outer loop
      vertex 12.295564837753773 5 0
      vertex 13.098496919217364 4.8973872915737715 0
      vertex 12.765192880078486 4.656242354309485 0
    endloop
  endfacet
  facet normal 0 0 -1
    outer loop
      vertex 13.149434007704258 4.374986097216606 0
      vertex 12.765192880078486 4.656242354309485 0
      vertex 13.742789261043072 4.815048344433308 0
    endloop
  endfacet
  facet normal 0 0 -1
    outer loop
      vertex 12.765192880078486 4.656242354309485 0
      vertex 13.098496919217364 4.8973872915737715 0
      vertex 13.742789261043072 4.815048344433308 0
    endloop
  endfacet
  facet normal 0 0 -1
    outer loop
      vertex 13.098496919217364 4.8973872915737715 0
      vertex 13.23685414174036 5 0
      vertex 13.779500000178814 4.844184055924416 0
    endloop
  endfacet
  facet normal 0 0 -1
    outer loop
      vertex 13.098496919217364 4.8973872915737715 0
      vertex 13.779500000178814 4.844184055924416 0
      vertex 13.742789261043072 4.815048344433308 0
    endloop
  endfacet
  facet normal 0 0 -1
    outer loop
      vertex 13.23685414174036 5 0
      vertex 13.779500000178814 5 0
      vertex 13.779500000178814 4.844184055924416 0
    endloop
  endfacet
  facet normal 0.0163617384295697 -0.9998661377982365 0
    outer loop
      vertex 0 0.14999999850988388 0
      vertex 0.7386332973837852 0.16208694130182266 0
      vertex 0 0.14999999850988388 26.7
    endloop
  endfacet
  facet normal 0.04906766675260521 -0.9987954565772992 0
    outer loop
      vertex 0.7386332973837852 0.16208694130182266 0
      vertex 1.476475641131401 0.19833480566740036 0
      vertex 0.7386332973837852 0.16208694130182266 26.7
    endloop
  endfacet
  facet normal 0.0817210785241701 -0.9966552389491796 0
    outer loop
      vertex 1.476475641131401 0.19833480566740036 0
      vertex 2.2127369418740273 0.2587047964334488 0
      vertex 1.476475641131401 0.19833480566740036 26.7
    endloop
  endfacet
  facet normal 0.11428696778592715 -0.9934477786951353 0
    outer loop
      vertex 2.2127369418740273 0.2587047964334488 0
      vertex 2.946628786623478 0.34313225746154785 0
      vertex 2.2127369418740273 0.2587047964334488 26.7
    endloop
  endfacet
  facet normal 0.14673046729829314 -0.9891765110264317 0
    outer loop
      vertex 2.946628786623478 0.34313225746154785 0
      vertex 3.6773653104901314 0.45152677595615387 0
      vertex 2.946628786623478 0.34313225746154785 26.7
    endloop
  endfacet
  facet normal 0.17901686375967293 -0.9838460054752729 0
    outer loop
      vertex 3.6773653104901314 0.45152677595615387 0
      vertex 4.404164016246796 0.5837722942233086 0
      vertex 3.6773653104901314 0.45152677595615387 26.7
    endloop
  endfacet
  facet normal 0.21111155061606277 -0.9774619753200026 0
    outer loop
      vertex 4.404164016246796 0.5837722942233086 0
      vertex 5.126246638596058 0.7397271916270256 0
      vertex 4.404164016246796 0.5837722942233086 26.7
    endloop
  endfacet
  facet normal 0.2429801813278003 -0.9700312528377161 0
    outer loop
      vertex 5.126246638596058 0.7397271916270256 0
      vertex 5.842839941382408 0.9192244708538055 0
      vertex 5.126246638596058 0.7397271916270256 26.7
    endloop
  endfacet
  facet normal 0.2745886195009673 -0.9615617973071481 0
    outer loop
      vertex 5.842839941382408 0.9192244708538055 0
      vertex 6.553176589310169 1.122071921825409 0
      vertex 5.842839941382408 0.9192244708538055 26.7
    endloop
  endfacet
  facet normal 0.305903023099948 -0.9520626767489168 0
    outer loop
      vertex 6.553176589310169 1.122071921825409 0
      vertex 7.256495930254459 1.348052330315113 0
      vertex 6.553176589310169 1.122071921825409 26.7
    endloop
  endfacet
  facet normal 0.33688984795005716 -0.9415440671302578 0
    outer loop
      vertex 7.256495930254459 1.348052330315113 0
      vertex 7.952044829726219 1.5969237014651299 0
      vertex 7.256495930254459 1.348052330315113 26.7
    endloop
  endfacet
  facet normal 0.36751593543721023 -0.9300172241414201 0
    outer loop
      vertex 7.952044829726219 1.5969237014651299 0
      vertex 8.639078482985497 1.8684195503592491 0
      vertex 7.952044829726219 1.5969237014651299 26.7
    endloop
  endfacet
  facet normal 0.39774848044547945 -0.9174944938817409 0
    outer loop
      vertex 8.639078482985497 1.8684195503592491 0
      vertex 9.31686119735241 2.162249155342579 0
      vertex 8.639078482985497 1.8684195503592491 26.7
    endloop
  endfacet
  facet normal 0.42755509376198075 -0.9039892929665616 0
    outer loop
      vertex 9.31686119735241 2.162249155342579 0
      vertex 9.984667181968689 2.47809786349535 0
      vertex 9.31686119735241 2.162249155342579 26.7
    endloop
  endfacet
  facet normal 0.4569038681478329 -0.8895160792653205 0
    outer loop
      vertex 9.984667181968689 2.47809786349535 0
      vertex 10.641781337559223 2.8156274557113647 0
      vertex 9.984667181968689 2.47809786349535 26.7
    endloop
  endfacet
  facet normal 0.48576339895960824 -0.8740903387128863 0
    outer loop
      vertex 10.641781337559223 2.8156274557113647 0
      vertex 11.287500001490116 3.1744765117764473 0
      vertex 10.641781337559223 2.8156274557113647 26.7
    endloop
  endfacet
  facet normal -0.016361737195507337 0.9998661378184308 0
    outer loop
      vertex 0 1.1499999985098839 2.4
      vertex 0 1.1499999985098839 26.7
      vertex 0.7059142142534256 1.1615515276789665 2.4
    endloop
  endfacet
  facet normal -0.049067672547348104 0.9987954562926217 0
    outer loop
      vertex 0.7059142142534256 1.1615515276789665 2.4
      vertex 0.7059142142534256 1.1615515276789665 26.7
      vertex 1.411072514951229 1.1961937323212624 2.4
    endloop
  endfacet
  facet normal -0.08172107485713007 0.9966552392498598 0
    outer loop
      vertex 1.411072514951229 1.1961937323212624 2.4
      vertex 1.411072514951229 1.1961937323212624 26.7
      vertex 2.1147198006510735 1.25388952344656 2.4
    endloop
  endfacet
  facet normal -0.11428695972698687 0.9934477796222416 0
    outer loop
      vertex 2.1147198006510735 1.25388952344656 2.4
      vertex 2.1147198006510735 1.25388952344656 26.7
      vertex 2.8161025941371918 1.3345771133899689 2.4
    endloop
  endfacet
  facet normal -0.14673048035177094 0.9891765090901312 0
    outer loop
      vertex 2.8161025941371918 1.3345771133899689 2.4
      vertex 2.8161025941371918 1.3345771133899689 26.7
      vertex 3.514469839632511 1.438170112669468 2.4
    endloop
  endfacet
  facet normal -0.17901685680619392 0.9838460067405015 0
    outer loop
      vertex 3.514469839632511 1.438170112669468 2.4
      vertex 3.514469839632511 1.438170112669468 26.7
      vertex 4.2090737000107765 1.5645575746893883 2.4
    endloop
  endfacet
  facet normal -0.21111155684567204 0.977461973974536 0
    outer loop
      vertex 4.2090737000107765 1.5645575746893883 2.4
      vertex 4.2090737000107765 1.5645575746893883 26.7
      vertex 4.899170376360416 1.713604174554348 2.4
    endloop
  endfacet
  facet normal -0.2429801780833994 0.9700312536503962 0
    outer loop
      vertex 4.899170376360416 1.713604174554348 2.4
      vertex 4.899170376360416 1.713604174554348 26.7
      vertex 5.584020897746086 1.8851502984762192 2.4
    endloop
  endfacet
  facet normal -0.27458862176039006 0.9615617966619355 0
    outer loop
      vertex 5.584020897746086 1.8851502984762192 2.4
      vertex 5.584020897746086 1.8851502984762192 26.7
      vertex 6.262891910970211 2.0790122598409653 2.4
    endloop
  endfacet
  facet normal -0.30590301539823056 0.9520626792235214 0
    outer loop
      vertex 6.262891910970211 2.0790122598409653 2.4
      vertex 6.262891910970211 2.0790122598409653 26.7
      vertex 6.935056462883949 2.2949824556708336 2.4
    endloop
  endfacet
  facet normal -0.33688985052595066 0.9415440662085882 0
    outer loop
      vertex 6.935056462883949 2.2949824556708336 2.4
      vertex 6.935056462883949 2.2949824556708336 26.7
      vertex 7.5997947826981544 2.532829627394676 2.4
    endloop
  endfacet
  facet normal -0.3675159356485221 0.9300172240579156 0
    outer loop
      vertex 7.5997947826981544 2.532829627394676 2.4
      vertex 7.5997947826981544 2.532829627394676 26.7
      vertex 8.256395056843758 2.792299084365368 2.4
    endloop
  endfacet
  facet normal -0.3977484817816897 0.9174944933024726 0
    outer loop
      vertex 8.256395056843758 2.792299084365368 2.4
      vertex 8.256395056843758 2.792299084365368 26.7
      vertex 8.904154166579247 3.073112979531288 2.4
    endloop
  endfacet
  facet normal -0.4275550877905836 0.9039892957908219 0
    outer loop
      vertex 8.904154166579247 3.073112979531288 2.4
      vertex 8.904154166579247 3.073112979531288 26.7
      vertex 9.54237849265337 3.3749706000089645 2.4
    endloop
  endfacet
  facet normal -0.45690388343338195 0.8895160714138304 0
    outer loop
      vertex 9.54237849265337 3.3749706000089645 2.4
      vertex 9.54237849265337 3.3749706000089645 26.7
      vertex 10.170384593307972 3.6975487247109413 2.4
    endloop
  endfacet
  facet normal -0.48576338900824734 0.8740903442432152 0
    outer loop
      vertex 10.170384593307972 3.6975487247109413 2.4
      vertex 10.170384593307972 3.6975487247109413 26.7
      vertex 10.787500001490116 4.040501914918423 2.4
    endloop
  endfacet
  facet normal -0.5141027396540223 0.8577286127209635 0
    outer loop
      vertex 10.787500001490116 4.040501914918423 2.4
      vertex 10.787500001490116 4.040501914918423 26.7
      vertex 11.393063880503178 4.403462931513786 2.4
    endloop
  endfacet
  facet normal 0.5141027429514727 -0.8577286107445478 0
    outer loop
      vertex 11.287500001490116 3.1744765117764473 0
      vertex 11.92113173007965 3.55426075309515 0
      vertex 11.287500001490116 3.1744765117764473 26.7
    endloop
  endfacet
  facet normal 0.5418915807139824 -0.840448401004667 0
    outer loop
      vertex 11.92113173007965 3.55426075309515 0
      vertex 12.541998013854027 3.954573504626751 0
      vertex 11.92113173007965 3.55426075309515 26.7
    endloop
  endfacet
  facet normal 0.5691001470336902 -0.8222682181905319 0
    outer loop
      vertex 12.541998013854027 3.954573504626751 0
      vertex 13.149434007704258 4.374986097216606 0
      vertex 12.541998013854027 3.954573504626751 26.7
    endloop
  endfacet
  facet normal 0.5956993040073867 -0.8032075318403801 0
    outer loop
      vertex 13.149434007704258 4.374986097216606 0
      vertex 13.742789261043072 4.815048344433308 0
      vertex 13.149434007704258 4.374986097216606 26.7
    endloop
  endfacet
  facet normal 0.6216605332655936 -0.7832867810578306 0
    outer loop
      vertex 13.742789261043072 4.815048344433308 0
      vertex 13.779500000178814 4.844184055924416 0
      vertex 13.742789261043072 4.815048344433308 26.7
    endloop
  endfacet
  facet normal 0 1 0
    outer loop
      vertex 13.23685414174036 5 0
      vertex 13.779500000178814 5 26.7
      vertex 13.779500000178814 5 0
    endloop
  endfacet
  facet normal 1 0 0
    outer loop
      vertex 13.779500000178814 4.844184055924416 0
      vertex 13.779500000178814 5 0
      vertex 13.779500000178814 4.844184055924416 26.7
    endloop
  endfacet
  facet normal 0 1 0
    outer loop
      vertex 13.23685414174036 5 0
      vertex 13.23685414174036 5 2.4
      vertex 13.779500000178814 5 26.7
    endloop
  endfacet
  facet normal -0.5418915853386408 0.8404483980228498 0
    outer loop
      vertex 11.393063880503178 4.403462931513786 2.4
      vertex 11.393063880503178 4.403462931513786 26.7
      vertex 11.986427776515484 4.786043114960194 2.4
    endloop
  endfacet
  facet normal -0.5691001462178991 0.8222682187551492 0
    outer loop
      vertex 11.986427776515484 4.786043114960194 2.4
      vertex 11.986427776515484 4.786043114960194 26.7
      vertex 12.295564837753773 5 2.4
    endloop
  endfacet
  facet normal 0 1 0
    outer loop
      vertex 12.295564837753773 5 2.4
      vertex 12.295564837753773 5 26.7
      vertex 13.23685414174036 5 2.4
    endloop
  endfacet
  facet normal -0.5418915807139824 -0.840448401004667 0
    outer loop
      vertex -11.92113173007965 3.55426075309515 0
      vertex -11.92113173007965 3.55426075309515 26.7
      vertex -12.541998013854027 3.954573504626751 26.7
    endloop
  endfacet
  facet normal -0.5141027429514727 -0.8577286107445478 0
    outer loop
      vertex -11.287500001490116 3.1744765117764473 0
      vertex -11.287500001490116 3.1744765117764473 26.7
      vertex -11.92113173007965 3.55426075309515 26.7
    endloop
  endfacet
  facet normal -0.5956993040073867 -0.8032075318403801 0
    outer loop
      vertex -13.149434007704258 4.374986097216606 0
      vertex -13.149434007704258 4.374986097216606 26.7
      vertex -13.742789261043072 4.815048344433308 26.7
    endloop
  endfacet
  facet normal -0.5691001470336902 -0.8222682181905319 0
    outer loop
      vertex -12.541998013854027 3.954573504626751 0
      vertex -12.541998013854027 3.954573504626751 26.7
      vertex -13.149434007704258 4.374986097216606 26.7
    endloop
  endfacet
  facet normal -0.6216605332655936 -0.7832867810578306 0
    outer loop
      vertex -13.742789261043072 4.815048344433308 0
      vertex -13.742789261043072 4.815048344433308 26.7
      vertex -13.779500000178814 4.844184055924416 26.7
    endloop
  endfacet
  facet normal -1 0 0
    outer loop
      vertex -13.779500000178814 4.844184055924416 0
      vertex -13.779500000178814 4.844184055924416 26.7
      vertex -13.779500000178814 5 26.7
    endloop
  endfacet
  facet normal 0 1 0
    outer loop
      vertex -13.779500000178814 5 0
      vertex -13.779500000178814 5 26.7
      vertex -12.295564837753773 5 26.7
    endloop
  endfacet
  facet normal 0.5418915853386408 0.8404483980228498 0
    outer loop
      vertex -11.393063880503178 4.403462931513786 2.4
      vertex -11.986427776515484 4.786043114960194 26.7
      vertex -11.393063880503178 4.403462931513786 26.7
    endloop
  endfacet
  facet normal 0.5691001462178991 0.8222682187551492 0
    outer loop
      vertex -11.986427776515484 4.786043114960194 2.4
      vertex -12.295564837753773 5 26.7
      vertex -11.986427776515484 4.786043114960194 26.7
    endloop
  endfacet
  facet normal -0.4569038681478329 -0.8895160792653205 0
    outer loop
      vertex -9.984667181968689 2.47809786349535 0
      vertex -9.984667181968689 2.47809786349535 26.7
      vertex -10.641781337559223 2.8156274557113647 26.7
    endloop
  endfacet
  facet normal -0.48576339895960824 -0.8740903387128863 0
    outer loop
      vertex -10.641781337559223 2.8156274557113647 0
      vertex -10.641781337559223 2.8156274557113647 26.7
      vertex -11.287500001490116 3.1744765117764473 26.7
    endloop
  endfacet
  facet normal -0.42755509376198075 -0.9039892929665616 0
    outer loop
      vertex -9.31686119735241 2.162249155342579 0
      vertex -9.31686119735241 2.162249155342579 26.7
      vertex -9.984667181968689 2.47809786349535 26.7
    endloop
  endfacet
  facet normal -0.39774848044547945 -0.9174944938817409 0
    outer loop
      vertex -8.639078482985497 1.8684195503592491 0
      vertex -8.639078482985497 1.8684195503592491 26.7
      vertex -9.31686119735241 2.162249155342579 26.7
    endloop
  endfacet
  facet normal -0.36751593543721023 -0.9300172241414201 0
    outer loop
      vertex -7.952044829726219 1.5969237014651299 0
      vertex -7.952044829726219 1.5969237014651299 26.7
      vertex -8.639078482985497 1.8684195503592491 26.7
    endloop
  endfacet
  facet normal -0.33688984795005716 -0.9415440671302578 0
    outer loop
      vertex -7.256495930254459 1.348052330315113 0
      vertex -7.256495930254459 1.348052330315113 26.7
      vertex -7.952044829726219 1.5969237014651299 26.7
    endloop
  endfacet
  facet normal -0.2745886195009673 -0.9615617973071481 0
    outer loop
      vertex -5.842839941382408 0.9192244708538055 0
      vertex -5.842839941382408 0.9192244708538055 26.7
      vertex -6.553176589310169 1.122071921825409 26.7
    endloop
  endfacet
  facet normal -0.305903023099948 -0.9520626767489168 0
    outer loop
      vertex -6.553176589310169 1.122071921825409 0
      vertex -6.553176589310169 1.122071921825409 26.7
      vertex -7.256495930254459 1.348052330315113 26.7
    endloop
  endfacet
  facet normal 0.45690388343338195 0.8895160714138304 0
    outer loop
      vertex -9.54237849265337 3.3749706000089645 2.4
      vertex -10.170384593307972 3.6975487247109413 26.7
      vertex -9.54237849265337 3.3749706000089645 26.7
    endloop
  endfacet
  facet normal 0.4275550877905836 0.9039892957908219 0
    outer loop
      vertex -8.904154166579247 3.073112979531288 2.4
      vertex -9.54237849265337 3.3749706000089645 26.7
      vertex -8.904154166579247 3.073112979531288 26.7
    endloop
  endfacet
  facet normal 0.3977484817816897 0.9174944933024726 0
    outer loop
      vertex -8.256395056843758 2.792299084365368 2.4
      vertex -8.904154166579247 3.073112979531288 26.7
      vertex -8.256395056843758 2.792299084365368 26.7
    endloop
  endfacet
  facet normal 0.3675159356485221 0.9300172240579156 0
    outer loop
      vertex -7.5997947826981544 2.532829627394676 2.4
      vertex -8.256395056843758 2.792299084365368 26.7
      vertex -7.5997947826981544 2.532829627394676 26.7
    endloop
  endfacet
  facet normal 0.33688985052595066 0.9415440662085882 0
    outer loop
      vertex -6.935056462883949 2.2949824556708336 2.4
      vertex -7.5997947826981544 2.532829627394676 26.7
      vertex -6.935056462883949 2.2949824556708336 26.7
    endloop
  endfacet
  facet normal 0.30590301539823056 0.9520626792235214 0
    outer loop
      vertex -6.262891910970211 2.0790122598409653 2.4
      vertex -6.935056462883949 2.2949824556708336 26.7
      vertex -6.262891910970211 2.0790122598409653 26.7
    endloop
  endfacet
  facet normal 0.27458862176039006 0.9615617966619355 0
    outer loop
      vertex -5.584020897746086 1.8851502984762192 2.4
      vertex -6.262891910970211 2.0790122598409653 26.7
      vertex -5.584020897746086 1.8851502984762192 26.7
    endloop
  endfacet
  facet normal 0.48576338900824734 0.8740903442432152 0
    outer loop
      vertex -10.170384593307972 3.6975487247109413 2.4
      vertex -10.787500001490116 4.040501914918423 26.7
      vertex -10.170384593307972 3.6975487247109413 26.7
    endloop
  endfacet
  facet normal 0.5141027396540223 0.8577286127209635 0
    outer loop
      vertex -10.787500001490116 4.040501914918423 2.4
      vertex -11.393063880503178 4.403462931513786 26.7
      vertex -10.787500001490116 4.040501914918423 26.7
    endloop
  endfacet
  facet normal -0.2429801813278003 -0.9700312528377161 0
    outer loop
      vertex -5.126246638596058 0.7397271916270256 0
      vertex -5.126246638596058 0.7397271916270256 26.7
      vertex -5.842839941382408 0.9192244708538055 26.7
    endloop
  endfacet
  facet normal -0.21111155061606277 -0.9774619753200026 0
    outer loop
      vertex -4.404164016246796 0.5837722942233086 0
      vertex -4.404164016246796 0.5837722942233086 26.7
      vertex -5.126246638596058 0.7397271916270256 26.7
    endloop
  endfacet
  facet normal -0.17901686375967293 -0.9838460054752729 0
    outer loop
      vertex -3.6773653104901314 0.45152677595615387 0
      vertex -3.6773653104901314 0.45152677595615387 26.7
      vertex -4.404164016246796 0.5837722942233086 26.7
    endloop
  endfacet
  facet normal -0.14673046729829314 -0.9891765110264317 0
    outer loop
      vertex -2.946628786623478 0.34313225746154785 0
      vertex -2.946628786623478 0.34313225746154785 26.7
      vertex -3.6773653104901314 0.45152677595615387 26.7
    endloop
  endfacet
  facet normal -0.11428696778592715 -0.9934477786951353 0
    outer loop
      vertex -2.2127369418740273 0.2587047964334488 0
      vertex -2.2127369418740273 0.2587047964334488 26.7
      vertex -2.946628786623478 0.34313225746154785 26.7
    endloop
  endfacet
  facet normal -0.0817210785241701 -0.9966552389491796 0
    outer loop
      vertex -1.476475641131401 0.19833480566740036 0
      vertex -1.476475641131401 0.19833480566740036 26.7
      vertex -2.2127369418740273 0.2587047964334488 26.7
    endloop
  endfacet
  facet normal -0.04906766675260521 -0.9987954565772992 0
    outer loop
      vertex -0.7386332973837852 0.16208694130182266 0
      vertex -0.7386332973837852 0.16208694130182266 26.7
      vertex -1.476475641131401 0.19833480566740036 26.7
    endloop
  endfacet
  facet normal -0.0163617384295697 -0.9998661377982365 0
    outer loop
      vertex 0 0.14999999850988388 0
      vertex 0 0.14999999850988388 26.7
      vertex -0.7386332973837852 0.16208694130182266 26.7
    endloop
  endfacet
  facet normal 0.2429801780833994 0.9700312536503962 0
    outer loop
      vertex -4.899170376360416 1.713604174554348 2.4
      vertex -5.584020897746086 1.8851502984762192 26.7
      vertex -4.899170376360416 1.713604174554348 26.7
    endloop
  endfacet
  facet normal 0.21111155684567204 0.977461973974536 0
    outer loop
      vertex -4.2090737000107765 1.5645575746893883 2.4
      vertex -4.899170376360416 1.713604174554348 26.7
      vertex -4.2090737000107765 1.5645575746893883 26.7
    endloop
  endfacet
  facet normal 0.17901685680619392 0.9838460067405015 0
    outer loop
      vertex -3.514469839632511 1.438170112669468 2.4
      vertex -4.2090737000107765 1.5645575746893883 26.7
      vertex -3.514469839632511 1.438170112669468 26.7
    endloop
  endfacet
  facet normal 0.14673048035177094 0.9891765090901312 0
    outer loop
      vertex -2.8161025941371918 1.3345771133899689 2.4
      vertex -3.514469839632511 1.438170112669468 26.7
      vertex -2.8161025941371918 1.3345771133899689 26.7
    endloop
  endfacet
  facet normal 0.11428695972698687 0.9934477796222416 0
    outer loop
      vertex -2.1147198006510735 1.25388952344656 2.4
      vertex -2.8161025941371918 1.3345771133899689 26.7
      vertex -2.1147198006510735 1.25388952344656 26.7
    endloop
  endfacet
  facet normal 0.08172107485713007 0.9966552392498598 0
    outer loop
      vertex -1.411072514951229 1.1961937323212624 2.4
      vertex -2.1147198006510735 1.25388952344656 26.7
      vertex -1.411072514951229 1.1961937323212624 26.7
    endloop
  endfacet
  facet normal 0.049067672547348104 0.9987954562926217 0
    outer loop
      vertex -0.7059142142534256 1.1615515276789665 2.4
      vertex -1.411072514951229 1.1961937323212624 26.7
      vertex -0.7059142142534256 1.1615515276789665 26.7
    endloop
  endfacet
  facet normal 0.016361737195507337 0.9998661378184308 0
    outer loop
      vertex 0 1.1499999985098839 2.4
      vertex -0.7059142142534256 1.1615515276789665 26.7
      vertex 0 1.1499999985098839 26.7
    endloop
  endfacet
  facet normal 0 0 1
    outer loop
      vertex -11.92113173007965 3.55426075309515 26.7
      vertex -11.287500001490116 3.1744765117764473 26.7
      vertex -10.787500001490116 4.040501914918423 26.7
    endloop
  endfacet
  facet normal 0 0 1
    outer loop
      vertex -13.149434007704258 4.374986097216606 26.7
      vertex -12.541998013854027 3.954573504626751 26.7
      vertex -12.295564837753773 5 26.7
    endloop
  endfacet
  facet normal 0 0 1
    outer loop
      vertex -13.742789261043072 4.815048344433308 26.7
      vertex -12.295564837753773 5 26.7
      vertex -13.779500000178814 4.844184055924416 26.7
    endloop
  endfacet
  facet normal 0 0 1
    outer loop
      vertex -13.779500000178814 4.844184055924416 26.7
      vertex -12.295564837753773 5 26.7
      vertex -13.779500000178814 5 26.7
    endloop
  endfacet
  facet normal 0 0 1
    outer loop
      vertex -13.149434007704258 4.374986097216606 26.7
      vertex -12.295564837753773 5 26.7
      vertex -13.742789261043072 4.815048344433308 26.7
    endloop
  endfacet
  facet normal 0 0 1
    outer loop
      vertex -11.92113173007965 3.55426075309515 26.7
      vertex -11.393063880503178 4.403462931513786 26.7
      vertex -12.541998013854027 3.954573504626751 26.7
    endloop
  endfacet
  facet normal 0 0 1
    outer loop
      vertex -12.541998013854027 3.954573504626751 26.7
      vertex -11.986427776515484 4.786043114960194 26.7
      vertex -12.295564837753773 5 26.7
    endloop
  endfacet
  facet normal 0 0 1
    outer loop
      vertex -12.541998013854027 3.954573504626751 26.7
      vertex -11.393063880503178 4.403462931513786 26.7
      vertex -11.986427776515484 4.786043114960194 26.7
    endloop
  endfacet
  facet normal 0 0 1
    outer loop
      vertex -11.92113173007965 3.55426075309515 26.7
      vertex -10.787500001490116 4.040501914918423 26.7
      vertex -11.393063880503178 4.403462931513786 26.7
    endloop
  endfacet
  facet normal 0 0 1
    outer loop
      vertex -11.287500001490116 3.1744765117764473 26.7
      vertex -10.641781337559223 2.8156274557113647 26.7
      vertex -10.170384593307972 3.6975487247109413 26.7
    endloop
  endfacet
  facet normal 0 0 1
    outer loop
      vertex -11.287500001490116 3.1744765117764473 26.7
      vertex -10.170384593307972 3.6975487247109413 26.7
      vertex -10.787500001490116 4.040501914918423 26.7
    endloop
  endfacet
  facet normal 0 0 1
    outer loop
      vertex -10.641781337559223 2.8156274557113647 26.7
      vertex -9.984667181968689 2.47809786349535 26.7
      vertex -9.54237849265337 3.3749706000089645 26.7
    endloop
  endfacet
  facet normal 0 0 1
    outer loop
      vertex -10.641781337559223 2.8156274557113647 26.7
      vertex -9.54237849265337 3.3749706000089645 26.7
      vertex -10.170384593307972 3.6975487247109413 26.7
    endloop
  endfacet
  facet normal 0 0 1
    outer loop
      vertex -9.984667181968689 2.47809786349535 26.7
      vertex -9.31686119735241 2.162249155342579 26.7
      vertex -8.904154166579247 3.073112979531288 26.7
    endloop
  endfacet
  facet normal 0 0 1
    outer loop
      vertex -8.639078482985497 1.8684195503592491 26.7
      vertex -8.256395056843758 2.792299084365368 26.7
      vertex -9.31686119735241 2.162249155342579 26.7
    endloop
  endfacet
  facet normal 0 0 1
    outer loop
      vertex -9.31686119735241 2.162249155342579 26.7
      vertex -8.256395056843758 2.792299084365368 26.7
      vertex -8.904154166579247 3.073112979531288 26.7
    endloop
  endfacet
  facet normal 0 0 1
    outer loop
      vertex -9.984667181968689 2.47809786349535 26.7
      vertex -8.904154166579247 3.073112979531288 26.7
      vertex -9.54237849265337 3.3749706000089645 26.7
    endloop
  endfacet
  facet normal 0 0 1
    outer loop
      vertex -7.952044829726219 1.5969237014651299 26.7
      vertex -7.256495930254459 1.348052330315113 26.7
      vertex -6.935056462883949 2.2949824556708336 26.7
    endloop
  endfacet
  facet normal 0 0 1
    outer loop
      vertex -7.256495930254459 1.348052330315113 26.7
      vertex -6.553176589310169 1.122071921825409 26.7
      vertex -6.262891910970211 2.0790122598409653 26.7
    endloop
  endfacet
  facet normal 0 0 1
    outer loop
      vertex -7.256495930254459 1.348052330315113 26.7
      vertex -6.262891910970211 2.0790122598409653 26.7
      vertex -6.935056462883949 2.2949824556708336 26.7
    endloop
  endfacet
  facet normal 0 0 1
    outer loop
      vertex -5.842839941382408 0.9192244708538055 26.7
      vertex -5.584020897746086 1.8851502984762192 26.7
      vertex -6.553176589310169 1.122071921825409 26.7
    endloop
  endfacet
  facet normal 0 0 1
    outer loop
      vertex -6.553176589310169 1.122071921825409 26.7
      vertex -5.584020897746086 1.8851502984762192 26.7
      vertex -6.262891910970211 2.0790122598409653 26.7
    endloop
  endfacet
  facet normal 0 0 1
    outer loop
      vertex -8.639078482985497 1.8684195503592491 26.7
      vertex -7.952044829726219 1.5969237014651299 26.7
      vertex -7.5997947826981544 2.532829627394676 26.7
    endloop
  endfacet
  facet normal 0 0 1
    outer loop
      vertex -8.639078482985497 1.8684195503592491 26.7
      vertex -7.5997947826981544 2.532829627394676 26.7
      vertex -8.256395056843758 2.792299084365368 26.7
    endloop
  endfacet
  facet normal 0 0 1
    outer loop
      vertex -7.952044829726219 1.5969237014651299 26.7
      vertex -6.935056462883949 2.2949824556708336 26.7
      vertex -7.5997947826981544 2.532829627394676 26.7
    endloop
  endfacet
  facet normal 0 0 1
    outer loop
      vertex -5.126246638596058 0.7397271916270256 26.7
      vertex -4.404164016246796 0.5837722942233086 26.7
      vertex -4.2090737000107765 1.5645575746893883 26.7
    endloop
  endfacet
  facet normal 0 0 1
    outer loop
      vertex -5.842839941382408 0.9192244708538055 26.7
      vertex -5.126246638596058 0.7397271916270256 26.7
      vertex -4.899170376360416 1.713604174554348 26.7
    endloop
  endfacet
  facet normal 0 0 1
    outer loop
      vertex -5.842839941382408 0.9192244708538055 26.7
      vertex -4.899170376360416 1.713604174554348 26.7
      vertex -5.584020897746086 1.8851502984762192 26.7
    endloop
  endfacet
  facet normal 0 0 1
    outer loop
      vertex -5.126246638596058 0.7397271916270256 26.7
      vertex -4.2090737000107765 1.5645575746893883 26.7
      vertex -4.899170376360416 1.713604174554348 26.7
    endloop
  endfacet
  facet normal 0 0 1
    outer loop
      vertex -4.404164016246796 0.5837722942233086 26.7
      vertex -3.6773653104901314 0.45152677595615387 26.7
      vertex -3.514469839632511 1.438170112669468 26.7
    endloop
  endfacet
  facet normal 0 0 1
    outer loop
      vertex -3.6773653104901314 0.45152677595615387 26.7
      vertex -2.946628786623478 0.34313225746154785 26.7
      vertex -2.8161025941371918 1.3345771133899689 26.7
    endloop
  endfacet
  facet normal 0 0 1
    outer loop
      vertex -4.404164016246796 0.5837722942233086 26.7
      vertex -3.514469839632511 1.438170112669468 26.7
      vertex -4.2090737000107765 1.5645575746893883 26.7
    endloop
  endfacet
  facet normal 0 0 1
    outer loop
      vertex -3.6773653104901314 0.45152677595615387 26.7
      vertex -2.8161025941371918 1.3345771133899689 26.7
      vertex -3.514469839632511 1.438170112669468 26.7
    endloop
  endfacet
  facet normal 0 0 1
    outer loop
      vertex -2.946628786623478 0.34313225746154785 26.7
      vertex -2.2127369418740273 0.2587047964334488 26.7
      vertex -2.1147198006510735 1.25388952344656 26.7
    endloop
  endfacet
  facet normal 0 0 1
    outer loop
      vertex -2.946628786623478 0.34313225746154785 26.7
      vertex -2.1147198006510735 1.25388952344656 26.7
      vertex -2.8161025941371918 1.3345771133899689 26.7
    endloop
  endfacet
  facet normal 0 0 1
    outer loop
      vertex -2.2127369418740273 0.2587047964334488 26.7
      vertex -1.476475641131401 0.19833480566740036 26.7
      vertex -1.411072514951229 1.1961937323212624 26.7
    endloop
  endfacet
  facet normal 0 0 1
    outer loop
      vertex -2.2127369418740273 0.2587047964334488 26.7
      vertex -1.411072514951229 1.1961937323212624 26.7
      vertex -2.1147198006510735 1.25388952344656 26.7
    endloop
  endfacet
  facet normal 0 0 1
    outer loop
      vertex -1.476475641131401 0.19833480566740036 26.7
      vertex -0.7386332973837852 0.16208694130182266 26.7
      vertex -0.7059142142534256 1.1615515276789665 26.7
    endloop
  endfacet
  facet normal 0 0 1
    outer loop
      vertex -1.476475641131401 0.19833480566740036 26.7
      vertex -0.7059142142534256 1.1615515276789665 26.7
      vertex -1.411072514951229 1.1961937323212624 26.7
    endloop
  endfacet
  facet normal 0 0 1
    outer loop
      vertex -0.7386332973837852 0.16208694130182266 26.7
      vertex 0 0.14999999850988388 26.7
      vertex 0 1.1499999985098839 26.7
    endloop
  endfacet
  facet normal 0 0 1
    outer loop
      vertex -0.7386332973837852 0.16208694130182266 26.7
      vertex 0 1.1499999985098839 26.7
      vertex -0.7059142142534256 1.1615515276789665 26.7
    endloop
  endfacet
  facet normal 0.0163617384295697 -0.9998661377982365 0
    outer loop
      vertex 0.7386332973837852 0.16208694130182266 0
      vertex 0.7386332973837852 0.16208694130182266 26.7
      vertex 0 0.14999999850988388 26.7
    endloop
  endfacet
  facet normal 0.04906766675260521 -0.9987954565772992 0
    outer loop
      vertex 1.476475641131401 0.19833480566740036 0
      vertex 1.476475641131401 0.19833480566740036 26.7
      vertex 0.7386332973837852 0.16208694130182266 26.7
    endloop
  endfacet
  facet normal 0.0817210785241701 -0.9966552389491796 0
    outer loop
      vertex 2.2127369418740273 0.2587047964334488 0
      vertex 2.2127369418740273 0.2587047964334488 26.7
      vertex 1.476475641131401 0.19833480566740036 26.7
    endloop
  endfacet
  facet normal 0.11428696778592715 -0.9934477786951353 0
    outer loop
      vertex 2.946628786623478 0.34313225746154785 0
      vertex 2.946628786623478 0.34313225746154785 26.7
      vertex 2.2127369418740273 0.2587047964334488 26.7
    endloop
  endfacet
  facet normal 0.14673046729829314 -0.9891765110264317 0
    outer loop
      vertex 3.6773653104901314 0.45152677595615387 0
      vertex 3.6773653104901314 0.45152677595615387 26.7
      vertex 2.946628786623478 0.34313225746154785 26.7
    endloop
  endfacet
  facet normal 0.17901686375967293 -0.9838460054752729 0
    outer loop
      vertex 4.404164016246796 0.5837722942233086 0
      vertex 4.404164016246796 0.5837722942233086 26.7
      vertex 3.6773653104901314 0.45152677595615387 26.7
    endloop
  endfacet
  facet normal 0.21111155061606277 -0.9774619753200026 0
    outer loop
      vertex 5.126246638596058 0.7397271916270256 0
      vertex 5.126246638596058 0.7397271916270256 26.7
      vertex 4.404164016246796 0.5837722942233086 26.7
    endloop
  endfacet
  facet normal -0.016361737195507337 0.9998661378184308 0
    outer loop
      vertex 0.7059142142534256 1.1615515276789665 2.4
      vertex 0 1.1499999985098839 26.7
      vertex 0.7059142142534256 1.1615515276789665 26.7
    endloop
  endfacet
  facet normal -0.049067672547348104 0.9987954562926217 0
    outer loop
      vertex 1.411072514951229 1.1961937323212624 2.4
      vertex 0.7059142142534256 1.1615515276789665 26.7
      vertex 1.411072514951229 1.1961937323212624 26.7
    endloop
  endfacet
  facet normal -0.08172107485713007 0.9966552392498598 0
    outer loop
      vertex 2.1147198006510735 1.25388952344656 2.4
      vertex 1.411072514951229 1.1961937323212624 26.7
      vertex 2.1147198006510735 1.25388952344656 26.7
    endloop
  endfacet
  facet normal -0.11428695972698687 0.9934477796222416 0
    outer loop
      vertex 2.8161025941371918 1.3345771133899689 2.4
      vertex 2.1147198006510735 1.25388952344656 26.7
      vertex 2.8161025941371918 1.3345771133899689 26.7
    endloop
  endfacet
  facet normal -0.14673048035177094 0.9891765090901312 0
    outer loop
      vertex 3.514469839632511 1.438170112669468 2.4
      vertex 2.8161025941371918 1.3345771133899689 26.7
      vertex 3.514469839632511 1.438170112669468 26.7
    endloop
  endfacet
  facet normal -0.17901685680619392 0.9838460067405015 0
    outer loop
      vertex 4.2090737000107765 1.5645575746893883 2.4
      vertex 3.514469839632511 1.438170112669468 26.7
      vertex 4.2090737000107765 1.5645575746893883 26.7
    endloop
  endfacet
  facet normal -0.21111155684567204 0.977461973974536 0
    outer loop
      vertex 4.899170376360416 1.713604174554348 2.4
      vertex 4.2090737000107765 1.5645575746893883 26.7
      vertex 4.899170376360416 1.713604174554348 26.7
    endloop
  endfacet
  facet normal -0.2429801780833994 0.9700312536503962 0
    outer loop
      vertex 5.584020897746086 1.8851502984762192 2.4
      vertex 4.899170376360416 1.713604174554348 26.7
      vertex 5.584020897746086 1.8851502984762192 26.7
    endloop
  endfacet
  facet normal 0.2429801813278003 -0.9700312528377161 0
    outer loop
      vertex 5.842839941382408 0.9192244708538055 0
      vertex 5.842839941382408 0.9192244708538055 26.7
      vertex 5.126246638596058 0.7397271916270256 26.7
    endloop
  endfacet
  facet normal 0.2745886195009673 -0.9615617973071481 0
    outer loop
      vertex 6.553176589310169 1.122071921825409 0
      vertex 6.553176589310169 1.122071921825409 26.7
      vertex 5.842839941382408 0.9192244708538055 26.7
    endloop
  endfacet
  facet normal 0.305903023099948 -0.9520626767489168 0
    outer loop
      vertex 7.256495930254459 1.348052330315113 0
      vertex 7.256495930254459 1.348052330315113 26.7
      vertex 6.553176589310169 1.122071921825409 26.7
    endloop
  endfacet
  facet normal 0.33688984795005716 -0.9415440671302578 0
    outer loop
      vertex 7.952044829726219 1.5969237014651299 0
      vertex 7.952044829726219 1.5969237014651299 26.7
      vertex 7.256495930254459 1.348052330315113 26.7
    endloop
  endfacet
  facet normal 0.36751593543721023 -0.9300172241414201 0
    outer loop
      vertex 8.639078482985497 1.8684195503592491 0
      vertex 8.639078482985497 1.8684195503592491 26.7
      vertex 7.952044829726219 1.5969237014651299 26.7
    endloop
  endfacet
  facet normal 0.39774848044547945 -0.9174944938817409 0
    outer loop
      vertex 9.31686119735241 2.162249155342579 0
      vertex 9.31686119735241 2.162249155342579 26.7
      vertex 8.639078482985497 1.8684195503592491 26.7
    endloop
  endfacet
  facet normal 0.42755509376198075 -0.9039892929665616 0
    outer loop
      vertex 9.984667181968689 2.47809786349535 0
      vertex 9.984667181968689 2.47809786349535 26.7
      vertex 9.31686119735241 2.162249155342579 26.7
    endloop
  endfacet
  facet normal 0.4569038681478329 -0.8895160792653205 0
    outer loop
      vertex 10.641781337559223 2.8156274557113647 0
      vertex 10.641781337559223 2.8156274557113647 26.7
      vertex 9.984667181968689 2.47809786349535 26.7
    endloop
  endfacet
  facet normal -0.27458862176039006 0.9615617966619355 0
    outer loop
      vertex 6.262891910970211 2.0790122598409653 2.4
      vertex 5.584020897746086 1.8851502984762192 26.7
      vertex 6.262891910970211 2.0790122598409653 26.7
    endloop
  endfacet
  facet normal -0.30590301539823056 0.9520626792235214 0
    outer loop
      vertex 6.935056462883949 2.2949824556708336 2.4
      vertex 6.262891910970211 2.0790122598409653 26.7
      vertex 6.935056462883949 2.2949824556708336 26.7
    endloop
  endfacet
  facet normal -0.33688985052595066 0.9415440662085882 0
    outer loop
      vertex 7.5997947826981544 2.532829627394676 2.4
      vertex 6.935056462883949 2.2949824556708336 26.7
      vertex 7.5997947826981544 2.532829627394676 26.7
    endloop
  endfacet
  facet normal -0.3675159356485221 0.9300172240579156 0
    outer loop
      vertex 8.256395056843758 2.792299084365368 2.4
      vertex 7.5997947826981544 2.532829627394676 26.7
      vertex 8.256395056843758 2.792299084365368 26.7
    endloop
  endfacet
  facet normal -0.3977484817816897 0.9174944933024726 0
    outer loop
      vertex 8.904154166579247 3.073112979531288 2.4
      vertex 8.256395056843758 2.792299084365368 26.7
      vertex 8.904154166579247 3.073112979531288 26.7
    endloop
  endfacet
  facet normal -0.4275550877905836 0.9039892957908219 0
    outer loop
      vertex 9.54237849265337 3.3749706000089645 2.4
      vertex 8.904154166579247 3.073112979531288 26.7
      vertex 9.54237849265337 3.3749706000089645 26.7
    endloop
  endfacet
  facet normal -0.45690388343338195 0.8895160714138304 0
    outer loop
      vertex 10.170384593307972 3.6975487247109413 2.4
      vertex 9.54237849265337 3.3749706000089645 26.7
      vertex 10.170384593307972 3.6975487247109413 26.7
    endloop
  endfacet
  facet normal -0.48576338900824734 0.8740903442432152 0
    outer loop
      vertex 10.787500001490116 4.040501914918423 2.4
      vertex 10.170384593307972 3.6975487247109413 26.7
      vertex 10.787500001490116 4.040501914918423 26.7
    endloop
  endfacet
  facet normal 0.48576339895960824 -0.8740903387128863 0
    outer loop
      vertex 11.287500001490116 3.1744765117764473 0
      vertex 11.287500001490116 3.1744765117764473 26.7
      vertex 10.641781337559223 2.8156274557113647 26.7
    endloop
  endfacet
  facet normal 0.5141027429514727 -0.8577286107445478 0
    outer loop
      vertex 11.92113173007965 3.55426075309515 0
      vertex 11.92113173007965 3.55426075309515 26.7
      vertex 11.287500001490116 3.1744765117764473 26.7
    endloop
  endfacet
  facet normal 0.5418915807139824 -0.840448401004667 0
    outer loop
      vertex 12.541998013854027 3.954573504626751 0
      vertex 12.541998013854027 3.954573504626751 26.7
      vertex 11.92113173007965 3.55426075309515 26.7
    endloop
  endfacet
  facet normal 0.5691001470336902 -0.8222682181905319 0
    outer loop
      vertex 13.149434007704258 4.374986097216606 0
      vertex 13.149434007704258 4.374986097216606 26.7
      vertex 12.541998013854027 3.954573504626751 26.7
    endloop
  endfacet
  facet normal 0.5956993040073867 -0.8032075318403801 0
    outer loop
      vertex 13.742789261043072 4.815048344433308 0
      vertex 13.742789261043072 4.815048344433308 26.7
      vertex 13.149434007704258 4.374986097216606 26.7
    endloop
  endfacet
  facet normal 0.6216605332655936 -0.7832867810578306 0
    outer loop
      vertex 13.779500000178814 4.844184055924416 0
      vertex 13.779500000178814 4.844184055924416 26.7
      vertex 13.742789261043072 4.815048344433308 26.7
    endloop
  endfacet
  facet normal 1 0 0
    outer loop
      vertex 13.779500000178814 5 0
      vertex 13.779500000178814 5 26.7
      vertex 13.779500000178814 4.844184055924416 26.7
    endloop
  endfacet
  facet normal -0.5141027396540223 0.8577286127209635 0
    outer loop
      vertex 11.393063880503178 4.403462931513786 2.4
      vertex 10.787500001490116 4.040501914918423 26.7
      vertex 11.393063880503178 4.403462931513786 26.7
    endloop
  endfacet
  facet normal -0.5418915853386408 0.8404483980228498 0
    outer loop
      vertex 11.986427776515484 4.786043114960194 2.4
      vertex 11.393063880503178 4.403462931513786 26.7
      vertex 11.986427776515484 4.786043114960194 26.7
    endloop
  endfacet
  facet normal -0.5691001462178991 0.8222682187551492 0
    outer loop
      vertex 12.295564837753773 5 2.4
      vertex 11.986427776515484 4.786043114960194 26.7
      vertex 12.295564837753773 5 26.7
    endloop
  endfacet
  facet normal 0 1 0
    outer loop
      vertex 13.23685414174036 5 2.4
      vertex 12.295564837753773 5 26.7
      vertex 13.779500000178814 5 26.7
    endloop
  endfacet
  facet normal 0 0 1
    outer loop
      vertex 0 0.14999999850988388 26.7
      vertex 0.7386332973837852 0.16208694130182266 26.7
      vertex 0.7059142142534256 1.1615515276789665 26.7
    endloop
  endfacet
  facet normal 0 0 1
    outer loop
      vertex 0 0.14999999850988388 26.7
      vertex 0.7059142142534256 1.1615515276789665 26.7
      vertex 0 1.1499999985098839 26.7
    endloop
  endfacet
  facet normal 0 0 1
    outer loop
      vertex 0.7386332973837852 0.16208694130182266 26.7
      vertex 1.476475641131401 0.19833480566740036 26.7
      vertex 1.411072514951229 1.1961937323212624 26.7
    endloop
  endfacet
  facet normal 0 0 1
    outer loop
      vertex 0.7386332973837852 0.16208694130182266 26.7
      vertex 1.411072514951229 1.1961937323212624 26.7
      vertex 0.7059142142534256 1.1615515276789665 26.7
    endloop
  endfacet
  facet normal 0 0 1
    outer loop
      vertex 1.476475641131401 0.19833480566740036 26.7
      vertex 2.2127369418740273 0.2587047964334488 26.7
      vertex 2.1147198006510735 1.25388952344656 26.7
    endloop
  endfacet
  facet normal 0 0 1
    outer loop
      vertex 1.476475641131401 0.19833480566740036 26.7
      vertex 2.1147198006510735 1.25388952344656 26.7
      vertex 1.411072514951229 1.1961937323212624 26.7
    endloop
  endfacet
  facet normal 0 0 1
    outer loop
      vertex 2.2127369418740273 0.2587047964334488 26.7
      vertex 2.8161025941371918 1.3345771133899689 26.7
      vertex 2.1147198006510735 1.25388952344656 26.7
    endloop
  endfacet
  facet normal 0 0 1
    outer loop
      vertex 2.2127369418740273 0.2587047964334488 26.7
      vertex 2.946628786623478 0.34313225746154785 26.7
      vertex 2.8161025941371918 1.3345771133899689 26.7
    endloop
  endfacet
  facet normal 0 0 1
    outer loop
      vertex 2.946628786623478 0.34313225746154785 26.7
      vertex 3.514469839632511 1.438170112669468 26.7
      vertex 2.8161025941371918 1.3345771133899689 26.7
    endloop
  endfacet
  facet normal 0 0 1
    outer loop
      vertex 2.946628786623478 0.34313225746154785 26.7
      vertex 3.6773653104901314 0.45152677595615387 26.7
      vertex 3.514469839632511 1.438170112669468 26.7
    endloop
  endfacet
  facet normal 0 0 1
    outer loop
      vertex 3.6773653104901314 0.45152677595615387 26.7
      vertex 4.404164016246796 0.5837722942233086 26.7
      vertex 4.2090737000107765 1.5645575746893883 26.7
    endloop
  endfacet
  facet normal 0 0 1
    outer loop
      vertex 3.6773653104901314 0.45152677595615387 26.7
      vertex 4.2090737000107765 1.5645575746893883 26.7
      vertex 3.514469839632511 1.438170112669468 26.7
    endloop
  endfacet
  facet normal 0 0 1
    outer loop
      vertex 4.404164016246796 0.5837722942233086 26.7
      vertex 5.126246638596058 0.7397271916270256 26.7
      vertex 4.899170376360416 1.713604174554348 26.7
    endloop
  endfacet
  facet normal 0 0 1
    outer loop
      vertex 4.404164016246796 0.5837722942233086 26.7
      vertex 4.899170376360416 1.713604174554348 26.7
      vertex 4.2090737000107765 1.5645575746893883 26.7
    endloop
  endfacet
  facet normal 0 0 1
    outer loop
      vertex 5.126246638596058 0.7397271916270256 26.7
      vertex 5.842839941382408 0.9192244708538055 26.7
      vertex 5.584020897746086 1.8851502984762192 26.7
    endloop
  endfacet
  facet normal 0 0 1
    outer loop
      vertex 5.126246638596058 0.7397271916270256 26.7
      vertex 5.584020897746086 1.8851502984762192 26.7
      vertex 4.899170376360416 1.713604174554348 26.7
    endloop
  endfacet
  facet normal 0 0 1
    outer loop
      vertex 5.842839941382408 0.9192244708538055 26.7
      vertex 6.553176589310169 1.122071921825409 26.7
      vertex 6.262891910970211 2.0790122598409653 26.7
    endloop
  endfacet
  facet normal 0 0 1
    outer loop
      vertex 5.842839941382408 0.9192244708538055 26.7
      vertex 6.262891910970211 2.0790122598409653 26.7
      vertex 5.584020897746086 1.8851502984762192 26.7
    endloop
  endfacet
  facet normal 0 0 1
    outer loop
      vertex 6.553176589310169 1.122071921825409 26.7
      vertex 6.935056462883949 2.2949824556708336 26.7
      vertex 6.262891910970211 2.0790122598409653 26.7
    endloop
  endfacet
  facet normal 0 0 1
    outer loop
      vertex 6.553176589310169 1.122071921825409 26.7
      vertex 7.256495930254459 1.348052330315113 26.7
      vertex 6.935056462883949 2.2949824556708336 26.7
    endloop
  endfacet
  facet normal 0 0 1
    outer loop
      vertex 7.256495930254459 1.348052330315113 26.7
      vertex 7.952044829726219 1.5969237014651299 26.7
      vertex 7.5997947826981544 2.532829627394676 26.7
    endloop
  endfacet
  facet normal 0 0 1
    outer loop
      vertex 7.256495930254459 1.348052330315113 26.7
      vertex 7.5997947826981544 2.532829627394676 26.7
      vertex 6.935056462883949 2.2949824556708336 26.7
    endloop
  endfacet
  facet normal 0 0 1
    outer loop
      vertex 7.952044829726219 1.5969237014651299 26.7
      vertex 8.256395056843758 2.792299084365368 26.7
      vertex 7.5997947826981544 2.532829627394676 26.7
    endloop
  endfacet
  facet normal 0 0 1
    outer loop
      vertex 7.952044829726219 1.5969237014651299 26.7
      vertex 8.639078482985497 1.8684195503592491 26.7
      vertex 8.256395056843758 2.792299084365368 26.7
    endloop
  endfacet
  facet normal 0 0 1
    outer loop
      vertex 8.639078482985497 1.8684195503592491 26.7
      vertex 9.31686119735241 2.162249155342579 26.7
      vertex 8.904154166579247 3.073112979531288 26.7
    endloop
  endfacet
  facet normal 0 0 1
    outer loop
      vertex 8.256395056843758 2.792299084365368 26.7
      vertex 8.639078482985497 1.8684195503592491 26.7
      vertex 8.904154166579247 3.073112979531288 26.7
    endloop
  endfacet
  facet normal 0 0 1
    outer loop
      vertex 9.31686119735241 2.162249155342579 26.7
      vertex 9.984667181968689 2.47809786349535 26.7
      vertex 9.54237849265337 3.3749706000089645 26.7
    endloop
  endfacet
  facet normal 0 0 1
    outer loop
      vertex 9.31686119735241 2.162249155342579 26.7
      vertex 9.54237849265337 3.3749706000089645 26.7
      vertex 8.904154166579247 3.073112979531288 26.7
    endloop
  endfacet
  facet normal 0 0 1
    outer loop
      vertex 9.54237849265337 3.3749706000089645 26.7
      vertex 9.984667181968689 2.47809786349535 26.7
      vertex 10.170384593307972 3.6975487247109413 26.7
    endloop
  endfacet
  facet normal 0 0 1
    outer loop
      vertex 9.984667181968689 2.47809786349535 26.7
      vertex 10.641781337559223 2.8156274557113647 26.7
      vertex 10.170384593307972 3.6975487247109413 26.7
    endloop
  endfacet
  facet normal 0 0 1
    outer loop
      vertex 10.641781337559223 2.8156274557113647 26.7
      vertex 10.787500001490116 4.040501914918423 26.7
      vertex 10.170384593307972 3.6975487247109413 26.7
    endloop
  endfacet
  facet normal 0 0 1
    outer loop
      vertex 10.641781337559223 2.8156274557113647 26.7
      vertex 11.287500001490116 3.1744765117764473 26.7
      vertex 10.787500001490116 4.040501914918423 26.7
    endloop
  endfacet
  facet normal 0 0 1
    outer loop
      vertex 11.287500001490116 3.1744765117764473 26.7
      vertex 11.92113173007965 3.55426075309515 26.7
      vertex 11.393063880503178 4.403462931513786 26.7
    endloop
  endfacet
  facet normal 0 0 1
    outer loop
      vertex 10.787500001490116 4.040501914918423 26.7
      vertex 11.287500001490116 3.1744765117764473 26.7
      vertex 11.393063880503178 4.403462931513786 26.7
    endloop
  endfacet
  facet normal 0 0 1
    outer loop
      vertex 11.92113173007965 3.55426075309515 26.7
      vertex 12.541998013854027 3.954573504626751 26.7
      vertex 11.986427776515484 4.786043114960194 26.7
    endloop
  endfacet
  facet normal 0 0 1
    outer loop
      vertex 11.92113173007965 3.55426075309515 26.7
      vertex 11.986427776515484 4.786043114960194 26.7
      vertex 11.393063880503178 4.403462931513786 26.7
    endloop
  endfacet
  facet normal 0 0 1
    outer loop
      vertex 11.986427776515484 4.786043114960194 26.7
      vertex 12.541998013854027 3.954573504626751 26.7
      vertex 12.295564837753773 5 26.7
    endloop
  endfacet
  facet normal 0 0 1
    outer loop
      vertex 12.295564837753773 5 26.7
      vertex 12.541998013854027 3.954573504626751 26.7
      vertex 13.149434007704258 4.374986097216606 26.7
    endloop
  endfacet
  facet normal 0 0 1
    outer loop
      vertex 12.295564837753773 5 26.7
      vertex 13.149434007704258 4.374986097216606 26.7
      vertex 13.742789261043072 4.815048344433308 26.7
    endloop
  endfacet
  facet normal 0 0 1
    outer loop
      vertex 12.295564837753773 5 26.7
      vertex 13.742789261043072 4.815048344433308 26.7
      vertex 13.779500000178814 4.844184055924416 26.7
    endloop
  endfacet
  facet normal 0 0 1
    outer loop
      vertex 12.295564837753773 5 26.7
      vertex 13.779500000178814 4.844184055924416 26.7
      vertex 13.779500000178814 5 26.7
    endloop
  endfacet
  facet normal 0.6343932841636478 0.773010453362735 3.1078066675851096e-18
    outer loop
      vertex -3.956949288556684 13.51220328810697 0
      vertex -4.285747798150448 13.782041251386648 0
      vertex -4.285747798150448 13.782041251386648 2.4
    endloop
  endfacet
  facet normal 0.7298640726978358 0.6835923020228711 -4.831577779498555e-18
    outer loop
      vertex -4.59619407771256 14.07280592228744 0
      vertex -4.886958748613353 14.383252201849551 0
      vertex -4.886958748613353 14.383252201849551 2.4
    endloop
  endfacet
  facet normal 0.6835923020228678 0.7298640726978388 -3.0889637156297224e-18
    outer loop
      vertex -4.285747798150448 13.782041251386648 0
      vertex -4.59619407771256 14.07280592228744 0
      vertex -4.59619407771256 14.07280592228744 2.4
    endloop
  endfacet
  facet normal 0.5824776968677994 0.8128466845916174 4.981835001287132e-18
    outer loop
      vertex -3.611206514627414 13.264447520033457 0
      vertex -3.956949288556684 13.51220328810697 0
      vertex -3.956949288556684 13.51220328810697 2.4
    endloop
  endfacet
  facet normal 0.5280678506503713 0.8492021815265769 4.228639964893433e-18
    outer loop
      vertex -3.25 13.039834875401148 0
      vertex -3.611206514627414 13.264447520033457 0
      vertex -3.611206514627414 13.264447520033457 2.4
    endloop
  endfacet
  facet normal 0.4713967368259944 0.8819212643483566 5.7450326629386054e-18
    outer loop
      vertex -2.8748764864235086 12.839327180037527 0
      vertex -3.25 13.039834875401148 0
      vertex -3.25 13.039834875401148 2.4
    endloop
  endfacet
  facet normal 0.6835923020228678 0.7298640726978388 -3.0889637156297224e-18
    outer loop
      vertex -4.59619407771256 14.07280592228744 2.4
      vertex -4.285747798150448 13.782041251386648 2.4
      vertex -4.285747798150448 13.782041251386648 0
    endloop
  endfacet
  facet normal 0.7298640726978358 0.6835923020228711 -4.831577779498555e-18
    outer loop
      vertex -4.886958748613353 14.383252201849551 2.4
      vertex -4.59619407771256 14.07280592228744 2.4
      vertex -4.59619407771256 14.07280592228744 0
    endloop
  endfacet
  facet normal 0.5824776968677994 0.8128466845916174 0
    outer loop
      vertex -3.611206514627414 13.264447520033457 0
      vertex -3.956949288556684 13.51220328810697 2.4
      vertex -3.611206514627414 13.264447520033457 2.4
    endloop
  endfacet
  facet normal 0.4713967368259944 0.8819212643483566 5.7450326629386054e-18
    outer loop
      vertex -3.25 13.039834875401148 2.4
      vertex -2.8748764864235086 12.839327180037527 2.4
      vertex -2.8748764864235086 12.839327180037527 0
    endloop
  endfacet
  facet normal 0.5280678506503713 0.8492021815265769 4.228639964893433e-18
    outer loop
      vertex -3.611206514627414 13.264447520033457 2.4
      vertex -3.25 13.039834875401148 2.4
      vertex -3.25 13.039834875401148 0
    endloop
  endfacet
  facet normal 0.6343932841636478 0.773010453362735 0
    outer loop
      vertex -3.956949288556684 13.51220328810697 0
      vertex -4.285747798150448 13.782041251386648 2.4
      vertex -3.956949288556684 13.51220328810697 2.4
    endloop
  endfacet
  facet normal 0.35225004792123754 0.9359059267573241 -1.2614890927734467e-18
    outer loop
      vertex -2.08935652447055 12.513954158281813 0
      vertex -2.4874423103730834 12.663783038676637 0
      vertex -2.4874423103730834 12.663783038676637 2.4
    endloop
  endfacet
  facet normal 0.29028467725445833 0.95694033573221 -1.5716051022808893e-18
    outer loop
      vertex -1.6823237931663848 12.390482129121057 0
      vertex -2.08935652447055 12.513954158281813 0
      vertex -2.08935652447055 12.513954158281813 2.4
    endloop
  endfacet
  facet normal 0.22707626303437667 0.9738769792773329 2.3482567876230992e-18
    outer loop
      vertex -1.2680870931048336 12.293895677379002 0
      vertex -1.6823237931663848 12.390482129121057 0
      vertex -1.6823237931663848 12.390482129121057 2.4
    endloop
  endfacet
  facet normal 0.16289547339458668 0.9866433320848794 1.1904683315474265e-19
    outer loop
      vertex -0.8484202494303352 12.224608401070233 0
      vertex -1.2680870931048336 12.293895677379002 0
      vertex -1.2680870931048336 12.293895677379002 2.4
    endloop
  endfacet
  facet normal 0.0980171403295587 0.9951847266721972 -9.578094381957622e-19
    outer loop
      vertex -0.4251203399959299 12.182916998949079 0
      vertex -0.8484202494303352 12.224608401070233 0
      vertex -0.8484202494303352 12.224608401070233 2.4
    endloop
  endfacet
  facet normal 0.03271908282177839 0.9994645874763656 1.5787762470392545e-19
    outer loop
      vertex 0 12.169 0
      vertex -0.4251203399959299 12.182916998949079 0
      vertex -0.4251203399959299 12.182916998949079 2.4
    endloop
  endfacet
  facet normal 0.35225004792123754 0.9359059267573241 -1.2614890927734467e-18
    outer loop
      vertex -2.4874423103730834 12.663783038676637 2.4
      vertex -2.08935652447055 12.513954158281813 2.4
      vertex -2.08935652447055 12.513954158281813 0
    endloop
  endfacet
  facet normal 0.29028467725445833 0.95694033573221 0
    outer loop
      vertex -1.6823237931663848 12.390482129121057 0
      vertex -2.08935652447055 12.513954158281813 2.4
      vertex -1.6823237931663848 12.390482129121057 2.4
    endloop
  endfacet
  facet normal 0.22707626303437667 0.9738769792773329 0
    outer loop
      vertex -1.2680870931048336 12.293895677379002 0
      vertex -1.6823237931663848 12.390482129121057 2.4
      vertex -1.2680870931048336 12.293895677379002 2.4
    endloop
  endfacet
  facet normal 0.16289547339458668 0.9866433320848794 1.1904683315474265e-19
    outer loop
      vertex -1.2680870931048336 12.293895677379002 2.4
      vertex -0.8484202494303352 12.224608401070233 2.4
      vertex -0.8484202494303352 12.224608401070233 0
    endloop
  endfacet
  facet normal 0.03271908282177839 0.9994645874763656 0
    outer loop
      vertex 0 12.169 0
      vertex -0.4251203399959299 12.182916998949079 2.4
      vertex 0 12.169 2.4
    endloop
  endfacet
  facet normal 0.0980171403295587 0.9951847266721972 0
    outer loop
      vertex -0.4251203399959299 12.182916998949079 0
      vertex -0.8484202494303352 12.224608401070233 2.4
      vertex -0.4251203399959299 12.182916998949079 2.4
    endloop
  endfacet
  facet normal 0.4127070298043937 0.9108638249211763 5.413856076915594e-18
    outer loop
      vertex -2.4874423103730834 12.663783038676637 0
      vertex -2.8748764864235086 12.839327180037527 0
      vertex -2.8748764864235086 12.839327180037527 2.4
    endloop
  endfacet
  facet normal 0.4127070298043937 0.9108638249211763 0
    outer loop
      vertex -2.4874423103730834 12.663783038676637 0
      vertex -2.8748764864235086 12.839327180037527 2.4
      vertex -2.4874423103730834 12.663783038676637 2.4
    endloop
  endfacet
  facet normal 0.8492021815265796 0.5280678506503668 -2.355353601012221e-19
    outer loop
      vertex -5.404552479966544 15.057793485372585 0
      vertex -5.629165124598851 15.419 0
      vertex -5.629165124598851 15.419 2.4
    endloop
  endfacet
  facet normal 0.8819212643483543 0.471396736825999 -4.68294475675153e-18
    outer loop
      vertex -5.629165124598851 15.419 0
      vertex -5.829672819962473 15.79412351357649 0
      vertex -5.829672819962473 15.79412351357649 2.4
    endloop
  endfacet
  facet normal 0.910863824921176 0.41270702980439433 -3.395743722226363e-18
    outer loop
      vertex -5.829672819962473 15.79412351357649 0
      vertex -6.005216961323364 16.181557689626917 0
      vertex -6.005216961323364 16.181557689626917 2.4
    endloop
  endfacet
  facet normal 0.8819212643483543 0.471396736825999 -4.68294475675153e-18
    outer loop
      vertex -5.829672819962473 15.79412351357649 2.4
      vertex -5.629165124598851 15.419 2.4
      vertex -5.629165124598851 15.419 0
    endloop
  endfacet
  facet normal 0.910863824921176 0.41270702980439433 0
    outer loop
      vertex -5.829672819962473 15.79412351357649 0
      vertex -6.005216961323364 16.181557689626917 2.4
      vertex -5.829672819962473 15.79412351357649 2.4
    endloop
  endfacet
  facet normal 0.9569403357322084 0.2902846772544636 5.401036204747413e-19
    outer loop
      vertex -6.155045841718187 16.57964347552945 0
      vertex -6.278517870878944 16.986676206833614 0
      vertex -6.278517870878944 16.986676206833614 2.4
    endloop
  endfacet
  facet normal 0.9359059267573258 0.35225004792123316 -3.0840785248344685e-18
    outer loop
      vertex -6.005216961323364 16.181557689626917 0
      vertex -6.155045841718187 16.57964347552945 0
      vertex -6.155045841718187 16.57964347552945 2.4
    endloop
  endfacet
  facet normal 0.9738769792773337 0.22707626303437292 -2.9119594080499547e-18
    outer loop
      vertex -6.278517870878944 16.986676206833614 0
      vertex -6.375104322620998 17.400912906895165 0
      vertex -6.375104322620998 17.400912906895165 2.4
    endloop
  endfacet
  facet normal 0.986643332084879 0.16289547339458865 5.639361034893868e-19
    outer loop
      vertex -6.375104322620998 17.400912906895165 0
      vertex -6.4443915989297675 17.820579750569664 0
      vertex -6.4443915989297675 17.820579750569664 2.4
    endloop
  endfacet
  facet normal 0.9359059267573258 0.35225004792123316 0
    outer loop
      vertex -6.005216961323364 16.181557689626917 0
      vertex -6.155045841718187 16.57964347552945 2.4
      vertex -6.005216961323364 16.181557689626917 2.4
    endloop
  endfacet
  facet normal 0.9569403357322084 0.2902846772544636 5.401036204747413e-19
    outer loop
      vertex -6.278517870878944 16.986676206833614 2.4
      vertex -6.155045841718187 16.57964347552945 2.4
      vertex -6.155045841718187 16.57964347552945 0
    endloop
  endfacet
  facet normal 0.9738769792773337 0.22707626303437292 -2.9119594080499547e-18
    outer loop
      vertex -6.375104322620998 17.400912906895165 2.4
      vertex -6.278517870878944 16.986676206833614 2.4
      vertex -6.278517870878944 16.986676206833614 0
    endloop
  endfacet
  facet normal 0.986643332084879 0.16289547339458865 5.639361034893868e-19
    outer loop
      vertex -6.4443915989297675 17.820579750569664 2.4
      vertex -6.375104322620998 17.400912906895165 2.4
      vertex -6.375104322620998 17.400912906895165 0
    endloop
  endfacet
  facet normal 0.9951847266721969 0.0980171403295608 -1.0619842218102044e-18
    outer loop
      vertex -6.486083001050923 18.24387966000407 2.4
      vertex -6.4443915989297675 17.820579750569664 2.4
      vertex -6.4443915989297675 17.820579750569664 0
    endloop
  endfacet
  facet normal 0.9951847266721969 0.0980171403295608 -1.0619842218102044e-18
    outer loop
      vertex -6.4443915989297675 17.820579750569664 0
      vertex -6.486083001050923 18.24387966000407 0
      vertex -6.486083001050923 18.24387966000407 2.4
    endloop
  endfacet
  facet normal 0.9994645874763656 0.03271908282177618 -1.7978512004995137e-19
    outer loop
      vertex -6.486083001050923 18.24387966000407 0
      vertex -6.5 18.669 0
      vertex -6.5 18.669 2.4
    endloop
  endfacet
  facet normal 0.9994645874763656 -0.03271908282177618 1.7978512004995137e-19
    outer loop
      vertex -6.5 18.669 0
      vertex -6.486083001050923 19.094120339995932 0
      vertex -6.486083001050923 19.094120339995932 2.4
    endloop
  endfacet
  facet normal 0.9951847266721969 -0.0980171403295608 1.0619842218102044e-18
    outer loop
      vertex -6.486083001050923 19.094120339995932 0
      vertex -6.4443915989297675 19.517420249430337 0
      vertex -6.4443915989297675 19.517420249430337 2.4
    endloop
  endfacet
  facet normal 0.9994645874763656 0.03271908282177618 0
    outer loop
      vertex -6.486083001050923 18.24387966000407 0
      vertex -6.5 18.669 2.4
      vertex -6.486083001050923 18.24387966000407 2.4
    endloop
  endfacet
  facet normal 0.9994645874763656 -0.03271908282177618 1.7978512004995137e-19
    outer loop
      vertex -6.486083001050923 19.094120339995932 2.4
      vertex -6.5 18.669 2.4
      vertex -6.5 18.669 0
    endloop
  endfacet
  facet normal 0.9951847266721969 -0.0980171403295608 1.0619842218102044e-18
    outer loop
      vertex -6.4443915989297675 19.517420249430337 2.4
      vertex -6.486083001050923 19.094120339995932 2.4
      vertex -6.486083001050923 19.094120339995932 0
    endloop
  endfacet
  facet normal 0.986643332084879 -0.16289547339458865 -5.639361034893868e-19
    outer loop
      vertex -6.375104322620998 19.937087093104836 2.4
      vertex -6.4443915989297675 19.517420249430337 2.4
      vertex -6.4443915989297675 19.517420249430337 0
    endloop
  endfacet
  facet normal 0.986643332084879 -0.16289547339458865 -5.639361034893868e-19
    outer loop
      vertex -6.4443915989297675 19.517420249430337 0
      vertex -6.375104322620998 19.937087093104836 0
      vertex -6.375104322620998 19.937087093104836 2.4
    endloop
  endfacet
  facet normal 0.9738769792773337 -0.22707626303437292 2.9119594080499547e-18
    outer loop
      vertex -6.375104322620998 19.937087093104836 0
      vertex -6.278517870878944 20.351323793166387 0
      vertex -6.278517870878944 20.351323793166387 2.4
    endloop
  endfacet
  facet normal 0.9569403357322084 -0.2902846772544636 -5.401036204747413e-19
    outer loop
      vertex -6.278517870878944 20.351323793166387 0
      vertex -6.155045841718187 20.75835652447055 0
      vertex -6.155045841718187 20.75835652447055 2.4
    endloop
  endfacet
  facet normal 0.9359059267573258 -0.35225004792123316 3.0840785248344685e-18
    outer loop
      vertex -6.155045841718187 20.75835652447055 0
      vertex -6.005216961323364 21.156442310373084 0
      vertex -6.005216961323364 21.156442310373084 2.4
    endloop
  endfacet
  facet normal 0.910863824921176 -0.41270702980439433 3.395743722226363e-18
    outer loop
      vertex -6.005216961323364 21.156442310373084 0
      vertex -5.829672819962473 21.54387648642351 0
      vertex -5.829672819962473 21.54387648642351 2.4
    endloop
  endfacet
  facet normal 0.9738769792773337 -0.22707626303437292 2.9119594080499547e-18
    outer loop
      vertex -6.278517870878944 20.351323793166387 2.4
      vertex -6.375104322620998 19.937087093104836 2.4
      vertex -6.375104322620998 19.937087093104836 0
    endloop
  endfacet
  facet normal 0.9569403357322084 -0.2902846772544636 0
    outer loop
      vertex -6.278517870878944 20.351323793166387 0
      vertex -6.155045841718187 20.75835652447055 2.4
      vertex -6.278517870878944 20.351323793166387 2.4
    endloop
  endfacet
  facet normal 0.9359059267573258 -0.35225004792123316 3.0840785248344685e-18
    outer loop
      vertex -6.005216961323364 21.156442310373084 2.4
      vertex -6.155045841718187 20.75835652447055 2.4
      vertex -6.155045841718187 20.75835652447055 0
    endloop
  endfacet
  facet normal 0.910863824921176 -0.41270702980439433 0
    outer loop
      vertex -6.005216961323364 21.156442310373084 0
      vertex -5.829672819962473 21.54387648642351 2.4
      vertex -6.005216961323364 21.156442310373084 2.4
    endloop
  endfacet
  facet normal 0.7730104533627404 0.6343932841636414 3.2123572256667237e-18
    outer loop
      vertex -4.886958748613353 14.383252201849551 0
      vertex -5.156796711893029 14.712050711443318 0
      vertex -5.156796711893029 14.712050711443318 2.4
    endloop
  endfacet
  facet normal 0.8128466845916138 0.582477696867804 -3.586062640917665e-18
    outer loop
      vertex -5.156796711893029 14.712050711443318 0
      vertex -5.404552479966544 15.057793485372585 0
      vertex -5.404552479966544 15.057793485372585 2.4
    endloop
  endfacet
  facet normal 0.8128466845916138 0.582477696867804 -3.586062640917665e-18
    outer loop
      vertex -5.404552479966544 15.057793485372585 2.4
      vertex -5.156796711893029 14.712050711443318 2.4
      vertex -5.156796711893029 14.712050711443318 0
    endloop
  endfacet
  facet normal 0.7730104533627404 0.6343932841636414 3.2123572256667237e-18
    outer loop
      vertex -5.156796711893029 14.712050711443318 2.4
      vertex -4.886958748613353 14.383252201849551 2.4
      vertex -4.886958748613353 14.383252201849551 0
    endloop
  endfacet
  facet normal 0.8492021815265796 0.5280678506503668 -2.355353601012221e-19
    outer loop
      vertex -5.629165124598851 15.419 2.4
      vertex -5.404552479966544 15.057793485372585 2.4
      vertex -5.404552479966544 15.057793485372585 0
    endloop
  endfacet
  facet normal 0.8819212643483543 -0.471396736825999 4.68294475675153e-18
    outer loop
      vertex -5.829672819962473 21.54387648642351 0
      vertex -5.629165124598851 21.919 0
      vertex -5.629165124598851 21.919 2.4
    endloop
  endfacet
  facet normal 0.8819212643483543 -0.471396736825999 4.68294475675153e-18
    outer loop
      vertex -5.629165124598851 21.919 2.4
      vertex -5.829672819962473 21.54387648642351 2.4
      vertex -5.829672819962473 21.54387648642351 0
    endloop
  endfacet
  facet normal 0.8492021815265796 -0.5280678506503668 0
    outer loop
      vertex -5.629165124598851 21.919 0
      vertex -5.404552479966544 22.280206514627416 2.4
      vertex -5.629165124598851 21.919 2.4
    endloop
  endfacet
  facet normal 0.8492021815265796 -0.5280678506503668 2.355353601012221e-19
    outer loop
      vertex -5.629165124598851 21.919 0
      vertex -5.404552479966544 22.280206514627416 0
      vertex -5.404552479966544 22.280206514627416 2.4
    endloop
  endfacet
  facet normal 0.8128466845916138 -0.582477696867804 3.586062640917665e-18
    outer loop
      vertex -5.404552479966544 22.280206514627416 0
      vertex -5.156796711893029 22.625949288556683 0
      vertex -5.156796711893029 22.625949288556683 2.4
    endloop
  endfacet
  facet normal 0.7730104533627404 -0.6343932841636414 -3.2123572256667237e-18
    outer loop
      vertex -5.156796711893029 22.625949288556683 0
      vertex -4.886958748613353 22.95474779815045 0
      vertex -4.886958748613353 22.95474779815045 2.4
    endloop
  endfacet
  facet normal 0.7298640726978358 -0.6835923020228711 4.831577779498555e-18
    outer loop
      vertex -4.886958748613353 22.95474779815045 0
      vertex -4.59619407771256 23.26519407771256 0
      vertex -4.59619407771256 23.26519407771256 2.4
    endloop
  endfacet
  facet normal 0.8128466845916138 -0.582477696867804 0
    outer loop
      vertex -5.404552479966544 22.280206514627416 0
      vertex -5.156796711893029 22.625949288556683 2.4
      vertex -5.404552479966544 22.280206514627416 2.4
    endloop
  endfacet
  facet normal 0.7730104533627404 -0.6343932841636414 0
    outer loop
      vertex -5.156796711893029 22.625949288556683 0
      vertex -4.886958748613353 22.95474779815045 2.4
      vertex -5.156796711893029 22.625949288556683 2.4
    endloop
  endfacet
  facet normal 0.7298640726978358 -0.6835923020228711 4.831577779498555e-18
    outer loop
      vertex -4.59619407771256 23.26519407771256 2.4
      vertex -4.886958748613353 22.95474779815045 2.4
      vertex -4.886958748613353 22.95474779815045 0
    endloop
  endfacet
  facet normal 0.6835923020228678 -0.7298640726978388 3.0889637156297224e-18
    outer loop
      vertex -4.59619407771256 23.26519407771256 0
      vertex -4.285747798150448 23.555958748613353 0
      vertex -4.285747798150448 23.555958748613353 2.4
    endloop
  endfacet
  facet normal 0.6343932841636478 -0.773010453362735 -3.1078066675851096e-18
    outer loop
      vertex -4.285747798150448 23.555958748613353 0
      vertex -3.956949288556684 23.82579671189303 0
      vertex -3.956949288556684 23.82579671189303 2.4
    endloop
  endfacet
  facet normal 0.5824776968677994 -0.8128466845916174 -4.981835001287132e-18
    outer loop
      vertex -3.956949288556684 23.82579671189303 0
      vertex -3.611206514627414 24.073552479966544 0
      vertex -3.611206514627414 24.073552479966544 2.4
    endloop
  endfacet
  facet normal 0.5280678506503713 -0.8492021815265769 -4.228639964893433e-18
    outer loop
      vertex -3.611206514627414 24.073552479966544 0
      vertex -3.25 24.298165124598853 0
      vertex -3.25 24.298165124598853 2.4
    endloop
  endfacet
  facet normal 0.47139673682599126 -0.8819212643483585 -5.959958781086249e-18
    outer loop
      vertex -3.25 24.298165124598853 0
      vertex -2.8748764864235086 24.498672819962472 0
      vertex -2.8748764864235086 24.498672819962472 2.4
    endloop
  endfacet
  facet normal 0.6835923020228678 -0.7298640726978388 3.0889637156297224e-18
    outer loop
      vertex -4.285747798150448 23.555958748613353 2.4
      vertex -4.59619407771256 23.26519407771256 2.4
      vertex -4.59619407771256 23.26519407771256 0
    endloop
  endfacet
  facet normal 0.6343932841636478 -0.773010453362735 -3.1078066675851096e-18
    outer loop
      vertex -3.956949288556684 23.82579671189303 2.4
      vertex -4.285747798150448 23.555958748613353 2.4
      vertex -4.285747798150448 23.555958748613353 0
    endloop
  endfacet
  facet normal 0.5824776968677994 -0.8128466845916174 0
    outer loop
      vertex -3.956949288556684 23.82579671189303 0
      vertex -3.611206514627414 24.073552479966544 2.4
      vertex -3.956949288556684 23.82579671189303 2.4
    endloop
  endfacet
  facet normal 0.5280678506503713 -0.8492021815265769 0
    outer loop
      vertex -3.611206514627414 24.073552479966544 0
      vertex -3.25 24.298165124598853 2.4
      vertex -3.611206514627414 24.073552479966544 2.4
    endloop
  endfacet
  facet normal 0.47139673682599126 -0.8819212643483585 0
    outer loop
      vertex -3.25 24.298165124598853 0
      vertex -2.8748764864235086 24.498672819962472 2.4
      vertex -3.25 24.298165124598853 2.4
    endloop
  endfacet
  facet normal 0.4127070298043971 -0.9108638249211746 2.6283277952571944e-18
    outer loop
      vertex -2.8748764864235086 24.498672819962472 0
      vertex -2.4874423103730834 24.674216961323364 0
      vertex -2.4874423103730834 24.674216961323364 2.4
    endloop
  endfacet
  facet normal 0.35225004792123754 -0.9359059267573241 1.2614890927734467e-18
    outer loop
      vertex -2.4874423103730834 24.674216961323364 0
      vertex -2.08935652447055 24.82404584171819 0
      vertex -2.08935652447055 24.82404584171819 2.4
    endloop
  endfacet
  facet normal 0.29028467725445833 -0.95694033573221 1.5716051022808893e-18
    outer loop
      vertex -2.08935652447055 24.82404584171819 0
      vertex -1.6823237931663848 24.947517870878944 0
      vertex -1.6823237931663848 24.947517870878944 2.4
    endloop
  endfacet
  facet normal 0.22707626303437667 -0.9738769792773329 -2.3482567876230992e-18
    outer loop
      vertex -1.6823237931663848 24.947517870878944 0
      vertex -1.2680870931048336 25.044104322621 0
      vertex -1.2680870931048336 25.044104322621 2.4
    endloop
  endfacet
  facet normal 0.16289547339458263 -0.9866433320848801 3.247334730524552e-19
    outer loop
      vertex -1.2680870931048336 25.044104322621 0
      vertex -0.8484202494303352 25.113391598929766 0
      vertex -0.8484202494303352 25.113391598929766 2.4
    endloop
  endfacet
  facet normal 0.4127070298043971 -0.9108638249211746 0
    outer loop
      vertex -2.8748764864235086 24.498672819962472 0
      vertex -2.4874423103730834 24.674216961323364 2.4
      vertex -2.8748764864235086 24.498672819962472 2.4
    endloop
  endfacet
  facet normal 0.35225004792123754 -0.9359059267573241 0
    outer loop
      vertex -2.4874423103730834 24.674216961323364 0
      vertex -2.08935652447055 24.82404584171819 2.4
      vertex -2.4874423103730834 24.674216961323364 2.4
    endloop
  endfacet
  facet normal 0.29028467725445833 -0.95694033573221 1.5716051022808893e-18
    outer loop
      vertex -1.6823237931663848 24.947517870878944 2.4
      vertex -2.08935652447055 24.82404584171819 2.4
      vertex -2.08935652447055 24.82404584171819 0
    endloop
  endfacet
  facet normal 0.22707626303437667 -0.9738769792773329 0
    outer loop
      vertex -1.6823237931663848 24.947517870878944 0
      vertex -1.2680870931048336 25.044104322621 2.4
      vertex -1.6823237931663848 24.947517870878944 2.4
    endloop
  endfacet
  facet normal 0.16289547339458263 -0.9866433320848801 0
    outer loop
      vertex -1.2680870931048336 25.044104322621 0
      vertex -0.8484202494303352 25.113391598929766 2.4
      vertex -1.2680870931048336 25.044104322621 2.4
    endloop
  endfacet
  facet normal 0.09801714032956285 -0.9951847266721968 3.866091798189533e-20
    outer loop
      vertex -0.8484202494303352 25.113391598929766 0
      vertex -0.4251203399959299 25.155083001050922 0
      vertex -0.4251203399959299 25.155083001050922 2.4
    endloop
  endfacet
  facet normal 0.03271908282177839 -0.9994645874763656 -1.5787762470392545e-19
    outer loop
      vertex -0.4251203399959299 25.155083001050922 0
      vertex 0 25.169 0
      vertex 0 25.169 2.4
    endloop
  endfacet
  facet normal 0.09801714032956285 -0.9951847266721968 0
    outer loop
      vertex -0.8484202494303352 25.113391598929766 0
      vertex -0.4251203399959299 25.155083001050922 2.4
      vertex -0.8484202494303352 25.113391598929766 2.4
    endloop
  endfacet
  facet normal 0.03271908282177839 -0.9994645874763656 0
    outer loop
      vertex -0.4251203399959299 25.155083001050922 0
      vertex 0 25.169 2.4
      vertex -0.4251203399959299 25.155083001050922 2.4
    endloop
  endfacet
  facet normal -0.03271908282177839 0.9994645874763656 -1.5787762470392545e-19
    outer loop
      vertex 0.4251203399959299 12.182916998949079 0
      vertex 0 12.169 0
      vertex 0 12.169 2.4
    endloop
  endfacet
  facet normal -0.0980171403295587 0.9951847266721972 9.578094381957622e-19
    outer loop
      vertex 0.8484202494303352 12.224608401070233 0
      vertex 0.4251203399959299 12.182916998949079 0
      vertex 0.4251203399959299 12.182916998949079 2.4
    endloop
  endfacet
  facet normal -0.16289547339458668 0.9866433320848794 -1.1904683315474265e-19
    outer loop
      vertex 1.2680870931048336 12.293895677379002 0
      vertex 0.8484202494303352 12.224608401070233 0
      vertex 0.8484202494303352 12.224608401070233 2.4
    endloop
  endfacet
  facet normal -0.22707626303437667 0.9738769792773329 -2.3482567876230992e-18
    outer loop
      vertex 1.6823237931663848 12.390482129121057 0
      vertex 1.2680870931048336 12.293895677379002 0
      vertex 1.2680870931048336 12.293895677379002 2.4
    endloop
  endfacet
  facet normal -0.29028467725445833 0.95694033573221 1.5716051022808893e-18
    outer loop
      vertex 2.08935652447055 12.513954158281813 0
      vertex 1.6823237931663848 12.390482129121057 0
      vertex 1.6823237931663848 12.390482129121057 2.4
    endloop
  endfacet
  facet normal -0.35225004792123754 0.9359059267573241 1.2614890927734467e-18
    outer loop
      vertex 2.4874423103730834 12.663783038676637 0
      vertex 2.08935652447055 12.513954158281813 0
      vertex 2.08935652447055 12.513954158281813 2.4
    endloop
  endfacet
  facet normal -0.03271908282177839 0.9994645874763656 0
    outer loop
      vertex 0.4251203399959299 12.182916998949079 0
      vertex 0 12.169 2.4
      vertex 0.4251203399959299 12.182916998949079 2.4
    endloop
  endfacet
  facet normal -0.0980171403295587 0.9951847266721972 0
    outer loop
      vertex 0.8484202494303352 12.224608401070233 0
      vertex 0.4251203399959299 12.182916998949079 2.4
      vertex 0.8484202494303352 12.224608401070233 2.4
    endloop
  endfacet
  facet normal -0.16289547339458668 0.9866433320848794 0
    outer loop
      vertex 1.2680870931048336 12.293895677379002 0
      vertex 0.8484202494303352 12.224608401070233 2.4
      vertex 1.2680870931048336 12.293895677379002 2.4
    endloop
  endfacet
  facet normal -0.22707626303437667 0.9738769792773329 -2.3482567876230992e-18
    outer loop
      vertex 1.2680870931048336 12.293895677379002 2.4
      vertex 1.6823237931663848 12.390482129121057 2.4
      vertex 1.6823237931663848 12.390482129121057 0
    endloop
  endfacet
  facet normal -0.29028467725445833 0.95694033573221 0
    outer loop
      vertex 2.08935652447055 12.513954158281813 0
      vertex 1.6823237931663848 12.390482129121057 2.4
      vertex 2.08935652447055 12.513954158281813 2.4
    endloop
  endfacet
  facet normal -0.35225004792123754 0.9359059267573241 1.2614890927734467e-18
    outer loop
      vertex 2.08935652447055 12.513954158281813 2.4
      vertex 2.4874423103730834 12.663783038676637 2.4
      vertex 2.4874423103730834 12.663783038676637 0
    endloop
  endfacet
  facet normal -0.4127070298043937 0.9108638249211763 -5.413856076915594e-18
    outer loop
      vertex 2.8748764864235086 12.839327180037527 0
      vertex 2.4874423103730834 12.663783038676637 0
      vertex 2.4874423103730834 12.663783038676637 2.4
    endloop
  endfacet
  facet normal -0.4127070298043937 0.9108638249211763 0
    outer loop
      vertex 2.8748764864235086 12.839327180037527 0
      vertex 2.4874423103730834 12.663783038676637 2.4
      vertex 2.8748764864235086 12.839327180037527 2.4
    endloop
  endfacet
  facet normal -0.4713967368259944 0.8819212643483566 -5.7450326629386054e-18
    outer loop
      vertex 3.25 13.039834875401148 0
      vertex 2.8748764864235086 12.839327180037527 0
      vertex 2.8748764864235086 12.839327180037527 2.4
    endloop
  endfacet
  facet normal -0.5280678506503713 0.8492021815265769 -4.228639964893433e-18
    outer loop
      vertex 3.611206514627414 13.264447520033457 0
      vertex 3.25 13.039834875401148 0
      vertex 3.25 13.039834875401148 2.4
    endloop
  endfacet
  facet normal -0.5824776968677994 0.8128466845916174 -4.981835001287132e-18
    outer loop
      vertex 3.956949288556684 13.51220328810697 0
      vertex 3.611206514627414 13.264447520033457 0
      vertex 3.611206514627414 13.264447520033457 2.4
    endloop
  endfacet
  facet normal -0.6343932841636478 0.773010453362735 -3.1078066675851096e-18
    outer loop
      vertex 4.285747798150448 13.782041251386648 0
      vertex 3.956949288556684 13.51220328810697 0
      vertex 3.956949288556684 13.51220328810697 2.4
    endloop
  endfacet
  facet normal -0.6835923020228678 0.7298640726978388 3.0889637156297224e-18
    outer loop
      vertex 4.59619407771256 14.07280592228744 0
      vertex 4.285747798150448 13.782041251386648 0
      vertex 4.285747798150448 13.782041251386648 2.4
    endloop
  endfacet
  facet normal -0.7298640726978358 0.6835923020228711 4.831577779498555e-18
    outer loop
      vertex 4.886958748613353 14.383252201849551 0
      vertex 4.59619407771256 14.07280592228744 0
      vertex 4.59619407771256 14.07280592228744 2.4
    endloop
  endfacet
  facet normal -0.4713967368259944 0.8819212643483566 0
    outer loop
      vertex 3.25 13.039834875401148 0
      vertex 2.8748764864235086 12.839327180037527 2.4
      vertex 3.25 13.039834875401148 2.4
    endloop
  endfacet
  facet normal -0.5280678506503713 0.8492021815265769 0
    outer loop
      vertex 3.611206514627414 13.264447520033457 0
      vertex 3.25 13.039834875401148 2.4
      vertex 3.611206514627414 13.264447520033457 2.4
    endloop
  endfacet
  facet normal -0.5824776968677994 0.8128466845916174 -4.981835001287132e-18
    outer loop
      vertex 3.611206514627414 13.264447520033457 2.4
      vertex 3.956949288556684 13.51220328810697 2.4
      vertex 3.956949288556684 13.51220328810697 0
    endloop
  endfacet
  facet normal -0.6343932841636478 0.773010453362735 -3.1078066675851096e-18
    outer loop
      vertex 3.956949288556684 13.51220328810697 2.4
      vertex 4.285747798150448 13.782041251386648 2.4
      vertex 4.285747798150448 13.782041251386648 0
    endloop
  endfacet
  facet normal -0.6835923020228678 0.7298640726978388 3.0889637156297224e-18
    outer loop
      vertex 4.285747798150448 13.782041251386648 2.4
      vertex 4.59619407771256 14.07280592228744 2.4
      vertex 4.59619407771256 14.07280592228744 0
    endloop
  endfacet
  facet normal -0.7298640726978358 0.6835923020228711 0
    outer loop
      vertex 4.886958748613353 14.383252201849551 0
      vertex 4.59619407771256 14.07280592228744 2.4
      vertex 4.886958748613353 14.383252201849551 2.4
    endloop
  endfacet
  facet normal -0.7730104533627404 0.6343932841636414 -3.2123572256667237e-18
    outer loop
      vertex 5.156796711893029 14.712050711443318 0
      vertex 4.886958748613353 14.383252201849551 0
      vertex 4.886958748613353 14.383252201849551 2.4
    endloop
  endfacet
  facet normal -0.8128466845916138 0.582477696867804 3.586062640917665e-18
    outer loop
      vertex 5.404552479966544 15.057793485372585 0
      vertex 5.156796711893029 14.712050711443318 0
      vertex 5.156796711893029 14.712050711443318 2.4
    endloop
  endfacet
  facet normal -0.8492021815265796 0.5280678506503668 2.355353601012221e-19
    outer loop
      vertex 5.629165124598851 15.419 0
      vertex 5.404552479966544 15.057793485372585 0
      vertex 5.404552479966544 15.057793485372585 2.4
    endloop
  endfacet
  facet normal -0.7730104533627404 0.6343932841636414 -3.2123572256667237e-18
    outer loop
      vertex 4.886958748613353 14.383252201849551 2.4
      vertex 5.156796711893029 14.712050711443318 2.4
      vertex 5.156796711893029 14.712050711443318 0
    endloop
  endfacet
  facet normal -0.8128466845916138 0.582477696867804 0
    outer loop
      vertex 5.404552479966544 15.057793485372585 0
      vertex 5.156796711893029 14.712050711443318 2.4
      vertex 5.404552479966544 15.057793485372585 2.4
    endloop
  endfacet
  facet normal -0.8819212643483543 0.471396736825999 4.68294475675153e-18
    outer loop
      vertex 5.829672819962473 15.79412351357649 0
      vertex 5.629165124598851 15.419 0
      vertex 5.629165124598851 15.419 2.4
    endloop
  endfacet
  facet normal -0.910863824921176 0.41270702980439433 3.395743722226363e-18
    outer loop
      vertex 6.005216961323364 16.181557689626917 0
      vertex 5.829672819962473 15.79412351357649 0
      vertex 5.829672819962473 15.79412351357649 2.4
    endloop
  endfacet
  facet normal -0.8492021815265796 0.5280678506503668 2.355353601012221e-19
    outer loop
      vertex 5.404552479966544 15.057793485372585 2.4
      vertex 5.629165124598851 15.419 2.4
      vertex 5.629165124598851 15.419 0
    endloop
  endfacet
  facet normal -0.8819212643483543 0.471396736825999 0
    outer loop
      vertex 5.829672819962473 15.79412351357649 0
      vertex 5.629165124598851 15.419 2.4
      vertex 5.829672819962473 15.79412351357649 2.4
    endloop
  endfacet
  facet normal -0.910863824921176 0.41270702980439433 3.395743722226363e-18
    outer loop
      vertex 5.829672819962473 15.79412351357649 2.4
      vertex 6.005216961323364 16.181557689626917 2.4
      vertex 6.005216961323364 16.181557689626917 0
    endloop
  endfacet
  facet normal -0.9359059267573258 0.35225004792123316 3.0840785248344685e-18
    outer loop
      vertex 6.155045841718187 16.57964347552945 0
      vertex 6.005216961323364 16.181557689626917 0
      vertex 6.005216961323364 16.181557689626917 2.4
    endloop
  endfacet
  facet normal -0.9569403357322084 0.2902846772544636 -5.401036204747413e-19
    outer loop
      vertex 6.278517870878944 16.986676206833614 0
      vertex 6.155045841718187 16.57964347552945 0
      vertex 6.155045841718187 16.57964347552945 2.4
    endloop
  endfacet
  facet normal -0.9738769792773337 0.22707626303437292 2.9119594080499547e-18
    outer loop
      vertex 6.375104322620998 17.400912906895165 0
      vertex 6.278517870878944 16.986676206833614 0
      vertex 6.278517870878944 16.986676206833614 2.4
    endloop
  endfacet
  facet normal -0.986643332084879 0.16289547339458865 -5.639361034893868e-19
    outer loop
      vertex 6.4443915989297675 17.820579750569664 0
      vertex 6.375104322620998 17.400912906895165 0
      vertex 6.375104322620998 17.400912906895165 2.4
    endloop
  endfacet
  facet normal -0.9951847266721969 0.0980171403295608 1.0619842218102044e-18
    outer loop
      vertex 6.486083001050923 18.24387966000407 0
      vertex 6.4443915989297675 17.820579750569664 0
      vertex 6.4443915989297675 17.820579750569664 2.4
    endloop
  endfacet
  facet normal -0.9359059267573258 0.35225004792123316 3.0840785248344685e-18
    outer loop
      vertex 6.005216961323364 16.181557689626917 2.4
      vertex 6.155045841718187 16.57964347552945 2.4
      vertex 6.155045841718187 16.57964347552945 0
    endloop
  endfacet
  facet normal -0.9569403357322084 0.2902846772544636 -5.401036204747413e-19
    outer loop
      vertex 6.155045841718187 16.57964347552945 2.4
      vertex 6.278517870878944 16.986676206833614 2.4
      vertex 6.278517870878944 16.986676206833614 0
    endloop
  endfacet
  facet normal -0.9738769792773337 0.22707626303437292 2.9119594080499547e-18
    outer loop
      vertex 6.278517870878944 16.986676206833614 2.4
      vertex 6.375104322620998 17.400912906895165 2.4
      vertex 6.375104322620998 17.400912906895165 0
    endloop
  endfacet
  facet normal -0.986643332084879 0.16289547339458865 0
    outer loop
      vertex 6.4443915989297675 17.820579750569664 0
      vertex 6.375104322620998 17.400912906895165 2.4
      vertex 6.4443915989297675 17.820579750569664 2.4
    endloop
  endfacet
  facet normal -0.9994645874763656 0.03271908282177618 1.7978512004995137e-19
    outer loop
      vertex 6.5 18.669 0
      vertex 6.486083001050923 18.24387966000407 0
      vertex 6.486083001050923 18.24387966000407 2.4
    endloop
  endfacet
  facet normal -0.9994645874763656 -0.03271908282177618 -1.7978512004995137e-19
    outer loop
      vertex 6.486083001050923 19.094120339995932 0
      vertex 6.5 18.669 0
      vertex 6.5 18.669 2.4
    endloop
  endfacet
  facet normal -0.9951847266721969 -0.0980171403295608 -1.0619842218102044e-18
    outer loop
      vertex 6.4443915989297675 19.517420249430337 0
      vertex 6.486083001050923 19.094120339995932 0
      vertex 6.486083001050923 19.094120339995932 2.4
    endloop
  endfacet
  facet normal -0.986643332084879 -0.16289547339458865 5.639361034893868e-19
    outer loop
      vertex 6.375104322620998 19.937087093104836 0
      vertex 6.4443915989297675 19.517420249430337 0
      vertex 6.4443915989297675 19.517420249430337 2.4
    endloop
  endfacet
  facet normal -0.9951847266721969 0.0980171403295608 1.0619842218102044e-18
    outer loop
      vertex 6.4443915989297675 17.820579750569664 2.4
      vertex 6.486083001050923 18.24387966000407 2.4
      vertex 6.486083001050923 18.24387966000407 0
    endloop
  endfacet
  facet normal -0.9994645874763656 0.03271908282177618 1.7978512004995137e-19
    outer loop
      vertex 6.486083001050923 18.24387966000407 2.4
      vertex 6.5 18.669 2.4
      vertex 6.5 18.669 0
    endloop
  endfacet
  facet normal -0.9994645874763656 -0.03271908282177618 -1.7978512004995137e-19
    outer loop
      vertex 6.5 18.669 2.4
      vertex 6.486083001050923 19.094120339995932 2.4
      vertex 6.486083001050923 19.094120339995932 0
    endloop
  endfacet
  facet normal -0.9951847266721969 -0.0980171403295608 -1.0619842218102044e-18
    outer loop
      vertex 6.486083001050923 19.094120339995932 2.4
      vertex 6.4443915989297675 19.517420249430337 2.4
      vertex 6.4443915989297675 19.517420249430337 0
    endloop
  endfacet
  facet normal -0.9738769792773337 -0.22707626303437292 -2.9119594080499547e-18
    outer loop
      vertex 6.278517870878944 20.351323793166387 0
      vertex 6.375104322620998 19.937087093104836 0
      vertex 6.375104322620998 19.937087093104836 2.4
    endloop
  endfacet
  facet normal -0.9569403357322084 -0.2902846772544636 5.401036204747413e-19
    outer loop
      vertex 6.155045841718187 20.75835652447055 0
      vertex 6.278517870878944 20.351323793166387 0
      vertex 6.278517870878944 20.351323793166387 2.4
    endloop
  endfacet
  facet normal -0.9359059267573258 -0.35225004792123316 -3.0840785248344685e-18
    outer loop
      vertex 6.005216961323364 21.156442310373084 0
      vertex 6.155045841718187 20.75835652447055 0
      vertex 6.155045841718187 20.75835652447055 2.4
    endloop
  endfacet
  facet normal -0.910863824921176 -0.41270702980439433 -3.395743722226363e-18
    outer loop
      vertex 5.829672819962473 21.54387648642351 0
      vertex 6.005216961323364 21.156442310373084 0
      vertex 6.005216961323364 21.156442310373084 2.4
    endloop
  endfacet
  facet normal -0.9569403357322084 -0.2902846772544636 5.401036204747413e-19
    outer loop
      vertex 6.278517870878944 20.351323793166387 2.4
      vertex 6.155045841718187 20.75835652447055 2.4
      vertex 6.155045841718187 20.75835652447055 0
    endloop
  endfacet
  facet normal -0.986643332084879 -0.16289547339458865 0
    outer loop
      vertex 6.375104322620998 19.937087093104836 0
      vertex 6.4443915989297675 19.517420249430337 2.4
      vertex 6.375104322620998 19.937087093104836 2.4
    endloop
  endfacet
  facet normal -0.9738769792773337 -0.22707626303437292 -2.9119594080499547e-18
    outer loop
      vertex 6.375104322620998 19.937087093104836 2.4
      vertex 6.278517870878944 20.351323793166387 2.4
      vertex 6.278517870878944 20.351323793166387 0
    endloop
  endfacet
  facet normal -0.9359059267573258 -0.35225004792123316 -3.0840785248344685e-18
    outer loop
      vertex 6.155045841718187 20.75835652447055 2.4
      vertex 6.005216961323364 21.156442310373084 2.4
      vertex 6.005216961323364 21.156442310373084 0
    endloop
  endfacet
  facet normal -0.910863824921176 -0.41270702980439433 -3.395743722226363e-18
    outer loop
      vertex 6.005216961323364 21.156442310373084 2.4
      vertex 5.829672819962473 21.54387648642351 2.4
      vertex 5.829672819962473 21.54387648642351 0
    endloop
  endfacet
  facet normal -0.16289547339458263 -0.9866433320848801 -3.247334730524552e-19
    outer loop
      vertex 0.8484202494303352 25.113391598929766 0
      vertex 1.2680870931048336 25.044104322621 0
      vertex 1.2680870931048336 25.044104322621 2.4
    endloop
  endfacet
  facet normal -0.22707626303437667 -0.9738769792773329 2.3482567876230992e-18
    outer loop
      vertex 1.2680870931048336 25.044104322621 0
      vertex 1.6823237931663848 24.947517870878944 0
      vertex 1.6823237931663848 24.947517870878944 2.4
    endloop
  endfacet
  facet normal -0.29028467725445833 -0.95694033573221 -1.5716051022808893e-18
    outer loop
      vertex 1.6823237931663848 24.947517870878944 0
      vertex 2.08935652447055 24.82404584171819 0
      vertex 2.08935652447055 24.82404584171819 2.4
    endloop
  endfacet
  facet normal -0.4127070298043971 -0.9108638249211746 -2.6283277952571944e-18
    outer loop
      vertex 2.4874423103730834 24.674216961323364 0
      vertex 2.8748764864235086 24.498672819962472 0
      vertex 2.8748764864235086 24.498672819962472 2.4
    endloop
  endfacet
  facet normal -0.35225004792123754 -0.9359059267573241 -1.2614890927734467e-18
    outer loop
      vertex 2.08935652447055 24.82404584171819 0
      vertex 2.4874423103730834 24.674216961323364 0
      vertex 2.4874423103730834 24.674216961323364 2.4
    endloop
  endfacet
  facet normal -0.16289547339458263 -0.9866433320848801 0
    outer loop
      vertex 0.8484202494303352 25.113391598929766 0
      vertex 1.2680870931048336 25.044104322621 2.4
      vertex 0.8484202494303352 25.113391598929766 2.4
    endloop
  endfacet
  facet normal -0.22707626303437667 -0.9738769792773329 0
    outer loop
      vertex 1.2680870931048336 25.044104322621 0
      vertex 1.6823237931663848 24.947517870878944 2.4
      vertex 1.2680870931048336 25.044104322621 2.4
    endloop
  endfacet
  facet normal -0.29028467725445833 -0.95694033573221 0
    outer loop
      vertex 1.6823237931663848 24.947517870878944 0
      vertex 2.08935652447055 24.82404584171819 2.4
      vertex 1.6823237931663848 24.947517870878944 2.4
    endloop
  endfacet
  facet normal -0.4127070298043971 -0.9108638249211746 -2.6283277952571944e-18
    outer loop
      vertex 2.8748764864235086 24.498672819962472 2.4
      vertex 2.4874423103730834 24.674216961323364 2.4
      vertex 2.4874423103730834 24.674216961323364 0
    endloop
  endfacet
  facet normal -0.35225004792123754 -0.9359059267573241 0
    outer loop
      vertex 2.08935652447055 24.82404584171819 0
      vertex 2.4874423103730834 24.674216961323364 2.4
      vertex 2.08935652447055 24.82404584171819 2.4
    endloop
  endfacet
  facet normal -0.8128466845916138 -0.582477696867804 -3.586062640917665e-18
    outer loop
      vertex 5.156796711893029 22.625949288556683 0
      vertex 5.404552479966544 22.280206514627416 0
      vertex 5.404552479966544 22.280206514627416 2.4
    endloop
  endfacet
  facet normal -0.7298640726978358 -0.6835923020228711 -4.831577779498555e-18
    outer loop
      vertex 4.59619407771256 23.26519407771256 0
      vertex 4.886958748613353 22.95474779815045 0
      vertex 4.886958748613353 22.95474779815045 2.4
    endloop
  endfacet
  facet normal -0.7730104533627404 -0.6343932841636414 3.2123572256667237e-18
    outer loop
      vertex 4.886958748613353 22.95474779815045 0
      vertex 5.156796711893029 22.625949288556683 0
      vertex 5.156796711893029 22.625949288556683 2.4
    endloop
  endfacet
  facet normal -0.8492021815265796 -0.5280678506503668 -2.355353601012221e-19
    outer loop
      vertex 5.629165124598851 21.919 2.4
      vertex 5.404552479966544 22.280206514627416 2.4
      vertex 5.404552479966544 22.280206514627416 0
    endloop
  endfacet
  facet normal -0.7298640726978358 -0.6835923020228711 -4.831577779498555e-18
    outer loop
      vertex 4.886958748613353 22.95474779815045 2.4
      vertex 4.59619407771256 23.26519407771256 2.4
      vertex 4.59619407771256 23.26519407771256 0
    endloop
  endfacet
  facet normal -0.7730104533627404 -0.6343932841636414 3.2123572256667237e-18
    outer loop
      vertex 5.156796711893029 22.625949288556683 2.4
      vertex 4.886958748613353 22.95474779815045 2.4
      vertex 4.886958748613353 22.95474779815045 0
    endloop
  endfacet
  facet normal -0.8128466845916138 -0.582477696867804 -3.586062640917665e-18
    outer loop
      vertex 5.404552479966544 22.280206514627416 2.4
      vertex 5.156796711893029 22.625949288556683 2.4
      vertex 5.156796711893029 22.625949288556683 0
    endloop
  endfacet
  facet normal -0.5280678506503713 -0.8492021815265769 4.228639964893433e-18
    outer loop
      vertex 3.25 24.298165124598853 0
      vertex 3.611206514627414 24.073552479966544 0
      vertex 3.611206514627414 24.073552479966544 2.4
    endloop
  endfacet
  facet normal -0.5824776968677994 -0.8128466845916174 4.981835001287132e-18
    outer loop
      vertex 3.611206514627414 24.073552479966544 0
      vertex 3.956949288556684 23.82579671189303 0
      vertex 3.956949288556684 23.82579671189303 2.4
    endloop
  endfacet
  facet normal -0.47139673682599126 -0.8819212643483585 5.959958781086249e-18
    outer loop
      vertex 2.8748764864235086 24.498672819962472 0
      vertex 3.25 24.298165124598853 0
      vertex 3.25 24.298165124598853 2.4
    endloop
  endfacet
  facet normal -0.6835923020228678 -0.7298640726978388 -3.0889637156297224e-18
    outer loop
      vertex 4.285747798150448 23.555958748613353 0
      vertex 4.59619407771256 23.26519407771256 0
      vertex 4.59619407771256 23.26519407771256 2.4
    endloop
  endfacet
  facet normal -0.6343932841636478 -0.773010453362735 3.1078066675851096e-18
    outer loop
      vertex 3.956949288556684 23.82579671189303 0
      vertex 4.285747798150448 23.555958748613353 0
      vertex 4.285747798150448 23.555958748613353 2.4
    endloop
  endfacet
  facet normal -0.6343932841636478 -0.773010453362735 0
    outer loop
      vertex 3.956949288556684 23.82579671189303 0
      vertex 4.285747798150448 23.555958748613353 2.4
      vertex 3.956949288556684 23.82579671189303 2.4
    endloop
  endfacet
  facet normal -0.5824776968677994 -0.8128466845916174 0
    outer loop
      vertex 3.611206514627414 24.073552479966544 0
      vertex 3.956949288556684 23.82579671189303 2.4
      vertex 3.611206514627414 24.073552479966544 2.4
    endloop
  endfacet
  facet normal -0.47139673682599126 -0.8819212643483585 0
    outer loop
      vertex 2.8748764864235086 24.498672819962472 0
      vertex 3.25 24.298165124598853 2.4
      vertex 2.8748764864235086 24.498672819962472 2.4
    endloop
  endfacet
  facet normal -0.5280678506503713 -0.8492021815265769 4.228639964893433e-18
    outer loop
      vertex 3.611206514627414 24.073552479966544 2.4
      vertex 3.25 24.298165124598853 2.4
      vertex 3.25 24.298165124598853 0
    endloop
  endfacet
  facet normal -0.6835923020228678 -0.7298640726978388 0
    outer loop
      vertex 4.285747798150448 23.555958748613353 0
      vertex 4.59619407771256 23.26519407771256 2.4
      vertex 4.285747798150448 23.555958748613353 2.4
    endloop
  endfacet
  facet normal -0.03271908282177839 -0.9994645874763656 1.5787762470392545e-19
    outer loop
      vertex 0 25.169 0
      vertex 0.4251203399959299 25.155083001050922 0
      vertex 0.4251203399959299 25.155083001050922 2.4
    endloop
  endfacet
  facet normal -0.09801714032956285 -0.9951847266721968 -3.866091798189533e-20
    outer loop
      vertex 0.4251203399959299 25.155083001050922 0
      vertex 0.8484202494303352 25.113391598929766 0
      vertex 0.8484202494303352 25.113391598929766 2.4
    endloop
  endfacet
  facet normal -0.03271908282177839 -0.9994645874763656 0
    outer loop
      vertex 0 25.169 0
      vertex 0.4251203399959299 25.155083001050922 2.4
      vertex 0 25.169 2.4
    endloop
  endfacet
  facet normal -0.09801714032956285 -0.9951847266721968 0
    outer loop
      vertex 0.4251203399959299 25.155083001050922 0
      vertex 0.8484202494303352 25.113391598929766 2.4
      vertex 0.4251203399959299 25.155083001050922 2.4
    endloop
  endfacet
  facet normal -0.8819212643483543 -0.471396736825999 -4.68294475675153e-18
    outer loop
      vertex 5.629165124598851 21.919 0
      vertex 5.829672819962473 21.54387648642351 0
      vertex 5.829672819962473 21.54387648642351 2.4
    endloop
  endfacet
  facet normal -0.8492021815265796 -0.5280678506503668 -2.355353601012221e-19
    outer loop
      vertex 5.404552479966544 22.280206514627416 0
      vertex 5.629165124598851 21.919 0
      vertex 5.629165124598851 21.919 2.4
    endloop
  endfacet
  facet normal -0.8819212643483543 -0.471396736825999 -4.68294475675153e-18
    outer loop
      vertex 5.829672819962473 21.54387648642351 2.4
      vertex 5.629165124598851 21.919 2.4
      vertex 5.629165124598851 21.919 0
    endloop
  endfacet
endsolid OpenSCAD_Model
