solid OpenSCAD_Model
  facet normal -0.6216605711017634 -0.7832867510289123 0
    outer loop
      vertex -22.57488501816988 8.677423015236855 0
      vertex -21.721338087025963 8 2.4
      vertex -22.57488501816988 8.677423015236855 2.4
    endloop
  endfacet
  facet normal -0.7185816158371982 -0.6954426370167429 0
    outer loop
      vertex -25.162394806742668 11.022605188190937 0
      vertex -25.97221302986145 11.859367929399014 2.4
      vertex -25.97221302986145 11.859367929399014 0
    endloop
  endfacet
  facet normal -0.695442633712925 -0.71858161903463 0
    outer loop
      vertex -25.162394806742668 11.022605188190937 0
      vertex -24.32563206553459 10.212786972522736 0
      vertex -25.162394806742668 11.022605188190937 2.4
    endloop
  endfacet
  facet normal -0.671558955757175 -0.7409511245300414 0
    outer loop
      vertex -23.462820827960968 9.430780448019505 0
      vertex -24.32563206553459 10.212786972522736 2.4
      vertex -24.32563206553459 10.212786972522736 0
    endloop
  endfacet
  facet normal -0.6469561535573648 -0.762527203038855 -1.9862904887139758e-17
    outer loop
      vertex -22.57488501816988 8.677423015236855 0
      vertex -23.462820827960968 9.430780448019505 2.4
      vertex -23.462820827960968 9.430780448019505 0
    endloop
  endfacet
  facet normal -0.695442633712925 -0.71858161903463 0
    outer loop
      vertex -24.32563206553459 10.212786972522736 0
      vertex -24.32563206553459 10.212786972522736 2.4
      vertex -25.162394806742668 11.022605188190937 2.4
    endloop
  endfacet
  facet normal -0.7185816158371982 -0.6954426370167429 0
    outer loop
      vertex -25.162394806742668 11.022605188190937 0
      vertex -25.162394806742668 11.022605188190937 2.4
      vertex -25.97221302986145 11.859367929399014 2.4
    endloop
  endfacet
  facet normal -0.671558955757175 -0.7409511245300414 0
    outer loop
      vertex -23.462820827960968 9.430780448019505 0
      vertex -23.462820827960968 9.430780448019505 2.4
      vertex -24.32563206553459 10.212786972522736 2.4
    endloop
  endfacet
  facet normal -0.6469561535573648 -0.762527203038855 0
    outer loop
      vertex -22.57488501816988 8.677423015236855 0
      vertex -22.57488501816988 8.677423015236855 2.4
      vertex -23.462820827960968 9.430780448019505 2.4
    endloop
  endfacet
  facet normal 0 0 -1
    outer loop
      vertex -21.721338087025963 8 0
      vertex -20.802283592522144 8 0
      vertex -21.662775449454784 7.9535213857889175 0
    endloop
  endfacet
  facet normal 0 0 -1
    outer loop
      vertex -22.57488501816988 8.677423015236855 0
      vertex -20.802283592522144 8 0
      vertex -21.721338087025963 8 0
    endloop
  endfacet
  facet normal 0 0 -1
    outer loop
      vertex -21.662775449454784 7.9535213857889175 0
      vertex -20.802283592522144 8 0
      vertex -20.905298709903217 7.391738345682313 0
    endloop
  endfacet
  facet normal -0.6216605711017634 -0.7832867510289123 7.037196716929984e-18
    outer loop
      vertex -22.57488501816988 8.677423015236855 0
      vertex -21.721338087025963 8 0
      vertex -21.721338087025963 8 2.4
    endloop
  endfacet
  facet normal -0.7832867454406436 -0.621660578142932 -1.9862904829891755e-17
    outer loop
      vertex -27.50757697969675 13.610114984214306 0
      vertex -28.23147861659527 14.52222454547882 2.4
      vertex -28.23147861659527 14.52222454547882 0
    endloop
  endfacet
  facet normal -0.7625272057168736 -0.6469561504009501 0
    outer loop
      vertex -26.7542195469141 12.722179166972637 0
      vertex -27.50757697969675 13.610114984214306 2.4
      vertex -27.50757697969675 13.610114984214306 0
    endloop
  endfacet
  facet normal -0.7625272057168736 -0.6469561504009501 0
    outer loop
      vertex -26.7542195469141 12.722179166972637 0
      vertex -26.7542195469141 12.722179166972637 2.4
      vertex -27.50757697969675 13.610114984214306 2.4
    endloop
  endfacet
  facet normal -0.7832867454406436 -0.621660578142932 0
    outer loop
      vertex -27.50757697969675 13.610114984214306 0
      vertex -27.50757697969675 13.610114984214306 2.4
      vertex -28.23147861659527 14.52222454547882 2.4
    endloop
  endfacet
  facet normal -0.8222682197121771 -0.5691001448351307 0
    outer loop
      vertex -28.925149269402027 15.457531154155731 0
      vertex -29.587846152484417 16.415033258497715 2.4
      vertex -29.587846152484417 16.415033258497715 0
    endloop
  endfacet
  facet normal -0.8404484004867946 -0.541891581517178 1.9862904879234262e-17
    outer loop
      vertex -29.587846152484417 16.415033258497715 0
      vertex -30.218859627842903 17.393705531954765 2.4
      vertex -30.218859627842903 17.393705531954765 0
    endloop
  endfacet
  facet normal -0.8032075333092483 -0.5956993020268471 0
    outer loop
      vertex -28.925149269402027 15.457531154155731 0
      vertex -28.23147861659527 14.52222454547882 0
      vertex -28.925149269402027 15.457531154155731 2.4
    endloop
  endfacet
  facet normal -0.8222682197121771 -0.5691001448351307 0
    outer loop
      vertex -28.925149269402027 15.457531154155731 0
      vertex -28.925149269402027 15.457531154155731 2.4
      vertex -29.587846152484417 16.415033258497715 2.4
    endloop
  endfacet
  facet normal -0.8404484004867946 -0.541891581517178 0
    outer loop
      vertex -29.587846152484417 16.415033258497715 0
      vertex -29.587846152484417 16.415033258497715 2.4
      vertex -30.218859627842903 17.393705531954765 2.4
    endloop
  endfacet
  facet normal -0.8032075333092483 -0.5956993020268471 0
    outer loop
      vertex -28.23147861659527 14.52222454547882 0
      vertex -28.23147861659527 14.52222454547882 2.4
      vertex -28.925149269402027 15.457531154155731 2.4
    endloop
  endfacet
  facet normal -0.8740903426182617 -0.485763391932214 0
    outer loop
      vertex -31.383168190717697 19.410347118973732 0
      vertex -30.81751399487257 18.39249999821186 0
      vertex -31.383168190717697 19.410347118973732 2.4
    endloop
  endfacet
  facet normal -0.8895160754790252 -0.45690387551912187 0
    outer loop
      vertex -31.383168190717697 19.410347118973732 0
      vertex -31.915216505527496 20.446156956255436 2.4
      vertex -31.915216505527496 20.446156956255436 0
    endloop
  endfacet
  facet normal -0.8895160754790252 -0.45690387551912187 0
    outer loop
      vertex -31.383168190717697 19.410347118973732 0
      vertex -31.383168190717697 19.410347118973732 2.4
      vertex -31.915216505527496 20.446156956255436 2.4
    endloop
  endfacet
  facet normal -0.9039892929935661 -0.42755509370488454 0
    outer loop
      vertex -32.41308920830488 21.49882034212351 0
      vertex -31.915216505527496 20.446156956255436 0
      vertex -32.41308920830488 21.49882034212351 2.4
    endloop
  endfacet
  facet normal -0.9174944955422973 -0.39774847661504076 0
    outer loop
      vertex -32.41308920830488 21.49882034212351 0
      vertex -32.87625316530466 22.5672100558877 2.4
      vertex -32.87625316530466 22.5672100558877 0
    endloop
  endfacet
  facet normal -0.9039892929935661 -0.42755509370488454 0
    outer loop
      vertex -31.915216505527496 20.446156956255436 0
      vertex -31.915216505527496 20.446156956255436 2.4
      vertex -32.41308920830488 21.49882034212351 2.4
    endloop
  endfacet
  facet normal -0.9174944955422973 -0.39774847661504076 0
    outer loop
      vertex -32.41308920830488 21.49882034212351 0
      vertex -32.41308920830488 21.49882034212351 2.4
      vertex -32.87625316530466 22.5672100558877 2.4
    endloop
  endfacet
  facet normal -0.9300172237190224 -0.3675159365061083 0
    outer loop
      vertex -32.87625316530466 22.5672100558877 0
      vertex -32.87625316530466 22.5672100558877 2.4
      vertex -33.30421240627766 23.65018204599619 2.4
    endloop
  endfacet
  facet normal -0.8577286090664387 -0.5141027457512285 0
    outer loop
      vertex -30.218859627842903 17.393705531954765 0
      vertex -30.81751399487257 18.39249999821186 2.4
      vertex -30.81751399487257 18.39249999821186 0
    endloop
  endfacet
  facet normal -0.8577286090664387 -0.5141027457512285 0
    outer loop
      vertex -30.218859627842903 17.393705531954765 0
      vertex -30.218859627842903 17.393705531954765 2.4
      vertex -30.81751399487257 18.39249999821186 2.4
    endloop
  endfacet
  facet normal -0.8740903426182617 -0.485763391932214 0
    outer loop
      vertex -31.383168190717697 19.410347118973732 2.4
      vertex -30.81751399487257 18.39249999821186 0
      vertex -30.81751399487257 18.39249999821186 2.4
    endloop
  endfacet
  facet normal -0.7409511277137814 -0.6715589522444592 0
    outer loop
      vertex -26.7542195469141 12.722179166972637 0
      vertex -25.97221302986145 11.859367929399014 0
      vertex -26.7542195469141 12.722179166972637 2.4
    endloop
  endfacet
  facet normal -0.7409511277137814 -0.6715589522444592 0
    outer loop
      vertex -26.7542195469141 12.722179166972637 2.4
      vertex -25.97221302986145 11.859367929399014 0
      vertex -25.97221302986145 11.859367929399014 2.4
    endloop
  endfacet
  facet normal 0 0 -1
    outer loop
      vertex -32.41308920830488 21.49882034212351 0
      vertex -3.977334121437196 21.910164247038317 0
      vertex -31.915216505527496 20.446156956255436 0
    endloop
  endfacet
  facet normal 0 0 -1
    outer loop
      vertex -32.41308920830488 21.49882034212351 0
      vertex -32.87625316530466 22.5672100558877 0
      vertex -5.474360201732402 22.84107488503023 0
    endloop
  endfacet
  facet normal 0 0 1
    outer loop
      vertex -32.41308920830488 21.49882034212351 2.4
      vertex -31.915216505527496 20.446156956255436 2.4
      vertex -4.49631 22.187562633419983 2.4
    endloop
  endfacet
  facet normal 0 0 1
    outer loop
      vertex -32.41308920830488 21.49882034212351 2.4
      vertex -5.9292463637851816 23.214390310468396 2.4
      vertex -32.87625316530466 22.5672100558877 2.4
    endloop
  endfacet
  facet normal 0 0 -1
    outer loop
      vertex -16.515384674072266 5.286888502538204 0
      vertex 16.515384674072266 5.286888502538204 0
      vertex -15.495584264397621 4.763063497841358 0
    endloop
  endfacet
  facet normal 0 0 -1
    outer loop
      vertex -14.459190785884857 4.272885896265507 0
      vertex -15.495584264397621 4.763063497841358 0
      vertex 15.495584264397621 4.763063497841358 0
    endloop
  endfacet
  facet normal 0 0 -1
    outer loop
      vertex -17.51749999821186 5.843799978494644 0
      vertex 17.51749999821186 5.843799978494644 0
      vertex -16.515384674072266 5.286888502538204 0
    endloop
  endfacet
  facet normal 0 0 1
    outer loop
      vertex -16.515384674072266 5.286888502538204 2.4
      vertex -15.495584264397621 4.763063497841358 2.4
      vertex 18.500857144594193 6.43320157378912 2.4
    endloop
  endfacet
  facet normal 0 0 -1
    outer loop
      vertex -11.261631667613983 3.0093029141426086 0
      vertex 11.261631667613983 3.0093029141426086 0
      vertex -10.170123666524887 2.6585953384637833 0
    endloop
  endfacet
  facet normal 0 0 -1
    outer loop
      vertex -9.067725248634815 2.3437886759638786 0
      vertex 9.067725248634815 2.3437886759638786 0
      vertex -7.955616876482964 2.0652200281620026 0
    endloop
  endfacet
  facet normal 0 0 -1
    outer loop
      vertex -7.955616876482964 2.0652200281620026 0
      vertex 7.955616876482964 2.0652200281620026 0
      vertex -6.834989428520203 1.8231877014040947 0
    endloop
  endfacet
  facet normal 0 0 -1
    outer loop
      vertex -10.170123666524887 2.6585953384637833 0
      vertex 10.170123666524887 2.6585953384637833 0
      vertex -9.067725248634815 2.3437886759638786 0
    endloop
  endfacet
  facet normal 0 0 -1
    outer loop
      vertex -4.572985142469406 1.4497292786836624 0
      vertex -5.707042910158634 1.6179508566856384 0
      vertex 5.707042910158634 1.6179508566856384 0
    endloop
  endfacet
  facet normal 0 0 -1
    outer loop
      vertex -4.572985142469406 1.4497292786836624 0
      vertex 4.572985142469406 1.4497292786836624 0
      vertex -3.4340305104851723 1.3187031000852585 0
    endloop
  endfacet
  facet normal 0 0 -1
    outer loop
      vertex -2.2913986295461655 1.2250126227736473 0
      vertex 2.2913986295461655 1.2250126227736473 0
      vertex -1.146313063800335 1.168758176267147 0
    endloop
  endfacet
  facet normal 0 0 -1
    outer loop
      vertex -3.4340305104851723 1.3187031000852585 0
      vertex 4.572985142469406 1.4497292786836624 0
      vertex -2.2913986295461655 1.2250126227736473 0
    endloop
  endfacet
  facet normal 0 0 -1
    outer loop
      vertex -6.834989428520203 1.8231877014040947 0
      vertex 7.955616876482964 2.0652200281620026 0
      vertex -5.707042910158634 1.6179508566856384 0
    endloop
  endfacet
  facet normal 0 0 1
    outer loop
      vertex -10.170123666524887 2.6585953384637833 2.4
      vertex -9.067725248634815 2.3437886759638786 2.4
      vertex 12.3410804271698 3.395535856485367 2.4
    endloop
  endfacet
  facet normal 0 0 1
    outer loop
      vertex -4.572985142469406 1.4497292786836624 2.4
      vertex -3.4340305104851723 1.3187031000852585 2.4
      vertex 6.834989428520203 1.8231877014040947 2.4
    endloop
  endfacet
  facet normal 0 0 1
    outer loop
      vertex -3.4340305104851723 1.3187031000852585 2.4
      vertex -2.2913986295461655 1.2250126227736473 2.4
      vertex 5.707042910158634 1.6179508566856384 2.4
    endloop
  endfacet
  facet normal 0 0 1
    outer loop
      vertex -6.834989428520203 1.8231877014040947 2.4
      vertex -5.707042910158634 1.6179508566856384 2.4
      vertex 9.067725248634815 2.3437886759638786 2.4
    endloop
  endfacet
  facet normal 0 0 1
    outer loop
      vertex -7.955616876482964 2.0652200281620026 2.4
      vertex -6.834989428520203 1.8231877014040947 2.4
      vertex 10.170123666524887 2.6585953384637833 2.4
    endloop
  endfacet
  facet normal 0 0 1
    outer loop
      vertex -9.067725248634815 2.3437886759638786 2.4
      vertex -7.955616876482964 2.0652200281620026 2.4
      vertex 11.261631667613983 3.0093029141426086 2.4
    endloop
  endfacet
  facet normal 0 0 1
    outer loop
      vertex -4.572985142469406 1.4497292786836624 2.4
      vertex 7.955616876482964 2.0652200281620026 2.4
      vertex -5.707042910158634 1.6179508566856384 2.4
    endloop
  endfacet
  facet normal 0 0 -1
    outer loop
      vertex -13.40731405466795 3.816880576312542 0
      vertex 13.40731405466795 3.816880576312542 0
      vertex -12.3410804271698 3.395535856485367 0
    endloop
  endfacet
  facet normal 0 0 -1
    outer loop
      vertex -11.261631667613983 3.0093029141426086 0
      vertex -12.3410804271698 3.395535856485367 0
      vertex 12.3410804271698 3.395535856485367 0
    endloop
  endfacet
  facet normal 0 0 -1
    outer loop
      vertex -14.459190785884857 4.272885896265507 0
      vertex 15.495584264397621 4.763063497841358 0
      vertex -13.40731405466795 3.816880576312542 0
    endloop
  endfacet
  facet normal 0 0 1
    outer loop
      vertex -13.40731405466795 3.816880576312542 2.4
      vertex -12.3410804271698 3.395535856485367 2.4
      vertex 15.495584264397621 4.763063497841358 2.4
    endloop
  endfacet
  facet normal 0 0 1
    outer loop
      vertex -11.261631667613983 3.0093029141426086 2.4
      vertex 14.459190785884857 4.272885896265507 2.4
      vertex -12.3410804271698 3.395535856485367 2.4
    endloop
  endfacet
  facet normal 0 0 1
    outer loop
      vertex -11.261631667613983 3.0093029141426086 2.4
      vertex -10.170123666524887 2.6585953384637833 2.4
      vertex 13.40731405466795 3.816880576312542 2.4
    endloop
  endfacet
  facet normal 0 0 1
    outer loop
      vertex -14.459190785884857 4.272885896265507 2.4
      vertex 17.51749999821186 5.843799978494644 2.4
      vertex -15.495584264397621 4.763063497841358 2.4
    endloop
  endfacet
  facet normal 0 0 1
    outer loop
      vertex -14.459190785884857 4.272885896265507 2.4
      vertex -13.40731405466795 3.816880576312542 2.4
      vertex 16.515384674072266 5.286888502538204 2.4
    endloop
  endfacet
  facet normal 0 0 -1
    outer loop
      vertex -18.500857144594193 6.43320157378912 0
      vertex 18.500857144594193 6.43320157378912 0
      vertex -17.51749999821186 5.843799978494644 0
    endloop
  endfacet
  facet normal 0 0 -1
    outer loop
      vertex -19.464403115212917 7.054462134838104 0
      vertex 19.464403115212917 7.054462134838104 0
      vertex -18.500857144594193 6.43320157378912 0
    endloop
  endfacet
  facet normal 0 0 -1
    outer loop
      vertex -20.40710610896349 7.706916406750679 0
      vertex 21.662775449454784 7.9535213857889175 0
      vertex -19.464403115212917 7.054462134838104 0
    endloop
  endfacet
  facet normal 0 0 -1
    outer loop
      vertex -20.802283592522144 8 0
      vertex 22.57488501816988 8.677423015236855 0
      vertex -20.40710610896349 7.706916406750679 0
    endloop
  endfacet
  facet normal 0 0 -1
    outer loop
      vertex -22.57488501816988 8.677423015236855 0
      vertex 23.462820827960968 9.430780448019505 0
      vertex -20.802283592522144 8 0
    endloop
  endfacet
  facet normal 0 0 1
    outer loop
      vertex -22.57488501816988 8.677423015236855 2.4
      vertex -21.721338087025963 8 2.4
      vertex 23.462820827960968 9.430780448019505 2.4
    endloop
  endfacet
  facet normal 0 0 1
    outer loop
      vertex -19.464403115212917 7.054462134838104 2.4
      vertex -18.500857144594193 6.43320157378912 2.4
      vertex 20.802283592522144 8 2.4
    endloop
  endfacet
  facet normal 0 0 1
    outer loop
      vertex -17.51749999821186 5.843799978494644 2.4
      vertex -16.515384674072266 5.286888502538204 2.4
      vertex 19.464403115212917 7.054462134838104 2.4
    endloop
  endfacet
  facet normal 0 0 1
    outer loop
      vertex -18.500857144594193 6.43320157378912 2.4
      vertex -17.51749999821186 5.843799978494644 2.4
      vertex 20.40710610896349 7.706916406750679 2.4
    endloop
  endfacet
  facet normal 0 0 1
    outer loop
      vertex -20.40710610896349 7.706916406750679 2.4
      vertex -19.464403115212917 7.054462134838104 2.4
      vertex 22.57488501816988 8.677423015236855 2.4
    endloop
  endfacet
  facet normal 0 0 1
    outer loop
      vertex -21.721338087025963 8 2.4
      vertex -20.802283592522144 8 2.4
      vertex 23.462820827960968 9.430780448019505 2.4
    endloop
  endfacet
  facet normal 0 0 1
    outer loop
      vertex -20.802283592522144 8 2.4
      vertex -20.40710610896349 7.706916406750679 2.4
      vertex 23.462820827960968 9.430780448019505 2.4
    endloop
  endfacet
  facet normal 0 0 -1
    outer loop
      vertex -22.57488501816988 8.677423015236855 0
      vertex -23.462820827960968 9.430780448019505 0
      vertex 24.32563206553459 10.212786972522736 0
    endloop
  endfacet
  facet normal 0 0 -1
    outer loop
      vertex -25.162394806742668 11.022605188190937 0
      vertex 25.97221302986145 11.859367929399014 0
      vertex -24.32563206553459 10.212786972522736 0
    endloop
  endfacet
  facet normal 0 0 -1
    outer loop
      vertex -23.462820827960968 9.430780448019505 0
      vertex -24.32563206553459 10.212786972522736 0
      vertex 25.162394806742668 11.022605188190937 0
    endloop
  endfacet
  facet normal 0 0 1
    outer loop
      vertex -22.57488501816988 8.677423015236855 2.4
      vertex 24.32563206553459 10.212786972522736 2.4
      vertex -23.462820827960968 9.430780448019505 2.4
    endloop
  endfacet
  facet normal 0 0 1
    outer loop
      vertex -25.162394806742668 11.022605188190937 2.4
      vertex -24.32563206553459 10.212786972522736 2.4
      vertex 25.97221302986145 11.859367929399014 2.4
    endloop
  endfacet
  facet normal 0 0 1
    outer loop
      vertex -23.462820827960968 9.430780448019505 2.4
      vertex 25.162394806742668 11.022605188190937 2.4
      vertex -24.32563206553459 10.212786972522736 2.4
    endloop
  endfacet
  facet normal 0 0 -1
    outer loop
      vertex -27.50757697969675 13.610114984214306 0
      vertex -28.23147861659527 14.52222454547882 0
      vertex 28.925149269402027 15.457531154155731 0
    endloop
  endfacet
  facet normal 0 0 -1
    outer loop
      vertex -28.925149269402027 15.457531154155731 0
      vertex 29.587846152484417 16.415033258497715 0
      vertex -28.23147861659527 14.52222454547882 0
    endloop
  endfacet
  facet normal 0 0 -1
    outer loop
      vertex -28.925149269402027 15.457531154155731 0
      vertex -29.587846152484417 16.415033258497715 0
      vertex 30.218859627842903 17.393705531954765 0
    endloop
  endfacet
  facet normal 0 0 1
    outer loop
      vertex -27.50757697969675 13.610114984214306 2.4
      vertex 28.925149269402027 15.457531154155731 2.4
      vertex -28.23147861659527 14.52222454547882 2.4
    endloop
  endfacet
  facet normal 0 0 1
    outer loop
      vertex -28.925149269402027 15.457531154155731 2.4
      vertex -28.23147861659527 14.52222454547882 2.4
      vertex 29.587846152484417 16.415033258497715 2.4
    endloop
  endfacet
  facet normal 0 0 1
    outer loop
      vertex -28.925149269402027 15.457531154155731 2.4
      vertex 30.218859627842903 17.393705531954765 2.4
      vertex -29.587846152484417 16.415033258497715 2.4
    endloop
  endfacet
  facet normal 0 0 -1
    outer loop
      vertex -32.87625316530466 22.5672100558877 0
      vertex -5.9292463637851816 23.214390310468396 0
      vertex -5.474360201732402 22.84107488503023 0
    endloop
  endfacet
  facet normal 0 0 -1
    outer loop
      vertex -32.41308920830488 21.49882034212351 0
      vertex -5.474360201732402 22.84107488503023 0
      vertex -4.9960319888567355 22.498309735015887 0
    endloop
  endfacet
  facet normal 0 0 -1
    outer loop
      vertex -32.41308920830488 21.49882034212351 0
      vertex -4.9960319888567355 22.498309735015887 0
      vertex -4.49631 22.187562633419983 0
    endloop
  endfacet
  facet normal 0 0 -1
    outer loop
      vertex -32.41308920830488 21.49882034212351 0
      vertex -4.49631 22.187562633419983 0
      vertex -3.977334121437196 21.910164247038317 0
    endloop
  endfacet
  facet normal 0 0 1
    outer loop
      vertex -31.915216505527496 20.446156956255436 2.4
      vertex -3.977334121437196 21.910164247038317 2.4
      vertex -4.49631 22.187562633419983 2.4
    endloop
  endfacet
  facet normal 0 0 1
    outer loop
      vertex -32.41308920830488 21.49882034212351 2.4
      vertex -5.474360201732402 22.84107488503023 2.4
      vertex -5.9292463637851816 23.214390310468396 2.4
    endloop
  endfacet
  facet normal 0 0 1
    outer loop
      vertex -32.41308920830488 21.49882034212351 2.4
      vertex -4.9960319888567355 22.498309735015887 2.4
      vertex -5.474360201732402 22.84107488503023 2.4
    endloop
  endfacet
  facet normal 0 0 1
    outer loop
      vertex -32.41308920830488 21.49882034212351 2.4
      vertex -4.49631 22.187562633419983 2.4
      vertex -4.9960319888567355 22.498309735015887 2.4
    endloop
  endfacet
  facet normal 0 0 -1
    outer loop
      vertex -29.587846152484417 16.415033258497715 0
      vertex -30.218859627842903 17.393705531954765 0
      vertex 30.81751399487257 18.39249999821186 0
    endloop
  endfacet
  facet normal 0 0 -1
    outer loop
      vertex -30.218859627842903 17.393705531954765 0
      vertex -30.81751399487257 18.39249999821186 0
      vertex 31.383168190717697 19.410347118973732 0
    endloop
  endfacet
  facet normal 0 0 -1
    outer loop
      vertex -31.383168190717697 19.410347118973732 0
      vertex 31.915216505527496 20.446156956255436 0
      vertex -30.81751399487257 18.39249999821186 0
    endloop
  endfacet
  facet normal 0 0 1
    outer loop
      vertex -29.587846152484417 16.415033258497715 2.4
      vertex 30.81751399487257 18.39249999821186 2.4
      vertex -30.218859627842903 17.393705531954765 2.4
    endloop
  endfacet
  facet normal 0 0 1
    outer loop
      vertex -30.218859627842903 17.393705531954765 2.4
      vertex 31.383168190717697 19.410347118973732 2.4
      vertex -30.81751399487257 18.39249999821186 2.4
    endloop
  endfacet
  facet normal 0 0 1
    outer loop
      vertex -31.383168190717697 19.410347118973732 2.4
      vertex -30.81751399487257 18.39249999821186 2.4
      vertex 31.915216505527496 20.446156956255436 2.4
    endloop
  endfacet
  facet normal 0 0 -1
    outer loop
      vertex -31.915216505527496 20.446156956255436 0
      vertex -3.977334121437196 21.910164247038317 0
      vertex -3.441326687554954 21.66730243834835 0
    endloop
  endfacet
  facet normal 0 0 -1
    outer loop
      vertex -31.915216505527496 20.446156956255436 0
      vertex -3.441326687554954 21.66730243834835 0
      vertex -2.890582964474517 21.460017178899722 0
    endloop
  endfacet
  facet normal 0 0 -1
    outer loop
      vertex -31.915216505527496 20.446156956255436 0
      vertex -2.890582964474517 21.460017178899722 0
      vertex -2.3274613213698303 21.2891960959964 0
    endloop
  endfacet
  facet normal 0 0 -1
    outer loop
      vertex -31.915216505527496 20.446156956255436 0
      vertex -1.7543731315686752 21.1555706717403 0
      vertex -1.1737724466818802 21.059713110712643 0
    endloop
  endfacet
  facet normal 0 0 -1
    outer loop
      vertex -31.915216505527496 20.446156956255436 0
      vertex -1.1737724466818802 21.059713110712643 0
      vertex -0.5881454879775692 21.00203388970607 0
    endloop
  endfacet
  facet normal 0 0 -1
    outer loop
      vertex -31.915216505527496 20.446156956255436 0
      vertex -2.3274613213698303 21.2891960959964 0
      vertex -1.7543731315686752 21.1555706717403 0
    endloop
  endfacet
  facet normal 0 0 -1
    outer loop
      vertex -31.915216505527496 20.446156956255436 0
      vertex -0.5881454879775692 21.00203388970607 0
      vertex 0 20.982779999999998 0
    endloop
  endfacet
  facet normal 0 0 -1
    outer loop
      vertex -31.383168190717697 19.410347118973732 0
      vertex -31.915216505527496 20.446156956255436 0
      vertex 32.41308920830488 21.49882034212351 0
    endloop
  endfacet
  facet normal 0 0 1
    outer loop
      vertex -31.915216505527496 20.446156956255436 2.4
      vertex -3.441326687554954 21.66730243834835 2.4
      vertex -3.977334121437196 21.910164247038317 2.4
    endloop
  endfacet
  facet normal 0 0 1
    outer loop
      vertex -31.915216505527496 20.446156956255436 2.4
      vertex -2.890582964474517 21.460017178899722 2.4
      vertex -3.441326687554954 21.66730243834835 2.4
    endloop
  endfacet
  facet normal 0 0 1
    outer loop
      vertex -31.915216505527496 20.446156956255436 2.4
      vertex -2.3274613213698303 21.2891960959964 2.4
      vertex -2.890582964474517 21.460017178899722 2.4
    endloop
  endfacet
  facet normal 0 0 1
    outer loop
      vertex -31.915216505527496 20.446156956255436 2.4
      vertex -1.1737724466818802 21.059713110712643 2.4
      vertex -1.7543731315686752 21.1555706717403 2.4
    endloop
  endfacet
  facet normal 0 0 1
    outer loop
      vertex -31.915216505527496 20.446156956255436 2.4
      vertex -0.5881454879775692 21.00203388970607 2.4
      vertex -1.1737724466818802 21.059713110712643 2.4
    endloop
  endfacet
  facet normal 0 0 1
    outer loop
      vertex -31.915216505527496 20.446156956255436 2.4
      vertex -1.7543731315686752 21.1555706717403 2.4
      vertex -2.3274613213698303 21.2891960959964 2.4
    endloop
  endfacet
  facet normal 0 0 1
    outer loop
      vertex -31.915216505527496 20.446156956255436 2.4
      vertex 0 20.982779999999998 2.4
      vertex -0.5881454879775692 21.00203388970607 2.4
    endloop
  endfacet
  facet normal 0 0 1
    outer loop
      vertex -31.383168190717697 19.410347118973732 2.4
      vertex 32.41308920830488 21.49882034212351 2.4
      vertex -31.915216505527496 20.446156956255436 2.4
    endloop
  endfacet
  facet normal 0 0 -1
    outer loop
      vertex -25.162394806742668 11.022605188190937 0
      vertex -25.97221302986145 11.859367929399014 0
      vertex 26.7542195469141 12.722179166972637 0
    endloop
  endfacet
  facet normal 0 0 -1
    outer loop
      vertex -26.7542195469141 12.722179166972637 0
      vertex 27.50757697969675 13.610114984214306 0
      vertex -25.97221302986145 11.859367929399014 0
    endloop
  endfacet
  facet normal 0 0 -1
    outer loop
      vertex -26.7542195469141 12.722179166972637 0
      vertex -27.50757697969675 13.610114984214306 0
      vertex 28.23147861659527 14.52222454547882 0
    endloop
  endfacet
  facet normal 0 0 1
    outer loop
      vertex -25.162394806742668 11.022605188190937 2.4
      vertex 26.7542195469141 12.722179166972637 2.4
      vertex -25.97221302986145 11.859367929399014 2.4
    endloop
  endfacet
  facet normal 0 0 1
    outer loop
      vertex -26.7542195469141 12.722179166972637 2.4
      vertex -25.97221302986145 11.859367929399014 2.4
      vertex 27.50757697969675 13.610114984214306 2.4
    endloop
  endfacet
  facet normal 0 0 1
    outer loop
      vertex -26.7542195469141 12.722179166972637 2.4
      vertex 28.23147861659527 14.52222454547882 2.4
      vertex -27.50757697969675 13.610114984214306 2.4
    endloop
  endfacet
  facet normal -0.9415440652345995 -0.33688985324806675 0
    outer loop
      vertex -33.696508660912514 24.746576629579067 0
      vertex -33.30421240627766 23.65018204599619 0
      vertex -33.696508660912514 24.746576629579067 2.4
    endloop
  endfacet
  facet normal -0.9520626772745338 -0.30590302146406934 0
    outer loop
      vertex -33.696508660912514 24.746576629579067 0
      vertex -34.05272185057402 25.85521975904703 2.4
      vertex -34.05272185057402 25.85521975904703 0
    endloop
  endfacet
  facet normal -0.9300172237190224 -0.3675159365061083 0
    outer loop
      vertex -32.87625316530466 22.5672100558877 0
      vertex -33.30421240627766 23.65018204599619 2.4
      vertex -33.30421240627766 23.65018204599619 0
    endloop
  endfacet
  facet normal -0.9415440652345995 -0.33688985324806675 0
    outer loop
      vertex -33.30421240627766 23.65018204599619 0
      vertex -33.30421240627766 23.65018204599619 2.4
      vertex -33.696508660912514 24.746576629579067 2.4
    endloop
  endfacet
  facet normal -0.9520626772745338 -0.30590302146406934 0
    outer loop
      vertex -33.696508660912514 24.746576629579067 0
      vertex -33.696508660912514 24.746576629579067 2.4
      vertex -34.05272185057402 25.85521975904703 2.4
    endloop
  endfacet
  facet normal -0.9615617987582644 -0.2745886144194093 0
    outer loop
      vertex -34.05272185057402 25.85521975904703 0
      vertex -34.372470527887344 26.97492428123951 2.4
      vertex -34.372470527887344 26.97492428123951 0
    endloop
  endfacet
  facet normal -0.9700312528378083 -0.24298018132743254 0
    outer loop
      vertex -34.372470527887344 26.97492428123951 0
      vertex -34.655412308871746 28.10449118167162 2.4
      vertex -34.655412308871746 28.10449118167162 0
    endloop
  endfacet
  facet normal -0.9615617987582644 -0.2745886144194093 0
    outer loop
      vertex -34.05272185057402 25.85521975904703 0
      vertex -34.05272185057402 25.85521975904703 2.4
      vertex -34.372470527887344 26.97492428123951 2.4
    endloop
  endfacet
  facet normal -0.9700312528378083 -0.24298018132743254 0
    outer loop
      vertex -34.372470527887344 26.97492428123951 0
      vertex -34.372470527887344 26.97492428123951 2.4
      vertex -34.655412308871746 28.10449118167162 2.4
    endloop
  endfacet
  facet normal -0.97746197542488 -0.21111155013047334 0
    outer loop
      vertex -34.655412308871746 28.10449118167162 0
      vertex -34.655412308871746 28.10449118167162 2.4
      vertex -34.90124420076609 29.242710888385773 2.4
    endloop
  endfacet
  facet normal -0.97746197542488 -0.21111155013047334 0
    outer loop
      vertex -34.655412308871746 28.10449118167162 0
      vertex -34.90124420076609 29.242710888385773 2.4
      vertex -34.90124420076609 29.242710888385773 0
    endloop
  endfacet
  facet normal -0.9838460051946883 -0.17901686530171745 0
    outer loop
      vertex -34.90124420076609 29.242710888385773 0
      vertex -35.10970297455788 30.38836457580328 2.4
      vertex -35.10970297455788 30.38836457580328 0
    endloop
  endfacet
  facet normal -0.9891765106849502 -0.14673046960037506 0
    outer loop
      vertex -35.10970297455788 30.38836457580328 0
      vertex -35.28056538850069 31.540225446224213 2.4
      vertex -35.28056538850069 31.540225446224213 0
    endloop
  endfacet
  facet normal -0.9838460051946883 -0.17901686530171745 0
    outer loop
      vertex -34.90124420076609 29.242710888385773 0
      vertex -34.90124420076609 29.242710888385773 2.4
      vertex -35.10970297455788 30.38836457580328 2.4
    endloop
  endfacet
  facet normal -0.9891765106849502 -0.14673046960037506 0
    outer loop
      vertex -35.10970297455788 30.38836457580328 0
      vertex -35.10970297455788 30.38836457580328 2.4
      vertex -35.28056538850069 31.540225446224213 2.4
    endloop
  endfacet
  facet normal -0.993447778509006 -0.11428696940386998 0
    outer loop
      vertex -35.28056538850069 31.540225446224213 0
      vertex -35.41364850103855 32.69706006348133 2.4
      vertex -35.41364850103855 32.69706006348133 0
    endloop
  endfacet
  facet normal -0.9966552395443488 -0.08172107126559704 0
    outer loop
      vertex -35.41364850103855 32.69706006348133 0
      vertex -35.50880978256464 33.857629649341106 2.4
      vertex -35.50880978256464 33.857629649341106 0
    endloop
  endfacet
  facet normal -0.993447778509006 -0.11428696940386998 0
    outer loop
      vertex -35.28056538850069 31.540225446224213 0
      vertex -35.28056538850069 31.540225446224213 2.4
      vertex -35.41364850103855 32.69706006348133 2.4
    endloop
  endfacet
  facet normal -0.9966552395443488 -0.08172107126559704 0
    outer loop
      vertex -35.41364850103855 32.69706006348133 0
      vertex -35.41364850103855 32.69706006348133 2.4
      vertex -35.50880978256464 33.857629649341106 2.4
    endloop
  endfacet
  facet normal -0.9987954561215692 -0.049067676029201174 0
    outer loop
      vertex -35.50880978256464 33.857629649341106 0
      vertex -35.50880978256464 33.857629649341106 2.4
      vertex -35.565947346389294 35.02069143950939 2.4
    endloop
  endfacet
  facet normal 0 0 -1
    outer loop
      vertex -33.696508660912514 24.746576629579067 0
      vertex -7.477090264984115 24.979368011143265 0
      vertex -33.30421240627766 23.65018204599619 0
    endloop
  endfacet
  facet normal 0 0 -1
    outer loop
      vertex -33.696508660912514 24.746576629579067 0
      vertex -34.05272185057402 25.85521975904703 0
      vertex -8.065235752961684 25.998065878562805 0
    endloop
  endfacet
  facet normal 0 0 -1
    outer loop
      vertex -32.87625316530466 22.5672100558877 0
      vertex -33.30421240627766 23.65018204599619 0
      vertex -6.761009689531603 24.046153636214818 0
    endloop
  endfacet
  facet normal 0 0 1
    outer loop
      vertex -33.696508660912514 24.746576629579067 2.4
      vertex -33.30421240627766 23.65018204599619 2.4
      vertex -7.7878373665800185 25.47909 2.4
    endloop
  endfacet
  facet normal 0 0 1
    outer loop
      vertex -33.696508660912514 24.746576629579067 2.4
      vertex -8.308097561651648 26.534073312445045 2.4
      vertex -34.05272185057402 25.85521975904703 2.4
    endloop
  endfacet
  facet normal 0 0 1
    outer loop
      vertex -32.87625316530466 22.5672100558877 2.4
      vertex -7.1343251149697675 24.5010397982676 2.4
      vertex -33.30421240627766 23.65018204599619 2.4
    endloop
  endfacet
  facet normal 0 0 -1
    outer loop
      vertex -34.05272185057402 25.85521975904703 0
      vertex -34.372470527887344 26.97492428123951 0
      vertex -8.515382821100278 27.084817035525482 0
    endloop
  endfacet
  facet normal 0 0 -1
    outer loop
      vertex -34.372470527887344 26.97492428123951 0
      vertex -34.655412308871746 28.10449118167162 0
      vertex -8.819829328259699 28.221026868431323 0
    endloop
  endfacet
  facet normal 0 0 1
    outer loop
      vertex -34.05272185057402 25.85521975904703 2.4
      vertex -8.686203904003602 27.64793867863017 2.4
      vertex -34.372470527887344 26.97492428123951 2.4
    endloop
  endfacet
  facet normal 0 0 1
    outer loop
      vertex -34.372470527887344 26.97492428123951 2.4
      vertex -8.915686889287356 28.80162755331812 2.4
      vertex -34.655412308871746 28.10449118167162 2.4
    endloop
  endfacet
  facet normal 0 0 -1
    outer loop
      vertex -34.655412308871746 28.10449118167162 0
      vertex -34.90124420076609 29.242710888385773 0
      vertex -8.97336611029393 29.38725451202243 0
    endloop
  endfacet
  facet normal 0 0 -1
    outer loop
      vertex -34.90124420076609 29.242710888385773 0
      vertex -35.10970297455788 30.38836457580328 0
      vertex -8.97336611029393 30.56354548797757 0
    endloop
  endfacet
  facet normal 0 0 -1
    outer loop
      vertex -35.10970297455788 30.38836457580328 0
      vertex -35.28056538850069 31.540225446224213 0
      vertex -8.819829328259699 31.729773131568678 0
    endloop
  endfacet
  facet normal 0 0 1
    outer loop
      vertex -34.655412308871746 28.10449118167162 2.4
      vertex -8.99262 29.9754 2.4
      vertex -34.90124420076609 29.242710888385773 2.4
    endloop
  endfacet
  facet normal 0 0 1
    outer loop
      vertex -34.90124420076609 29.242710888385773 2.4
      vertex -8.915686889287356 31.14917244668188 2.4
      vertex -35.10970297455788 30.38836457580328 2.4
    endloop
  endfacet
  facet normal 0 0 1
    outer loop
      vertex -35.10970297455788 30.38836457580328 2.4
      vertex -8.819829328259699 31.729773131568678 2.4
      vertex -35.28056538850069 31.540225446224213 2.4
    endloop
  endfacet
  facet normal 0 0 -1
    outer loop
      vertex -35.28056538850069 31.540225446224213 0
      vertex -35.41364850103855 32.69706006348133 0
      vertex -8.686203904003602 32.30286132136983 0
    endloop
  endfacet
  facet normal 0 0 -1
    outer loop
      vertex -35.41364850103855 32.69706006348133 0
      vertex -35.50880978256464 33.857629649341106 0
      vertex -8.308097561651648 33.416726687554956 0
    endloop
  endfacet
  facet normal 0 0 -1
    outer loop
      vertex -35.50880978256464 33.857629649341106 0
      vertex -35.565947346389294 35.02069143950939 0
      vertex -7.7878373665800185 34.47171 0
    endloop
  endfacet
  facet normal 0 0 1
    outer loop
      vertex -35.28056538850069 31.540225446224213 2.4
      vertex -8.515382821100278 32.86598296447452 2.4
      vertex -35.41364850103855 32.69706006348133 2.4
    endloop
  endfacet
  facet normal 0 0 1
    outer loop
      vertex -35.41364850103855 32.69706006348133 2.4
      vertex -8.065235752961684 33.952734121437196 2.4
      vertex -35.50880978256464 33.857629649341106 2.4
    endloop
  endfacet
  facet normal -0.9987954561215692 -0.049067676029201174 0
    outer loop
      vertex -35.50880978256464 33.857629649341106 0
      vertex -35.565947346389294 35.02069143950939 2.4
      vertex -35.565947346389294 35.02069143950939 0
    endloop
  endfacet
  facet normal -0.9998661379118038 -0.016361731489478788 0
    outer loop
      vertex -35.565947346389294 35.02069143950939 0
      vertex -35.58500000089407 36.185000002384186 2.4
      vertex -35.58500000089407 36.185000002384186 0
    endloop
  endfacet
  facet normal -0.9998661379118038 0.016361731489478788 0
    outer loop
      vertex -35.58500000089407 36.185000002384186 0
      vertex -35.565947346389294 37.34930856525898 2.4
      vertex -35.565947346389294 37.34930856525898 0
    endloop
  endfacet
  facet normal -0.9998661379118038 -0.016361731489478788 0
    outer loop
      vertex -35.565947346389294 35.02069143950939 0
      vertex -35.565947346389294 35.02069143950939 2.4
      vertex -35.58500000089407 36.185000002384186 2.4
    endloop
  endfacet
  facet normal -0.9998661379118038 0.016361731489478788 0
    outer loop
      vertex -35.58500000089407 36.185000002384186 0
      vertex -35.58500000089407 36.185000002384186 2.4
      vertex -35.565947346389294 37.34930856525898 2.4
    endloop
  endfacet
  facet normal -0.9987954561215692 0.049067676029201174 0
    outer loop
      vertex -35.565947346389294 37.34930856525898 0
      vertex -35.50880978256464 38.512370355427265 2.4
      vertex -35.50880978256464 38.512370355427265 0
    endloop
  endfacet
  facet normal -0.9966552395443488 0.08172107126559704 0
    outer loop
      vertex -35.50880978256464 38.512370355427265 0
      vertex -35.41364850103855 39.67293994128704 2.4
      vertex -35.41364850103855 39.67293994128704 0
    endloop
  endfacet
  facet normal -0.9987954561215692 0.049067676029201174 0
    outer loop
      vertex -35.565947346389294 37.34930856525898 0
      vertex -35.565947346389294 37.34930856525898 2.4
      vertex -35.50880978256464 38.512370355427265 2.4
    endloop
  endfacet
  facet normal -0.9966552395443488 0.08172107126559704 0
    outer loop
      vertex -35.50880978256464 38.512370355427265 0
      vertex -35.50880978256464 38.512370355427265 2.4
      vertex -35.41364850103855 39.67293994128704 2.4
    endloop
  endfacet
  facet normal -0.9934477784254346 0.11428697013031985 0
    outer loop
      vertex -35.41364850103855 39.67293994128704 0
      vertex -35.41364850103855 39.67293994128704 2.4
      vertex -35.28056538850069 40.82977455109358 2.4
    endloop
  endfacet
  facet normal -0.9934477784254346 0.11428697013031985 0
    outer loop
      vertex -35.41364850103855 39.67293994128704 0
      vertex -35.28056538850069 40.82977455109358 2.4
      vertex -35.28056538850069 40.82977455109358 0
    endloop
  endfacet
  facet normal -0.9891765106849502 0.14673046960037506 0
    outer loop
      vertex -35.28056538850069 40.82977455109358 0
      vertex -35.10970297455788 41.98163542151451 2.4
      vertex -35.10970297455788 41.98163542151451 0
    endloop
  endfacet
  facet normal -0.9838460051946883 0.17901686530171745 0
    outer loop
      vertex -35.10970297455788 41.98163542151451 0
      vertex -34.90124420076609 43.12728910893202 2.4
      vertex -34.90124420076609 43.12728910893202 0
    endloop
  endfacet
  facet normal -0.9891765106849502 0.14673046960037506 0
    outer loop
      vertex -35.28056538850069 40.82977455109358 0
      vertex -35.28056538850069 40.82977455109358 2.4
      vertex -35.10970297455788 41.98163542151451 2.4
    endloop
  endfacet
  facet normal -0.9838460051946883 0.17901686530171745 0
    outer loop
      vertex -35.10970297455788 41.98163542151451 0
      vertex -35.10970297455788 41.98163542151451 2.4
      vertex -34.90124420076609 43.12728910893202 2.4
    endloop
  endfacet
  facet normal -0.9774619757100396 0.21111154881016386 0
    outer loop
      vertex -34.90124420076609 43.12728910893202 0
      vertex -34.655412308871746 44.26550882309675 2.4
      vertex -34.655412308871746 44.26550882309675 0
    endloop
  endfacet
  facet normal -0.9700312528378083 0.24298018132743254 0
    outer loop
      vertex -34.655412308871746 44.26550882309675 0
      vertex -34.372470527887344 45.39507572352886 2.4
      vertex -34.372470527887344 45.39507572352886 0
    endloop
  endfacet
  facet normal -0.9615617970727209 0.2745886203218908 0
    outer loop
      vertex -34.372470527887344 45.39507572352886 0
      vertex -34.19011591374874 46.03365000337362 2.4
      vertex -34.19011591374874 46.03365000337362 0
    endloop
  endfacet
  facet normal -0.9774619757100396 0.21111154881016386 0
    outer loop
      vertex -34.90124420076609 43.12728910893202 0
      vertex -34.90124420076609 43.12728910893202 2.4
      vertex -34.655412308871746 44.26550882309675 2.4
    endloop
  endfacet
  facet normal -0.9700312528378083 0.24298018132743254 0
    outer loop
      vertex -34.655412308871746 44.26550882309675 0
      vertex -34.655412308871746 44.26550882309675 2.4
      vertex -34.372470527887344 45.39507572352886 2.4
    endloop
  endfacet
  facet normal -0.9615617970727209 0.2745886203218908 0
    outer loop
      vertex -34.372470527887344 45.39507572352886 0
      vertex -34.372470527887344 45.39507572352886 2.4
      vertex -34.19011591374874 46.03365000337362 2.4
    endloop
  endfacet
  facet normal 0 0 -1
    outer loop
      vertex -35.565947346389294 35.02069143950939 0
      vertex -35.58500000089407 36.185000002384186 0
      vertex -6.761009689531603 35.90464636378518 0
    endloop
  endfacet
  facet normal 0 0 -1
    outer loop
      vertex -35.58500000089407 36.185000002384186 0
      vertex -35.565947346389294 37.34930856525898 0
      vertex -5.474360201732402 37.10972511496977 0
    endloop
  endfacet
  facet normal 0 0 1
    outer loop
      vertex -35.50880978256464 33.857629649341106 2.4
      vertex -7.477090264984115 34.971431988856736 2.4
      vertex -35.565947346389294 35.02069143950939 2.4
    endloop
  endfacet
  facet normal 0 0 1
    outer loop
      vertex -35.565947346389294 35.02069143950939 2.4
      vertex -6.358742582633772 36.334142582633774 2.4
      vertex -35.58500000089407 36.185000002384186 2.4
    endloop
  endfacet
  facet normal 0 0 1
    outer loop
      vertex -35.58500000089407 36.185000002384186 2.4
      vertex -4.9960319888567355 37.452490264984114 2.4
      vertex -35.565947346389294 37.34930856525898 2.4
    endloop
  endfacet
  facet normal 0 0 -1
    outer loop
      vertex -35.565947346389294 37.34930856525898 0
      vertex -35.50880978256464 38.512370355427265 0
      vertex -3.441326687554954 38.28349756165165 0
    endloop
  endfacet
  facet normal 0 0 1
    outer loop
      vertex -35.565947346389294 37.34930856525898 2.4
      vertex -2.890582964474517 38.49078282110028 2.4
      vertex -35.50880978256464 38.512370355427265 2.4
    endloop
  endfacet
  facet normal 0 0 -1
    outer loop
      vertex -33.30421240627766 23.65018204599619 0
      vertex -7.1343251149697675 24.5010397982676 0
      vertex -6.761009689531603 24.046153636214818 0
    endloop
  endfacet
  facet normal 0 0 -1
    outer loop
      vertex -33.30421240627766 23.65018204599619 0
      vertex -7.477090264984115 24.979368011143265 0
      vertex -7.1343251149697675 24.5010397982676 0
    endloop
  endfacet
  facet normal 0 0 -1
    outer loop
      vertex -33.696508660912514 24.746576629579067 0
      vertex -7.7878373665800185 25.47909 0
      vertex -7.477090264984115 24.979368011143265 0
    endloop
  endfacet
  facet normal 0 0 -1
    outer loop
      vertex -33.696508660912514 24.746576629579067 0
      vertex -8.065235752961684 25.998065878562805 0
      vertex -7.7878373665800185 25.47909 0
    endloop
  endfacet
  facet normal 0 0 -1
    outer loop
      vertex -32.87625316530466 22.5672100558877 0
      vertex -6.761009689531603 24.046153636214818 0
      vertex -6.358742582633772 23.616657417366227 0
    endloop
  endfacet
  facet normal 0 0 -1
    outer loop
      vertex -32.87625316530466 22.5672100558877 0
      vertex -6.358742582633772 23.616657417366227 0
      vertex -5.9292463637851816 23.214390310468396 0
    endloop
  endfacet
  facet normal 0 0 1
    outer loop
      vertex -32.87625316530466 22.5672100558877 2.4
      vertex -6.761009689531603 24.046153636214818 2.4
      vertex -7.1343251149697675 24.5010397982676 2.4
    endloop
  endfacet
  facet normal 0 0 1
    outer loop
      vertex -33.30421240627766 23.65018204599619 2.4
      vertex -7.1343251149697675 24.5010397982676 2.4
      vertex -7.477090264984115 24.979368011143265 2.4
    endloop
  endfacet
  facet normal 0 0 1
    outer loop
      vertex -33.696508660912514 24.746576629579067 2.4
      vertex -8.065235752961684 25.998065878562805 2.4
      vertex -8.308097561651648 26.534073312445045 2.4
    endloop
  endfacet
  facet normal 0 0 1
    outer loop
      vertex -33.30421240627766 23.65018204599619 2.4
      vertex -7.477090264984115 24.979368011143265 2.4
      vertex -7.7878373665800185 25.47909 2.4
    endloop
  endfacet
  facet normal 0 0 1
    outer loop
      vertex -33.696508660912514 24.746576629579067 2.4
      vertex -7.7878373665800185 25.47909 2.4
      vertex -8.065235752961684 25.998065878562805 2.4
    endloop
  endfacet
  facet normal 0 0 1
    outer loop
      vertex -32.87625316530466 22.5672100558877 2.4
      vertex -6.358742582633772 23.616657417366227 2.4
      vertex -6.761009689531603 24.046153636214818 2.4
    endloop
  endfacet
  facet normal 0 0 1
    outer loop
      vertex -32.87625316530466 22.5672100558877 2.4
      vertex -5.9292463637851816 23.214390310468396 2.4
      vertex -6.358742582633772 23.616657417366227 2.4
    endloop
  endfacet
  facet normal 0 0 -1
    outer loop
      vertex -34.05272185057402 25.85521975904703 0
      vertex -8.308097561651648 26.534073312445045 0
      vertex -8.065235752961684 25.998065878562805 0
    endloop
  endfacet
  facet normal 0 0 -1
    outer loop
      vertex -34.05272185057402 25.85521975904703 0
      vertex -8.515382821100278 27.084817035525482 0
      vertex -8.308097561651648 26.534073312445045 0
    endloop
  endfacet
  facet normal 0 0 -1
    outer loop
      vertex -34.372470527887344 26.97492428123951 0
      vertex -8.686203904003602 27.64793867863017 0
      vertex -8.515382821100278 27.084817035525482 0
    endloop
  endfacet
  facet normal 0 0 -1
    outer loop
      vertex -34.372470527887344 26.97492428123951 0
      vertex -8.819829328259699 28.221026868431323 0
      vertex -8.686203904003602 27.64793867863017 0
    endloop
  endfacet
  facet normal 0 0 -1
    outer loop
      vertex -34.655412308871746 28.10449118167162 0
      vertex -8.915686889287356 28.80162755331812 0
      vertex -8.819829328259699 28.221026868431323 0
    endloop
  endfacet
  facet normal 0 0 -1
    outer loop
      vertex -34.655412308871746 28.10449118167162 0
      vertex -8.97336611029393 29.38725451202243 0
      vertex -8.915686889287356 28.80162755331812 0
    endloop
  endfacet
  facet normal 0 0 1
    outer loop
      vertex -34.05272185057402 25.85521975904703 2.4
      vertex -8.308097561651648 26.534073312445045 2.4
      vertex -8.515382821100278 27.084817035525482 2.4
    endloop
  endfacet
  facet normal 0 0 1
    outer loop
      vertex -34.05272185057402 25.85521975904703 2.4
      vertex -8.515382821100278 27.084817035525482 2.4
      vertex -8.686203904003602 27.64793867863017 2.4
    endloop
  endfacet
  facet normal 0 0 1
    outer loop
      vertex -34.372470527887344 26.97492428123951 2.4
      vertex -8.686203904003602 27.64793867863017 2.4
      vertex -8.819829328259699 28.221026868431323 2.4
    endloop
  endfacet
  facet normal 0 0 1
    outer loop
      vertex -34.372470527887344 26.97492428123951 2.4
      vertex -8.819829328259699 28.221026868431323 2.4
      vertex -8.915686889287356 28.80162755331812 2.4
    endloop
  endfacet
  facet normal 0 0 1
    outer loop
      vertex -34.655412308871746 28.10449118167162 2.4
      vertex -8.915686889287356 28.80162755331812 2.4
      vertex -8.97336611029393 29.38725451202243 2.4
    endloop
  endfacet
  facet normal 0 0 -1
    outer loop
      vertex -34.90124420076609 29.242710888385773 0
      vertex -8.99262 29.9754 0
      vertex -8.97336611029393 29.38725451202243 0
    endloop
  endfacet
  facet normal 0 0 -1
    outer loop
      vertex -34.90124420076609 29.242710888385773 0
      vertex -8.97336611029393 30.56354548797757 0
      vertex -8.99262 29.9754 0
    endloop
  endfacet
  facet normal 0 0 -1
    outer loop
      vertex -35.10970297455788 30.38836457580328 0
      vertex -8.915686889287356 31.14917244668188 0
      vertex -8.97336611029393 30.56354548797757 0
    endloop
  endfacet
  facet normal 0 0 -1
    outer loop
      vertex -35.10970297455788 30.38836457580328 0
      vertex -8.819829328259699 31.729773131568678 0
      vertex -8.915686889287356 31.14917244668188 0
    endloop
  endfacet
  facet normal 0 0 1
    outer loop
      vertex -34.655412308871746 28.10449118167162 2.4
      vertex -8.97336611029393 29.38725451202243 2.4
      vertex -8.99262 29.9754 2.4
    endloop
  endfacet
  facet normal 0 0 1
    outer loop
      vertex -34.90124420076609 29.242710888385773 2.4
      vertex -8.99262 29.9754 2.4
      vertex -8.97336611029393 30.56354548797757 2.4
    endloop
  endfacet
  facet normal 0 0 1
    outer loop
      vertex -34.90124420076609 29.242710888385773 2.4
      vertex -8.97336611029393 30.56354548797757 2.4
      vertex -8.915686889287356 31.14917244668188 2.4
    endloop
  endfacet
  facet normal 0 0 1
    outer loop
      vertex -35.10970297455788 30.38836457580328 2.4
      vertex -8.915686889287356 31.14917244668188 2.4
      vertex -8.819829328259699 31.729773131568678 2.4
    endloop
  endfacet
  facet normal 0 0 -1
    outer loop
      vertex -35.28056538850069 31.540225446224213 0
      vertex -8.686203904003602 32.30286132136983 0
      vertex -8.819829328259699 31.729773131568678 0
    endloop
  endfacet
  facet normal 0 0 -1
    outer loop
      vertex -35.41364850103855 32.69706006348133 0
      vertex -8.515382821100278 32.86598296447452 0
      vertex -8.686203904003602 32.30286132136983 0
    endloop
  endfacet
  facet normal 0 0 -1
    outer loop
      vertex -35.41364850103855 32.69706006348133 0
      vertex -8.308097561651648 33.416726687554956 0
      vertex -8.515382821100278 32.86598296447452 0
    endloop
  endfacet
  facet normal 0 0 -1
    outer loop
      vertex -35.50880978256464 33.857629649341106 0
      vertex -8.065235752961684 33.952734121437196 0
      vertex -8.308097561651648 33.416726687554956 0
    endloop
  endfacet
  facet normal 0 0 -1
    outer loop
      vertex -35.50880978256464 33.857629649341106 0
      vertex -7.7878373665800185 34.47171 0
      vertex -8.065235752961684 33.952734121437196 0
    endloop
  endfacet
  facet normal 0 0 1
    outer loop
      vertex -35.28056538850069 31.540225446224213 2.4
      vertex -8.819829328259699 31.729773131568678 2.4
      vertex -8.686203904003602 32.30286132136983 2.4
    endloop
  endfacet
  facet normal 0 0 1
    outer loop
      vertex -35.28056538850069 31.540225446224213 2.4
      vertex -8.686203904003602 32.30286132136983 2.4
      vertex -8.515382821100278 32.86598296447452 2.4
    endloop
  endfacet
  facet normal 0 0 1
    outer loop
      vertex -35.41364850103855 32.69706006348133 2.4
      vertex -8.515382821100278 32.86598296447452 2.4
      vertex -8.308097561651648 33.416726687554956 2.4
    endloop
  endfacet
  facet normal 0 0 1
    outer loop
      vertex -35.41364850103855 32.69706006348133 2.4
      vertex -8.308097561651648 33.416726687554956 2.4
      vertex -8.065235752961684 33.952734121437196 2.4
    endloop
  endfacet
  facet normal 0 0 1
    outer loop
      vertex -35.50880978256464 33.857629649341106 2.4
      vertex -8.065235752961684 33.952734121437196 2.4
      vertex -7.7878373665800185 34.47171 2.4
    endloop
  endfacet
  facet normal 0 0 1
    outer loop
      vertex -35.50880978256464 33.857629649341106 2.4
      vertex -7.7878373665800185 34.47171 2.4
      vertex -7.477090264984115 34.971431988856736 2.4
    endloop
  endfacet
  facet normal 0 0 -1
    outer loop
      vertex -35.565947346389294 35.02069143950939 0
      vertex -7.477090264984115 34.971431988856736 0
      vertex -7.7878373665800185 34.47171 0
    endloop
  endfacet
  facet normal 0 0 -1
    outer loop
      vertex -35.565947346389294 35.02069143950939 0
      vertex -7.1343251149697675 35.4497602017324 0
      vertex -7.477090264984115 34.971431988856736 0
    endloop
  endfacet
  facet normal 0 0 -1
    outer loop
      vertex -35.565947346389294 35.02069143950939 0
      vertex -6.761009689531603 35.90464636378518 0
      vertex -7.1343251149697675 35.4497602017324 0
    endloop
  endfacet
  facet normal 0 0 -1
    outer loop
      vertex -35.58500000089407 36.185000002384186 0
      vertex -6.358742582633772 36.334142582633774 0
      vertex -6.761009689531603 35.90464636378518 0
    endloop
  endfacet
  facet normal 0 0 -1
    outer loop
      vertex -35.58500000089407 36.185000002384186 0
      vertex -5.9292463637851816 36.736409689531605 0
      vertex -6.358742582633772 36.334142582633774 0
    endloop
  endfacet
  facet normal 0 0 -1
    outer loop
      vertex -35.58500000089407 36.185000002384186 0
      vertex -5.474360201732402 37.10972511496977 0
      vertex -5.9292463637851816 36.736409689531605 0
    endloop
  endfacet
  facet normal 0 0 -1
    outer loop
      vertex -35.565947346389294 37.34930856525898 0
      vertex -4.9960319888567355 37.452490264984114 0
      vertex -5.474360201732402 37.10972511496977 0
    endloop
  endfacet
  facet normal 0 0 1
    outer loop
      vertex -35.565947346389294 35.02069143950939 2.4
      vertex -7.477090264984115 34.971431988856736 2.4
      vertex -7.1343251149697675 35.4497602017324 2.4
    endloop
  endfacet
  facet normal 0 0 1
    outer loop
      vertex -35.565947346389294 35.02069143950939 2.4
      vertex -7.1343251149697675 35.4497602017324 2.4
      vertex -6.761009689531603 35.90464636378518 2.4
    endloop
  endfacet
  facet normal 0 0 1
    outer loop
      vertex -35.565947346389294 35.02069143950939 2.4
      vertex -6.761009689531603 35.90464636378518 2.4
      vertex -6.358742582633772 36.334142582633774 2.4
    endloop
  endfacet
  facet normal 0 0 1
    outer loop
      vertex -35.58500000089407 36.185000002384186 2.4
      vertex -6.358742582633772 36.334142582633774 2.4
      vertex -5.9292463637851816 36.736409689531605 2.4
    endloop
  endfacet
  facet normal 0 0 1
    outer loop
      vertex -35.58500000089407 36.185000002384186 2.4
      vertex -5.9292463637851816 36.736409689531605 2.4
      vertex -5.474360201732402 37.10972511496977 2.4
    endloop
  endfacet
  facet normal 0 0 1
    outer loop
      vertex -35.58500000089407 36.185000002384186 2.4
      vertex -5.474360201732402 37.10972511496977 2.4
      vertex -4.9960319888567355 37.452490264984114 2.4
    endloop
  endfacet
  facet normal 0 0 -1
    outer loop
      vertex -35.565947346389294 37.34930856525898 0
      vertex -4.49631 37.76323736658002 0
      vertex -4.9960319888567355 37.452490264984114 0
    endloop
  endfacet
  facet normal 0 0 -1
    outer loop
      vertex -35.565947346389294 37.34930856525898 0
      vertex -3.977334121437196 38.040635752961684 0
      vertex -4.49631 37.76323736658002 0
    endloop
  endfacet
  facet normal 0 0 -1
    outer loop
      vertex -35.565947346389294 37.34930856525898 0
      vertex -3.441326687554954 38.28349756165165 0
      vertex -3.977334121437196 38.040635752961684 0
    endloop
  endfacet
  facet normal 0 0 -1
    outer loop
      vertex -35.50880978256464 38.512370355427265 0
      vertex -2.890582964474517 38.49078282110028 0
      vertex -3.441326687554954 38.28349756165165 0
    endloop
  endfacet
  facet normal 0 0 -1
    outer loop
      vertex -35.50880978256464 38.512370355427265 0
      vertex -2.3274613213698303 38.6616039040036 0
      vertex -2.890582964474517 38.49078282110028 0
    endloop
  endfacet
  facet normal 0 0 1
    outer loop
      vertex -35.565947346389294 37.34930856525898 2.4
      vertex -4.9960319888567355 37.452490264984114 2.4
      vertex -4.49631 37.76323736658002 2.4
    endloop
  endfacet
  facet normal 0 0 1
    outer loop
      vertex -35.565947346389294 37.34930856525898 2.4
      vertex -4.49631 37.76323736658002 2.4
      vertex -3.977334121437196 38.040635752961684 2.4
    endloop
  endfacet
  facet normal 0 0 1
    outer loop
      vertex -35.565947346389294 37.34930856525898 2.4
      vertex -3.977334121437196 38.040635752961684 2.4
      vertex -3.441326687554954 38.28349756165165 2.4
    endloop
  endfacet
  facet normal 0 0 1
    outer loop
      vertex -35.565947346389294 37.34930856525898 2.4
      vertex -3.441326687554954 38.28349756165165 2.4
      vertex -2.890582964474517 38.49078282110028 2.4
    endloop
  endfacet
  facet normal 0 0 1
    outer loop
      vertex -35.50880978256464 38.512370355427265 2.4
      vertex -2.890582964474517 38.49078282110028 2.4
      vertex -2.3274613213698303 38.6616039040036 2.4
    endloop
  endfacet
  facet normal 0 0 -1
    outer loop
      vertex -35.50880978256464 38.512370355427265 0
      vertex -1.7543731315686752 38.7952293282597 0
      vertex -2.3274613213698303 38.6616039040036 0
    endloop
  endfacet
  facet normal 0 0 -1
    outer loop
      vertex -35.50880978256464 38.512370355427265 0
      vertex -1.1737724466818802 38.89108688928736 0
      vertex -1.7543731315686752 38.7952293282597 0
    endloop
  endfacet
  facet normal 0 0 -1
    outer loop
      vertex -35.50880978256464 38.512370355427265 0
      vertex -0.5881454879775692 38.94876611029393 0
      vertex -1.1737724466818802 38.89108688928736 0
    endloop
  endfacet
  facet normal 0 0 -1
    outer loop
      vertex -35.50880978256464 38.512370355427265 0
      vertex 0 38.96802 0
      vertex -0.5881454879775692 38.94876611029393 0
    endloop
  endfacet
  facet normal 0 0 -1
    outer loop
      vertex -35.50880978256464 38.512370355427265 0
      vertex -35.41364850103855 39.67293994128704 0
      vertex 35.28056538850069 40.82977455109358 0
    endloop
  endfacet
  facet normal 0 0 1
    outer loop
      vertex -35.50880978256464 38.512370355427265 2.4
      vertex -2.3274613213698303 38.6616039040036 2.4
      vertex -1.7543731315686752 38.7952293282597 2.4
    endloop
  endfacet
  facet normal 0 0 1
    outer loop
      vertex -35.50880978256464 38.512370355427265 2.4
      vertex -1.7543731315686752 38.7952293282597 2.4
      vertex -1.1737724466818802 38.89108688928736 2.4
    endloop
  endfacet
  facet normal 0 0 1
    outer loop
      vertex -35.50880978256464 38.512370355427265 2.4
      vertex -1.1737724466818802 38.89108688928736 2.4
      vertex -0.5881454879775692 38.94876611029393 2.4
    endloop
  endfacet
  facet normal 0 0 1
    outer loop
      vertex -35.50880978256464 38.512370355427265 2.4
      vertex -0.5881454879775692 38.94876611029393 2.4
      vertex 0 38.96802 2.4
    endloop
  endfacet
  facet normal 0 0 1
    outer loop
      vertex -35.50880978256464 38.512370355427265 2.4
      vertex 35.28056538850069 40.82977455109358 2.4
      vertex -35.41364850103855 39.67293994128704 2.4
    endloop
  endfacet
  facet normal 0 0 -1
    outer loop
      vertex -35.41364850103855 39.67293994128704 0
      vertex -35.28056538850069 40.82977455109358 0
      vertex 35.10970297455788 41.98163542151451 0
    endloop
  endfacet
  facet normal 0 0 -1
    outer loop
      vertex -35.28056538850069 40.82977455109358 0
      vertex -35.10970297455788 41.98163542151451 0
      vertex 34.90124420076609 43.12728910893202 0
    endloop
  endfacet
  facet normal 0 0 -1
    outer loop
      vertex -35.10970297455788 41.98163542151451 0
      vertex -34.90124420076609 43.12728910893202 0
      vertex 34.655412308871746 44.26550882309675 0
    endloop
  endfacet
  facet normal 0 0 1
    outer loop
      vertex -35.41364850103855 39.67293994128704 2.4
      vertex 35.10970297455788 41.98163542151451 2.4
      vertex -35.28056538850069 40.82977455109358 2.4
    endloop
  endfacet
  facet normal 0 0 1
    outer loop
      vertex -35.28056538850069 40.82977455109358 2.4
      vertex 34.90124420076609 43.12728910893202 2.4
      vertex -35.10970297455788 41.98163542151451 2.4
    endloop
  endfacet
  facet normal 0 0 1
    outer loop
      vertex -35.10970297455788 41.98163542151451 2.4
      vertex 34.655412308871746 44.26550882309675 2.4
      vertex -34.90124420076609 43.12728910893202 2.4
    endloop
  endfacet
  facet normal 0 0 -1
    outer loop
      vertex -34.90124420076609 43.12728910893202 0
      vertex -34.655412308871746 44.26550882309675 0
      vertex 34.372470527887344 45.39507572352886 0
    endloop
  endfacet
  facet normal 0 0 -1
    outer loop
      vertex -34.655412308871746 44.26550882309675 0
      vertex -34.372470527887344 45.39507572352886 0
      vertex 34.19011591374874 46.03365000337362 0
    endloop
  endfacet
  facet normal 0 0 -1
    outer loop
      vertex -34.372470527887344 45.39507572352886 0
      vertex -34.19011591374874 46.03365000337362 0
      vertex 34.19011591374874 46.03365000337362 0
    endloop
  endfacet
  facet normal 0 0 1
    outer loop
      vertex -34.90124420076609 43.12728910893202 2.4
      vertex 34.372470527887344 45.39507572352886 2.4
      vertex -34.655412308871746 44.26550882309675 2.4
    endloop
  endfacet
  facet normal 0 1 0
    outer loop
      vertex -34.19011591374874 46.03365000337362 0
      vertex -34.19011591374874 46.03365000337362 2.4
      vertex 34.19011591374874 46.03365000337362 2.4
    endloop
  endfacet
  facet normal 0 0 1
    outer loop
      vertex -34.655412308871746 44.26550882309675 2.4
      vertex 34.19011591374874 46.03365000337362 2.4
      vertex -34.372470527887344 45.39507572352886 2.4
    endloop
  endfacet
  facet normal 0 0 1
    outer loop
      vertex -34.372470527887344 45.39507572352886 2.4
      vertex 34.19011591374874 46.03365000337362 2.4
      vertex -34.19011591374874 46.03365000337362 2.4
    endloop
  endfacet
  facet normal 0 0 -1
    outer loop
      vertex -35.50880978256464 38.512370355427265 0
      vertex 35.41364850103855 39.67293994128704 0
      vertex 0 38.96802 0
    endloop
  endfacet
  facet normal 0 0 1
    outer loop
      vertex -35.50880978256464 38.512370355427265 2.4
      vertex 0 38.96802 2.4
      vertex 35.41364850103855 39.67293994128704 2.4
    endloop
  endfacet
  facet normal 0 0 -1
    outer loop
      vertex -1.146313063800335 1.168758176267147 0
      vertex 1.146313063800335 1.168758176267147 0
      vertex 0 1.1499999985098839 0
    endloop
  endfacet
  facet normal 0 0 -1
    outer loop
      vertex -1.146313063800335 1.168758176267147 0
      vertex 2.2913986295461655 1.2250126227736473 0
      vertex 1.146313063800335 1.168758176267147 0
    endloop
  endfacet
  facet normal 0 0 -1
    outer loop
      vertex -2.2913986295461655 1.2250126227736473 0
      vertex 3.4340305104851723 1.3187031000852585 0
      vertex 2.2913986295461655 1.2250126227736473 0
    endloop
  endfacet
  facet normal 0 0 -1
    outer loop
      vertex -2.2913986295461655 1.2250126227736473 0
      vertex 4.572985142469406 1.4497292786836624 0
      vertex 3.4340305104851723 1.3187031000852585 0
    endloop
  endfacet
  facet normal 0 0 -1
    outer loop
      vertex -4.572985142469406 1.4497292786836624 0
      vertex 5.707042910158634 1.6179508566856384 0
      vertex 4.572985142469406 1.4497292786836624 0
    endloop
  endfacet
  facet normal 0 0 -1
    outer loop
      vertex -5.707042910158634 1.6179508566856384 0
      vertex 6.834989428520203 1.8231877014040947 0
      vertex 5.707042910158634 1.6179508566856384 0
    endloop
  endfacet
  facet normal 0 0 -1
    outer loop
      vertex -5.707042910158634 1.6179508566856384 0
      vertex 7.955616876482964 2.0652200281620026 0
      vertex 6.834989428520203 1.8231877014040947 0
    endloop
  endfacet
  facet normal 0 0 -1
    outer loop
      vertex -7.955616876482964 2.0652200281620026 0
      vertex 9.067725248634815 2.3437886759638786 0
      vertex 7.955616876482964 2.0652200281620026 0
    endloop
  endfacet
  facet normal 0 0 -1
    outer loop
      vertex -9.067725248634815 2.3437886759638786 0
      vertex 10.170123666524887 2.6585953384637833 0
      vertex 9.067725248634815 2.3437886759638786 0
    endloop
  endfacet
  facet normal 0 0 -1
    outer loop
      vertex -10.170123666524887 2.6585953384637833 0
      vertex 11.261631667613983 3.0093029141426086 0
      vertex 10.170123666524887 2.6585953384637833 0
    endloop
  endfacet
  facet normal 0 0 1
    outer loop
      vertex -1.146313063800335 1.168758176267147 2.4
      vertex 0 1.1499999985098839 2.4
      vertex 2.2913986295461655 1.2250126227736473 2.4
    endloop
  endfacet
  facet normal 0 0 1
    outer loop
      vertex -2.2913986295461655 1.2250126227736473 2.4
      vertex -1.146313063800335 1.168758176267147 2.4
      vertex 4.572985142469406 1.4497292786836624 2.4
    endloop
  endfacet
  facet normal 0 0 1
    outer loop
      vertex 0 1.1499999985098839 2.4
      vertex 1.146313063800335 1.168758176267147 2.4
      vertex 2.2913986295461655 1.2250126227736473 2.4
    endloop
  endfacet
  facet normal 0 0 1
    outer loop
      vertex -1.146313063800335 1.168758176267147 2.4
      vertex 2.2913986295461655 1.2250126227736473 2.4
      vertex 3.4340305104851723 1.3187031000852585 2.4
    endloop
  endfacet
  facet normal 0 0 1
    outer loop
      vertex -1.146313063800335 1.168758176267147 2.4
      vertex 3.4340305104851723 1.3187031000852585 2.4
      vertex 4.572985142469406 1.4497292786836624 2.4
    endloop
  endfacet
  facet normal 0 0 1
    outer loop
      vertex -2.2913986295461655 1.2250126227736473 2.4
      vertex 4.572985142469406 1.4497292786836624 2.4
      vertex 5.707042910158634 1.6179508566856384 2.4
    endloop
  endfacet
  facet normal 0 0 1
    outer loop
      vertex -3.4340305104851723 1.3187031000852585 2.4
      vertex 5.707042910158634 1.6179508566856384 2.4
      vertex 6.834989428520203 1.8231877014040947 2.4
    endloop
  endfacet
  facet normal 0 0 1
    outer loop
      vertex -4.572985142469406 1.4497292786836624 2.4
      vertex 6.834989428520203 1.8231877014040947 2.4
      vertex 7.955616876482964 2.0652200281620026 2.4
    endloop
  endfacet
  facet normal 0 0 1
    outer loop
      vertex -5.707042910158634 1.6179508566856384 2.4
      vertex 7.955616876482964 2.0652200281620026 2.4
      vertex 9.067725248634815 2.3437886759638786 2.4
    endloop
  endfacet
  facet normal 0 0 1
    outer loop
      vertex -6.834989428520203 1.8231877014040947 2.4
      vertex 9.067725248634815 2.3437886759638786 2.4
      vertex 10.170123666524887 2.6585953384637833 2.4
    endloop
  endfacet
  facet normal 0 0 -1
    outer loop
      vertex -11.261631667613983 3.0093029141426086 0
      vertex 12.3410804271698 3.395535856485367 0
      vertex 11.261631667613983 3.0093029141426086 0
    endloop
  endfacet
  facet normal 0 0 1
    outer loop
      vertex -7.955616876482964 2.0652200281620026 2.4
      vertex 10.170123666524887 2.6585953384637833 2.4
      vertex 11.261631667613983 3.0093029141426086 2.4
    endloop
  endfacet
  facet normal 0 0 1
    outer loop
      vertex -9.067725248634815 2.3437886759638786 2.4
      vertex 11.261631667613983 3.0093029141426086 2.4
      vertex 12.3410804271698 3.395535856485367 2.4
    endloop
  endfacet
  facet normal 0 0 -1
    outer loop
      vertex -12.3410804271698 3.395535856485367 0
      vertex 13.40731405466795 3.816880576312542 0
      vertex 12.3410804271698 3.395535856485367 0
    endloop
  endfacet
  facet normal 0 0 -1
    outer loop
      vertex -13.40731405466795 3.816880576312542 0
      vertex 14.459190785884857 4.272885896265507 0
      vertex 13.40731405466795 3.816880576312542 0
    endloop
  endfacet
  facet normal 0 0 -1
    outer loop
      vertex -13.40731405466795 3.816880576312542 0
      vertex 15.495584264397621 4.763063497841358 0
      vertex 14.459190785884857 4.272885896265507 0
    endloop
  endfacet
  facet normal 0 0 -1
    outer loop
      vertex -15.495584264397621 4.763063497841358 0
      vertex 16.515384674072266 5.286888502538204 0
      vertex 15.495584264397621 4.763063497841358 0
    endloop
  endfacet
  facet normal 0 0 -1
    outer loop
      vertex -16.515384674072266 5.286888502538204 0
      vertex 17.51749999821186 5.843799978494644 0
      vertex 16.515384674072266 5.286888502538204 0
    endloop
  endfacet
  facet normal 0 0 1
    outer loop
      vertex -10.170123666524887 2.6585953384637833 2.4
      vertex 12.3410804271698 3.395535856485367 2.4
      vertex 13.40731405466795 3.816880576312542 2.4
    endloop
  endfacet
  facet normal 0 0 1
    outer loop
      vertex -11.261631667613983 3.0093029141426086 2.4
      vertex 13.40731405466795 3.816880576312542 2.4
      vertex 14.459190785884857 4.272885896265507 2.4
    endloop
  endfacet
  facet normal 0 0 1
    outer loop
      vertex -12.3410804271698 3.395535856485367 2.4
      vertex 14.459190785884857 4.272885896265507 2.4
      vertex 15.495584264397621 4.763063497841358 2.4
    endloop
  endfacet
  facet normal 0 0 1
    outer loop
      vertex -13.40731405466795 3.816880576312542 2.4
      vertex 15.495584264397621 4.763063497841358 2.4
      vertex 16.515384674072266 5.286888502538204 2.4
    endloop
  endfacet
  facet normal 0 0 1
    outer loop
      vertex -14.459190785884857 4.272885896265507 2.4
      vertex 16.515384674072266 5.286888502538204 2.4
      vertex 17.51749999821186 5.843799978494644 2.4
    endloop
  endfacet
  facet normal 0 0 1
    outer loop
      vertex -15.495584264397621 4.763063497841358 2.4
      vertex 17.51749999821186 5.843799978494644 2.4
      vertex 18.500857144594193 6.43320157378912 2.4
    endloop
  endfacet
  facet normal 0 0 -1
    outer loop
      vertex -17.51749999821186 5.843799978494644 0
      vertex 18.500857144594193 6.43320157378912 0
      vertex 17.51749999821186 5.843799978494644 0
    endloop
  endfacet
  facet normal 0 0 -1
    outer loop
      vertex -18.500857144594193 6.43320157378912 0
      vertex 19.464403115212917 7.054462134838104 0
      vertex 18.500857144594193 6.43320157378912 0
    endloop
  endfacet
  facet normal 0 0 -1
    outer loop
      vertex -19.464403115212917 7.054462134838104 0
      vertex 20.40710610896349 7.706916406750679 0
      vertex 19.464403115212917 7.054462134838104 0
    endloop
  endfacet
  facet normal 0 0 -1
    outer loop
      vertex -19.464403115212917 7.054462134838104 0
      vertex 21.662775449454784 7.9535213857889175 0
      vertex 20.40710610896349 7.706916406750679 0
    endloop
  endfacet
  facet normal 0 0 -1
    outer loop
      vertex -20.40710610896349 7.706916406750679 0
      vertex 21.721338087025963 8 0
      vertex 21.662775449454784 7.9535213857889175 0
    endloop
  endfacet
  facet normal 0 0 -1
    outer loop
      vertex -20.40710610896349 7.706916406750679 0
      vertex 22.57488501816988 8.677423015236855 0
      vertex 21.721338087025963 8 0
    endloop
  endfacet
  facet normal 0 0 -1
    outer loop
      vertex -20.802283592522144 8 0
      vertex 23.462820827960968 9.430780448019505 0
      vertex 22.57488501816988 8.677423015236855 0
    endloop
  endfacet
  facet normal 0 0 1
    outer loop
      vertex -16.515384674072266 5.286888502538204 2.4
      vertex 18.500857144594193 6.43320157378912 2.4
      vertex 19.464403115212917 7.054462134838104 2.4
    endloop
  endfacet
  facet normal 0 0 1
    outer loop
      vertex -17.51749999821186 5.843799978494644 2.4
      vertex 19.464403115212917 7.054462134838104 2.4
      vertex 20.40710610896349 7.706916406750679 2.4
    endloop
  endfacet
  facet normal 0 0 1
    outer loop
      vertex -18.500857144594193 6.43320157378912 2.4
      vertex 20.40710610896349 7.706916406750679 2.4
      vertex 20.802283592522144 8 2.4
    endloop
  endfacet
  facet normal 0 0 1
    outer loop
      vertex -19.464403115212917 7.054462134838104 2.4
      vertex 20.802283592522144 8 2.4
      vertex 22.57488501816988 8.677423015236855 2.4
    endloop
  endfacet
  facet normal 0 0 1
    outer loop
      vertex -20.40710610896349 7.706916406750679 2.4
      vertex 22.57488501816988 8.677423015236855 2.4
      vertex 23.462820827960968 9.430780448019505 2.4
    endloop
  endfacet
  facet normal 0 0 -1
    outer loop
      vertex -22.57488501816988 8.677423015236855 0
      vertex 24.32563206553459 10.212786972522736 0
      vertex 23.462820827960968 9.430780448019505 0
    endloop
  endfacet
  facet normal 0 0 -1
    outer loop
      vertex -23.462820827960968 9.430780448019505 0
      vertex 25.162394806742668 11.022605188190937 0
      vertex 24.32563206553459 10.212786972522736 0
    endloop
  endfacet
  facet normal 0 0 1
    outer loop
      vertex -22.57488501816988 8.677423015236855 2.4
      vertex 23.462820827960968 9.430780448019505 2.4
      vertex 24.32563206553459 10.212786972522736 2.4
    endloop
  endfacet
  facet normal 0 0 1
    outer loop
      vertex -23.462820827960968 9.430780448019505 2.4
      vertex 24.32563206553459 10.212786972522736 2.4
      vertex 25.162394806742668 11.022605188190937 2.4
    endloop
  endfacet
  facet normal 0 0 -1
    outer loop
      vertex 16.295816465729356 4.555875361300597 0
      vertex 16.316501604042482 4.786833491621214 0
      vertex 16.77465287894553 4.801831809373061 0
    endloop
  endfacet
  facet normal 0 0 -1
    outer loop
      vertex 16.31946461992588 4.794383146272896 0
      vertex 16.77465287894553 4.801831809373061 0
      vertex 16.316501604042482 4.786833491621214 0
    endloop
  endfacet
  facet normal 0 0 -1
    outer loop
      vertex 16.31946461992588 4.794383146272896 0
      vertex 16.531260641608373 5.257186656460988 0
      vertex 16.77465287894553 4.801831809373061 0
    endloop
  endfacet
  facet normal 0 0 -1
    outer loop
      vertex -24.32563206553459 10.212786972522736 0
      vertex 25.97221302986145 11.859367929399014 0
      vertex 25.162394806742668 11.022605188190937 0
    endloop
  endfacet
  facet normal 0 0 1
    outer loop
      vertex -24.32563206553459 10.212786972522736 2.4
      vertex 25.162394806742668 11.022605188190937 2.4
      vertex 25.97221302986145 11.859367929399014 2.4
    endloop
  endfacet
  facet normal 0 0 -1
    outer loop
      vertex -31.915216505527496 20.446156956255436 0
      vertex 0 20.982779999999998 0
      vertex 32.41308920830488 21.49882034212351 0
    endloop
  endfacet
  facet normal 0 0 1
    outer loop
      vertex -31.915216505527496 20.446156956255436 2.4
      vertex 32.41308920830488 21.49882034212351 2.4
      vertex 0 20.982779999999998 2.4
    endloop
  endfacet
  facet normal 0 0 -1
    outer loop
      vertex -25.162394806742668 11.022605188190937 0
      vertex 26.7542195469141 12.722179166972637 0
      vertex 25.97221302986145 11.859367929399014 0
    endloop
  endfacet
  facet normal 0 0 -1
    outer loop
      vertex -25.97221302986145 11.859367929399014 0
      vertex 27.50757697969675 13.610114984214306 0
      vertex 26.7542195469141 12.722179166972637 0
    endloop
  endfacet
  facet normal 0 0 -1
    outer loop
      vertex -26.7542195469141 12.722179166972637 0
      vertex 28.23147861659527 14.52222454547882 0
      vertex 27.50757697969675 13.610114984214306 0
    endloop
  endfacet
  facet normal 0 0 1
    outer loop
      vertex -25.162394806742668 11.022605188190937 2.4
      vertex 25.97221302986145 11.859367929399014 2.4
      vertex 26.7542195469141 12.722179166972637 2.4
    endloop
  endfacet
  facet normal 0 0 1
    outer loop
      vertex -25.97221302986145 11.859367929399014 2.4
      vertex 26.7542195469141 12.722179166972637 2.4
      vertex 27.50757697969675 13.610114984214306 2.4
    endloop
  endfacet
  facet normal 0 0 1
    outer loop
      vertex -26.7542195469141 12.722179166972637 2.4
      vertex 27.50757697969675 13.610114984214306 2.4
      vertex 28.23147861659527 14.52222454547882 2.4
    endloop
  endfacet
  facet normal 0 0 -1
    outer loop
      vertex -27.50757697969675 13.610114984214306 0
      vertex 28.925149269402027 15.457531154155731 0
      vertex 28.23147861659527 14.52222454547882 0
    endloop
  endfacet
  facet normal 0 0 -1
    outer loop
      vertex -28.23147861659527 14.52222454547882 0
      vertex 29.587846152484417 16.415033258497715 0
      vertex 28.925149269402027 15.457531154155731 0
    endloop
  endfacet
  facet normal 0 0 -1
    outer loop
      vertex -28.925149269402027 15.457531154155731 0
      vertex 30.218859627842903 17.393705531954765 0
      vertex 29.587846152484417 16.415033258497715 0
    endloop
  endfacet
  facet normal 0 0 1
    outer loop
      vertex -27.50757697969675 13.610114984214306 2.4
      vertex 28.23147861659527 14.52222454547882 2.4
      vertex 28.925149269402027 15.457531154155731 2.4
    endloop
  endfacet
  facet normal 0 0 1
    outer loop
      vertex -28.23147861659527 14.52222454547882 2.4
      vertex 28.925149269402027 15.457531154155731 2.4
      vertex 29.587846152484417 16.415033258497715 2.4
    endloop
  endfacet
  facet normal 0 0 1
    outer loop
      vertex -28.925149269402027 15.457531154155731 2.4
      vertex 29.587846152484417 16.415033258497715 2.4
      vertex 30.218859627842903 17.393705531954765 2.4
    endloop
  endfacet
  facet normal 0 0 -1
    outer loop
      vertex -29.587846152484417 16.415033258497715 0
      vertex 30.81751399487257 18.39249999821186 0
      vertex 30.218859627842903 17.393705531954765 0
    endloop
  endfacet
  facet normal 0 0 -1
    outer loop
      vertex -30.218859627842903 17.393705531954765 0
      vertex 31.383168190717697 19.410347118973732 0
      vertex 30.81751399487257 18.39249999821186 0
    endloop
  endfacet
  facet normal 0 0 -1
    outer loop
      vertex -30.81751399487257 18.39249999821186 0
      vertex 31.915216505527496 20.446156956255436 0
      vertex 31.383168190717697 19.410347118973732 0
    endloop
  endfacet
  facet normal 0 0 1
    outer loop
      vertex -29.587846152484417 16.415033258497715 2.4
      vertex 30.218859627842903 17.393705531954765 2.4
      vertex 30.81751399487257 18.39249999821186 2.4
    endloop
  endfacet
  facet normal 0 0 1
    outer loop
      vertex -30.218859627842903 17.393705531954765 2.4
      vertex 30.81751399487257 18.39249999821186 2.4
      vertex 31.383168190717697 19.410347118973732 2.4
    endloop
  endfacet
  facet normal 0 0 1
    outer loop
      vertex -30.81751399487257 18.39249999821186 2.4
      vertex 31.383168190717697 19.410347118973732 2.4
      vertex 31.915216505527496 20.446156956255436 2.4
    endloop
  endfacet
  facet normal 0 0 -1
    outer loop
      vertex -31.383168190717697 19.410347118973732 0
      vertex 32.41308920830488 21.49882034212351 0
      vertex 31.915216505527496 20.446156956255436 0
    endloop
  endfacet
  facet normal 0 0 -1
    outer loop
      vertex 32.41308920830488 21.49882034212351 0
      vertex 0 20.982779999999998 0
      vertex 0.5881454879775692 21.00203388970607 0
    endloop
  endfacet
  facet normal 0 0 -1
    outer loop
      vertex 32.41308920830488 21.49882034212351 0
      vertex 0.5881454879775692 21.00203388970607 0
      vertex 1.1737724466818802 21.059713110712643 0
    endloop
  endfacet
  facet normal 0 0 -1
    outer loop
      vertex 32.41308920830488 21.49882034212351 0
      vertex 1.1737724466818802 21.059713110712643 0
      vertex 1.7543731315686752 21.1555706717403 0
    endloop
  endfacet
  facet normal 0 0 -1
    outer loop
      vertex 32.41308920830488 21.49882034212351 0
      vertex 1.7543731315686752 21.1555706717403 0
      vertex 2.3274613213698303 21.2891960959964 0
    endloop
  endfacet
  facet normal 0 0 -1
    outer loop
      vertex 32.41308920830488 21.49882034212351 0
      vertex 2.3274613213698303 21.2891960959964 0
      vertex 2.890582964474517 21.460017178899722 0
    endloop
  endfacet
  facet normal 0 0 -1
    outer loop
      vertex 32.41308920830488 21.49882034212351 0
      vertex 2.890582964474517 21.460017178899722 0
      vertex 3.441326687554954 21.66730243834835 0
    endloop
  endfacet
  facet normal 0 0 1
    outer loop
      vertex -31.383168190717697 19.410347118973732 2.4
      vertex 31.915216505527496 20.446156956255436 2.4
      vertex 32.41308920830488 21.49882034212351 2.4
    endloop
  endfacet
  facet normal 0 0 1
    outer loop
      vertex 32.41308920830488 21.49882034212351 2.4
      vertex 0.5881454879775692 21.00203388970607 2.4
      vertex 0 20.982779999999998 2.4
    endloop
  endfacet
  facet normal 0 0 1
    outer loop
      vertex 32.41308920830488 21.49882034212351 2.4
      vertex 1.1737724466818802 21.059713110712643 2.4
      vertex 0.5881454879775692 21.00203388970607 2.4
    endloop
  endfacet
  facet normal 0 0 1
    outer loop
      vertex 32.41308920830488 21.49882034212351 2.4
      vertex 1.7543731315686752 21.1555706717403 2.4
      vertex 1.1737724466818802 21.059713110712643 2.4
    endloop
  endfacet
  facet normal 0 0 1
    outer loop
      vertex 32.41308920830488 21.49882034212351 2.4
      vertex 2.3274613213698303 21.2891960959964 2.4
      vertex 1.7543731315686752 21.1555706717403 2.4
    endloop
  endfacet
  facet normal 0 0 1
    outer loop
      vertex 32.41308920830488 21.49882034212351 2.4
      vertex 2.890582964474517 21.460017178899722 2.4
      vertex 2.3274613213698303 21.2891960959964 2.4
    endloop
  endfacet
  facet normal 0 0 1
    outer loop
      vertex 32.87625316530466 22.5672100558877 2.4
      vertex 3.441326687554954 21.66730243834835 2.4
      vertex 2.890582964474517 21.460017178899722 2.4
    endloop
  endfacet
  facet normal 0 0 -1
    outer loop
      vertex 32.87625316530466 22.5672100558877 0
      vertex 3.441326687554954 21.66730243834835 0
      vertex 3.977334121437196 21.910164247038317 0
    endloop
  endfacet
  facet normal 0 0 -1
    outer loop
      vertex 32.87625316530466 22.5672100558877 0
      vertex 3.977334121437196 21.910164247038317 0
      vertex 4.49631 22.187562633419983 0
    endloop
  endfacet
  facet normal 0 0 -1
    outer loop
      vertex 32.87625316530466 22.5672100558877 0
      vertex 4.49631 22.187562633419983 0
      vertex 4.9960319888567355 22.498309735015887 0
    endloop
  endfacet
  facet normal 0 0 -1
    outer loop
      vertex 32.87625316530466 22.5672100558877 0
      vertex 4.9960319888567355 22.498309735015887 0
      vertex 5.474360201732402 22.84107488503023 0
    endloop
  endfacet
  facet normal 0 0 1
    outer loop
      vertex 32.87625316530466 22.5672100558877 2.4
      vertex 3.977334121437196 21.910164247038317 2.4
      vertex 3.441326687554954 21.66730243834835 2.4
    endloop
  endfacet
  facet normal 0 0 1
    outer loop
      vertex 32.87625316530466 22.5672100558877 2.4
      vertex 4.49631 22.187562633419983 2.4
      vertex 3.977334121437196 21.910164247038317 2.4
    endloop
  endfacet
  facet normal 0 0 1
    outer loop
      vertex 32.87625316530466 22.5672100558877 2.4
      vertex 4.9960319888567355 22.498309735015887 2.4
      vertex 4.49631 22.187562633419983 2.4
    endloop
  endfacet
  facet normal 0 0 1
    outer loop
      vertex 33.30421240627766 23.65018204599619 2.4
      vertex 5.474360201732402 22.84107488503023 2.4
      vertex 4.9960319888567355 22.498309735015887 2.4
    endloop
  endfacet
  facet normal 0 0 -1
    outer loop
      vertex 20.727468844122296 7.259850728011971 0
      vertex 20.40710610896349 7.706916406750679 0
      vertex 21.662775449454784 7.9535213857889175 0
    endloop
  endfacet
  facet normal 0.6216605711017634 -0.7832867510289123 0
    outer loop
      vertex 21.721338087025963 8 0
      vertex 22.57488501816988 8.677423015236855 2.4
      vertex 21.721338087025963 8 2.4
    endloop
  endfacet
  facet normal 0 0 1
    outer loop
      vertex 20.802283592522144 8 2.4
      vertex 21.721338087025963 8 2.4
      vertex 22.57488501816988 8.677423015236855 2.4
    endloop
  endfacet
  facet normal 0.6216605711017634 -0.7832867510289123 -7.037196716929984e-18
    outer loop
      vertex 21.721338087025963 8 0
      vertex 22.57488501816988 8.677423015236855 0
      vertex 22.57488501816988 8.677423015236855 2.4
    endloop
  endfacet
  facet normal 0.6469561535573648 -0.762527203038855 0
    outer loop
      vertex 22.57488501816988 8.677423015236855 0
      vertex 23.462820827960968 9.430780448019505 0
      vertex 22.57488501816988 8.677423015236855 2.4
    endloop
  endfacet
  facet normal 0.671558955757175 -0.7409511245300414 0
    outer loop
      vertex 23.462820827960968 9.430780448019505 0
      vertex 24.32563206553459 10.212786972522736 0
      vertex 23.462820827960968 9.430780448019505 2.4
    endloop
  endfacet
  facet normal 0.695442633712925 -0.71858161903463 0
    outer loop
      vertex 24.32563206553459 10.212786972522736 0
      vertex 25.162394806742668 11.022605188190937 0
      vertex 24.32563206553459 10.212786972522736 2.4
    endloop
  endfacet
  facet normal 0.7185816158371982 -0.6954426370167429 0
    outer loop
      vertex 25.162394806742668 11.022605188190937 0
      vertex 25.97221302986145 11.859367929399014 0
      vertex 25.162394806742668 11.022605188190937 2.4
    endloop
  endfacet
  facet normal 0.6469561535573648 -0.762527203038855 1.9862904887139758e-17
    outer loop
      vertex 22.57488501816988 8.677423015236855 2.4
      vertex 23.462820827960968 9.430780448019505 0
      vertex 23.462820827960968 9.430780448019505 2.4
    endloop
  endfacet
  facet normal 0.671558955757175 -0.7409511245300414 0
    outer loop
      vertex 24.32563206553459 10.212786972522736 0
      vertex 24.32563206553459 10.212786972522736 2.4
      vertex 23.462820827960968 9.430780448019505 2.4
    endloop
  endfacet
  facet normal 0.695442633712925 -0.71858161903463 0
    outer loop
      vertex 25.162394806742668 11.022605188190937 0
      vertex 25.162394806742668 11.022605188190937 2.4
      vertex 24.32563206553459 10.212786972522736 2.4
    endloop
  endfacet
  facet normal 0.7185816158371982 -0.6954426370167429 0
    outer loop
      vertex 25.162394806742668 11.022605188190937 2.4
      vertex 25.97221302986145 11.859367929399014 0
      vertex 25.97221302986145 11.859367929399014 2.4
    endloop
  endfacet
  facet normal 0.7409511277137814 -0.6715589522444592 0
    outer loop
      vertex 25.97221302986145 11.859367929399014 0
      vertex 26.7542195469141 12.722179166972637 0
      vertex 25.97221302986145 11.859367929399014 2.4
    endloop
  endfacet
  facet normal 0.7409511277137814 -0.6715589522444592 0
    outer loop
      vertex 25.97221302986145 11.859367929399014 2.4
      vertex 26.7542195469141 12.722179166972637 0
      vertex 26.7542195469141 12.722179166972637 2.4
    endloop
  endfacet
  facet normal 0 0 -1
    outer loop
      vertex 32.41308920830488 21.49882034212351 0
      vertex 3.441326687554954 21.66730243834835 0
      vertex 32.87625316530466 22.5672100558877 0
    endloop
  endfacet
  facet normal 0 0 -1
    outer loop
      vertex 32.87625316530466 22.5672100558877 0
      vertex 5.474360201732402 22.84107488503023 0
      vertex 33.30421240627766 23.65018204599619 0
    endloop
  endfacet
  facet normal 0 0 1
    outer loop
      vertex 32.41308920830488 21.49882034212351 2.4
      vertex 32.87625316530466 22.5672100558877 2.4
      vertex 2.890582964474517 21.460017178899722 2.4
    endloop
  endfacet
  facet normal 0 0 1
    outer loop
      vertex 32.87625316530466 22.5672100558877 2.4
      vertex 33.30421240627766 23.65018204599619 2.4
      vertex 4.9960319888567355 22.498309735015887 2.4
    endloop
  endfacet
  facet normal 0.7625272057168736 -0.6469561504009501 0
    outer loop
      vertex 26.7542195469141 12.722179166972637 0
      vertex 27.50757697969675 13.610114984214306 0
      vertex 26.7542195469141 12.722179166972637 2.4
    endloop
  endfacet
  facet normal 0.7832867454406436 -0.621660578142932 0
    outer loop
      vertex 27.50757697969675 13.610114984214306 0
      vertex 28.23147861659527 14.52222454547882 0
      vertex 27.50757697969675 13.610114984214306 2.4
    endloop
  endfacet
  facet normal 0.7625272057168736 -0.6469561504009501 0
    outer loop
      vertex 27.50757697969675 13.610114984214306 0
      vertex 27.50757697969675 13.610114984214306 2.4
      vertex 26.7542195469141 12.722179166972637 2.4
    endloop
  endfacet
  facet normal 0.7832867454406436 -0.621660578142932 1.9862904829891755e-17
    outer loop
      vertex 27.50757697969675 13.610114984214306 2.4
      vertex 28.23147861659527 14.52222454547882 0
      vertex 28.23147861659527 14.52222454547882 2.4
    endloop
  endfacet
  facet normal 0.8032075333092483 -0.5956993020268471 0
    outer loop
      vertex 28.23147861659527 14.52222454547882 0
      vertex 28.925149269402027 15.457531154155731 0
      vertex 28.23147861659527 14.52222454547882 2.4
    endloop
  endfacet
  facet normal 0.8222682197121771 -0.5691001448351307 0
    outer loop
      vertex 28.925149269402027 15.457531154155731 0
      vertex 29.587846152484417 16.415033258497715 0
      vertex 28.925149269402027 15.457531154155731 2.4
    endloop
  endfacet
  facet normal 0.8404484004867946 -0.541891581517178 0
    outer loop
      vertex 29.587846152484417 16.415033258497715 0
      vertex 30.218859627842903 17.393705531954765 0
      vertex 29.587846152484417 16.415033258497715 2.4
    endloop
  endfacet
  facet normal 0.8032075333092483 -0.5956993020268471 0
    outer loop
      vertex 28.925149269402027 15.457531154155731 0
      vertex 28.925149269402027 15.457531154155731 2.4
      vertex 28.23147861659527 14.52222454547882 2.4
    endloop
  endfacet
  facet normal 0.8222682197121771 -0.5691001448351307 0
    outer loop
      vertex 29.587846152484417 16.415033258497715 0
      vertex 29.587846152484417 16.415033258497715 2.4
      vertex 28.925149269402027 15.457531154155731 2.4
    endloop
  endfacet
  facet normal 0.8404484004867946 -0.541891581517178 -1.9862904879234262e-17
    outer loop
      vertex 29.587846152484417 16.415033258497715 2.4
      vertex 30.218859627842903 17.393705531954765 0
      vertex 30.218859627842903 17.393705531954765 2.4
    endloop
  endfacet
  facet normal 0.8577286090664387 -0.5141027457512285 0
    outer loop
      vertex 30.218859627842903 17.393705531954765 0
      vertex 30.81751399487257 18.39249999821186 0
      vertex 30.218859627842903 17.393705531954765 2.4
    endloop
  endfacet
  facet normal 0.8740903426182617 -0.485763391932214 0
    outer loop
      vertex 30.81751399487257 18.39249999821186 0
      vertex 31.383168190717697 19.410347118973732 0
      vertex 30.81751399487257 18.39249999821186 2.4
    endloop
  endfacet
  facet normal 0.8577286090664387 -0.5141027457512285 0
    outer loop
      vertex 30.81751399487257 18.39249999821186 0
      vertex 30.81751399487257 18.39249999821186 2.4
      vertex 30.218859627842903 17.393705531954765 2.4
    endloop
  endfacet
  facet normal 0.8895160754790252 -0.45690387551912187 0
    outer loop
      vertex 31.383168190717697 19.410347118973732 0
      vertex 31.915216505527496 20.446156956255436 0
      vertex 31.383168190717697 19.410347118973732 2.4
    endloop
  endfacet
  facet normal 0.8740903426182617 -0.485763391932214 0
    outer loop
      vertex 30.81751399487257 18.39249999821186 2.4
      vertex 31.383168190717697 19.410347118973732 0
      vertex 31.383168190717697 19.410347118973732 2.4
    endloop
  endfacet
  facet normal 0.8895160754790252 -0.45690387551912187 0
    outer loop
      vertex 31.383168190717697 19.410347118973732 2.4
      vertex 31.915216505527496 20.446156956255436 0
      vertex 31.915216505527496 20.446156956255436 2.4
    endloop
  endfacet
  facet normal 0.9039892929935661 -0.42755509370488454 0
    outer loop
      vertex 31.915216505527496 20.446156956255436 0
      vertex 32.41308920830488 21.49882034212351 0
      vertex 31.915216505527496 20.446156956255436 2.4
    endloop
  endfacet
  facet normal 0.9174944955422973 -0.39774847661504076 0
    outer loop
      vertex 32.41308920830488 21.49882034212351 0
      vertex 32.87625316530466 22.5672100558877 0
      vertex 32.41308920830488 21.49882034212351 2.4
    endloop
  endfacet
  facet normal 0.9300172237190224 -0.3675159365061083 0
    outer loop
      vertex 32.87625316530466 22.5672100558877 0
      vertex 33.30421240627766 23.65018204599619 0
      vertex 32.87625316530466 22.5672100558877 2.4
    endloop
  endfacet
  facet normal 0.9039892929935661 -0.42755509370488454 0
    outer loop
      vertex 32.41308920830488 21.49882034212351 0
      vertex 32.41308920830488 21.49882034212351 2.4
      vertex 31.915216505527496 20.446156956255436 2.4
    endloop
  endfacet
  facet normal 0.9174944955422973 -0.39774847661504076 0
    outer loop
      vertex 32.87625316530466 22.5672100558877 0
      vertex 32.87625316530466 22.5672100558877 2.4
      vertex 32.41308920830488 21.49882034212351 2.4
    endloop
  endfacet
  facet normal 0 0 -1
    outer loop
      vertex 33.30421240627766 23.65018204599619 0
      vertex 5.474360201732402 22.84107488503023 0
      vertex 5.9292463637851816 23.214390310468396 0
    endloop
  endfacet
  facet normal 0 0 -1
    outer loop
      vertex 33.30421240627766 23.65018204599619 0
      vertex 5.9292463637851816 23.214390310468396 0
      vertex 6.358742582633772 23.616657417366227 0
    endloop
  endfacet
  facet normal 0 0 -1
    outer loop
      vertex 33.30421240627766 23.65018204599619 0
      vertex 6.358742582633772 23.616657417366227 0
      vertex 6.761009689531603 24.046153636214818 0
    endloop
  endfacet
  facet normal 0 0 -1
    outer loop
      vertex 33.696508660912514 24.746576629579067 0
      vertex 6.761009689531603 24.046153636214818 0
      vertex 7.1343251149697675 24.5010397982676 0
    endloop
  endfacet
  facet normal 0 0 -1
    outer loop
      vertex 33.696508660912514 24.746576629579067 0
      vertex 7.1343251149697675 24.5010397982676 0
      vertex 7.477090264984115 24.979368011143265 0
    endloop
  endfacet
  facet normal 0 0 -1
    outer loop
      vertex 33.696508660912514 24.746576629579067 0
      vertex 7.477090264984115 24.979368011143265 0
      vertex 7.7878373665800185 25.47909 0
    endloop
  endfacet
  facet normal 0 0 -1
    outer loop
      vertex 34.05272185057402 25.85521975904703 0
      vertex 7.7878373665800185 25.47909 0
      vertex 8.065235752961684 25.998065878562805 0
    endloop
  endfacet
  facet normal 0 0 1
    outer loop
      vertex 33.30421240627766 23.65018204599619 2.4
      vertex 5.9292463637851816 23.214390310468396 2.4
      vertex 5.474360201732402 22.84107488503023 2.4
    endloop
  endfacet
  facet normal 0 0 1
    outer loop
      vertex 33.30421240627766 23.65018204599619 2.4
      vertex 6.358742582633772 23.616657417366227 2.4
      vertex 5.9292463637851816 23.214390310468396 2.4
    endloop
  endfacet
  facet normal 0 0 1
    outer loop
      vertex 33.696508660912514 24.746576629579067 2.4
      vertex 6.761009689531603 24.046153636214818 2.4
      vertex 6.358742582633772 23.616657417366227 2.4
    endloop
  endfacet
  facet normal 0 0 1
    outer loop
      vertex 33.696508660912514 24.746576629579067 2.4
      vertex 7.1343251149697675 24.5010397982676 2.4
      vertex 6.761009689531603 24.046153636214818 2.4
    endloop
  endfacet
  facet normal 0 0 1
    outer loop
      vertex 33.696508660912514 24.746576629579067 2.4
      vertex 7.477090264984115 24.979368011143265 2.4
      vertex 7.1343251149697675 24.5010397982676 2.4
    endloop
  endfacet
  facet normal 0 0 1
    outer loop
      vertex 34.05272185057402 25.85521975904703 2.4
      vertex 7.7878373665800185 25.47909 2.4
      vertex 7.477090264984115 24.979368011143265 2.4
    endloop
  endfacet
  facet normal 0 0 1
    outer loop
      vertex 34.05272185057402 25.85521975904703 2.4
      vertex 8.065235752961684 25.998065878562805 2.4
      vertex 7.7878373665800185 25.47909 2.4
    endloop
  endfacet
  facet normal 0 0 -1
    outer loop
      vertex 34.05272185057402 25.85521975904703 0
      vertex 8.065235752961684 25.998065878562805 0
      vertex 8.308097561651648 26.534073312445045 0
    endloop
  endfacet
  facet normal 0 0 -1
    outer loop
      vertex 34.372470527887344 26.97492428123951 0
      vertex 8.308097561651648 26.534073312445045 0
      vertex 8.515382821100278 27.084817035525482 0
    endloop
  endfacet
  facet normal 0 0 -1
    outer loop
      vertex 34.372470527887344 26.97492428123951 0
      vertex 8.515382821100278 27.084817035525482 0
      vertex 8.686203904003602 27.64793867863017 0
    endloop
  endfacet
  facet normal 0 0 -1
    outer loop
      vertex 34.655412308871746 28.10449118167162 0
      vertex 8.686203904003602 27.64793867863017 0
      vertex 8.819829328259699 28.221026868431323 0
    endloop
  endfacet
  facet normal 0 0 -1
    outer loop
      vertex 34.655412308871746 28.10449118167162 0
      vertex 8.819829328259699 28.221026868431323 0
      vertex 8.915686889287356 28.80162755331812 0
    endloop
  endfacet
  facet normal 0 0 1
    outer loop
      vertex 34.372470527887344 26.97492428123951 2.4
      vertex 8.308097561651648 26.534073312445045 2.4
      vertex 8.065235752961684 25.998065878562805 2.4
    endloop
  endfacet
  facet normal 0 0 1
    outer loop
      vertex 34.372470527887344 26.97492428123951 2.4
      vertex 8.515382821100278 27.084817035525482 2.4
      vertex 8.308097561651648 26.534073312445045 2.4
    endloop
  endfacet
  facet normal 0 0 1
    outer loop
      vertex 34.655412308871746 28.10449118167162 2.4
      vertex 8.686203904003602 27.64793867863017 2.4
      vertex 8.515382821100278 27.084817035525482 2.4
    endloop
  endfacet
  facet normal 0 0 1
    outer loop
      vertex 34.655412308871746 28.10449118167162 2.4
      vertex 8.819829328259699 28.221026868431323 2.4
      vertex 8.686203904003602 27.64793867863017 2.4
    endloop
  endfacet
  facet normal 0 0 1
    outer loop
      vertex 34.90124420076609 29.242710888385773 2.4
      vertex 8.915686889287356 28.80162755331812 2.4
      vertex 8.819829328259699 28.221026868431323 2.4
    endloop
  endfacet
  facet normal 0 0 -1
    outer loop
      vertex 34.90124420076609 29.242710888385773 0
      vertex 8.915686889287356 28.80162755331812 0
      vertex 8.97336611029393 29.38725451202243 0
    endloop
  endfacet
  facet normal 0 0 -1
    outer loop
      vertex 34.90124420076609 29.242710888385773 0
      vertex 8.97336611029393 29.38725451202243 0
      vertex 8.99262 29.9754 0
    endloop
  endfacet
  facet normal 0 0 -1
    outer loop
      vertex 35.10970297455788 30.38836457580328 0
      vertex 8.99262 29.9754 0
      vertex 8.97336611029393 30.56354548797757 0
    endloop
  endfacet
  facet normal 0 0 -1
    outer loop
      vertex 35.10970297455788 30.38836457580328 0
      vertex 8.97336611029393 30.56354548797757 0
      vertex 8.915686889287356 31.14917244668188 0
    endloop
  endfacet
  facet normal 0 0 -1
    outer loop
      vertex 35.28056538850069 31.540225446224213 0
      vertex 8.915686889287356 31.14917244668188 0
      vertex 8.819829328259699 31.729773131568678 0
    endloop
  endfacet
  facet normal 0 0 1
    outer loop
      vertex 34.90124420076609 29.242710888385773 2.4
      vertex 8.97336611029393 29.38725451202243 2.4
      vertex 8.915686889287356 28.80162755331812 2.4
    endloop
  endfacet
  facet normal 0 0 1
    outer loop
      vertex 35.10970297455788 30.38836457580328 2.4
      vertex 8.99262 29.9754 2.4
      vertex 8.97336611029393 29.38725451202243 2.4
    endloop
  endfacet
  facet normal 0 0 1
    outer loop
      vertex 35.10970297455788 30.38836457580328 2.4
      vertex 8.97336611029393 30.56354548797757 2.4
      vertex 8.99262 29.9754 2.4
    endloop
  endfacet
  facet normal 0 0 1
    outer loop
      vertex 35.28056538850069 31.540225446224213 2.4
      vertex 8.915686889287356 31.14917244668188 2.4
      vertex 8.97336611029393 30.56354548797757 2.4
    endloop
  endfacet
  facet normal 0 0 1
    outer loop
      vertex 35.28056538850069 31.540225446224213 2.4
      vertex 8.819829328259699 31.729773131568678 2.4
      vertex 8.915686889287356 31.14917244668188 2.4
    endloop
  endfacet
  facet normal 0 0 -1
    outer loop
      vertex 35.28056538850069 31.540225446224213 0
      vertex 8.819829328259699 31.729773131568678 0
      vertex 8.686203904003602 32.30286132136983 0
    endloop
  endfacet
  facet normal 0 0 -1
    outer loop
      vertex 35.50880978256464 33.857629649341106 0
      vertex 8.686203904003602 32.30286132136983 0
      vertex 8.515382821100278 32.86598296447452 0
    endloop
  endfacet
  facet normal 0 0 -1
    outer loop
      vertex 35.50880978256464 33.857629649341106 0
      vertex 8.515382821100278 32.86598296447452 0
      vertex 8.308097561651648 33.416726687554956 0
    endloop
  endfacet
  facet normal 0 0 -1
    outer loop
      vertex 35.565947346389294 35.02069143950939 0
      vertex 8.065235752961684 33.952734121437196 0
      vertex 7.7878373665800185 34.47171 0
    endloop
  endfacet
  facet normal 0 0 -1
    outer loop
      vertex 35.565947346389294 35.02069143950939 0
      vertex 8.308097561651648 33.416726687554956 0
      vertex 8.065235752961684 33.952734121437196 0
    endloop
  endfacet
  facet normal 0 0 1
    outer loop
      vertex 35.41364850103855 32.69706006348133 2.4
      vertex 8.686203904003602 32.30286132136983 2.4
      vertex 8.819829328259699 31.729773131568678 2.4
    endloop
  endfacet
  facet normal 0 0 1
    outer loop
      vertex 35.50880978256464 33.857629649341106 2.4
      vertex 8.515382821100278 32.86598296447452 2.4
      vertex 8.686203904003602 32.30286132136983 2.4
    endloop
  endfacet
  facet normal 0 0 1
    outer loop
      vertex 35.50880978256464 33.857629649341106 2.4
      vertex 8.308097561651648 33.416726687554956 2.4
      vertex 8.515382821100278 32.86598296447452 2.4
    endloop
  endfacet
  facet normal 0 0 1
    outer loop
      vertex 35.565947346389294 35.02069143950939 2.4
      vertex 7.7878373665800185 34.47171 2.4
      vertex 8.065235752961684 33.952734121437196 2.4
    endloop
  endfacet
  facet normal 0 0 1
    outer loop
      vertex 35.565947346389294 35.02069143950939 2.4
      vertex 8.065235752961684 33.952734121437196 2.4
      vertex 8.308097561651648 33.416726687554956 2.4
    endloop
  endfacet
  facet normal 0 0 -1
    outer loop
      vertex 35.41364850103855 39.67293994128704 0
      vertex 0.5881454879775692 38.94876611029393 0
      vertex 0 38.96802 0
    endloop
  endfacet
  facet normal 0 0 -1
    outer loop
      vertex -35.50880978256464 38.512370355427265 0
      vertex 35.28056538850069 40.82977455109358 0
      vertex 35.41364850103855 39.67293994128704 0
    endloop
  endfacet
  facet normal 0 0 -1
    outer loop
      vertex 35.41364850103855 39.67293994128704 0
      vertex 1.1737724466818802 38.89108688928736 0
      vertex 0.5881454879775692 38.94876611029393 0
    endloop
  endfacet
  facet normal 0 0 -1
    outer loop
      vertex 35.41364850103855 39.67293994128704 0
      vertex 1.7543731315686752 38.7952293282597 0
      vertex 1.1737724466818802 38.89108688928736 0
    endloop
  endfacet
  facet normal 0 0 -1
    outer loop
      vertex 35.41364850103855 39.67293994128704 0
      vertex 2.3274613213698303 38.6616039040036 0
      vertex 1.7543731315686752 38.7952293282597 0
    endloop
  endfacet
  facet normal 0 0 1
    outer loop
      vertex 35.41364850103855 39.67293994128704 2.4
      vertex 0 38.96802 2.4
      vertex 0.5881454879775692 38.94876611029393 2.4
    endloop
  endfacet
  facet normal 0 0 1
    outer loop
      vertex -35.50880978256464 38.512370355427265 2.4
      vertex 35.41364850103855 39.67293994128704 2.4
      vertex 35.28056538850069 40.82977455109358 2.4
    endloop
  endfacet
  facet normal 0 0 1
    outer loop
      vertex 35.41364850103855 39.67293994128704 2.4
      vertex 0.5881454879775692 38.94876611029393 2.4
      vertex 1.1737724466818802 38.89108688928736 2.4
    endloop
  endfacet
  facet normal 0 0 1
    outer loop
      vertex 35.41364850103855 39.67293994128704 2.4
      vertex 1.1737724466818802 38.89108688928736 2.4
      vertex 1.7543731315686752 38.7952293282597 2.4
    endloop
  endfacet
  facet normal 0 0 1
    outer loop
      vertex 35.41364850103855 39.67293994128704 2.4
      vertex 1.7543731315686752 38.7952293282597 2.4
      vertex 2.3274613213698303 38.6616039040036 2.4
    endloop
  endfacet
  facet normal 0 0 -1
    outer loop
      vertex 35.58500000089407 36.185000002384186 0
      vertex 7.1343251149697675 35.4497602017324 0
      vertex 6.761009689531603 35.90464636378518 0
    endloop
  endfacet
  facet normal 0 0 -1
    outer loop
      vertex 35.565947346389294 35.02069143950939 0
      vertex 7.7878373665800185 34.47171 0
      vertex 7.477090264984115 34.971431988856736 0
    endloop
  endfacet
  facet normal 0 0 -1
    outer loop
      vertex 35.58500000089407 36.185000002384186 0
      vertex 7.477090264984115 34.971431988856736 0
      vertex 7.1343251149697675 35.4497602017324 0
    endloop
  endfacet
  facet normal 0 0 -1
    outer loop
      vertex 35.565947346389294 37.34930856525898 0
      vertex 6.761009689531603 35.90464636378518 0
      vertex 6.358742582633772 36.334142582633774 0
    endloop
  endfacet
  facet normal 0 0 -1
    outer loop
      vertex 35.565947346389294 37.34930856525898 0
      vertex 5.9292463637851816 36.736409689531605 0
      vertex 5.474360201732402 37.10972511496977 0
    endloop
  endfacet
  facet normal 0 0 -1
    outer loop
      vertex 35.565947346389294 37.34930856525898 0
      vertex 6.358742582633772 36.334142582633774 0
      vertex 5.9292463637851816 36.736409689531605 0
    endloop
  endfacet
  facet normal 0 0 1
    outer loop
      vertex 35.58500000089407 36.185000002384186 2.4
      vertex 7.477090264984115 34.971431988856736 2.4
      vertex 7.7878373665800185 34.47171 2.4
    endloop
  endfacet
  facet normal 0 0 1
    outer loop
      vertex 35.58500000089407 36.185000002384186 2.4
      vertex 7.1343251149697675 35.4497602017324 2.4
      vertex 7.477090264984115 34.971431988856736 2.4
    endloop
  endfacet
  facet normal 0 0 1
    outer loop
      vertex 35.565947346389294 37.34930856525898 2.4
      vertex 6.761009689531603 35.90464636378518 2.4
      vertex 7.1343251149697675 35.4497602017324 2.4
    endloop
  endfacet
  facet normal 0 0 1
    outer loop
      vertex 35.565947346389294 37.34930856525898 2.4
      vertex 6.358742582633772 36.334142582633774 2.4
      vertex 6.761009689531603 35.90464636378518 2.4
    endloop
  endfacet
  facet normal 0 0 1
    outer loop
      vertex 35.565947346389294 37.34930856525898 2.4
      vertex 5.9292463637851816 36.736409689531605 2.4
      vertex 6.358742582633772 36.334142582633774 2.4
    endloop
  endfacet
  facet normal 0 0 -1
    outer loop
      vertex 35.41364850103855 39.67293994128704 0
      vertex 3.441326687554954 38.28349756165165 0
      vertex 2.890582964474517 38.49078282110028 0
    endloop
  endfacet
  facet normal 0 0 -1
    outer loop
      vertex 35.41364850103855 39.67293994128704 0
      vertex 3.977334121437196 38.040635752961684 0
      vertex 3.441326687554954 38.28349756165165 0
    endloop
  endfacet
  facet normal 0 0 -1
    outer loop
      vertex 35.50880978256464 38.512370355427265 0
      vertex 4.49631 37.76323736658002 0
      vertex 3.977334121437196 38.040635752961684 0
    endloop
  endfacet
  facet normal 0 0 -1
    outer loop
      vertex 35.50880978256464 38.512370355427265 0
      vertex 4.9960319888567355 37.452490264984114 0
      vertex 4.49631 37.76323736658002 0
    endloop
  endfacet
  facet normal 0 0 -1
    outer loop
      vertex 35.50880978256464 38.512370355427265 0
      vertex 5.474360201732402 37.10972511496977 0
      vertex 4.9960319888567355 37.452490264984114 0
    endloop
  endfacet
  facet normal 0 0 -1
    outer loop
      vertex 35.41364850103855 39.67293994128704 0
      vertex 2.890582964474517 38.49078282110028 0
      vertex 2.3274613213698303 38.6616039040036 0
    endloop
  endfacet
  facet normal 0 0 1
    outer loop
      vertex 35.41364850103855 39.67293994128704 2.4
      vertex 2.890582964474517 38.49078282110028 2.4
      vertex 3.441326687554954 38.28349756165165 2.4
    endloop
  endfacet
  facet normal 0 0 1
    outer loop
      vertex 35.41364850103855 39.67293994128704 2.4
      vertex 3.441326687554954 38.28349756165165 2.4
      vertex 3.977334121437196 38.040635752961684 2.4
    endloop
  endfacet
  facet normal 0 0 1
    outer loop
      vertex 35.50880978256464 38.512370355427265 2.4
      vertex 4.49631 37.76323736658002 2.4
      vertex 4.9960319888567355 37.452490264984114 2.4
    endloop
  endfacet
  facet normal 0 0 1
    outer loop
      vertex 35.50880978256464 38.512370355427265 2.4
      vertex 4.9960319888567355 37.452490264984114 2.4
      vertex 5.474360201732402 37.10972511496977 2.4
    endloop
  endfacet
  facet normal 0 0 1
    outer loop
      vertex 35.41364850103855 39.67293994128704 2.4
      vertex 3.977334121437196 38.040635752961684 2.4
      vertex 4.49631 37.76323736658002 2.4
    endloop
  endfacet
  facet normal 0 0 1
    outer loop
      vertex 35.41364850103855 39.67293994128704 2.4
      vertex 2.3274613213698303 38.6616039040036 2.4
      vertex 2.890582964474517 38.49078282110028 2.4
    endloop
  endfacet
  facet normal 0 0 1
    outer loop
      vertex 35.50880978256464 38.512370355427265 2.4
      vertex 5.474360201732402 37.10972511496977 2.4
      vertex 5.9292463637851816 36.736409689531605 2.4
    endloop
  endfacet
  facet normal 0 0 -1
    outer loop
      vertex -35.41364850103855 39.67293994128704 0
      vertex 35.10970297455788 41.98163542151451 0
      vertex 35.28056538850069 40.82977455109358 0
    endloop
  endfacet
  facet normal 0 0 -1
    outer loop
      vertex -35.28056538850069 40.82977455109358 0
      vertex 34.90124420076609 43.12728910893202 0
      vertex 35.10970297455788 41.98163542151451 0
    endloop
  endfacet
  facet normal 0 0 -1
    outer loop
      vertex -35.10970297455788 41.98163542151451 0
      vertex 34.655412308871746 44.26550882309675 0
      vertex 34.90124420076609 43.12728910893202 0
    endloop
  endfacet
  facet normal 0 0 1
    outer loop
      vertex -35.41364850103855 39.67293994128704 2.4
      vertex 35.28056538850069 40.82977455109358 2.4
      vertex 35.10970297455788 41.98163542151451 2.4
    endloop
  endfacet
  facet normal 0 0 1
    outer loop
      vertex -35.28056538850069 40.82977455109358 2.4
      vertex 35.10970297455788 41.98163542151451 2.4
      vertex 34.90124420076609 43.12728910893202 2.4
    endloop
  endfacet
  facet normal 0 0 1
    outer loop
      vertex -35.10970297455788 41.98163542151451 2.4
      vertex 34.90124420076609 43.12728910893202 2.4
      vertex 34.655412308871746 44.26550882309675 2.4
    endloop
  endfacet
  facet normal 0 0 -1
    outer loop
      vertex -34.90124420076609 43.12728910893202 0
      vertex 34.372470527887344 45.39507572352886 0
      vertex 34.655412308871746 44.26550882309675 0
    endloop
  endfacet
  facet normal 0 0 -1
    outer loop
      vertex -34.655412308871746 44.26550882309675 0
      vertex 34.19011591374874 46.03365000337362 0
      vertex 34.372470527887344 45.39507572352886 0
    endloop
  endfacet
  facet normal 0 1 0
    outer loop
      vertex -34.19011591374874 46.03365000337362 0
      vertex 34.19011591374874 46.03365000337362 2.4
      vertex 34.19011591374874 46.03365000337362 0
    endloop
  endfacet
  facet normal 0 0 1
    outer loop
      vertex -34.90124420076609 43.12728910893202 2.4
      vertex 34.655412308871746 44.26550882309675 2.4
      vertex 34.372470527887344 45.39507572352886 2.4
    endloop
  endfacet
  facet normal 0 0 1
    outer loop
      vertex -34.655412308871746 44.26550882309675 2.4
      vertex 34.372470527887344 45.39507572352886 2.4
      vertex 34.19011591374874 46.03365000337362 2.4
    endloop
  endfacet
  facet normal 0 0 -1
    outer loop
      vertex 33.30421240627766 23.65018204599619 0
      vertex 6.761009689531603 24.046153636214818 0
      vertex 33.696508660912514 24.746576629579067 0
    endloop
  endfacet
  facet normal 0 0 -1
    outer loop
      vertex 33.696508660912514 24.746576629579067 0
      vertex 7.7878373665800185 25.47909 0
      vertex 34.05272185057402 25.85521975904703 0
    endloop
  endfacet
  facet normal 0 0 1
    outer loop
      vertex 33.30421240627766 23.65018204599619 2.4
      vertex 33.696508660912514 24.746576629579067 2.4
      vertex 6.358742582633772 23.616657417366227 2.4
    endloop
  endfacet
  facet normal 0 0 1
    outer loop
      vertex 33.696508660912514 24.746576629579067 2.4
      vertex 34.05272185057402 25.85521975904703 2.4
      vertex 7.477090264984115 24.979368011143265 2.4
    endloop
  endfacet
  facet normal 0 0 -1
    outer loop
      vertex 34.05272185057402 25.85521975904703 0
      vertex 8.308097561651648 26.534073312445045 0
      vertex 34.372470527887344 26.97492428123951 0
    endloop
  endfacet
  facet normal 0 0 -1
    outer loop
      vertex 34.372470527887344 26.97492428123951 0
      vertex 8.686203904003602 27.64793867863017 0
      vertex 34.655412308871746 28.10449118167162 0
    endloop
  endfacet
  facet normal 0 0 -1
    outer loop
      vertex 34.655412308871746 28.10449118167162 0
      vertex 8.915686889287356 28.80162755331812 0
      vertex 34.90124420076609 29.242710888385773 0
    endloop
  endfacet
  facet normal 0 0 1
    outer loop
      vertex 34.05272185057402 25.85521975904703 2.4
      vertex 34.372470527887344 26.97492428123951 2.4
      vertex 8.065235752961684 25.998065878562805 2.4
    endloop
  endfacet
  facet normal 0 0 1
    outer loop
      vertex 34.372470527887344 26.97492428123951 2.4
      vertex 34.655412308871746 28.10449118167162 2.4
      vertex 8.515382821100278 27.084817035525482 2.4
    endloop
  endfacet
  facet normal 0 0 1
    outer loop
      vertex 34.655412308871746 28.10449118167162 2.4
      vertex 34.90124420076609 29.242710888385773 2.4
      vertex 8.819829328259699 28.221026868431323 2.4
    endloop
  endfacet
  facet normal 0 0 -1
    outer loop
      vertex 34.90124420076609 29.242710888385773 0
      vertex 8.99262 29.9754 0
      vertex 35.10970297455788 30.38836457580328 0
    endloop
  endfacet
  facet normal 0 0 -1
    outer loop
      vertex 35.10970297455788 30.38836457580328 0
      vertex 8.915686889287356 31.14917244668188 0
      vertex 35.28056538850069 31.540225446224213 0
    endloop
  endfacet
  facet normal 0 0 1
    outer loop
      vertex 34.90124420076609 29.242710888385773 2.4
      vertex 35.10970297455788 30.38836457580328 2.4
      vertex 8.97336611029393 29.38725451202243 2.4
    endloop
  endfacet
  facet normal 0 0 1
    outer loop
      vertex 35.10970297455788 30.38836457580328 2.4
      vertex 35.28056538850069 31.540225446224213 2.4
      vertex 8.97336611029393 30.56354548797757 2.4
    endloop
  endfacet
  facet normal 0 0 -1
    outer loop
      vertex 35.28056538850069 31.540225446224213 0
      vertex 8.686203904003602 32.30286132136983 0
      vertex 35.41364850103855 32.69706006348133 0
    endloop
  endfacet
  facet normal 0 0 -1
    outer loop
      vertex 35.41364850103855 32.69706006348133 0
      vertex 8.686203904003602 32.30286132136983 0
      vertex 35.50880978256464 33.857629649341106 0
    endloop
  endfacet
  facet normal 0 0 -1
    outer loop
      vertex 35.50880978256464 33.857629649341106 0
      vertex 8.308097561651648 33.416726687554956 0
      vertex 35.565947346389294 35.02069143950939 0
    endloop
  endfacet
  facet normal 0 0 1
    outer loop
      vertex 35.28056538850069 31.540225446224213 2.4
      vertex 35.41364850103855 32.69706006348133 2.4
      vertex 8.819829328259699 31.729773131568678 2.4
    endloop
  endfacet
  facet normal 0 0 1
    outer loop
      vertex 35.41364850103855 32.69706006348133 2.4
      vertex 35.50880978256464 33.857629649341106 2.4
      vertex 8.686203904003602 32.30286132136983 2.4
    endloop
  endfacet
  facet normal 0 0 1
    outer loop
      vertex 35.50880978256464 33.857629649341106 2.4
      vertex 35.565947346389294 35.02069143950939 2.4
      vertex 8.308097561651648 33.416726687554956 2.4
    endloop
  endfacet
  facet normal 0.9415440652345995 -0.33688985324806675 0
    outer loop
      vertex 33.30421240627766 23.65018204599619 0
      vertex 33.696508660912514 24.746576629579067 0
      vertex 33.30421240627766 23.65018204599619 2.4
    endloop
  endfacet
  facet normal 0.9520626772745338 -0.30590302146406934 0
    outer loop
      vertex 33.696508660912514 24.746576629579067 0
      vertex 34.05272185057402 25.85521975904703 0
      vertex 33.696508660912514 24.746576629579067 2.4
    endloop
  endfacet
  facet normal 0.9300172237190224 -0.3675159365061083 0
    outer loop
      vertex 32.87625316530466 22.5672100558877 2.4
      vertex 33.30421240627766 23.65018204599619 0
      vertex 33.30421240627766 23.65018204599619 2.4
    endloop
  endfacet
  facet normal 0.9415440652345995 -0.33688985324806675 0
    outer loop
      vertex 33.696508660912514 24.746576629579067 0
      vertex 33.696508660912514 24.746576629579067 2.4
      vertex 33.30421240627766 23.65018204599619 2.4
    endloop
  endfacet
  facet normal 0.9520626772745338 -0.30590302146406934 0
    outer loop
      vertex 34.05272185057402 25.85521975904703 0
      vertex 34.05272185057402 25.85521975904703 2.4
      vertex 33.696508660912514 24.746576629579067 2.4
    endloop
  endfacet
  facet normal 0.9615617987582644 -0.2745886144194093 0
    outer loop
      vertex 34.05272185057402 25.85521975904703 0
      vertex 34.372470527887344 26.97492428123951 0
      vertex 34.05272185057402 25.85521975904703 2.4
    endloop
  endfacet
  facet normal 0.9700312528378083 -0.24298018132743254 0
    outer loop
      vertex 34.372470527887344 26.97492428123951 0
      vertex 34.655412308871746 28.10449118167162 0
      vertex 34.372470527887344 26.97492428123951 2.4
    endloop
  endfacet
  facet normal 0.97746197542488 -0.21111155013047334 0
    outer loop
      vertex 34.655412308871746 28.10449118167162 0
      vertex 34.90124420076609 29.242710888385773 0
      vertex 34.655412308871746 28.10449118167162 2.4
    endloop
  endfacet
  facet normal 0.9615617987582644 -0.2745886144194093 0
    outer loop
      vertex 34.05272185057402 25.85521975904703 2.4
      vertex 34.372470527887344 26.97492428123951 0
      vertex 34.372470527887344 26.97492428123951 2.4
    endloop
  endfacet
  facet normal 0.9700312528378083 -0.24298018132743254 0
    outer loop
      vertex 34.655412308871746 28.10449118167162 0
      vertex 34.655412308871746 28.10449118167162 2.4
      vertex 34.372470527887344 26.97492428123951 2.4
    endloop
  endfacet
  facet normal 0.9838460051946883 -0.17901686530171745 0
    outer loop
      vertex 34.90124420076609 29.242710888385773 0
      vertex 35.10970297455788 30.38836457580328 0
      vertex 34.90124420076609 29.242710888385773 2.4
    endloop
  endfacet
  facet normal 0.9891765106849502 -0.14673046960037506 0
    outer loop
      vertex 35.10970297455788 30.38836457580328 0
      vertex 35.28056538850069 31.540225446224213 0
      vertex 35.10970297455788 30.38836457580328 2.4
    endloop
  endfacet
  facet normal 0.97746197542488 -0.21111155013047334 0
    outer loop
      vertex 34.655412308871746 28.10449118167162 2.4
      vertex 34.90124420076609 29.242710888385773 0
      vertex 34.90124420076609 29.242710888385773 2.4
    endloop
  endfacet
  facet normal 0.9838460051946883 -0.17901686530171745 0
    outer loop
      vertex 35.10970297455788 30.38836457580328 0
      vertex 35.10970297455788 30.38836457580328 2.4
      vertex 34.90124420076609 29.242710888385773 2.4
    endloop
  endfacet
  facet normal 0.9891765106849502 -0.14673046960037506 0
    outer loop
      vertex 35.28056538850069 31.540225446224213 0
      vertex 35.28056538850069 31.540225446224213 2.4
      vertex 35.10970297455788 30.38836457580328 2.4
    endloop
  endfacet
  facet normal 0.993447778509006 -0.11428696940386998 0
    outer loop
      vertex 35.28056538850069 31.540225446224213 0
      vertex 35.41364850103855 32.69706006348133 0
      vertex 35.28056538850069 31.540225446224213 2.4
    endloop
  endfacet
  facet normal 0.9966552395443488 -0.08172107126559704 0
    outer loop
      vertex 35.41364850103855 32.69706006348133 0
      vertex 35.50880978256464 33.857629649341106 0
      vertex 35.41364850103855 32.69706006348133 2.4
    endloop
  endfacet
  facet normal 0.9987954561215692 -0.049067676029201174 0
    outer loop
      vertex 35.50880978256464 33.857629649341106 0
      vertex 35.565947346389294 35.02069143950939 0
      vertex 35.50880978256464 33.857629649341106 2.4
    endloop
  endfacet
  facet normal 0.993447778509006 -0.11428696940386998 0
    outer loop
      vertex 35.28056538850069 31.540225446224213 2.4
      vertex 35.41364850103855 32.69706006348133 0
      vertex 35.41364850103855 32.69706006348133 2.4
    endloop
  endfacet
  facet normal 0.9966552395443488 -0.08172107126559704 0
    outer loop
      vertex 35.50880978256464 33.857629649341106 0
      vertex 35.50880978256464 33.857629649341106 2.4
      vertex 35.41364850103855 32.69706006348133 2.4
    endloop
  endfacet
  facet normal 0 0 -1
    outer loop
      vertex 35.565947346389294 35.02069143950939 0
      vertex 7.477090264984115 34.971431988856736 0
      vertex 35.58500000089407 36.185000002384186 0
    endloop
  endfacet
  facet normal 0 0 -1
    outer loop
      vertex 35.58500000089407 36.185000002384186 0
      vertex 6.761009689531603 35.90464636378518 0
      vertex 35.565947346389294 37.34930856525898 0
    endloop
  endfacet
  facet normal 0 0 1
    outer loop
      vertex 35.565947346389294 35.02069143950939 2.4
      vertex 35.58500000089407 36.185000002384186 2.4
      vertex 7.7878373665800185 34.47171 2.4
    endloop
  endfacet
  facet normal 0 0 1
    outer loop
      vertex 35.58500000089407 36.185000002384186 2.4
      vertex 35.565947346389294 37.34930856525898 2.4
      vertex 7.1343251149697675 35.4497602017324 2.4
    endloop
  endfacet
  facet normal 0 0 -1
    outer loop
      vertex 35.565947346389294 37.34930856525898 0
      vertex 5.474360201732402 37.10972511496977 0
      vertex 35.50880978256464 38.512370355427265 0
    endloop
  endfacet
  facet normal 0 0 -1
    outer loop
      vertex 35.50880978256464 38.512370355427265 0
      vertex 3.977334121437196 38.040635752961684 0
      vertex 35.41364850103855 39.67293994128704 0
    endloop
  endfacet
  facet normal 0 0 1
    outer loop
      vertex 35.50880978256464 38.512370355427265 2.4
      vertex 35.41364850103855 39.67293994128704 2.4
      vertex 4.49631 37.76323736658002 2.4
    endloop
  endfacet
  facet normal 0 0 1
    outer loop
      vertex 35.565947346389294 37.34930856525898 2.4
      vertex 35.50880978256464 38.512370355427265 2.4
      vertex 5.9292463637851816 36.736409689531605 2.4
    endloop
  endfacet
  facet normal 0.9998661379118038 -0.016361731489478788 0
    outer loop
      vertex 35.565947346389294 35.02069143950939 0
      vertex 35.58500000089407 36.185000002384186 0
      vertex 35.565947346389294 35.02069143950939 2.4
    endloop
  endfacet
  facet normal 0.9998661379118038 0.016361731489478788 0
    outer loop
      vertex 35.58500000089407 36.185000002384186 0
      vertex 35.565947346389294 37.34930856525898 0
      vertex 35.58500000089407 36.185000002384186 2.4
    endloop
  endfacet
  facet normal 0.9987954561215692 -0.049067676029201174 0
    outer loop
      vertex 35.50880978256464 33.857629649341106 2.4
      vertex 35.565947346389294 35.02069143950939 0
      vertex 35.565947346389294 35.02069143950939 2.4
    endloop
  endfacet
  facet normal 0.9998661379118038 -0.016361731489478788 0
    outer loop
      vertex 35.58500000089407 36.185000002384186 0
      vertex 35.58500000089407 36.185000002384186 2.4
      vertex 35.565947346389294 35.02069143950939 2.4
    endloop
  endfacet
  facet normal 0.9998661379118038 0.016361731489478788 0
    outer loop
      vertex 35.565947346389294 37.34930856525898 0
      vertex 35.565947346389294 37.34930856525898 2.4
      vertex 35.58500000089407 36.185000002384186 2.4
    endloop
  endfacet
  facet normal 0.9987954561215692 0.049067676029201174 0
    outer loop
      vertex 35.565947346389294 37.34930856525898 0
      vertex 35.50880978256464 38.512370355427265 0
      vertex 35.565947346389294 37.34930856525898 2.4
    endloop
  endfacet
  facet normal 0.9966552395443488 0.08172107126559704 0
    outer loop
      vertex 35.50880978256464 38.512370355427265 0
      vertex 35.41364850103855 39.67293994128704 0
      vertex 35.50880978256464 38.512370355427265 2.4
    endloop
  endfacet
  facet normal 0.9934477784254346 0.11428697013031985 0
    outer loop
      vertex 35.41364850103855 39.67293994128704 0
      vertex 35.28056538850069 40.82977455109358 0
      vertex 35.41364850103855 39.67293994128704 2.4
    endloop
  endfacet
  facet normal 0.9987954561215692 0.049067676029201174 0
    outer loop
      vertex 35.565947346389294 37.34930856525898 2.4
      vertex 35.50880978256464 38.512370355427265 0
      vertex 35.50880978256464 38.512370355427265 2.4
    endloop
  endfacet
  facet normal 0.9966552395443488 0.08172107126559704 0
    outer loop
      vertex 35.41364850103855 39.67293994128704 0
      vertex 35.41364850103855 39.67293994128704 2.4
      vertex 35.50880978256464 38.512370355427265 2.4
    endloop
  endfacet
  facet normal 0.9891765106849502 0.14673046960037506 0
    outer loop
      vertex 35.28056538850069 40.82977455109358 0
      vertex 35.10970297455788 41.98163542151451 0
      vertex 35.28056538850069 40.82977455109358 2.4
    endloop
  endfacet
  facet normal 0.9838460051946883 0.17901686530171745 0
    outer loop
      vertex 35.10970297455788 41.98163542151451 0
      vertex 34.90124420076609 43.12728910893202 0
      vertex 35.10970297455788 41.98163542151451 2.4
    endloop
  endfacet
  facet normal 0.9934477784254346 0.11428697013031985 0
    outer loop
      vertex 35.41364850103855 39.67293994128704 2.4
      vertex 35.28056538850069 40.82977455109358 0
      vertex 35.28056538850069 40.82977455109358 2.4
    endloop
  endfacet
  facet normal 0.9891765106849502 0.14673046960037506 0
    outer loop
      vertex 35.10970297455788 41.98163542151451 0
      vertex 35.10970297455788 41.98163542151451 2.4
      vertex 35.28056538850069 40.82977455109358 2.4
    endloop
  endfacet
  facet normal 0.9838460051946883 0.17901686530171745 0
    outer loop
      vertex 34.90124420076609 43.12728910893202 0
      vertex 34.90124420076609 43.12728910893202 2.4
      vertex 35.10970297455788 41.98163542151451 2.4
    endloop
  endfacet
  facet normal 0.9774619757100396 0.21111154881016386 0
    outer loop
      vertex 34.90124420076609 43.12728910893202 0
      vertex 34.655412308871746 44.26550882309675 0
      vertex 34.90124420076609 43.12728910893202 2.4
    endloop
  endfacet
  facet normal 0.9615617970727209 0.2745886203218908 0
    outer loop
      vertex 34.372470527887344 45.39507572352886 0
      vertex 34.19011591374874 46.03365000337362 0
      vertex 34.372470527887344 45.39507572352886 2.4
    endloop
  endfacet
  facet normal 0.9700312528378083 0.24298018132743254 0
    outer loop
      vertex 34.655412308871746 44.26550882309675 0
      vertex 34.372470527887344 45.39507572352886 0
      vertex 34.655412308871746 44.26550882309675 2.4
    endloop
  endfacet
  facet normal 0.9774619757100396 0.21111154881016386 0
    outer loop
      vertex 34.90124420076609 43.12728910893202 2.4
      vertex 34.655412308871746 44.26550882309675 0
      vertex 34.655412308871746 44.26550882309675 2.4
    endloop
  endfacet
  facet normal 0.9700312528378083 0.24298018132743254 0
    outer loop
      vertex 34.372470527887344 45.39507572352886 0
      vertex 34.372470527887344 45.39507572352886 2.4
      vertex 34.655412308871746 44.26550882309675 2.4
    endloop
  endfacet
  facet normal 0.9615617970727209 0.2745886203218908 0
    outer loop
      vertex 34.19011591374874 46.03365000337362 0
      vertex 34.19011591374874 46.03365000337362 2.4
      vertex 34.372470527887344 45.39507572352886 2.4
    endloop
  endfacet
  facet normal 0 0 -1
    outer loop
      vertex -19.028925001621246 5.583999387919903 0
      vertex -17.51749999821186 5.843799978494644 0
      vertex -18.01749999821186 4.977774575352669 0
    endloop
  endfacet
  facet normal 0 0 -1
    outer loop
      vertex -20.989583805203438 6.8940697237849236 0
      vertex -21.936718091368675 7.596512384712696 0
      vertex -20.905298709903217 7.391738345682313 0
    endloop
  endfacet
  facet normal 0 0 -1
    outer loop
      vertex -20.01997334510088 6.222992517054081 0
      vertex -20.989583805203438 6.8940697237849236 0
      vertex -19.464403115212917 7.054462134838104 0
    endloop
  endfacet
  facet normal 0 0 -1
    outer loop
      vertex -20.989583805203438 6.8940697237849236 0
      vertex -20.40710610896349 7.706916406750679 0
      vertex -19.464403115212917 7.054462134838104 0
    endloop
  endfacet
  facet normal 0 0 -1
    outer loop
      vertex -22.124700002372265 7.745705433189869 0
      vertex -22.124700002372265 8 0
      vertex -21.721338087025963 8 0
    endloop
  endfacet
  facet normal 0 0 -1
    outer loop
      vertex -22.124700002372265 7.745705433189869 0
      vertex -21.721338087025963 8 0
      vertex -21.662775449454784 7.9535213857889175 0
    endloop
  endfacet
  facet normal 0 0 -1
    outer loop
      vertex -21.936718091368675 7.596512384712696 0
      vertex -22.124700002372265 7.745705433189869 0
      vertex -20.905298709903217 7.391738345682313 0
    endloop
  endfacet
  facet normal 0 0 -1
    outer loop
      vertex -22.124700002372265 7.745705433189869 0
      vertex -21.662775449454784 7.9535213857889175 0
      vertex -20.905298709903217 7.391738345682313 0
    endloop
  endfacet
  facet normal 0 0 -1
    outer loop
      vertex -20.989583805203438 6.8940697237849236 0
      vertex -20.905298709903217 7.391738345682313 0
      vertex -20.40710610896349 7.706916406750679 0
    endloop
  endfacet
  facet normal 0 0 -1
    outer loop
      vertex -20.905298709903217 7.391738345682313 0
      vertex -20.802283592522144 8 0
      vertex -20.40710610896349 7.706916406750679 0
    endloop
  endfacet
  facet normal 0 1 0
    outer loop
      vertex -22.124700002372265 8 0
      vertex -21.721338087025963 8 2.4
      vertex -21.721338087025963 8 0
    endloop
  endfacet
  facet normal 0 0 -1
    outer loop
      vertex -19.028925001621246 5.583999387919903 0
      vertex -20.01997334510088 6.222992517054081 0
      vertex -18.500857144594193 6.43320157378912 0
    endloop
  endfacet
  facet normal 0 0 -1
    outer loop
      vertex -20.01997334510088 6.222992517054081 0
      vertex -19.464403115212917 7.054462134838104 0
      vertex -18.500857144594193 6.43320157378912 0
    endloop
  endfacet
  facet normal 0 0 -1
    outer loop
      vertex -19.028925001621246 5.583999387919903 0
      vertex -18.500857144594193 6.43320157378912 0
      vertex -17.51749999821186 5.843799978494644 0
    endloop
  endfacet
  facet normal 0 0 -1
    outer loop
      vertex -16.986781410872936 4.404967240989208 0
      vertex -15.495584264397621 4.763063497841358 0
      vertex -15.93787295371294 3.8661907613277435 0
    endloop
  endfacet
  facet normal 0 0 -1
    outer loop
      vertex -18.01749999821186 4.977774575352669 0
      vertex -16.515384674072266 5.286888502538204 0
      vertex -16.986781410872936 4.404967240989208 0
    endloop
  endfacet
  facet normal 0 0 -1
    outer loop
      vertex -18.01749999821186 4.977774575352669 0
      vertex -17.51749999821186 5.843799978494644 0
      vertex -16.515384674072266 5.286888502538204 0
    endloop
  endfacet
  facet normal 0 0 -1
    outer loop
      vertex -16.986781410872936 4.404967240989208 0
      vertex -16.515384674072266 5.286888502538204 0
      vertex -15.495584264397621 4.763063497841358 0
    endloop
  endfacet
  facet normal 0 0 -1
    outer loop
      vertex -15.93787295371294 3.8661907613277435 0
      vertex -14.459190785884857 4.272885896265507 0
      vertex -14.87189781665802 3.3620220720767975 0
    endloop
  endfacet
  facet normal 0 0 -1
    outer loop
      vertex -15.93787295371294 3.8661907613277435 0
      vertex -15.495584264397621 4.763063497841358 0
      vertex -14.459190785884857 4.272885896265507 0
    endloop
  endfacet
  facet normal 0 0 -1
    outer loop
      vertex -13.78999748826027 2.893001042306423 0
      vertex -14.87189781665802 3.3620220720767975 0
      vertex -13.40731405466795 3.816880576312542 0
    endloop
  endfacet
  facet normal 0 0 -1
    outer loop
      vertex -14.87189781665802 3.3620220720767975 0
      vertex -14.459190785884857 4.272885896265507 0
      vertex -13.40731405466795 3.816880576312542 0
    endloop
  endfacet
  facet normal 0 0 -1
    outer loop
      vertex -13.78999748826027 2.893001042306423 0
      vertex -12.3410804271698 3.395535856485367 0
      vertex -12.693330474197865 2.4596299305558205 0
    endloop
  endfacet
  facet normal 0 0 -1
    outer loop
      vertex -12.693330474197865 2.4596299305558205 0
      vertex -11.261631667613983 3.0093029141426086 0
      vertex -11.583071134984493 2.0623727813363075 0
    endloop
  endfacet
  facet normal 0 0 -1
    outer loop
      vertex -12.693330474197865 2.4596299305558205 0
      vertex -12.3410804271698 3.395535856485367 0
      vertex -11.261631667613983 3.0093029141426086 0
    endloop
  endfacet
  facet normal 0 0 -1
    outer loop
      vertex -11.583071134984493 2.0623727813363075 0
      vertex -10.170123666524887 2.6585953384637833 0
      vertex -10.460408344864845 1.701655000448227 0
    endloop
  endfacet
  facet normal 0 0 -1
    outer loop
      vertex -11.583071134984493 2.0623727813363075 0
      vertex -11.261631667613983 3.0093029141426086 0
      vertex -10.170123666524887 2.6585953384637833 0
    endloop
  endfacet
  facet normal 0 0 -1
    outer loop
      vertex -9.326544292271137 1.377862848341465 0
      vertex -10.460408344864845 1.701655000448227 0
      vertex -9.067725248634815 2.3437886759638786 0
    endloop
  endfacet
  facet normal 0 0 -1
    outer loop
      vertex -10.460408344864845 1.701655000448227 0
      vertex -10.170123666524887 2.6585953384637833 0
      vertex -9.067725248634815 2.3437886759638786 0
    endloop
  endfacet
  facet normal 0 0 -1
    outer loop
      vertex -13.78999748826027 2.893001042306423 0
      vertex -13.40731405466795 3.816880576312542 0
      vertex -12.3410804271698 3.395535856485367 0
    endloop
  endfacet
  facet normal 0 0 -1
    outer loop
      vertex -9.326544292271137 1.377862848341465 0
      vertex -7.955616876482964 2.0652200281620026 0
      vertex -8.182693138718605 1.0913430526852608 0
    endloop
  endfacet
  facet normal 0 0 -1
    outer loop
      vertex -8.182693138718605 1.0913430526852608 0
      vertex -6.834989428520203 1.8231877014040947 0
      vertex -7.030079752206802 0.842402420938015 0
    endloop
  endfacet
  facet normal 0 0 -1
    outer loop
      vertex -9.326544292271137 1.377862848341465 0
      vertex -9.067725248634815 2.3437886759638786 0
      vertex -7.955616876482964 2.0652200281620026 0
    endloop
  endfacet
  facet normal 0 0 -1
    outer loop
      vertex -8.182693138718605 1.0913430526852608 0
      vertex -7.955616876482964 2.0652200281620026 0
      vertex -6.834989428520203 1.8231877014040947 0
    endloop
  endfacet
  facet normal 0 0 -1
    outer loop
      vertex -7.030079752206802 0.842402420938015 0
      vertex -5.707042910158634 1.6179508566856384 0
      vertex -5.869938381016254 0.631307527422905 0
    endloop
  endfacet
  facet normal 0 0 -1
    outer loop
      vertex -7.030079752206802 0.842402420938015 0
      vertex -6.834989428520203 1.8231877014040947 0
      vertex -5.707042910158634 1.6179508566856384 0
    endloop
  endfacet
  facet normal 0 0 -1
    outer loop
      vertex -5.869938381016254 0.631307527422905 0
      vertex -4.572985142469406 1.4497292786836624 0
      vertex -4.703511334955692 0.4582844227552414 0
    endloop
  endfacet
  facet normal 0 0 -1
    outer loop
      vertex -5.869938381016254 0.631307527422905 0
      vertex -5.707042910158634 1.6179508566856384 0
      vertex -4.572985142469406 1.4497292786836624 0
    endloop
  endfacet
  facet normal 0 0 -1
    outer loop
      vertex -4.703511334955692 0.4582844227552414 0
      vertex -3.4340305104851723 1.3187031000852585 0
      vertex -3.532047651708126 0.32351837307214737 0
    endloop
  endfacet
  facet normal 0 0 -1
    outer loop
      vertex -4.703511334955692 0.4582844227552414 0
      vertex -4.572985142469406 1.4497292786836624 0
      vertex -3.4340305104851723 1.3187031000852585 0
    endloop
  endfacet
  facet normal 0 0 -1
    outer loop
      vertex -3.532047651708126 0.32351837307214737 0
      vertex -2.2913986295461655 1.2250126227736473 0
      vertex -2.356801763176918 0.2271537035703659 0
    endloop
  endfacet
  facet normal 0 0 -1
    outer loop
      vertex -3.532047651708126 0.32351837307214737 0
      vertex -3.4340305104851723 1.3187031000852585 0
      vertex -2.2913986295461655 1.2250126227736473 0
    endloop
  endfacet
  facet normal 0 0 -1
    outer loop
      vertex -2.356801763176918 0.2271537035703659 0
      vertex -1.146313063800335 1.168758176267147 0
      vertex -1.1790321469306946 0.1692935898900032 0
    endloop
  endfacet
  facet normal 0 0 -1
    outer loop
      vertex -2.356801763176918 0.2271537035703659 0
      vertex -2.2913986295461655 1.2250126227736473 0
      vertex -1.146313063800335 1.168758176267147 0
    endloop
  endfacet
  facet normal 0 0 -1
    outer loop
      vertex -1.1790321469306946 0.1692935898900032 0
      vertex -1.146313063800335 1.168758176267147 0
      vertex 0 1.1499999985098839 0
    endloop
  endfacet
  facet normal 0 0 -1
    outer loop
      vertex -1.1790321469306946 0.1692935898900032 0
      vertex 0 1.1499999985098839 0
      vertex 0 0.14999999850988388 0
    endloop
  endfacet
  facet normal -0.5141027413073574 -0.8577286117299925 0
    outer loop
      vertex -19.028925001621246 5.583999387919903 0
      vertex -18.01749999821186 4.977774575352669 0
      vertex -19.028925001621246 5.583999387919903 42.45
    endloop
  endfacet
  facet normal -0.5691001495698843 -0.8222682164352064 0
    outer loop
      vertex -20.01997334510088 6.222992517054081 0
      vertex -20.989583805203438 6.8940697237849236 42.45
      vertex -20.989583805203438 6.8940697237849236 0
    endloop
  endfacet
  facet normal -0.6216605582635196 -0.783286761218067 0
    outer loop
      vertex -21.936718091368675 7.596512384712696 0
      vertex -22.124700002372265 7.745705433189869 42.45
      vertex -22.124700002372265 7.745705433189869 0
    endloop
  endfacet
  facet normal -1 0 0
    outer loop
      vertex -22.124700002372265 7.745705433189869 0
      vertex -22.124700002372265 8 42.45
      vertex -22.124700002372265 8 0
    endloop
  endfacet
  facet normal -0.595699304602046 -0.8032075313993505 0
    outer loop
      vertex -20.989583805203438 6.8940697237849236 0
      vertex -21.936718091368675 7.596512384712696 42.45
      vertex -21.936718091368675 7.596512384712696 0
    endloop
  endfacet
  facet normal -0.5418915808719501 -0.8404484009028149 0
    outer loop
      vertex -19.028925001621246 5.583999387919903 0
      vertex -20.01997334510088 6.222992517054081 42.45
      vertex -20.01997334510088 6.222992517054081 0
    endloop
  endfacet
  facet normal 0 1 0
    outer loop
      vertex -22.124700002372265 8 0
      vertex -20.802283592522144 8 42.45
      vertex -21.721338087025963 8 2.4
    endloop
  endfacet
  facet normal 0 1 0
    outer loop
      vertex -21.721338087025963 8 2.4
      vertex -20.802283592522144 8 42.45
      vertex -20.802283592522144 8 2.4
    endloop
  endfacet
  facet normal 0.595699300156908 0.8032075346960897 0
    outer loop
      vertex -20.802283592522144 8 2.4
      vertex -20.802283592522144 8 42.45
      vertex -20.40710610896349 7.706916406750679 2.4
    endloop
  endfacet
  facet normal 0.5691001465056754 0.8222682185559763 0
    outer loop
      vertex -20.40710610896349 7.706916406750679 2.4
      vertex -20.40710610896349 7.706916406750679 42.45
      vertex -19.464403115212917 7.054462134838104 2.4
    endloop
  endfacet
  facet normal 0.5418915778049213 0.8404484028803272 0
    outer loop
      vertex -19.464403115212917 7.054462134838104 2.4
      vertex -19.464403115212917 7.054462134838104 42.45
      vertex -18.500857144594193 6.43320157378912 2.4
    endloop
  endfacet
  facet normal 0.5141027468766111 0.8577286083919105 0
    outer loop
      vertex -18.500857144594193 6.43320157378912 2.4
      vertex -18.500857144594193 6.43320157378912 42.45
      vertex -17.51749999821186 5.843799978494644 2.4
    endloop
  endfacet
  facet normal -0.3675159313652744 -0.9300172257505314 0
    outer loop
      vertex -13.78999748826027 2.893001042306423 0
      vertex -12.693330474197865 2.4596299305558205 0
      vertex -13.78999748826027 2.893001042306423 42.45
    endloop
  endfacet
  facet normal -0.42755509166173955 -0.9039892939599017 0
    outer loop
      vertex -15.93787295371294 3.8661907613277435 0
      vertex -14.87189781665802 3.3620220720767975 0
      vertex -15.93787295371294 3.8661907613277435 42.45
    endloop
  endfacet
  facet normal -0.4569038759775267 -0.8895160752435635 0
    outer loop
      vertex -16.986781410872936 4.404967240989208 0
      vertex -15.93787295371294 3.8661907613277435 0
      vertex -16.986781410872936 4.404967240989208 42.45
    endloop
  endfacet
  facet normal -0.48576339344044367 -0.8740903417800844 0
    outer loop
      vertex -18.01749999821186 4.977774575352669 0
      vertex -16.986781410872936 4.404967240989208 0
      vertex -18.01749999821186 4.977774575352669 42.45
    endloop
  endfacet
  facet normal -0.39774848100210575 -0.9174944936404346 0
    outer loop
      vertex -13.78999748826027 2.893001042306423 0
      vertex -14.87189781665802 3.3620220720767975 42.45
      vertex -14.87189781665802 3.3620220720767975 0
    endloop
  endfacet
  facet normal 0.4857633948793581 0.874090340980428 0
    outer loop
      vertex -17.51749999821186 5.843799978494644 2.4
      vertex -17.51749999821186 5.843799978494644 42.45
      vertex -16.515384674072266 5.286888502538204 2.4
    endloop
  endfacet
  facet normal 0.4569038778307574 0.8895160742916434 0
    outer loop
      vertex -16.515384674072266 5.286888502538204 2.4
      vertex -16.515384674072266 5.286888502538204 42.45
      vertex -15.495584264397621 4.763063497841358 2.4
    endloop
  endfacet
  facet normal 0.3977484794692526 0.9174944943049509 0
    outer loop
      vertex -14.459190785884857 4.272885896265507 2.4
      vertex -14.459190785884857 4.272885896265507 42.45
      vertex -13.40731405466795 3.816880576312542 2.4
    endloop
  endfacet
  facet normal 0.4275550879245301 0.9039892957274701 0
    outer loop
      vertex -14.459190785884857 4.272885896265507 2.4
      vertex -15.495584264397621 4.763063497841358 2.4
      vertex -15.495584264397621 4.763063497841358 42.45
    endloop
  endfacet
  facet normal -0.33688985753164946 -0.9415440637019092 0
    outer loop
      vertex -12.693330474197865 2.4596299305558205 0
      vertex -11.583071134984493 2.0623727813363075 0
      vertex -12.693330474197865 2.4596299305558205 42.45
    endloop
  endfacet
  facet normal -0.3059030187431364 -0.9520626781487846 0
    outer loop
      vertex -11.583071134984493 2.0623727813363075 0
      vertex -10.460408344864845 1.701655000448227 0
      vertex -11.583071134984493 2.0623727813363075 42.45
    endloop
  endfacet
  facet normal -0.24298017774196645 -0.9700312537359209 0
    outer loop
      vertex -9.326544292271137 1.377862848341465 0
      vertex -8.182693138718605 1.0913430526852608 0
      vertex -9.326544292271137 1.377862848341465 42.45
    endloop
  endfacet
  facet normal -0.2745886185471024 -0.9615617975795386 0
    outer loop
      vertex -9.326544292271137 1.377862848341465 0
      vertex -10.460408344864845 1.701655000448227 42.45
      vertex -10.460408344864845 1.701655000448227 0
    endloop
  endfacet
  facet normal 0.3059030197665684 0.9520626778199502 0
    outer loop
      vertex -11.261631667613983 3.0093029141426086 2.4
      vertex -11.261631667613983 3.0093029141426086 42.45
      vertex -10.170123666524887 2.6585953384637833 2.4
    endloop
  endfacet
  facet normal 0.2745886199112578 0.9615617971899834 0
    outer loop
      vertex -10.170123666524887 2.6585953384637833 2.4
      vertex -10.170123666524887 2.6585953384637833 42.45
      vertex -9.067725248634815 2.3437886759638786 2.4
    endloop
  endfacet
  facet normal 0.36751593360042023 0.9300172248672663 0
    outer loop
      vertex -13.40731405466795 3.816880576312542 2.4
      vertex -13.40731405466795 3.816880576312542 42.45
      vertex -12.3410804271698 3.395535856485367 2.4
    endloop
  endfacet
  facet normal 0.33688985363024254 0.9415440650978549 0
    outer loop
      vertex -11.261631667613983 3.0093029141426086 2.4
      vertex -12.3410804271698 3.395535856485367 2.4
      vertex -12.3410804271698 3.395535856485367 42.45
    endloop
  endfacet
  facet normal -0.2111115525704515 -0.9774619748978953 0
    outer loop
      vertex -8.182693138718605 1.0913430526852608 0
      vertex -7.030079752206802 0.842402420938015 0
      vertex -8.182693138718605 1.0913430526852608 42.45
    endloop
  endfacet
  facet normal -0.17901686206820655 -0.9838460057830457 0
    outer loop
      vertex -7.030079752206802 0.842402420938015 0
      vertex -5.869938381016254 0.631307527422905 0
      vertex -7.030079752206802 0.842402420938015 42.45
    endloop
  endfacet
  facet normal -0.1467304718820701 -0.9891765103464928 0
    outer loop
      vertex -5.869938381016254 0.631307527422905 0
      vertex -4.703511334955692 0.4582844227552414 0
      vertex -5.869938381016254 0.631307527422905 42.45
    endloop
  endfacet
  facet normal 0.2429801817567254 0.970031252730276 0
    outer loop
      vertex -9.067725248634815 2.3437886759638786 2.4
      vertex -9.067725248634815 2.3437886759638786 42.45
      vertex -7.955616876482964 2.0652200281620026 2.4
    endloop
  endfacet
  facet normal 0.21111154891237421 0.9774619756879641 0
    outer loop
      vertex -7.955616876482964 2.0652200281620026 2.4
      vertex -7.955616876482964 2.0652200281620026 42.45
      vertex -6.834989428520203 1.8231877014040947 2.4
    endloop
  endfacet
  facet normal 0.14673047369258557 0.9891765100779282 0
    outer loop
      vertex -4.572985142469406 1.4497292786836624 2.4
      vertex -5.707042910158634 1.6179508566856384 2.4
      vertex -5.707042910158634 1.6179508566856384 42.45
    endloop
  endfacet
  facet normal 0.17901686517294418 0.9838460052181195 0
    outer loop
      vertex -6.834989428520203 1.8231877014040947 2.4
      vertex -6.834989428520203 1.8231877014040947 42.45
      vertex -5.707042910158634 1.6179508566856384 2.4
    endloop
  endfacet
  facet normal -0.1142869681831494 -0.9934477786494385 0
    outer loop
      vertex -4.703511334955692 0.4582844227552414 0
      vertex -3.532047651708126 0.32351837307214737 0
      vertex -4.703511334955692 0.4582844227552414 42.45
    endloop
  endfacet
  facet normal -0.08172107105822747 -0.996655239561352 0
    outer loop
      vertex -3.532047651708126 0.32351837307214737 0
      vertex -2.356801763176918 0.2271537035703659 0
      vertex -3.532047651708126 0.32351837307214737 42.45
    endloop
  endfacet
  facet normal -0.04906767659468532 -0.9987954560937887 0
    outer loop
      vertex -2.356801763176918 0.2271537035703659 0
      vertex -1.1790321469306946 0.1692935898900032 0
      vertex -2.356801763176918 0.2271537035703659 42.45
    endloop
  endfacet
  facet normal -0.01636173258681799 -0.9998661378938468 0
    outer loop
      vertex -1.1790321469306946 0.1692935898900032 0
      vertex 0 0.14999999850988388 0
      vertex -1.1790321469306946 0.1692935898900032 42.45
    endloop
  endfacet
  facet normal 0.11428696323168905 0.9934477792190581 0
    outer loop
      vertex -4.572985142469406 1.4497292786836624 2.4
      vertex -4.572985142469406 1.4497292786836624 42.45
      vertex -3.4340305104851723 1.3187031000852585 2.4
    endloop
  endfacet
  facet normal 0.08172107451294361 0.9966552392780814 0
    outer loop
      vertex -3.4340305104851723 1.3187031000852585 2.4
      vertex -3.4340305104851723 1.3187031000852585 42.45
      vertex -2.2913986295461655 1.2250126227736473 2.4
    endloop
  endfacet
  facet normal 0.0490676742794899 0.998795456207527 0
    outer loop
      vertex -2.2913986295461655 1.2250126227736473 2.4
      vertex -2.2913986295461655 1.2250126227736473 42.45
      vertex -1.146313063800335 1.168758176267147 2.4
    endloop
  endfacet
  facet normal 0.01636173166009764 0.9998661379090117 0
    outer loop
      vertex -1.146313063800335 1.168758176267147 2.4
      vertex -1.146313063800335 1.168758176267147 42.45
      vertex 0 1.1499999985098839 2.4
    endloop
  endfacet
  facet normal 0 0 -1
    outer loop
      vertex 0 0.14999999850988388 0
      vertex 0 1.1499999985098839 0
      vertex 1.146313063800335 1.168758176267147 0
    endloop
  endfacet
  facet normal 0 0 -1
    outer loop
      vertex 0 0.14999999850988388 0
      vertex 1.146313063800335 1.168758176267147 0
      vertex 1.1790321469306946 0.1692935898900032 0
    endloop
  endfacet
  facet normal 0 0 -1
    outer loop
      vertex 1.1790321469306946 0.1692935898900032 0
      vertex 1.146313063800335 1.168758176267147 0
      vertex 2.2913986295461655 1.2250126227736473 0
    endloop
  endfacet
  facet normal 0 0 -1
    outer loop
      vertex 1.1790321469306946 0.1692935898900032 0
      vertex 2.2913986295461655 1.2250126227736473 0
      vertex 2.356801763176918 0.2271537035703659 0
    endloop
  endfacet
  facet normal 0 0 -1
    outer loop
      vertex 2.356801763176918 0.2271537035703659 0
      vertex 3.4340305104851723 1.3187031000852585 0
      vertex 3.532047651708126 0.32351837307214737 0
    endloop
  endfacet
  facet normal 0 0 -1
    outer loop
      vertex 2.356801763176918 0.2271537035703659 0
      vertex 2.2913986295461655 1.2250126227736473 0
      vertex 3.4340305104851723 1.3187031000852585 0
    endloop
  endfacet
  facet normal 0 0 -1
    outer loop
      vertex 3.532047651708126 0.32351837307214737 0
      vertex 4.572985142469406 1.4497292786836624 0
      vertex 4.703511334955692 0.4582844227552414 0
    endloop
  endfacet
  facet normal 0 0 -1
    outer loop
      vertex 3.532047651708126 0.32351837307214737 0
      vertex 3.4340305104851723 1.3187031000852585 0
      vertex 4.572985142469406 1.4497292786836624 0
    endloop
  endfacet
  facet normal 0 0 -1
    outer loop
      vertex 4.703511334955692 0.4582844227552414 0
      vertex 4.572985142469406 1.4497292786836624 0
      vertex 5.707042910158634 1.6179508566856384 0
    endloop
  endfacet
  facet normal 0 0 -1
    outer loop
      vertex 4.703511334955692 0.4582844227552414 0
      vertex 5.707042910158634 1.6179508566856384 0
      vertex 5.869938381016254 0.631307527422905 0
    endloop
  endfacet
  facet normal 0 0 -1
    outer loop
      vertex 5.869938381016254 0.631307527422905 0
      vertex 6.834989428520203 1.8231877014040947 0
      vertex 7.030079752206802 0.842402420938015 0
    endloop
  endfacet
  facet normal 0 0 -1
    outer loop
      vertex 5.869938381016254 0.631307527422905 0
      vertex 5.707042910158634 1.6179508566856384 0
      vertex 6.834989428520203 1.8231877014040947 0
    endloop
  endfacet
  facet normal 0 0 -1
    outer loop
      vertex 7.030079752206802 0.842402420938015 0
      vertex 6.834989428520203 1.8231877014040947 0
      vertex 7.955616876482964 2.0652200281620026 0
    endloop
  endfacet
  facet normal 0 0 -1
    outer loop
      vertex 7.030079752206802 0.842402420938015 0
      vertex 7.955616876482964 2.0652200281620026 0
      vertex 8.182693138718605 1.0913430526852608 0
    endloop
  endfacet
  facet normal 0 0 -1
    outer loop
      vertex 8.182693138718605 1.0913430526852608 0
      vertex 7.955616876482964 2.0652200281620026 0
      vertex 9.067725248634815 2.3437886759638786 0
    endloop
  endfacet
  facet normal 0 0 -1
    outer loop
      vertex 8.182693138718605 1.0913430526852608 0
      vertex 9.067725248634815 2.3437886759638786 0
      vertex 9.326544292271137 1.377862848341465 0
    endloop
  endfacet
  facet normal 0 0 -1
    outer loop
      vertex 9.326544292271137 1.377862848341465 0
      vertex 10.170123666524887 2.6585953384637833 0
      vertex 10.460408344864845 1.701655000448227 0
    endloop
  endfacet
  facet normal 0 0 -1
    outer loop
      vertex 9.326544292271137 1.377862848341465 0
      vertex 9.067725248634815 2.3437886759638786 0
      vertex 10.170123666524887 2.6585953384637833 0
    endloop
  endfacet
  facet normal 0 0 -1
    outer loop
      vertex 10.460408344864845 1.701655000448227 0
      vertex 11.261631667613983 3.0093029141426086 0
      vertex 11.583071134984493 2.0623727813363075 0
    endloop
  endfacet
  facet normal 0 0 -1
    outer loop
      vertex 10.460408344864845 1.701655000448227 0
      vertex 10.170123666524887 2.6585953384637833 0
      vertex 11.261631667613983 3.0093029141426086 0
    endloop
  endfacet
  facet normal 0 0 -1
    outer loop
      vertex 11.583071134984493 2.0623727813363075 0
      vertex 12.3410804271698 3.395535856485367 0
      vertex 12.693330474197865 2.4596299305558205 0
    endloop
  endfacet
  facet normal 0 0 -1
    outer loop
      vertex 11.583071134984493 2.0623727813363075 0
      vertex 11.261631667613983 3.0093029141426086 0
      vertex 12.3410804271698 3.395535856485367 0
    endloop
  endfacet
  facet normal 0 0 -1
    outer loop
      vertex 12.693330474197865 2.4596299305558205 0
      vertex 12.3410804271698 3.395535856485367 0
      vertex 13.40731405466795 3.816880576312542 0
    endloop
  endfacet
  facet normal 0 0 -1
    outer loop
      vertex 12.693330474197865 2.4596299305558205 0
      vertex 13.40731405466795 3.816880576312542 0
      vertex 13.78999748826027 2.893001042306423 0
    endloop
  endfacet
  facet normal 0 0 -1
    outer loop
      vertex 13.78999748826027 2.893001042306423 0
      vertex 13.40731405466795 3.816880576312542 0
      vertex 14.459190785884857 4.272885896265507 0
    endloop
  endfacet
  facet normal 0 0 -1
    outer loop
      vertex 13.78999748826027 2.893001042306423 0
      vertex 14.459190785884857 4.272885896265507 0
      vertex 14.87189781665802 3.3620220720767975 0
    endloop
  endfacet
  facet normal 0 0 -1
    outer loop
      vertex 14.87189781665802 3.3620220720767975 0
      vertex 14.459190785884857 4.272885896265507 0
      vertex 15.495584264397621 4.763063497841358 0
    endloop
  endfacet
  facet normal 0 0 -1
    outer loop
      vertex 14.87189781665802 3.3620220720767975 0
      vertex 15.495584264397621 4.763063497841358 0
      vertex 15.93787295371294 3.8661907613277435 0
    endloop
  endfacet
  facet normal 0 0 -1
    outer loop
      vertex 15.93787295371294 3.8661907613277435 0
      vertex 16.316501604042482 4.786833491621214 0
      vertex 16.295816465729356 4.555875361300597 0
    endloop
  endfacet
  facet normal 0 0 -1
    outer loop
      vertex 15.93787295371294 3.8661907613277435 0
      vertex 16.295816465729356 4.555875361300597 0
      vertex 16.986781410872936 4.404967240989208 0
    endloop
  endfacet
  facet normal 0 0 -1
    outer loop
      vertex 15.495584264397621 4.763063497841358 0
      vertex 16.515384674072266 5.286888502538204 0
      vertex 15.93787295371294 3.8661907613277435 0
    endloop
  endfacet
  facet normal 0 0 -1
    outer loop
      vertex 15.93787295371294 3.8661907613277435 0
      vertex 16.31946461992588 4.794383146272896 0
      vertex 16.316501604042482 4.786833491621214 0
    endloop
  endfacet
  facet normal 0 0 -1
    outer loop
      vertex 15.93787295371294 3.8661907613277435 0
      vertex 16.515384674072266 5.286888502538204 0
      vertex 16.31946461992588 4.794383146272896 0
    endloop
  endfacet
  facet normal 0 0 -1
    outer loop
      vertex 16.31946461992588 4.794383146272896 0
      vertex 16.515384674072266 5.286888502538204 0
      vertex 16.531260641608373 5.257186656460988 0
    endloop
  endfacet
  facet normal 0 0 -1
    outer loop
      vertex 16.986781410872936 4.404967240989208 0
      vertex 16.295816465729356 4.555875361300597 0
      vertex 16.77465287894553 4.801831809373061 0
    endloop
  endfacet
  facet normal 0 0 -1
    outer loop
      vertex 16.986781410872936 4.404967240989208 0
      vertex 16.77465287894553 4.801831809373061 0
      vertex 17.51749999821186 5.843799978494644 0
    endloop
  endfacet
  facet normal 0 0 -1
    outer loop
      vertex 16.986781410872936 4.404967240989208 0
      vertex 17.51749999821186 5.843799978494644 0
      vertex 18.01749999821186 4.977774575352669 0
    endloop
  endfacet
  facet normal 0 0 -1
    outer loop
      vertex 16.531260641608373 5.257186656460988 0
      vertex 17.51749999821186 5.843799978494644 0
      vertex 16.77465287894553 4.801831809373061 0
    endloop
  endfacet
  facet normal 0 0 -1
    outer loop
      vertex 16.531260641608373 5.257186656460988 0
      vertex 16.515384674072266 5.286888502538204 0
      vertex 17.51749999821186 5.843799978494644 0
    endloop
  endfacet
  facet normal 0 0 -1
    outer loop
      vertex 17.51749999821186 5.843799978494644 0
      vertex 18.500857144594193 6.43320157378912 0
      vertex 18.01749999821186 4.977774575352669 0
    endloop
  endfacet
  facet normal 0 0 -1
    outer loop
      vertex 18.01749999821186 4.977774575352669 0
      vertex 18.500857144594193 6.43320157378912 0
      vertex 19.028925001621246 5.583999387919903 0
    endloop
  endfacet
  facet normal 0 0 -1
    outer loop
      vertex 19.028925001621246 5.583999387919903 0
      vertex 18.500857144594193 6.43320157378912 0
      vertex 19.464403115212917 7.054462134838104 0
    endloop
  endfacet
  facet normal 0 0 -1
    outer loop
      vertex 19.028925001621246 5.583999387919903 0
      vertex 19.464403115212917 7.054462134838104 0
      vertex 20.01997334510088 6.222992517054081 0
    endloop
  endfacet
  facet normal 0 0 -1
    outer loop
      vertex 19.464403115212917 7.054462134838104 0
      vertex 20.40710610896349 7.706916406750679 0
      vertex 20.01997334510088 6.222992517054081 0
    endloop
  endfacet
  facet normal 0 0 -1
    outer loop
      vertex 20.01997334510088 6.222992517054081 0
      vertex 20.40710610896349 7.706916406750679 0
      vertex 20.727468844122296 7.259850728011971 0
    endloop
  endfacet
  facet normal 0 0 -1
    outer loop
      vertex 20.01997334510088 6.222992517054081 0
      vertex 20.727468844122296 7.259850728011971 0
      vertex 20.989583805203438 6.8940697237849236 0
    endloop
  endfacet
  facet normal 0 0 -1
    outer loop
      vertex 20.989583805203438 6.8940697237849236 0
      vertex 20.727468844122296 7.259850728011971 0
      vertex 21.936718091368675 7.596512384712696 0
    endloop
  endfacet
  facet normal 0 0 -1
    outer loop
      vertex 20.727468844122296 7.259850728011971 0
      vertex 21.662775449454784 7.9535213857889175 0
      vertex 22.124700002372265 7.745705433189869 0
    endloop
  endfacet
  facet normal 0 0 -1
    outer loop
      vertex 20.727468844122296 7.259850728011971 0
      vertex 22.124700002372265 7.745705433189869 0
      vertex 21.936718091368675 7.596512384712696 0
    endloop
  endfacet
  facet normal 0 0 -1
    outer loop
      vertex 21.662775449454784 7.9535213857889175 0
      vertex 21.721338087025963 8 0
      vertex 22.124700002372265 7.745705433189869 0
    endloop
  endfacet
  facet normal 0 0 -1
    outer loop
      vertex 21.721338087025963 8 0
      vertex 22.124700002372265 8 0
      vertex 22.124700002372265 7.745705433189869 0
    endloop
  endfacet
  facet normal 0.01636173258681799 -0.9998661378938468 0
    outer loop
      vertex 0 0.14999999850988388 0
      vertex 1.1790321469306946 0.1692935898900032 0
      vertex 0 0.14999999850988388 42.45
    endloop
  endfacet
  facet normal 0.04906767659468532 -0.9987954560937887 0
    outer loop
      vertex 1.1790321469306946 0.1692935898900032 0
      vertex 2.356801763176918 0.2271537035703659 0
      vertex 1.1790321469306946 0.1692935898900032 42.45
    endloop
  endfacet
  facet normal 0.08172107105822747 -0.996655239561352 0
    outer loop
      vertex 2.356801763176918 0.2271537035703659 0
      vertex 3.532047651708126 0.32351837307214737 0
      vertex 2.356801763176918 0.2271537035703659 42.45
    endloop
  endfacet
  facet normal 0.1142869681831494 -0.9934477786494385 0
    outer loop
      vertex 3.532047651708126 0.32351837307214737 0
      vertex 4.703511334955692 0.4582844227552414 0
      vertex 3.532047651708126 0.32351837307214737 42.45
    endloop
  endfacet
  facet normal -0.01636173166009764 0.9998661379090117 0
    outer loop
      vertex 0 1.1499999985098839 2.4
      vertex 0 1.1499999985098839 42.45
      vertex 1.146313063800335 1.168758176267147 2.4
    endloop
  endfacet
  facet normal -0.0490676742794899 0.998795456207527 0
    outer loop
      vertex 1.146313063800335 1.168758176267147 2.4
      vertex 1.146313063800335 1.168758176267147 42.45
      vertex 2.2913986295461655 1.2250126227736473 2.4
    endloop
  endfacet
  facet normal -0.08172107451294361 0.9966552392780814 0
    outer loop
      vertex 2.2913986295461655 1.2250126227736473 2.4
      vertex 2.2913986295461655 1.2250126227736473 42.45
      vertex 3.4340305104851723 1.3187031000852585 2.4
    endloop
  endfacet
  facet normal -0.11428696323168905 0.9934477792190581 0
    outer loop
      vertex 3.4340305104851723 1.3187031000852585 2.4
      vertex 3.4340305104851723 1.3187031000852585 42.45
      vertex 4.572985142469406 1.4497292786836624 2.4
    endloop
  endfacet
  facet normal 0.1467304718820701 -0.9891765103464928 0
    outer loop
      vertex 4.703511334955692 0.4582844227552414 0
      vertex 5.869938381016254 0.631307527422905 0
      vertex 4.703511334955692 0.4582844227552414 42.45
    endloop
  endfacet
  facet normal 0.17901686206820655 -0.9838460057830457 0
    outer loop
      vertex 5.869938381016254 0.631307527422905 0
      vertex 7.030079752206802 0.842402420938015 0
      vertex 5.869938381016254 0.631307527422905 42.45
    endloop
  endfacet
  facet normal 0.2111115525704515 -0.9774619748978953 0
    outer loop
      vertex 7.030079752206802 0.842402420938015 0
      vertex 8.182693138718605 1.0913430526852608 0
      vertex 7.030079752206802 0.842402420938015 42.45
    endloop
  endfacet
  facet normal 0.24298017774196645 -0.9700312537359209 0
    outer loop
      vertex 8.182693138718605 1.0913430526852608 0
      vertex 9.326544292271137 1.377862848341465 0
      vertex 8.182693138718605 1.0913430526852608 42.45
    endloop
  endfacet
  facet normal -0.14673047369258557 0.9891765100779282 0
    outer loop
      vertex 4.572985142469406 1.4497292786836624 2.4
      vertex 4.572985142469406 1.4497292786836624 42.45
      vertex 5.707042910158634 1.6179508566856384 2.4
    endloop
  endfacet
  facet normal -0.17901686517294418 0.9838460052181195 0
    outer loop
      vertex 5.707042910158634 1.6179508566856384 2.4
      vertex 5.707042910158634 1.6179508566856384 42.45
      vertex 6.834989428520203 1.8231877014040947 2.4
    endloop
  endfacet
  facet normal -0.21111154891237421 0.9774619756879641 0
    outer loop
      vertex 6.834989428520203 1.8231877014040947 2.4
      vertex 6.834989428520203 1.8231877014040947 42.45
      vertex 7.955616876482964 2.0652200281620026 2.4
    endloop
  endfacet
  facet normal -0.2429801817567254 0.970031252730276 0
    outer loop
      vertex 7.955616876482964 2.0652200281620026 2.4
      vertex 7.955616876482964 2.0652200281620026 42.45
      vertex 9.067725248634815 2.3437886759638786 2.4
    endloop
  endfacet
  facet normal 0.2745886185471024 -0.9615617975795386 0
    outer loop
      vertex 9.326544292271137 1.377862848341465 0
      vertex 10.460408344864845 1.701655000448227 0
      vertex 9.326544292271137 1.377862848341465 42.45
    endloop
  endfacet
  facet normal 0.3059030187431364 -0.9520626781487846 0
    outer loop
      vertex 10.460408344864845 1.701655000448227 0
      vertex 11.583071134984493 2.0623727813363075 0
      vertex 10.460408344864845 1.701655000448227 42.45
    endloop
  endfacet
  facet normal 0.33688985753164946 -0.9415440637019092 0
    outer loop
      vertex 11.583071134984493 2.0623727813363075 0
      vertex 12.693330474197865 2.4596299305558205 0
      vertex 11.583071134984493 2.0623727813363075 42.45
    endloop
  endfacet
  facet normal 0.3675159313652744 -0.9300172257505314 0
    outer loop
      vertex 12.693330474197865 2.4596299305558205 0
      vertex 13.78999748826027 2.893001042306423 0
      vertex 12.693330474197865 2.4596299305558205 42.45
    endloop
  endfacet
  facet normal -0.2745886199112578 0.9615617971899834 0
    outer loop
      vertex 9.067725248634815 2.3437886759638786 2.4
      vertex 9.067725248634815 2.3437886759638786 42.45
      vertex 10.170123666524887 2.6585953384637833 2.4
    endloop
  endfacet
  facet normal -0.3059030197665684 0.9520626778199502 0
    outer loop
      vertex 10.170123666524887 2.6585953384637833 2.4
      vertex 10.170123666524887 2.6585953384637833 42.45
      vertex 11.261631667613983 3.0093029141426086 2.4
    endloop
  endfacet
  facet normal -0.33688985363024254 0.9415440650978549 0
    outer loop
      vertex 11.261631667613983 3.0093029141426086 2.4
      vertex 11.261631667613983 3.0093029141426086 42.45
      vertex 12.3410804271698 3.395535856485367 2.4
    endloop
  endfacet
  facet normal -0.36751593360042023 0.9300172248672663 0
    outer loop
      vertex 12.3410804271698 3.395535856485367 2.4
      vertex 12.3410804271698 3.395535856485367 42.45
      vertex 13.40731405466795 3.816880576312542 2.4
    endloop
  endfacet
  facet normal 0.39774848100210575 -0.9174944936404346 0
    outer loop
      vertex 13.78999748826027 2.893001042306423 0
      vertex 14.87189781665802 3.3620220720767975 0
      vertex 13.78999748826027 2.893001042306423 42.45
    endloop
  endfacet
  facet normal 0.42755509166173955 -0.9039892939599017 0
    outer loop
      vertex 14.87189781665802 3.3620220720767975 0
      vertex 15.93787295371294 3.8661907613277435 0
      vertex 14.87189781665802 3.3620220720767975 42.45
    endloop
  endfacet
  facet normal 0.4569038759775267 -0.8895160752435635 0
    outer loop
      vertex 15.93787295371294 3.8661907613277435 0
      vertex 16.986781410872936 4.404967240989208 0
      vertex 15.93787295371294 3.8661907613277435 42.45
    endloop
  endfacet
  facet normal 0.48576339344044367 -0.8740903417800844 0
    outer loop
      vertex 16.986781410872936 4.404967240989208 0
      vertex 18.01749999821186 4.977774575352669 0
      vertex 16.986781410872936 4.404967240989208 42.45
    endloop
  endfacet
  facet normal -0.3977484794692526 0.9174944943049509 0
    outer loop
      vertex 13.40731405466795 3.816880576312542 2.4
      vertex 13.40731405466795 3.816880576312542 42.45
      vertex 14.459190785884857 4.272885896265507 2.4
    endloop
  endfacet
  facet normal -0.4275550879245301 0.9039892957274701 0
    outer loop
      vertex 14.459190785884857 4.272885896265507 2.4
      vertex 14.459190785884857 4.272885896265507 42.45
      vertex 15.495584264397621 4.763063497841358 2.4
    endloop
  endfacet
  facet normal -0.4569038778307574 0.8895160742916434 0
    outer loop
      vertex 15.495584264397621 4.763063497841358 2.4
      vertex 15.495584264397621 4.763063497841358 42.45
      vertex 16.515384674072266 5.286888502538204 2.4
    endloop
  endfacet
  facet normal -0.4857633948793581 0.874090340980428 0
    outer loop
      vertex 16.515384674072266 5.286888502538204 2.4
      vertex 16.515384674072266 5.286888502538204 42.45
      vertex 17.51749999821186 5.843799978494644 2.4
    endloop
  endfacet
  facet normal 0.5141027413073574 -0.8577286117299925 0
    outer loop
      vertex 18.01749999821186 4.977774575352669 0
      vertex 19.028925001621246 5.583999387919903 0
      vertex 18.01749999821186 4.977774575352669 42.45
    endloop
  endfacet
  facet normal 0.5418915808719501 -0.8404484009028149 0
    outer loop
      vertex 19.028925001621246 5.583999387919903 0
      vertex 20.01997334510088 6.222992517054081 0
      vertex 19.028925001621246 5.583999387919903 42.45
    endloop
  endfacet
  facet normal 0.5691001495698843 -0.8222682164352064 0
    outer loop
      vertex 20.01997334510088 6.222992517054081 0
      vertex 20.989583805203438 6.8940697237849236 0
      vertex 20.01997334510088 6.222992517054081 42.45
    endloop
  endfacet
  facet normal 0.595699304602046 -0.8032075313993505 0
    outer loop
      vertex 20.989583805203438 6.8940697237849236 0
      vertex 21.936718091368675 7.596512384712696 0
      vertex 20.989583805203438 6.8940697237849236 42.45
    endloop
  endfacet
  facet normal 0.6216605582635196 -0.783286761218067 0
    outer loop
      vertex 21.936718091368675 7.596512384712696 0
      vertex 22.124700002372265 7.745705433189869 0
      vertex 21.936718091368675 7.596512384712696 42.45
    endloop
  endfacet
  facet normal 1 0 0
    outer loop
      vertex 22.124700002372265 7.745705433189869 0
      vertex 22.124700002372265 8 0
      vertex 22.124700002372265 7.745705433189869 42.45
    endloop
  endfacet
  facet normal 0 1 0
    outer loop
      vertex 21.721338087025963 8 0
      vertex 22.124700002372265 8 42.45
      vertex 22.124700002372265 8 0
    endloop
  endfacet
  facet normal -0.5141027468766111 0.8577286083919105 0
    outer loop
      vertex 17.51749999821186 5.843799978494644 2.4
      vertex 17.51749999821186 5.843799978494644 42.45
      vertex 18.500857144594193 6.43320157378912 2.4
    endloop
  endfacet
  facet normal -0.5418915778049213 0.8404484028803272 0
    outer loop
      vertex 18.500857144594193 6.43320157378912 2.4
      vertex 18.500857144594193 6.43320157378912 42.45
      vertex 19.464403115212917 7.054462134838104 2.4
    endloop
  endfacet
  facet normal -0.5691001465056754 0.8222682185559763 0
    outer loop
      vertex 19.464403115212917 7.054462134838104 2.4
      vertex 19.464403115212917 7.054462134838104 42.45
      vertex 20.40710610896349 7.706916406750679 2.4
    endloop
  endfacet
  facet normal 0 1 0
    outer loop
      vertex 21.721338087025963 8 0
      vertex 21.721338087025963 8 2.4
      vertex 22.124700002372265 8 42.45
    endloop
  endfacet
  facet normal -0.595699300156908 0.8032075346960897 0
    outer loop
      vertex 20.40710610896349 7.706916406750679 2.4
      vertex 20.40710610896349 7.706916406750679 42.45
      vertex 20.802283592522144 8 2.4
    endloop
  endfacet
  facet normal 0 1 0
    outer loop
      vertex 20.802283592522144 8 2.4
      vertex 20.802283592522144 8 42.45
      vertex 21.721338087025963 8 2.4
    endloop
  endfacet
  facet normal -0.5418915808719501 -0.8404484009028149 0
    outer loop
      vertex -19.028925001621246 5.583999387919903 0
      vertex -19.028925001621246 5.583999387919903 42.45
      vertex -20.01997334510088 6.222992517054081 42.45
    endloop
  endfacet
  facet normal -0.5141027413073574 -0.8577286117299925 0
    outer loop
      vertex -18.01749999821186 4.977774575352669 0
      vertex -18.01749999821186 4.977774575352669 42.45
      vertex -19.028925001621246 5.583999387919903 42.45
    endloop
  endfacet
  facet normal -0.595699304602046 -0.8032075313993505 0
    outer loop
      vertex -20.989583805203438 6.8940697237849236 0
      vertex -20.989583805203438 6.8940697237849236 42.45
      vertex -21.936718091368675 7.596512384712696 42.45
    endloop
  endfacet
  facet normal -0.5691001495698843 -0.8222682164352064 0
    outer loop
      vertex -20.01997334510088 6.222992517054081 0
      vertex -20.01997334510088 6.222992517054081 42.45
      vertex -20.989583805203438 6.8940697237849236 42.45
    endloop
  endfacet
  facet normal -0.6216605582635196 -0.783286761218067 0
    outer loop
      vertex -21.936718091368675 7.596512384712696 0
      vertex -21.936718091368675 7.596512384712696 42.45
      vertex -22.124700002372265 7.745705433189869 42.45
    endloop
  endfacet
  facet normal -1 0 0
    outer loop
      vertex -22.124700002372265 7.745705433189869 0
      vertex -22.124700002372265 7.745705433189869 42.45
      vertex -22.124700002372265 8 42.45
    endloop
  endfacet
  facet normal 0 1 0
    outer loop
      vertex -22.124700002372265 8 0
      vertex -22.124700002372265 8 42.45
      vertex -20.802283592522144 8 42.45
    endloop
  endfacet
  facet normal 0.595699300156908 0.8032075346960897 0
    outer loop
      vertex -20.40710610896349 7.706916406750679 2.4
      vertex -20.802283592522144 8 42.45
      vertex -20.40710610896349 7.706916406750679 42.45
    endloop
  endfacet
  facet normal 0.5691001465056754 0.8222682185559763 0
    outer loop
      vertex -19.464403115212917 7.054462134838104 2.4
      vertex -20.40710610896349 7.706916406750679 42.45
      vertex -19.464403115212917 7.054462134838104 42.45
    endloop
  endfacet
  facet normal 0.5141027468766111 0.8577286083919105 0
    outer loop
      vertex -17.51749999821186 5.843799978494644 2.4
      vertex -18.500857144594193 6.43320157378912 42.45
      vertex -17.51749999821186 5.843799978494644 42.45
    endloop
  endfacet
  facet normal 0.5418915778049213 0.8404484028803272 0
    outer loop
      vertex -18.500857144594193 6.43320157378912 2.4
      vertex -19.464403115212917 7.054462134838104 42.45
      vertex -18.500857144594193 6.43320157378912 42.45
    endloop
  endfacet
  facet normal -0.4569038759775267 -0.8895160752435635 0
    outer loop
      vertex -15.93787295371294 3.8661907613277435 0
      vertex -15.93787295371294 3.8661907613277435 42.45
      vertex -16.986781410872936 4.404967240989208 42.45
    endloop
  endfacet
  facet normal -0.48576339344044367 -0.8740903417800844 0
    outer loop
      vertex -16.986781410872936 4.404967240989208 0
      vertex -16.986781410872936 4.404967240989208 42.45
      vertex -18.01749999821186 4.977774575352669 42.45
    endloop
  endfacet
  facet normal 0.4857633948793581 0.874090340980428 0
    outer loop
      vertex -16.515384674072266 5.286888502538204 2.4
      vertex -17.51749999821186 5.843799978494644 42.45
      vertex -16.515384674072266 5.286888502538204 42.45
    endloop
  endfacet
  facet normal 0.4569038778307574 0.8895160742916434 0
    outer loop
      vertex -15.495584264397621 4.763063497841358 2.4
      vertex -16.515384674072266 5.286888502538204 42.45
      vertex -15.495584264397621 4.763063497841358 42.45
    endloop
  endfacet
  facet normal -0.42755509166173955 -0.9039892939599017 0
    outer loop
      vertex -14.87189781665802 3.3620220720767975 0
      vertex -14.87189781665802 3.3620220720767975 42.45
      vertex -15.93787295371294 3.8661907613277435 42.45
    endloop
  endfacet
  facet normal -0.39774848100210575 -0.9174944936404346 0
    outer loop
      vertex -13.78999748826027 2.893001042306423 0
      vertex -13.78999748826027 2.893001042306423 42.45
      vertex -14.87189781665802 3.3620220720767975 42.45
    endloop
  endfacet
  facet normal 0.4275550879245301 0.9039892957274701 0
    outer loop
      vertex -14.459190785884857 4.272885896265507 2.4
      vertex -15.495584264397621 4.763063497841358 42.45
      vertex -14.459190785884857 4.272885896265507 42.45
    endloop
  endfacet
  facet normal 0.3977484794692526 0.9174944943049509 0
    outer loop
      vertex -13.40731405466795 3.816880576312542 2.4
      vertex -14.459190785884857 4.272885896265507 42.45
      vertex -13.40731405466795 3.816880576312542 42.45
    endloop
  endfacet
  facet normal -0.3675159313652744 -0.9300172257505314 0
    outer loop
      vertex -12.693330474197865 2.4596299305558205 0
      vertex -12.693330474197865 2.4596299305558205 42.45
      vertex -13.78999748826027 2.893001042306423 42.45
    endloop
  endfacet
  facet normal -0.33688985753164946 -0.9415440637019092 0
    outer loop
      vertex -11.583071134984493 2.0623727813363075 0
      vertex -11.583071134984493 2.0623727813363075 42.45
      vertex -12.693330474197865 2.4596299305558205 42.45
    endloop
  endfacet
  facet normal -0.2745886185471024 -0.9615617975795386 0
    outer loop
      vertex -9.326544292271137 1.377862848341465 0
      vertex -9.326544292271137 1.377862848341465 42.45
      vertex -10.460408344864845 1.701655000448227 42.45
    endloop
  endfacet
  facet normal -0.3059030187431364 -0.9520626781487846 0
    outer loop
      vertex -10.460408344864845 1.701655000448227 0
      vertex -10.460408344864845 1.701655000448227 42.45
      vertex -11.583071134984493 2.0623727813363075 42.45
    endloop
  endfacet
  facet normal 0.3059030197665684 0.9520626778199502 0
    outer loop
      vertex -10.170123666524887 2.6585953384637833 2.4
      vertex -11.261631667613983 3.0093029141426086 42.45
      vertex -10.170123666524887 2.6585953384637833 42.45
    endloop
  endfacet
  facet normal 0.2745886199112578 0.9615617971899834 0
    outer loop
      vertex -9.067725248634815 2.3437886759638786 2.4
      vertex -10.170123666524887 2.6585953384637833 42.45
      vertex -9.067725248634815 2.3437886759638786 42.45
    endloop
  endfacet
  facet normal 0.36751593360042023 0.9300172248672663 0
    outer loop
      vertex -12.3410804271698 3.395535856485367 2.4
      vertex -13.40731405466795 3.816880576312542 42.45
      vertex -12.3410804271698 3.395535856485367 42.45
    endloop
  endfacet
  facet normal 0.33688985363024254 0.9415440650978549 0
    outer loop
      vertex -11.261631667613983 3.0093029141426086 2.4
      vertex -12.3410804271698 3.395535856485367 42.45
      vertex -11.261631667613983 3.0093029141426086 42.45
    endloop
  endfacet
  facet normal -0.24298017774196645 -0.9700312537359209 0
    outer loop
      vertex -8.182693138718605 1.0913430526852608 0
      vertex -8.182693138718605 1.0913430526852608 42.45
      vertex -9.326544292271137 1.377862848341465 42.45
    endloop
  endfacet
  facet normal -0.2111115525704515 -0.9774619748978953 0
    outer loop
      vertex -7.030079752206802 0.842402420938015 0
      vertex -7.030079752206802 0.842402420938015 42.45
      vertex -8.182693138718605 1.0913430526852608 42.45
    endloop
  endfacet
  facet normal 0.2429801817567254 0.970031252730276 0
    outer loop
      vertex -7.955616876482964 2.0652200281620026 2.4
      vertex -9.067725248634815 2.3437886759638786 42.45
      vertex -7.955616876482964 2.0652200281620026 42.45
    endloop
  endfacet
  facet normal 0.21111154891237421 0.9774619756879641 0
    outer loop
      vertex -6.834989428520203 1.8231877014040947 2.4
      vertex -7.955616876482964 2.0652200281620026 42.45
      vertex -6.834989428520203 1.8231877014040947 42.45
    endloop
  endfacet
  facet normal -0.17901686206820655 -0.9838460057830457 0
    outer loop
      vertex -5.869938381016254 0.631307527422905 0
      vertex -5.869938381016254 0.631307527422905 42.45
      vertex -7.030079752206802 0.842402420938015 42.45
    endloop
  endfacet
  facet normal -0.1467304718820701 -0.9891765103464928 0
    outer loop
      vertex -4.703511334955692 0.4582844227552414 0
      vertex -4.703511334955692 0.4582844227552414 42.45
      vertex -5.869938381016254 0.631307527422905 42.45
    endloop
  endfacet
  facet normal 0.14673047369258557 0.9891765100779282 0
    outer loop
      vertex -4.572985142469406 1.4497292786836624 2.4
      vertex -5.707042910158634 1.6179508566856384 42.45
      vertex -4.572985142469406 1.4497292786836624 42.45
    endloop
  endfacet
  facet normal 0.17901686517294418 0.9838460052181195 0
    outer loop
      vertex -5.707042910158634 1.6179508566856384 2.4
      vertex -6.834989428520203 1.8231877014040947 42.45
      vertex -5.707042910158634 1.6179508566856384 42.45
    endloop
  endfacet
  facet normal -0.1142869681831494 -0.9934477786494385 0
    outer loop
      vertex -3.532047651708126 0.32351837307214737 0
      vertex -3.532047651708126 0.32351837307214737 42.45
      vertex -4.703511334955692 0.4582844227552414 42.45
    endloop
  endfacet
  facet normal -0.08172107105822747 -0.996655239561352 0
    outer loop
      vertex -2.356801763176918 0.2271537035703659 0
      vertex -2.356801763176918 0.2271537035703659 42.45
      vertex -3.532047651708126 0.32351837307214737 42.45
    endloop
  endfacet
  facet normal 0.11428696323168905 0.9934477792190581 0
    outer loop
      vertex -3.4340305104851723 1.3187031000852585 2.4
      vertex -4.572985142469406 1.4497292786836624 42.45
      vertex -3.4340305104851723 1.3187031000852585 42.45
    endloop
  endfacet
  facet normal 0.08172107451294361 0.9966552392780814 0
    outer loop
      vertex -2.2913986295461655 1.2250126227736473 2.4
      vertex -3.4340305104851723 1.3187031000852585 42.45
      vertex -2.2913986295461655 1.2250126227736473 42.45
    endloop
  endfacet
  facet normal -0.04906767659468532 -0.9987954560937887 0
    outer loop
      vertex -1.1790321469306946 0.1692935898900032 0
      vertex -1.1790321469306946 0.1692935898900032 42.45
      vertex -2.356801763176918 0.2271537035703659 42.45
    endloop
  endfacet
  facet normal -0.01636173258681799 -0.9998661378938468 0
    outer loop
      vertex 0 0.14999999850988388 0
      vertex 0 0.14999999850988388 42.45
      vertex -1.1790321469306946 0.1692935898900032 42.45
    endloop
  endfacet
  facet normal 0.0490676742794899 0.998795456207527 0
    outer loop
      vertex -1.146313063800335 1.168758176267147 2.4
      vertex -2.2913986295461655 1.2250126227736473 42.45
      vertex -1.146313063800335 1.168758176267147 42.45
    endloop
  endfacet
  facet normal 0.01636173166009764 0.9998661379090117 0
    outer loop
      vertex 0 1.1499999985098839 2.4
      vertex -1.146313063800335 1.168758176267147 42.45
      vertex 0 1.1499999985098839 42.45
    endloop
  endfacet
  facet normal 0 0 1
    outer loop
      vertex -19.028925001621246 5.583999387919903 42.45
      vertex -18.01749999821186 4.977774575352669 42.45
      vertex -17.51749999821186 5.843799978494644 42.45
    endloop
  endfacet
  facet normal 0 0 1
    outer loop
      vertex -20.01997334510088 6.222992517054081 42.45
      vertex -19.464403115212917 7.054462134838104 42.45
      vertex -20.989583805203438 6.8940697237849236 42.45
    endloop
  endfacet
  facet normal 0 0 1
    outer loop
      vertex -20.989583805203438 6.8940697237849236 42.45
      vertex -19.464403115212917 7.054462134838104 42.45
      vertex -20.40710610896349 7.706916406750679 42.45
    endloop
  endfacet
  facet normal 0 0 1
    outer loop
      vertex -20.989583805203438 6.8940697237849236 42.45
      vertex -20.802283592522144 8 42.45
      vertex -21.936718091368675 7.596512384712696 42.45
    endloop
  endfacet
  facet normal 0 0 1
    outer loop
      vertex -21.936718091368675 7.596512384712696 42.45
      vertex -20.802283592522144 8 42.45
      vertex -22.124700002372265 7.745705433189869 42.45
    endloop
  endfacet
  facet normal 0 0 1
    outer loop
      vertex -22.124700002372265 7.745705433189869 42.45
      vertex -20.802283592522144 8 42.45
      vertex -22.124700002372265 8 42.45
    endloop
  endfacet
  facet normal 0 0 1
    outer loop
      vertex -20.989583805203438 6.8940697237849236 42.45
      vertex -20.40710610896349 7.706916406750679 42.45
      vertex -20.802283592522144 8 42.45
    endloop
  endfacet
  facet normal 0 0 1
    outer loop
      vertex -19.028925001621246 5.583999387919903 42.45
      vertex -18.500857144594193 6.43320157378912 42.45
      vertex -20.01997334510088 6.222992517054081 42.45
    endloop
  endfacet
  facet normal 0 0 1
    outer loop
      vertex -20.01997334510088 6.222992517054081 42.45
      vertex -18.500857144594193 6.43320157378912 42.45
      vertex -19.464403115212917 7.054462134838104 42.45
    endloop
  endfacet
  facet normal 0 0 1
    outer loop
      vertex -19.028925001621246 5.583999387919903 42.45
      vertex -17.51749999821186 5.843799978494644 42.45
      vertex -18.500857144594193 6.43320157378912 42.45
    endloop
  endfacet
  facet normal 0 0 1
    outer loop
      vertex -16.986781410872936 4.404967240989208 42.45
      vertex -15.93787295371294 3.8661907613277435 42.45
      vertex -15.495584264397621 4.763063497841358 42.45
    endloop
  endfacet
  facet normal 0 0 1
    outer loop
      vertex -18.01749999821186 4.977774575352669 42.45
      vertex -16.986781410872936 4.404967240989208 42.45
      vertex -16.515384674072266 5.286888502538204 42.45
    endloop
  endfacet
  facet normal 0 0 1
    outer loop
      vertex -18.01749999821186 4.977774575352669 42.45
      vertex -16.515384674072266 5.286888502538204 42.45
      vertex -17.51749999821186 5.843799978494644 42.45
    endloop
  endfacet
  facet normal 0 0 1
    outer loop
      vertex -16.986781410872936 4.404967240989208 42.45
      vertex -15.495584264397621 4.763063497841358 42.45
      vertex -16.515384674072266 5.286888502538204 42.45
    endloop
  endfacet
  facet normal 0 0 1
    outer loop
      vertex -15.93787295371294 3.8661907613277435 42.45
      vertex -14.87189781665802 3.3620220720767975 42.45
      vertex -14.459190785884857 4.272885896265507 42.45
    endloop
  endfacet
  facet normal 0 0 1
    outer loop
      vertex -15.93787295371294 3.8661907613277435 42.45
      vertex -14.459190785884857 4.272885896265507 42.45
      vertex -15.495584264397621 4.763063497841358 42.45
    endloop
  endfacet
  facet normal 0 0 1
    outer loop
      vertex -13.78999748826027 2.893001042306423 42.45
      vertex -13.40731405466795 3.816880576312542 42.45
      vertex -14.87189781665802 3.3620220720767975 42.45
    endloop
  endfacet
  facet normal 0 0 1
    outer loop
      vertex -14.87189781665802 3.3620220720767975 42.45
      vertex -13.40731405466795 3.816880576312542 42.45
      vertex -14.459190785884857 4.272885896265507 42.45
    endloop
  endfacet
  facet normal 0 0 1
    outer loop
      vertex -13.78999748826027 2.893001042306423 42.45
      vertex -12.693330474197865 2.4596299305558205 42.45
      vertex -12.3410804271698 3.395535856485367 42.45
    endloop
  endfacet
  facet normal 0 0 1
    outer loop
      vertex -12.693330474197865 2.4596299305558205 42.45
      vertex -11.583071134984493 2.0623727813363075 42.45
      vertex -11.261631667613983 3.0093029141426086 42.45
    endloop
  endfacet
  facet normal 0 0 1
    outer loop
      vertex -12.693330474197865 2.4596299305558205 42.45
      vertex -11.261631667613983 3.0093029141426086 42.45
      vertex -12.3410804271698 3.395535856485367 42.45
    endloop
  endfacet
  facet normal 0 0 1
    outer loop
      vertex -11.583071134984493 2.0623727813363075 42.45
      vertex -10.460408344864845 1.701655000448227 42.45
      vertex -10.170123666524887 2.6585953384637833 42.45
    endloop
  endfacet
  facet normal 0 0 1
    outer loop
      vertex -11.583071134984493 2.0623727813363075 42.45
      vertex -10.170123666524887 2.6585953384637833 42.45
      vertex -11.261631667613983 3.0093029141426086 42.45
    endloop
  endfacet
  facet normal 0 0 1
    outer loop
      vertex -9.326544292271137 1.377862848341465 42.45
      vertex -9.067725248634815 2.3437886759638786 42.45
      vertex -10.460408344864845 1.701655000448227 42.45
    endloop
  endfacet
  facet normal 0 0 1
    outer loop
      vertex -10.460408344864845 1.701655000448227 42.45
      vertex -9.067725248634815 2.3437886759638786 42.45
      vertex -10.170123666524887 2.6585953384637833 42.45
    endloop
  endfacet
  facet normal 0 0 1
    outer loop
      vertex -13.78999748826027 2.893001042306423 42.45
      vertex -12.3410804271698 3.395535856485367 42.45
      vertex -13.40731405466795 3.816880576312542 42.45
    endloop
  endfacet
  facet normal 0 0 1
    outer loop
      vertex -9.326544292271137 1.377862848341465 42.45
      vertex -8.182693138718605 1.0913430526852608 42.45
      vertex -7.955616876482964 2.0652200281620026 42.45
    endloop
  endfacet
  facet normal 0 0 1
    outer loop
      vertex -8.182693138718605 1.0913430526852608 42.45
      vertex -7.030079752206802 0.842402420938015 42.45
      vertex -6.834989428520203 1.8231877014040947 42.45
    endloop
  endfacet
  facet normal 0 0 1
    outer loop
      vertex -9.326544292271137 1.377862848341465 42.45
      vertex -7.955616876482964 2.0652200281620026 42.45
      vertex -9.067725248634815 2.3437886759638786 42.45
    endloop
  endfacet
  facet normal 0 0 1
    outer loop
      vertex -8.182693138718605 1.0913430526852608 42.45
      vertex -6.834989428520203 1.8231877014040947 42.45
      vertex -7.955616876482964 2.0652200281620026 42.45
    endloop
  endfacet
  facet normal 0 0 1
    outer loop
      vertex -7.030079752206802 0.842402420938015 42.45
      vertex -5.869938381016254 0.631307527422905 42.45
      vertex -5.707042910158634 1.6179508566856384 42.45
    endloop
  endfacet
  facet normal 0 0 1
    outer loop
      vertex -7.030079752206802 0.842402420938015 42.45
      vertex -5.707042910158634 1.6179508566856384 42.45
      vertex -6.834989428520203 1.8231877014040947 42.45
    endloop
  endfacet
  facet normal 0 0 1
    outer loop
      vertex -5.869938381016254 0.631307527422905 42.45
      vertex -4.703511334955692 0.4582844227552414 42.45
      vertex -4.572985142469406 1.4497292786836624 42.45
    endloop
  endfacet
  facet normal 0 0 1
    outer loop
      vertex -5.869938381016254 0.631307527422905 42.45
      vertex -4.572985142469406 1.4497292786836624 42.45
      vertex -5.707042910158634 1.6179508566856384 42.45
    endloop
  endfacet
  facet normal 0 0 1
    outer loop
      vertex -4.703511334955692 0.4582844227552414 42.45
      vertex -3.532047651708126 0.32351837307214737 42.45
      vertex -3.4340305104851723 1.3187031000852585 42.45
    endloop
  endfacet
  facet normal 0 0 1
    outer loop
      vertex -4.703511334955692 0.4582844227552414 42.45
      vertex -3.4340305104851723 1.3187031000852585 42.45
      vertex -4.572985142469406 1.4497292786836624 42.45
    endloop
  endfacet
  facet normal 0 0 1
    outer loop
      vertex -3.532047651708126 0.32351837307214737 42.45
      vertex -2.356801763176918 0.2271537035703659 42.45
      vertex -2.2913986295461655 1.2250126227736473 42.45
    endloop
  endfacet
  facet normal 0 0 1
    outer loop
      vertex -3.532047651708126 0.32351837307214737 42.45
      vertex -2.2913986295461655 1.2250126227736473 42.45
      vertex -3.4340305104851723 1.3187031000852585 42.45
    endloop
  endfacet
  facet normal 0 0 1
    outer loop
      vertex -2.356801763176918 0.2271537035703659 42.45
      vertex -1.1790321469306946 0.1692935898900032 42.45
      vertex -1.146313063800335 1.168758176267147 42.45
    endloop
  endfacet
  facet normal 0 0 1
    outer loop
      vertex -2.356801763176918 0.2271537035703659 42.45
      vertex -1.146313063800335 1.168758176267147 42.45
      vertex -2.2913986295461655 1.2250126227736473 42.45
    endloop
  endfacet
  facet normal 0 0 1
    outer loop
      vertex -1.1790321469306946 0.1692935898900032 42.45
      vertex 0 1.1499999985098839 42.45
      vertex -1.146313063800335 1.168758176267147 42.45
    endloop
  endfacet
  facet normal 0 0 1
    outer loop
      vertex -1.1790321469306946 0.1692935898900032 42.45
      vertex 0 0.14999999850988388 42.45
      vertex 0 1.1499999985098839 42.45
    endloop
  endfacet
  facet normal 0.01636173258681799 -0.9998661378938468 0
    outer loop
      vertex 1.1790321469306946 0.1692935898900032 0
      vertex 1.1790321469306946 0.1692935898900032 42.45
      vertex 0 0.14999999850988388 42.45
    endloop
  endfacet
  facet normal 0.04906767659468532 -0.9987954560937887 0
    outer loop
      vertex 2.356801763176918 0.2271537035703659 0
      vertex 2.356801763176918 0.2271537035703659 42.45
      vertex 1.1790321469306946 0.1692935898900032 42.45
    endloop
  endfacet
  facet normal -0.01636173166009764 0.9998661379090117 0
    outer loop
      vertex 1.146313063800335 1.168758176267147 2.4
      vertex 0 1.1499999985098839 42.45
      vertex 1.146313063800335 1.168758176267147 42.45
    endloop
  endfacet
  facet normal -0.0490676742794899 0.998795456207527 0
    outer loop
      vertex 2.2913986295461655 1.2250126227736473 2.4
      vertex 1.146313063800335 1.168758176267147 42.45
      vertex 2.2913986295461655 1.2250126227736473 42.45
    endloop
  endfacet
  facet normal 0.08172107105822747 -0.996655239561352 0
    outer loop
      vertex 3.532047651708126 0.32351837307214737 0
      vertex 3.532047651708126 0.32351837307214737 42.45
      vertex 2.356801763176918 0.2271537035703659 42.45
    endloop
  endfacet
  facet normal 0.1142869681831494 -0.9934477786494385 0
    outer loop
      vertex 4.703511334955692 0.4582844227552414 0
      vertex 4.703511334955692 0.4582844227552414 42.45
      vertex 3.532047651708126 0.32351837307214737 42.45
    endloop
  endfacet
  facet normal -0.08172107451294361 0.9966552392780814 0
    outer loop
      vertex 3.4340305104851723 1.3187031000852585 2.4
      vertex 2.2913986295461655 1.2250126227736473 42.45
      vertex 3.4340305104851723 1.3187031000852585 42.45
    endloop
  endfacet
  facet normal -0.11428696323168905 0.9934477792190581 0
    outer loop
      vertex 4.572985142469406 1.4497292786836624 2.4
      vertex 3.4340305104851723 1.3187031000852585 42.45
      vertex 4.572985142469406 1.4497292786836624 42.45
    endloop
  endfacet
  facet normal 0.1467304718820701 -0.9891765103464928 0
    outer loop
      vertex 5.869938381016254 0.631307527422905 0
      vertex 5.869938381016254 0.631307527422905 42.45
      vertex 4.703511334955692 0.4582844227552414 42.45
    endloop
  endfacet
  facet normal 0.17901686206820655 -0.9838460057830457 0
    outer loop
      vertex 7.030079752206802 0.842402420938015 0
      vertex 7.030079752206802 0.842402420938015 42.45
      vertex 5.869938381016254 0.631307527422905 42.45
    endloop
  endfacet
  facet normal -0.14673047369258557 0.9891765100779282 0
    outer loop
      vertex 5.707042910158634 1.6179508566856384 2.4
      vertex 4.572985142469406 1.4497292786836624 42.45
      vertex 5.707042910158634 1.6179508566856384 42.45
    endloop
  endfacet
  facet normal -0.17901686517294418 0.9838460052181195 0
    outer loop
      vertex 6.834989428520203 1.8231877014040947 2.4
      vertex 5.707042910158634 1.6179508566856384 42.45
      vertex 6.834989428520203 1.8231877014040947 42.45
    endloop
  endfacet
  facet normal 0.2111115525704515 -0.9774619748978953 0
    outer loop
      vertex 8.182693138718605 1.0913430526852608 0
      vertex 8.182693138718605 1.0913430526852608 42.45
      vertex 7.030079752206802 0.842402420938015 42.45
    endloop
  endfacet
  facet normal -0.21111154891237421 0.9774619756879641 0
    outer loop
      vertex 7.955616876482964 2.0652200281620026 2.4
      vertex 6.834989428520203 1.8231877014040947 42.45
      vertex 7.955616876482964 2.0652200281620026 42.45
    endloop
  endfacet
  facet normal -0.2429801817567254 0.970031252730276 0
    outer loop
      vertex 9.067725248634815 2.3437886759638786 2.4
      vertex 7.955616876482964 2.0652200281620026 42.45
      vertex 9.067725248634815 2.3437886759638786 42.45
    endloop
  endfacet
  facet normal 0.24298017774196645 -0.9700312537359209 0
    outer loop
      vertex 9.326544292271137 1.377862848341465 0
      vertex 9.326544292271137 1.377862848341465 42.45
      vertex 8.182693138718605 1.0913430526852608 42.45
    endloop
  endfacet
  facet normal 0.2745886185471024 -0.9615617975795386 0
    outer loop
      vertex 10.460408344864845 1.701655000448227 0
      vertex 10.460408344864845 1.701655000448227 42.45
      vertex 9.326544292271137 1.377862848341465 42.45
    endloop
  endfacet
  facet normal -0.2745886199112578 0.9615617971899834 0
    outer loop
      vertex 10.170123666524887 2.6585953384637833 2.4
      vertex 9.067725248634815 2.3437886759638786 42.45
      vertex 10.170123666524887 2.6585953384637833 42.45
    endloop
  endfacet
  facet normal -0.3059030197665684 0.9520626778199502 0
    outer loop
      vertex 11.261631667613983 3.0093029141426086 2.4
      vertex 10.170123666524887 2.6585953384637833 42.45
      vertex 11.261631667613983 3.0093029141426086 42.45
    endloop
  endfacet
  facet normal 0.3059030187431364 -0.9520626781487846 0
    outer loop
      vertex 11.583071134984493 2.0623727813363075 0
      vertex 11.583071134984493 2.0623727813363075 42.45
      vertex 10.460408344864845 1.701655000448227 42.45
    endloop
  endfacet
  facet normal 0.33688985753164946 -0.9415440637019092 0
    outer loop
      vertex 12.693330474197865 2.4596299305558205 0
      vertex 12.693330474197865 2.4596299305558205 42.45
      vertex 11.583071134984493 2.0623727813363075 42.45
    endloop
  endfacet
  facet normal -0.33688985363024254 0.9415440650978549 0
    outer loop
      vertex 12.3410804271698 3.395535856485367 2.4
      vertex 11.261631667613983 3.0093029141426086 42.45
      vertex 12.3410804271698 3.395535856485367 42.45
    endloop
  endfacet
  facet normal -0.36751593360042023 0.9300172248672663 0
    outer loop
      vertex 13.40731405466795 3.816880576312542 2.4
      vertex 12.3410804271698 3.395535856485367 42.45
      vertex 13.40731405466795 3.816880576312542 42.45
    endloop
  endfacet
  facet normal 0.3675159313652744 -0.9300172257505314 0
    outer loop
      vertex 13.78999748826027 2.893001042306423 0
      vertex 13.78999748826027 2.893001042306423 42.45
      vertex 12.693330474197865 2.4596299305558205 42.45
    endloop
  endfacet
  facet normal 0.39774848100210575 -0.9174944936404346 0
    outer loop
      vertex 14.87189781665802 3.3620220720767975 0
      vertex 14.87189781665802 3.3620220720767975 42.45
      vertex 13.78999748826027 2.893001042306423 42.45
    endloop
  endfacet
  facet normal -0.3977484794692526 0.9174944943049509 0
    outer loop
      vertex 14.459190785884857 4.272885896265507 2.4
      vertex 13.40731405466795 3.816880576312542 42.45
      vertex 14.459190785884857 4.272885896265507 42.45
    endloop
  endfacet
  facet normal -0.4275550879245301 0.9039892957274701 0
    outer loop
      vertex 15.495584264397621 4.763063497841358 2.4
      vertex 14.459190785884857 4.272885896265507 42.45
      vertex 15.495584264397621 4.763063497841358 42.45
    endloop
  endfacet
  facet normal 0.42755509166173955 -0.9039892939599017 0
    outer loop
      vertex 15.93787295371294 3.8661907613277435 0
      vertex 15.93787295371294 3.8661907613277435 42.45
      vertex 14.87189781665802 3.3620220720767975 42.45
    endloop
  endfacet
  facet normal 0.4569038759775267 -0.8895160752435635 0
    outer loop
      vertex 16.986781410872936 4.404967240989208 0
      vertex 16.986781410872936 4.404967240989208 42.45
      vertex 15.93787295371294 3.8661907613277435 42.45
    endloop
  endfacet
  facet normal 0.48576339344044367 -0.8740903417800844 0
    outer loop
      vertex 18.01749999821186 4.977774575352669 0
      vertex 18.01749999821186 4.977774575352669 42.45
      vertex 16.986781410872936 4.404967240989208 42.45
    endloop
  endfacet
  facet normal -0.4569038778307574 0.8895160742916434 0
    outer loop
      vertex 16.515384674072266 5.286888502538204 2.4
      vertex 15.495584264397621 4.763063497841358 42.45
      vertex 16.515384674072266 5.286888502538204 42.45
    endloop
  endfacet
  facet normal -0.4857633948793581 0.874090340980428 0
    outer loop
      vertex 17.51749999821186 5.843799978494644 2.4
      vertex 16.515384674072266 5.286888502538204 42.45
      vertex 17.51749999821186 5.843799978494644 42.45
    endloop
  endfacet
  facet normal 0.5141027413073574 -0.8577286117299925 0
    outer loop
      vertex 19.028925001621246 5.583999387919903 0
      vertex 19.028925001621246 5.583999387919903 42.45
      vertex 18.01749999821186 4.977774575352669 42.45
    endloop
  endfacet
  facet normal 0.5418915808719501 -0.8404484009028149 0
    outer loop
      vertex 20.01997334510088 6.222992517054081 0
      vertex 20.01997334510088 6.222992517054081 42.45
      vertex 19.028925001621246 5.583999387919903 42.45
    endloop
  endfacet
  facet normal -0.5141027468766111 0.8577286083919105 0
    outer loop
      vertex 18.500857144594193 6.43320157378912 2.4
      vertex 17.51749999821186 5.843799978494644 42.45
      vertex 18.500857144594193 6.43320157378912 42.45
    endloop
  endfacet
  facet normal -0.5418915778049213 0.8404484028803272 0
    outer loop
      vertex 19.464403115212917 7.054462134838104 2.4
      vertex 18.500857144594193 6.43320157378912 42.45
      vertex 19.464403115212917 7.054462134838104 42.45
    endloop
  endfacet
  facet normal 0.5691001495698843 -0.8222682164352064 0
    outer loop
      vertex 20.989583805203438 6.8940697237849236 0
      vertex 20.989583805203438 6.8940697237849236 42.45
      vertex 20.01997334510088 6.222992517054081 42.45
    endloop
  endfacet
  facet normal 0.595699304602046 -0.8032075313993505 0
    outer loop
      vertex 21.936718091368675 7.596512384712696 0
      vertex 21.936718091368675 7.596512384712696 42.45
      vertex 20.989583805203438 6.8940697237849236 42.45
    endloop
  endfacet
  facet normal 0.6216605582635196 -0.783286761218067 0
    outer loop
      vertex 22.124700002372265 7.745705433189869 0
      vertex 22.124700002372265 7.745705433189869 42.45
      vertex 21.936718091368675 7.596512384712696 42.45
    endloop
  endfacet
  facet normal 1 0 0
    outer loop
      vertex 22.124700002372265 8 0
      vertex 22.124700002372265 8 42.45
      vertex 22.124700002372265 7.745705433189869 42.45
    endloop
  endfacet
  facet normal -0.5691001465056754 0.8222682185559763 0
    outer loop
      vertex 20.40710610896349 7.706916406750679 2.4
      vertex 19.464403115212917 7.054462134838104 42.45
      vertex 20.40710610896349 7.706916406750679 42.45
    endloop
  endfacet
  facet normal -0.595699300156908 0.8032075346960897 0
    outer loop
      vertex 20.802283592522144 8 2.4
      vertex 20.40710610896349 7.706916406750679 42.45
      vertex 20.802283592522144 8 42.45
    endloop
  endfacet
  facet normal 0 1 0
    outer loop
      vertex 21.721338087025963 8 2.4
      vertex 20.802283592522144 8 42.45
      vertex 22.124700002372265 8 42.45
    endloop
  endfacet
  facet normal 0 0 1
    outer loop
      vertex 0 0.14999999850988388 42.45
      vertex 1.146313063800335 1.168758176267147 42.45
      vertex 0 1.1499999985098839 42.45
    endloop
  endfacet
  facet normal 0 0 1
    outer loop
      vertex 0 0.14999999850988388 42.45
      vertex 1.1790321469306946 0.1692935898900032 42.45
      vertex 1.146313063800335 1.168758176267147 42.45
    endloop
  endfacet
  facet normal 0 0 1
    outer loop
      vertex 1.1790321469306946 0.1692935898900032 42.45
      vertex 2.2913986295461655 1.2250126227736473 42.45
      vertex 1.146313063800335 1.168758176267147 42.45
    endloop
  endfacet
  facet normal 0 0 1
    outer loop
      vertex 1.1790321469306946 0.1692935898900032 42.45
      vertex 2.356801763176918 0.2271537035703659 42.45
      vertex 2.2913986295461655 1.2250126227736473 42.45
    endloop
  endfacet
  facet normal 0 0 1
    outer loop
      vertex 2.356801763176918 0.2271537035703659 42.45
      vertex 3.532047651708126 0.32351837307214737 42.45
      vertex 3.4340305104851723 1.3187031000852585 42.45
    endloop
  endfacet
  facet normal 0 0 1
    outer loop
      vertex 2.356801763176918 0.2271537035703659 42.45
      vertex 3.4340305104851723 1.3187031000852585 42.45
      vertex 2.2913986295461655 1.2250126227736473 42.45
    endloop
  endfacet
  facet normal 0 0 1
    outer loop
      vertex 3.532047651708126 0.32351837307214737 42.45
      vertex 4.703511334955692 0.4582844227552414 42.45
      vertex 4.572985142469406 1.4497292786836624 42.45
    endloop
  endfacet
  facet normal 0 0 1
    outer loop
      vertex 3.532047651708126 0.32351837307214737 42.45
      vertex 4.572985142469406 1.4497292786836624 42.45
      vertex 3.4340305104851723 1.3187031000852585 42.45
    endloop
  endfacet
  facet normal 0 0 1
    outer loop
      vertex 4.703511334955692 0.4582844227552414 42.45
      vertex 5.707042910158634 1.6179508566856384 42.45
      vertex 4.572985142469406 1.4497292786836624 42.45
    endloop
  endfacet
  facet normal 0 0 1
    outer loop
      vertex 4.703511334955692 0.4582844227552414 42.45
      vertex 5.869938381016254 0.631307527422905 42.45
      vertex 5.707042910158634 1.6179508566856384 42.45
    endloop
  endfacet
  facet normal 0 0 1
    outer loop
      vertex 5.869938381016254 0.631307527422905 42.45
      vertex 7.030079752206802 0.842402420938015 42.45
      vertex 6.834989428520203 1.8231877014040947 42.45
    endloop
  endfacet
  facet normal 0 0 1
    outer loop
      vertex 5.869938381016254 0.631307527422905 42.45
      vertex 6.834989428520203 1.8231877014040947 42.45
      vertex 5.707042910158634 1.6179508566856384 42.45
    endloop
  endfacet
  facet normal 0 0 1
    outer loop
      vertex 7.030079752206802 0.842402420938015 42.45
      vertex 7.955616876482964 2.0652200281620026 42.45
      vertex 6.834989428520203 1.8231877014040947 42.45
    endloop
  endfacet
  facet normal 0 0 1
    outer loop
      vertex 7.030079752206802 0.842402420938015 42.45
      vertex 8.182693138718605 1.0913430526852608 42.45
      vertex 7.955616876482964 2.0652200281620026 42.45
    endloop
  endfacet
  facet normal 0 0 1
    outer loop
      vertex 8.182693138718605 1.0913430526852608 42.45
      vertex 9.067725248634815 2.3437886759638786 42.45
      vertex 7.955616876482964 2.0652200281620026 42.45
    endloop
  endfacet
  facet normal 0 0 1
    outer loop
      vertex 8.182693138718605 1.0913430526852608 42.45
      vertex 9.326544292271137 1.377862848341465 42.45
      vertex 9.067725248634815 2.3437886759638786 42.45
    endloop
  endfacet
  facet normal 0 0 1
    outer loop
      vertex 9.326544292271137 1.377862848341465 42.45
      vertex 10.460408344864845 1.701655000448227 42.45
      vertex 10.170123666524887 2.6585953384637833 42.45
    endloop
  endfacet
  facet normal 0 0 1
    outer loop
      vertex 9.326544292271137 1.377862848341465 42.45
      vertex 10.170123666524887 2.6585953384637833 42.45
      vertex 9.067725248634815 2.3437886759638786 42.45
    endloop
  endfacet
  facet normal 0 0 1
    outer loop
      vertex 10.460408344864845 1.701655000448227 42.45
      vertex 11.583071134984493 2.0623727813363075 42.45
      vertex 11.261631667613983 3.0093029141426086 42.45
    endloop
  endfacet
  facet normal 0 0 1
    outer loop
      vertex 10.460408344864845 1.701655000448227 42.45
      vertex 11.261631667613983 3.0093029141426086 42.45
      vertex 10.170123666524887 2.6585953384637833 42.45
    endloop
  endfacet
  facet normal 0 0 1
    outer loop
      vertex 11.583071134984493 2.0623727813363075 42.45
      vertex 12.693330474197865 2.4596299305558205 42.45
      vertex 12.3410804271698 3.395535856485367 42.45
    endloop
  endfacet
  facet normal 0 0 1
    outer loop
      vertex 11.583071134984493 2.0623727813363075 42.45
      vertex 12.3410804271698 3.395535856485367 42.45
      vertex 11.261631667613983 3.0093029141426086 42.45
    endloop
  endfacet
  facet normal 0 0 1
    outer loop
      vertex 12.693330474197865 2.4596299305558205 42.45
      vertex 13.40731405466795 3.816880576312542 42.45
      vertex 12.3410804271698 3.395535856485367 42.45
    endloop
  endfacet
  facet normal 0 0 1
    outer loop
      vertex 12.693330474197865 2.4596299305558205 42.45
      vertex 13.78999748826027 2.893001042306423 42.45
      vertex 13.40731405466795 3.816880576312542 42.45
    endloop
  endfacet
  facet normal 0 0 1
    outer loop
      vertex 13.78999748826027 2.893001042306423 42.45
      vertex 14.459190785884857 4.272885896265507 42.45
      vertex 13.40731405466795 3.816880576312542 42.45
    endloop
  endfacet
  facet normal 0 0 1
    outer loop
      vertex 13.78999748826027 2.893001042306423 42.45
      vertex 14.87189781665802 3.3620220720767975 42.45
      vertex 14.459190785884857 4.272885896265507 42.45
    endloop
  endfacet
  facet normal 0 0 1
    outer loop
      vertex 14.87189781665802 3.3620220720767975 42.45
      vertex 15.495584264397621 4.763063497841358 42.45
      vertex 14.459190785884857 4.272885896265507 42.45
    endloop
  endfacet
  facet normal 0 0 1
    outer loop
      vertex 14.87189781665802 3.3620220720767975 42.45
      vertex 15.93787295371294 3.8661907613277435 42.45
      vertex 15.495584264397621 4.763063497841358 42.45
    endloop
  endfacet
  facet normal 0 0 1
    outer loop
      vertex 15.495584264397621 4.763063497841358 42.45
      vertex 15.93787295371294 3.8661907613277435 42.45
      vertex 16.515384674072266 5.286888502538204 42.45
    endloop
  endfacet
  facet normal 0 0 1
    outer loop
      vertex 15.93787295371294 3.8661907613277435 42.45
      vertex 16.986781410872936 4.404967240989208 42.45
      vertex 16.515384674072266 5.286888502538204 42.45
    endloop
  endfacet
  facet normal 0 0 1
    outer loop
      vertex 16.986781410872936 4.404967240989208 42.45
      vertex 18.01749999821186 4.977774575352669 42.45
      vertex 17.51749999821186 5.843799978494644 42.45
    endloop
  endfacet
  facet normal 0 0 1
    outer loop
      vertex 16.986781410872936 4.404967240989208 42.45
      vertex 17.51749999821186 5.843799978494644 42.45
      vertex 16.515384674072266 5.286888502538204 42.45
    endloop
  endfacet
  facet normal 0 0 1
    outer loop
      vertex 17.51749999821186 5.843799978494644 42.45
      vertex 18.01749999821186 4.977774575352669 42.45
      vertex 18.500857144594193 6.43320157378912 42.45
    endloop
  endfacet
  facet normal 0 0 1
    outer loop
      vertex 18.01749999821186 4.977774575352669 42.45
      vertex 19.028925001621246 5.583999387919903 42.45
      vertex 18.500857144594193 6.43320157378912 42.45
    endloop
  endfacet
  facet normal 0 0 1
    outer loop
      vertex 19.028925001621246 5.583999387919903 42.45
      vertex 19.464403115212917 7.054462134838104 42.45
      vertex 18.500857144594193 6.43320157378912 42.45
    endloop
  endfacet
  facet normal 0 0 1
    outer loop
      vertex 19.028925001621246 5.583999387919903 42.45
      vertex 20.01997334510088 6.222992517054081 42.45
      vertex 19.464403115212917 7.054462134838104 42.45
    endloop
  endfacet
  facet normal 0 0 1
    outer loop
      vertex 19.464403115212917 7.054462134838104 42.45
      vertex 20.01997334510088 6.222992517054081 42.45
      vertex 20.40710610896349 7.706916406750679 42.45
    endloop
  endfacet
  facet normal 0 0 1
    outer loop
      vertex 20.01997334510088 6.222992517054081 42.45
      vertex 20.989583805203438 6.8940697237849236 42.45
      vertex 20.40710610896349 7.706916406750679 42.45
    endloop
  endfacet
  facet normal 0 0 1
    outer loop
      vertex 20.989583805203438 6.8940697237849236 42.45
      vertex 20.802283592522144 8 42.45
      vertex 20.40710610896349 7.706916406750679 42.45
    endloop
  endfacet
  facet normal 0 0 1
    outer loop
      vertex 20.989583805203438 6.8940697237849236 42.45
      vertex 21.936718091368675 7.596512384712696 42.45
      vertex 20.802283592522144 8 42.45
    endloop
  endfacet
  facet normal 0 0 1
    outer loop
      vertex 20.802283592522144 8 42.45
      vertex 21.936718091368675 7.596512384712696 42.45
      vertex 22.124700002372265 7.745705433189869 42.45
    endloop
  endfacet
  facet normal 0 0 1
    outer loop
      vertex 20.802283592522144 8 42.45
      vertex 22.124700002372265 7.745705433189869 42.45
      vertex 22.124700002372265 8 42.45
    endloop
  endfacet
  facet normal 0.634393284163645 0.7730104533627373 -3.2197949840112595e-18
    outer loop
      vertex -5.474360201732402 22.84107488503023 0
      vertex -5.9292463637851816 23.214390310468396 0
      vertex -5.9292463637851816 23.214390310468396 2.4
    endloop
  endfacet
  facet normal 0.582477696867798 0.8128466845916181 3.218122355548081e-18
    outer loop
      vertex -4.9960319888567355 22.498309735015887 0
      vertex -5.474360201732402 22.84107488503023 0
      vertex -5.474360201732402 22.84107488503023 2.4
    endloop
  endfacet
  facet normal 0.5280678506503681 0.8492021815265789 -3.648206304610542e-18
    outer loop
      vertex -4.49631 22.187562633419983 0
      vertex -4.9960319888567355 22.498309735015887 0
      vertex -4.9960319888567355 22.498309735015887 2.4
    endloop
  endfacet
  facet normal 0.634393284163645 0.7730104533627373 -3.2197949840112595e-18
    outer loop
      vertex -5.9292463637851816 23.214390310468396 2.4
      vertex -5.474360201732402 22.84107488503023 2.4
      vertex -5.474360201732402 22.84107488503023 0
    endloop
  endfacet
  facet normal 0.5280678506503681 0.8492021815265789 -3.648206304610542e-18
    outer loop
      vertex -4.9960319888567355 22.498309735015887 2.4
      vertex -4.49631 22.187562633419983 2.4
      vertex -4.49631 22.187562633419983 0
    endloop
  endfacet
  facet normal 0.582477696867798 0.8128466845916181 0
    outer loop
      vertex -4.9960319888567355 22.498309735015887 0
      vertex -5.474360201732402 22.84107488503023 2.4
      vertex -4.9960319888567355 22.498309735015887 2.4
    endloop
  endfacet
  facet normal 0.35225004792123177 0.9359059267573264 1.3204666226898709e-19
    outer loop
      vertex -2.890582964474517 21.460017178899722 0
      vertex -3.441326687554954 21.66730243834835 0
      vertex -3.441326687554954 21.66730243834835 2.4
    endloop
  endfacet
  facet normal 0.2902846772544613 0.9569403357322093 2.7750421128274736e-18
    outer loop
      vertex -2.3274613213698303 21.2891960959964 0
      vertex -2.890582964474517 21.460017178899722 0
      vertex -2.890582964474517 21.460017178899722 2.4
    endloop
  endfacet
  facet normal 0.47139673682599936 0.8819212643483542 -2.4819704744046696e-18
    outer loop
      vertex -3.977334121437196 21.910164247038317 0
      vertex -4.49631 22.187562633419983 0
      vertex -4.49631 22.187562633419983 2.4
    endloop
  endfacet
  facet normal 0.41270702980439766 0.9108638249211746 -5.960075066506378e-18
    outer loop
      vertex -3.441326687554954 21.66730243834835 0
      vertex -3.977334121437196 21.910164247038317 0
      vertex -3.977334121437196 21.910164247038317 2.4
    endloop
  endfacet
  facet normal 0.22707626303437647 0.9738769792773329 -4.773803059362066e-19
    outer loop
      vertex -1.7543731315686752 21.1555706717403 0
      vertex -2.3274613213698303 21.2891960959964 0
      vertex -2.3274613213698303 21.2891960959964 2.4
    endloop
  endfacet
  facet normal 0.16289547339458887 0.9866433320848791 1.3557388951394072e-18
    outer loop
      vertex -1.1737724466818802 21.059713110712643 0
      vertex -1.7543731315686752 21.1555706717403 0
      vertex -1.7543731315686752 21.1555706717403 2.4
    endloop
  endfacet
  facet normal 0.0980171403295566 0.9951847266721973 -9.27734183569066e-19
    outer loop
      vertex -0.5881454879775692 21.00203388970607 0
      vertex -1.1737724466818802 21.059713110712643 0
      vertex -1.1737724466818802 21.059713110712643 2.4
    endloop
  endfacet
  facet normal 0.03271908282177973 0.9994645874763655 -5.894201760786354e-19
    outer loop
      vertex 0 20.982779999999998 0
      vertex -0.5881454879775692 21.00203388970607 0
      vertex -0.5881454879775692 21.00203388970607 2.4
    endloop
  endfacet
  facet normal 0.35225004792123177 0.9359059267573264 0
    outer loop
      vertex -2.890582964474517 21.460017178899722 0
      vertex -3.441326687554954 21.66730243834835 2.4
      vertex -2.890582964474517 21.460017178899722 2.4
    endloop
  endfacet
  facet normal 0.2902846772544613 0.9569403357322093 2.7750421128274736e-18
    outer loop
      vertex -2.890582964474517 21.460017178899722 2.4
      vertex -2.3274613213698303 21.2891960959964 2.4
      vertex -2.3274613213698303 21.2891960959964 0
    endloop
  endfacet
  facet normal 0.47139673682599936 0.8819212643483542 -2.4819704744046696e-18
    outer loop
      vertex -4.49631 22.187562633419983 2.4
      vertex -3.977334121437196 21.910164247038317 2.4
      vertex -3.977334121437196 21.910164247038317 0
    endloop
  endfacet
  facet normal 0.41270702980439766 0.9108638249211746 0
    outer loop
      vertex -3.441326687554954 21.66730243834835 0
      vertex -3.977334121437196 21.910164247038317 2.4
      vertex -3.441326687554954 21.66730243834835 2.4
    endloop
  endfacet
  facet normal 0.22707626303437647 0.9738769792773329 0
    outer loop
      vertex -1.7543731315686752 21.1555706717403 0
      vertex -2.3274613213698303 21.2891960959964 2.4
      vertex -1.7543731315686752 21.1555706717403 2.4
    endloop
  endfacet
  facet normal 0.16289547339458887 0.9866433320848791 0
    outer loop
      vertex -1.1737724466818802 21.059713110712643 0
      vertex -1.7543731315686752 21.1555706717403 2.4
      vertex -1.1737724466818802 21.059713110712643 2.4
    endloop
  endfacet
  facet normal 0.0980171403295566 0.9951847266721973 0
    outer loop
      vertex -0.5881454879775692 21.00203388970607 0
      vertex -1.1737724466818802 21.059713110712643 2.4
      vertex -0.5881454879775692 21.00203388970607 2.4
    endloop
  endfacet
  facet normal 0.03271908282177973 0.9994645874763655 0
    outer loop
      vertex 0 20.982779999999998 0
      vertex -0.5881454879775692 21.00203388970607 2.4
      vertex 0 20.982779999999998 2.4
    endloop
  endfacet
  facet normal 0.9951847266721969 0.09801714032955974 1.3443057967379584e-18
    outer loop
      vertex -8.915686889287356 28.80162755331812 0
      vertex -8.97336611029393 29.38725451202243 0
      vertex -8.97336611029393 29.38725451202243 2.4
    endloop
  endfacet
  facet normal 0.9994645874763656 0.03271908282177665 5.63320009037411e-19
    outer loop
      vertex -8.97336611029393 29.38725451202243 0
      vertex -8.99262 29.9754 0
      vertex -8.99262 29.9754 2.4
    endloop
  endfacet
  facet normal 0.9994645874763656 -0.03271908282177665 -5.63320009037411e-19
    outer loop
      vertex -8.99262 29.9754 0
      vertex -8.97336611029393 30.56354548797757 0
      vertex -8.97336611029393 30.56354548797757 2.4
    endloop
  endfacet
  facet normal 0.9951847266721969 -0.09801714032955974 -1.3443057967379584e-18
    outer loop
      vertex -8.97336611029393 30.56354548797757 0
      vertex -8.915686889287356 31.14917244668188 0
      vertex -8.915686889287356 31.14917244668188 2.4
    endloop
  endfacet
  facet normal 0.9951847266721969 0.09801714032955974 1.3443057967379584e-18
    outer loop
      vertex -8.97336611029393 29.38725451202243 2.4
      vertex -8.915686889287356 28.80162755331812 2.4
      vertex -8.915686889287356 28.80162755331812 0
    endloop
  endfacet
  facet normal 0.9994645874763656 0.03271908282177665 5.63320009037411e-19
    outer loop
      vertex -8.99262 29.9754 2.4
      vertex -8.97336611029393 29.38725451202243 2.4
      vertex -8.97336611029393 29.38725451202243 0
    endloop
  endfacet
  facet normal 0.9994645874763656 -0.03271908282177665 -5.63320009037411e-19
    outer loop
      vertex -8.97336611029393 30.56354548797757 2.4
      vertex -8.99262 29.9754 2.4
      vertex -8.99262 29.9754 0
    endloop
  endfacet
  facet normal 0.9951847266721969 -0.09801714032955974 -1.3443057967379584e-18
    outer loop
      vertex -8.915686889287356 31.14917244668188 2.4
      vertex -8.97336611029393 30.56354548797757 2.4
      vertex -8.97336611029393 30.56354548797757 0
    endloop
  endfacet
  facet normal 0.7730104533627379 0.6343932841636444 -2.160390382978713e-18
    outer loop
      vertex -6.761009689531603 24.046153636214818 0
      vertex -7.1343251149697675 24.5010397982676 0
      vertex -7.1343251149697675 24.5010397982676 2.4
    endloop
  endfacet
  facet normal 0.8819212643483553 0.47139673682599725 3.2586848631631303e-18
    outer loop
      vertex -7.7878373665800185 25.47909 0
      vertex -8.065235752961684 25.998065878562805 0
      vertex -8.065235752961684 25.998065878562805 2.4
    endloop
  endfacet
  facet normal 0.8128466845916152 0.582477696867802 -1.2236029012920558e-18
    outer loop
      vertex -7.1343251149697675 24.5010397982676 0
      vertex -7.477090264984115 24.979368011143265 0
      vertex -7.477090264984115 24.979368011143265 2.4
    endloop
  endfacet
  facet normal 0.8492021815265792 0.5280678506503675 -4.9254159737458384e-18
    outer loop
      vertex -7.477090264984115 24.979368011143265 0
      vertex -7.7878373665800185 25.47909 0
      vertex -7.7878373665800185 25.47909 2.4
    endloop
  endfacet
  facet normal 0.6835923020228712 0.7298640726978356 -5.632679881275272e-18
    outer loop
      vertex -5.9292463637851816 23.214390310468396 0
      vertex -6.358742582633772 23.616657417366227 0
      vertex -6.358742582633772 23.616657417366227 2.4
    endloop
  endfacet
  facet normal 0.7298640726978364 0.6835923020228705 -3.127895959297377e-18
    outer loop
      vertex -6.358742582633772 23.616657417366227 0
      vertex -6.761009689531603 24.046153636214818 0
      vertex -6.761009689531603 24.046153636214818 2.4
    endloop
  endfacet
  facet normal 0.7730104533627379 0.6343932841636444 -2.160390382978713e-18
    outer loop
      vertex -7.1343251149697675 24.5010397982676 2.4
      vertex -6.761009689531603 24.046153636214818 2.4
      vertex -6.761009689531603 24.046153636214818 0
    endloop
  endfacet
  facet normal 0.8819212643483553 0.47139673682599725 3.2586848631631303e-18
    outer loop
      vertex -8.065235752961684 25.998065878562805 2.4
      vertex -7.7878373665800185 25.47909 2.4
      vertex -7.7878373665800185 25.47909 0
    endloop
  endfacet
  facet normal 0.8128466845916152 0.582477696867802 -1.2236029012920558e-18
    outer loop
      vertex -7.477090264984115 24.979368011143265 2.4
      vertex -7.1343251149697675 24.5010397982676 2.4
      vertex -7.1343251149697675 24.5010397982676 0
    endloop
  endfacet
  facet normal 0.8492021815265792 0.5280678506503675 -4.9254159737458384e-18
    outer loop
      vertex -7.7878373665800185 25.47909 2.4
      vertex -7.477090264984115 24.979368011143265 2.4
      vertex -7.477090264984115 24.979368011143265 0
    endloop
  endfacet
  facet normal 0.7298640726978364 0.6835923020228705 0
    outer loop
      vertex -6.358742582633772 23.616657417366227 0
      vertex -6.761009689531603 24.046153636214818 2.4
      vertex -6.358742582633772 23.616657417366227 2.4
    endloop
  endfacet
  facet normal 0.6835923020228712 0.7298640726978356 -5.632679881275272e-18
    outer loop
      vertex -6.358742582633772 23.616657417366227 2.4
      vertex -5.9292463637851816 23.214390310468396 2.4
      vertex -5.9292463637851816 23.214390310468396 0
    endloop
  endfacet
  facet normal 0.9108638249211751 0.4127070298043962 -8.954522958678218e-18
    outer loop
      vertex -8.065235752961684 25.998065878562805 0
      vertex -8.308097561651648 26.534073312445045 0
      vertex -8.308097561651648 26.534073312445045 2.4
    endloop
  endfacet
  facet normal 0.9359059267573254 0.3522500479212344 -4.733921427704026e-18
    outer loop
      vertex -8.308097561651648 26.534073312445045 0
      vertex -8.515382821100278 27.084817035525482 0
      vertex -8.515382821100278 27.084817035525482 2.4
    endloop
  endfacet
  facet normal 0.9569403357322093 0.2902846772544613 2.7750421128274736e-18
    outer loop
      vertex -8.515382821100278 27.084817035525482 0
      vertex -8.686203904003602 27.64793867863017 0
      vertex -8.686203904003602 27.64793867863017 2.4
    endloop
  endfacet
  facet normal 0.9738769792773335 0.22707626303437378 -4.100332275681369e-18
    outer loop
      vertex -8.686203904003602 27.64793867863017 0
      vertex -8.819829328259699 28.221026868431323 0
      vertex -8.819829328259699 28.221026868431323 2.4
    endloop
  endfacet
  facet normal 0.9866433320848791 0.16289547339458843 -9.637367905444876e-19
    outer loop
      vertex -8.819829328259699 28.221026868431323 0
      vertex -8.915686889287356 28.80162755331812 0
      vertex -8.915686889287356 28.80162755331812 2.4
    endloop
  endfacet
  facet normal 0.9108638249211751 0.4127070298043962 -8.954522958678218e-18
    outer loop
      vertex -8.308097561651648 26.534073312445045 2.4
      vertex -8.065235752961684 25.998065878562805 2.4
      vertex -8.065235752961684 25.998065878562805 0
    endloop
  endfacet
  facet normal 0.9359059267573254 0.3522500479212344 -4.733921427704026e-18
    outer loop
      vertex -8.515382821100278 27.084817035525482 2.4
      vertex -8.308097561651648 26.534073312445045 2.4
      vertex -8.308097561651648 26.534073312445045 0
    endloop
  endfacet
  facet normal 0.9569403357322093 0.2902846772544613 2.7750421128274736e-18
    outer loop
      vertex -8.686203904003602 27.64793867863017 2.4
      vertex -8.515382821100278 27.084817035525482 2.4
      vertex -8.515382821100278 27.084817035525482 0
    endloop
  endfacet
  facet normal 0.9738769792773335 0.22707626303437378 -4.100332275681369e-18
    outer loop
      vertex -8.819829328259699 28.221026868431323 2.4
      vertex -8.686203904003602 27.64793867863017 2.4
      vertex -8.686203904003602 27.64793867863017 0
    endloop
  endfacet
  facet normal 0.9866433320848791 0.16289547339458843 -9.637367905444876e-19
    outer loop
      vertex -8.915686889287356 28.80162755331812 2.4
      vertex -8.819829328259699 28.221026868431323 2.4
      vertex -8.819829328259699 28.221026868431323 0
    endloop
  endfacet
  facet normal 0.9866433320848791 -0.16289547339458843 9.637367905444876e-19
    outer loop
      vertex -8.915686889287356 31.14917244668188 0
      vertex -8.819829328259699 31.729773131568678 0
      vertex -8.819829328259699 31.729773131568678 2.4
    endloop
  endfacet
  facet normal 0.9866433320848791 -0.16289547339458843 9.637367905444876e-19
    outer loop
      vertex -8.819829328259699 31.729773131568678 2.4
      vertex -8.915686889287356 31.14917244668188 2.4
      vertex -8.915686889287356 31.14917244668188 0
    endloop
  endfacet
  facet normal 0.9738769792773335 -0.22707626303437378 4.100332275681369e-18
    outer loop
      vertex -8.819829328259699 31.729773131568678 0
      vertex -8.686203904003602 32.30286132136983 0
      vertex -8.686203904003602 32.30286132136983 2.4
    endloop
  endfacet
  facet normal 0.9569403357322093 -0.2902846772544613 -2.7750421128274736e-18
    outer loop
      vertex -8.686203904003602 32.30286132136983 0
      vertex -8.515382821100278 32.86598296447452 0
      vertex -8.515382821100278 32.86598296447452 2.4
    endloop
  endfacet
  facet normal 0.9359059267573254 -0.3522500479212344 4.733921427704026e-18
    outer loop
      vertex -8.515382821100278 32.86598296447452 0
      vertex -8.308097561651648 33.416726687554956 0
      vertex -8.308097561651648 33.416726687554956 2.4
    endloop
  endfacet
  facet normal 0.9108638249211751 -0.4127070298043962 8.954522958678218e-18
    outer loop
      vertex -8.308097561651648 33.416726687554956 0
      vertex -8.065235752961684 33.952734121437196 0
      vertex -8.065235752961684 33.952734121437196 2.4
    endloop
  endfacet
  facet normal 0.8819212643483553 -0.47139673682599725 -3.2586848631631303e-18
    outer loop
      vertex -8.065235752961684 33.952734121437196 0
      vertex -7.7878373665800185 34.47171 0
      vertex -7.7878373665800185 34.47171 2.4
    endloop
  endfacet
  facet normal 0.9738769792773335 -0.22707626303437378 4.100332275681369e-18
    outer loop
      vertex -8.686203904003602 32.30286132136983 2.4
      vertex -8.819829328259699 31.729773131568678 2.4
      vertex -8.819829328259699 31.729773131568678 0
    endloop
  endfacet
  facet normal 0.9569403357322093 -0.2902846772544613 -2.7750421128274736e-18
    outer loop
      vertex -8.515382821100278 32.86598296447452 2.4
      vertex -8.686203904003602 32.30286132136983 2.4
      vertex -8.686203904003602 32.30286132136983 0
    endloop
  endfacet
  facet normal 0.9359059267573254 -0.3522500479212344 4.733921427704026e-18
    outer loop
      vertex -8.308097561651648 33.416726687554956 2.4
      vertex -8.515382821100278 32.86598296447452 2.4
      vertex -8.515382821100278 32.86598296447452 0
    endloop
  endfacet
  facet normal 0.9108638249211751 -0.4127070298043962 8.954522958678218e-18
    outer loop
      vertex -8.065235752961684 33.952734121437196 2.4
      vertex -8.308097561651648 33.416726687554956 2.4
      vertex -8.308097561651648 33.416726687554956 0
    endloop
  endfacet
  facet normal 0.8819212643483553 -0.47139673682599725 -3.2586848631631303e-18
    outer loop
      vertex -7.7878373665800185 34.47171 2.4
      vertex -8.065235752961684 33.952734121437196 2.4
      vertex -8.065235752961684 33.952734121437196 0
    endloop
  endfacet
  facet normal 0.8492021815265792 -0.5280678506503675 4.9254159737458384e-18
    outer loop
      vertex -7.7878373665800185 34.47171 0
      vertex -7.477090264984115 34.971431988856736 0
      vertex -7.477090264984115 34.971431988856736 2.4
    endloop
  endfacet
  facet normal 0.8128466845916152 -0.582477696867802 1.2236029012920558e-18
    outer loop
      vertex -7.477090264984115 34.971431988856736 0
      vertex -7.1343251149697675 35.4497602017324 0
      vertex -7.1343251149697675 35.4497602017324 2.4
    endloop
  endfacet
  facet normal 0.7730104533627379 -0.6343932841636444 2.160390382978713e-18
    outer loop
      vertex -7.1343251149697675 35.4497602017324 0
      vertex -6.761009689531603 35.90464636378518 0
      vertex -6.761009689531603 35.90464636378518 2.4
    endloop
  endfacet
  facet normal 0.7298640726978364 -0.6835923020228705 3.127895959297377e-18
    outer loop
      vertex -6.761009689531603 35.90464636378518 0
      vertex -6.358742582633772 36.334142582633774 0
      vertex -6.358742582633772 36.334142582633774 2.4
    endloop
  endfacet
  facet normal 0.6835923020228712 -0.7298640726978356 5.632679881275272e-18
    outer loop
      vertex -6.358742582633772 36.334142582633774 0
      vertex -5.9292463637851816 36.736409689531605 0
      vertex -5.9292463637851816 36.736409689531605 2.4
    endloop
  endfacet
  facet normal 0.634393284163645 -0.7730104533627373 3.2197949840112595e-18
    outer loop
      vertex -5.9292463637851816 36.736409689531605 0
      vertex -5.474360201732402 37.10972511496977 0
      vertex -5.474360201732402 37.10972511496977 2.4
    endloop
  endfacet
  facet normal 0.582477696867798 -0.8128466845916181 -3.218122355548081e-18
    outer loop
      vertex -5.474360201732402 37.10972511496977 0
      vertex -4.9960319888567355 37.452490264984114 0
      vertex -4.9960319888567355 37.452490264984114 2.4
    endloop
  endfacet
  facet normal 0.8492021815265792 -0.5280678506503675 4.9254159737458384e-18
    outer loop
      vertex -7.477090264984115 34.971431988856736 2.4
      vertex -7.7878373665800185 34.47171 2.4
      vertex -7.7878373665800185 34.47171 0
    endloop
  endfacet
  facet normal 0.8128466845916152 -0.582477696867802 0
    outer loop
      vertex -7.477090264984115 34.971431988856736 0
      vertex -7.1343251149697675 35.4497602017324 2.4
      vertex -7.477090264984115 34.971431988856736 2.4
    endloop
  endfacet
  facet normal 0.7730104533627379 -0.6343932841636444 2.160390382978713e-18
    outer loop
      vertex -6.761009689531603 35.90464636378518 2.4
      vertex -7.1343251149697675 35.4497602017324 2.4
      vertex -7.1343251149697675 35.4497602017324 0
    endloop
  endfacet
  facet normal 0.7298640726978364 -0.6835923020228705 3.127895959297377e-18
    outer loop
      vertex -6.358742582633772 36.334142582633774 2.4
      vertex -6.761009689531603 35.90464636378518 2.4
      vertex -6.761009689531603 35.90464636378518 0
    endloop
  endfacet
  facet normal 0.6835923020228712 -0.7298640726978356 0
    outer loop
      vertex -6.358742582633772 36.334142582633774 0
      vertex -5.9292463637851816 36.736409689531605 2.4
      vertex -6.358742582633772 36.334142582633774 2.4
    endloop
  endfacet
  facet normal 0.634393284163645 -0.7730104533627373 0
    outer loop
      vertex -5.9292463637851816 36.736409689531605 0
      vertex -5.474360201732402 37.10972511496977 2.4
      vertex -5.9292463637851816 36.736409689531605 2.4
    endloop
  endfacet
  facet normal 0.582477696867798 -0.8128466845916181 -3.218122355548081e-18
    outer loop
      vertex -4.9960319888567355 37.452490264984114 2.4
      vertex -5.474360201732402 37.10972511496977 2.4
      vertex -5.474360201732402 37.10972511496977 0
    endloop
  endfacet
  facet normal 0.5280678506503724 -0.8492021815265762 2.9488575408678514e-18
    outer loop
      vertex -4.9960319888567355 37.452490264984114 0
      vertex -4.49631 37.76323736658002 0
      vertex -4.49631 37.76323736658002 2.4
    endloop
  endfacet
  facet normal 0.5280678506503724 -0.8492021815265762 0
    outer loop
      vertex -4.9960319888567355 37.452490264984114 0
      vertex -4.49631 37.76323736658002 2.4
      vertex -4.9960319888567355 37.452490264984114 2.4
    endloop
  endfacet
  facet normal 0.47139673682599464 -0.8819212643483566 -5.947305966926539e-18
    outer loop
      vertex -4.49631 37.76323736658002 0
      vertex -3.977334121437196 38.040635752961684 0
      vertex -3.977334121437196 38.040635752961684 2.4
    endloop
  endfacet
  facet normal 0.41270702980439766 -0.9108638249211746 5.960075066506378e-18
    outer loop
      vertex -3.977334121437196 38.040635752961684 0
      vertex -3.441326687554954 38.28349756165165 0
      vertex -3.441326687554954 38.28349756165165 2.4
    endloop
  endfacet
  facet normal 0.352250047921237 -0.9359059267573244 -2.2644721217218615e-19
    outer loop
      vertex -3.441326687554954 38.28349756165165 0
      vertex -2.890582964474517 38.49078282110028 0
      vertex -2.890582964474517 38.49078282110028 2.4
    endloop
  endfacet
  facet normal 0.2902846772544502 -0.9569403357322126 3.92375568713279e-18
    outer loop
      vertex -2.890582964474517 38.49078282110028 0
      vertex -2.3274613213698303 38.6616039040036 0
      vertex -2.3274613213698303 38.6616039040036 2.4
    endloop
  endfacet
  facet normal 0.22707626303438225 -0.9738769792773316 -2.3665915871110113e-18
    outer loop
      vertex -2.3274613213698303 38.6616039040036 0
      vertex -1.7543731315686752 38.7952293282597 0
      vertex -1.7543731315686752 38.7952293282597 2.4
    endloop
  endfacet
  facet normal 0.16289547339458887 -0.9866433320848791 -1.3557388951394072e-18
    outer loop
      vertex -1.7543731315686752 38.7952293282597 0
      vertex -1.1737724466818802 38.89108688928736 0
      vertex -1.1737724466818802 38.89108688928736 2.4
    endloop
  endfacet
  facet normal 0.0980171403295566 -0.9951847266721973 9.27734183569066e-19
    outer loop
      vertex -1.1737724466818802 38.89108688928736 0
      vertex -0.5881454879775692 38.94876611029393 0
      vertex -0.5881454879775692 38.94876611029393 2.4
    endloop
  endfacet
  facet normal 0.03271908282177973 -0.9994645874763655 5.894201760786354e-19
    outer loop
      vertex -0.5881454879775692 38.94876611029393 0
      vertex 0 38.96802 0
      vertex 0 38.96802 2.4
    endloop
  endfacet
  facet normal 0.47139673682599464 -0.8819212643483566 -5.947305966926539e-18
    outer loop
      vertex -3.977334121437196 38.040635752961684 2.4
      vertex -4.49631 37.76323736658002 2.4
      vertex -4.49631 37.76323736658002 0
    endloop
  endfacet
  facet normal 0.41270702980439766 -0.9108638249211746 0
    outer loop
      vertex -3.977334121437196 38.040635752961684 0
      vertex -3.441326687554954 38.28349756165165 2.4
      vertex -3.977334121437196 38.040635752961684 2.4
    endloop
  endfacet
  facet normal 0.352250047921237 -0.9359059267573244 -2.2644721217218615e-19
    outer loop
      vertex -2.890582964474517 38.49078282110028 2.4
      vertex -3.441326687554954 38.28349756165165 2.4
      vertex -3.441326687554954 38.28349756165165 0
    endloop
  endfacet
  facet normal 0.2902846772544502 -0.9569403357322126 0
    outer loop
      vertex -2.890582964474517 38.49078282110028 0
      vertex -2.3274613213698303 38.6616039040036 2.4
      vertex -2.890582964474517 38.49078282110028 2.4
    endloop
  endfacet
  facet normal 0.22707626303438225 -0.9738769792773316 0
    outer loop
      vertex -2.3274613213698303 38.6616039040036 0
      vertex -1.7543731315686752 38.7952293282597 2.4
      vertex -2.3274613213698303 38.6616039040036 2.4
    endloop
  endfacet
  facet normal 0.16289547339458887 -0.9866433320848791 0
    outer loop
      vertex -1.7543731315686752 38.7952293282597 0
      vertex -1.1737724466818802 38.89108688928736 2.4
      vertex -1.7543731315686752 38.7952293282597 2.4
    endloop
  endfacet
  facet normal 0.0980171403295566 -0.9951847266721973 0
    outer loop
      vertex -1.1737724466818802 38.89108688928736 0
      vertex -0.5881454879775692 38.94876611029393 2.4
      vertex -1.1737724466818802 38.89108688928736 2.4
    endloop
  endfacet
  facet normal 0.03271908282177973 -0.9994645874763655 0
    outer loop
      vertex -0.5881454879775692 38.94876611029393 0
      vertex 0 38.96802 2.4
      vertex -0.5881454879775692 38.94876611029393 2.4
    endloop
  endfacet
  facet normal -0.03271908282177973 0.9994645874763655 5.894201760786354e-19
    outer loop
      vertex 0.5881454879775692 21.00203388970607 0
      vertex 0 20.982779999999998 0
      vertex 0 20.982779999999998 2.4
    endloop
  endfacet
  facet normal -0.0980171403295566 0.9951847266721973 9.27734183569066e-19
    outer loop
      vertex 1.1737724466818802 21.059713110712643 0
      vertex 0.5881454879775692 21.00203388970607 0
      vertex 0.5881454879775692 21.00203388970607 2.4
    endloop
  endfacet
  facet normal -0.16289547339458887 0.9866433320848791 -1.3557388951394072e-18
    outer loop
      vertex 1.7543731315686752 21.1555706717403 0
      vertex 1.1737724466818802 21.059713110712643 0
      vertex 1.1737724466818802 21.059713110712643 2.4
    endloop
  endfacet
  facet normal -0.22707626303437647 0.9738769792773329 4.773803059362066e-19
    outer loop
      vertex 2.3274613213698303 21.2891960959964 0
      vertex 1.7543731315686752 21.1555706717403 0
      vertex 1.7543731315686752 21.1555706717403 2.4
    endloop
  endfacet
  facet normal -0.2902846772544613 0.9569403357322093 -2.7750421128274736e-18
    outer loop
      vertex 2.890582964474517 21.460017178899722 0
      vertex 2.3274613213698303 21.2891960959964 0
      vertex 2.3274613213698303 21.2891960959964 2.4
    endloop
  endfacet
  facet normal -0.35225004792123177 0.9359059267573264 -1.3204666226898709e-19
    outer loop
      vertex 3.441326687554954 21.66730243834835 0
      vertex 2.890582964474517 21.460017178899722 0
      vertex 2.890582964474517 21.460017178899722 2.4
    endloop
  endfacet
  facet normal -0.41270702980439766 0.9108638249211746 5.960075066506378e-18
    outer loop
      vertex 3.977334121437196 21.910164247038317 0
      vertex 3.441326687554954 21.66730243834835 0
      vertex 3.441326687554954 21.66730243834835 2.4
    endloop
  endfacet
  facet normal -0.47139673682599936 0.8819212643483542 2.4819704744046696e-18
    outer loop
      vertex 4.49631 22.187562633419983 0
      vertex 3.977334121437196 21.910164247038317 0
      vertex 3.977334121437196 21.910164247038317 2.4
    endloop
  endfacet
  facet normal -0.03271908282177973 0.9994645874763655 0
    outer loop
      vertex 0.5881454879775692 21.00203388970607 0
      vertex 0 20.982779999999998 2.4
      vertex 0.5881454879775692 21.00203388970607 2.4
    endloop
  endfacet
  facet normal -0.0980171403295566 0.9951847266721973 0
    outer loop
      vertex 1.1737724466818802 21.059713110712643 0
      vertex 0.5881454879775692 21.00203388970607 2.4
      vertex 1.1737724466818802 21.059713110712643 2.4
    endloop
  endfacet
  facet normal -0.16289547339458887 0.9866433320848791 0
    outer loop
      vertex 1.7543731315686752 21.1555706717403 0
      vertex 1.1737724466818802 21.059713110712643 2.4
      vertex 1.7543731315686752 21.1555706717403 2.4
    endloop
  endfacet
  facet normal -0.22707626303437647 0.9738769792773329 0
    outer loop
      vertex 2.3274613213698303 21.2891960959964 0
      vertex 1.7543731315686752 21.1555706717403 2.4
      vertex 2.3274613213698303 21.2891960959964 2.4
    endloop
  endfacet
  facet normal -0.2902846772544613 0.9569403357322093 0
    outer loop
      vertex 2.890582964474517 21.460017178899722 0
      vertex 2.3274613213698303 21.2891960959964 2.4
      vertex 2.890582964474517 21.460017178899722 2.4
    endloop
  endfacet
  facet normal -0.35225004792123177 0.9359059267573264 -1.3204666226898709e-19
    outer loop
      vertex 2.890582964474517 21.460017178899722 2.4
      vertex 3.441326687554954 21.66730243834835 2.4
      vertex 3.441326687554954 21.66730243834835 0
    endloop
  endfacet
  facet normal -0.41270702980439766 0.9108638249211746 0
    outer loop
      vertex 3.977334121437196 21.910164247038317 0
      vertex 3.441326687554954 21.66730243834835 2.4
      vertex 3.977334121437196 21.910164247038317 2.4
    endloop
  endfacet
  facet normal -0.47139673682599936 0.8819212643483542 2.4819704744046696e-18
    outer loop
      vertex 3.977334121437196 21.910164247038317 2.4
      vertex 4.49631 22.187562633419983 2.4
      vertex 4.49631 22.187562633419983 0
    endloop
  endfacet
  facet normal -0.5280678506503681 0.8492021815265789 3.648206304610542e-18
    outer loop
      vertex 4.9960319888567355 22.498309735015887 0
      vertex 4.49631 22.187562633419983 0
      vertex 4.49631 22.187562633419983 2.4
    endloop
  endfacet
  facet normal -0.582477696867798 0.8128466845916181 -3.218122355548081e-18
    outer loop
      vertex 5.474360201732402 22.84107488503023 0
      vertex 4.9960319888567355 22.498309735015887 0
      vertex 4.9960319888567355 22.498309735015887 2.4
    endloop
  endfacet
  facet normal -0.634393284163645 0.7730104533627373 3.2197949840112595e-18
    outer loop
      vertex 5.9292463637851816 23.214390310468396 0
      vertex 5.474360201732402 22.84107488503023 0
      vertex 5.474360201732402 22.84107488503023 2.4
    endloop
  endfacet
  facet normal -0.5280678506503681 0.8492021815265789 0
    outer loop
      vertex 4.9960319888567355 22.498309735015887 0
      vertex 4.49631 22.187562633419983 2.4
      vertex 4.9960319888567355 22.498309735015887 2.4
    endloop
  endfacet
  facet normal -0.582477696867798 0.8128466845916181 -3.218122355548081e-18
    outer loop
      vertex 4.9960319888567355 22.498309735015887 2.4
      vertex 5.474360201732402 22.84107488503023 2.4
      vertex 5.474360201732402 22.84107488503023 0
    endloop
  endfacet
  facet normal -0.634393284163645 0.7730104533627373 3.2197949840112595e-18
    outer loop
      vertex 5.474360201732402 22.84107488503023 2.4
      vertex 5.9292463637851816 23.214390310468396 2.4
      vertex 5.9292463637851816 23.214390310468396 0
    endloop
  endfacet
  facet normal -0.6835923020228712 0.7298640726978356 5.632679881275272e-18
    outer loop
      vertex 6.358742582633772 23.616657417366227 0
      vertex 5.9292463637851816 23.214390310468396 0
      vertex 5.9292463637851816 23.214390310468396 2.4
    endloop
  endfacet
  facet normal -0.7298640726978364 0.6835923020228705 3.127895959297377e-18
    outer loop
      vertex 6.761009689531603 24.046153636214818 0
      vertex 6.358742582633772 23.616657417366227 0
      vertex 6.358742582633772 23.616657417366227 2.4
    endloop
  endfacet
  facet normal -0.7730104533627379 0.6343932841636444 2.160390382978713e-18
    outer loop
      vertex 7.1343251149697675 24.5010397982676 0
      vertex 6.761009689531603 24.046153636214818 0
      vertex 6.761009689531603 24.046153636214818 2.4
    endloop
  endfacet
  facet normal -0.8128466845916152 0.582477696867802 1.2236029012920558e-18
    outer loop
      vertex 7.477090264984115 24.979368011143265 0
      vertex 7.1343251149697675 24.5010397982676 0
      vertex 7.1343251149697675 24.5010397982676 2.4
    endloop
  endfacet
  facet normal -0.8492021815265792 0.5280678506503675 4.9254159737458384e-18
    outer loop
      vertex 7.7878373665800185 25.47909 0
      vertex 7.477090264984115 24.979368011143265 0
      vertex 7.477090264984115 24.979368011143265 2.4
    endloop
  endfacet
  facet normal -0.8819212643483553 0.47139673682599725 -3.2586848631631303e-18
    outer loop
      vertex 8.065235752961684 25.998065878562805 0
      vertex 7.7878373665800185 25.47909 0
      vertex 7.7878373665800185 25.47909 2.4
    endloop
  endfacet
  facet normal -0.6835923020228712 0.7298640726978356 0
    outer loop
      vertex 6.358742582633772 23.616657417366227 0
      vertex 5.9292463637851816 23.214390310468396 2.4
      vertex 6.358742582633772 23.616657417366227 2.4
    endloop
  endfacet
  facet normal -0.7298640726978364 0.6835923020228705 3.127895959297377e-18
    outer loop
      vertex 6.358742582633772 23.616657417366227 2.4
      vertex 6.761009689531603 24.046153636214818 2.4
      vertex 6.761009689531603 24.046153636214818 0
    endloop
  endfacet
  facet normal -0.7730104533627379 0.6343932841636444 2.160390382978713e-18
    outer loop
      vertex 6.761009689531603 24.046153636214818 2.4
      vertex 7.1343251149697675 24.5010397982676 2.4
      vertex 7.1343251149697675 24.5010397982676 0
    endloop
  endfacet
  facet normal -0.8128466845916152 0.582477696867802 0
    outer loop
      vertex 7.477090264984115 24.979368011143265 0
      vertex 7.1343251149697675 24.5010397982676 2.4
      vertex 7.477090264984115 24.979368011143265 2.4
    endloop
  endfacet
  facet normal -0.8492021815265792 0.5280678506503675 4.9254159737458384e-18
    outer loop
      vertex 7.477090264984115 24.979368011143265 2.4
      vertex 7.7878373665800185 25.47909 2.4
      vertex 7.7878373665800185 25.47909 0
    endloop
  endfacet
  facet normal -0.8819212643483553 0.47139673682599725 0
    outer loop
      vertex 8.065235752961684 25.998065878562805 0
      vertex 7.7878373665800185 25.47909 2.4
      vertex 8.065235752961684 25.998065878562805 2.4
    endloop
  endfacet
  facet normal -0.9108638249211751 0.4127070298043962 8.954522958678218e-18
    outer loop
      vertex 8.308097561651648 26.534073312445045 0
      vertex 8.065235752961684 25.998065878562805 0
      vertex 8.065235752961684 25.998065878562805 2.4
    endloop
  endfacet
  facet normal -0.9359059267573254 0.3522500479212344 4.733921427704026e-18
    outer loop
      vertex 8.515382821100278 27.084817035525482 0
      vertex 8.308097561651648 26.534073312445045 0
      vertex 8.308097561651648 26.534073312445045 2.4
    endloop
  endfacet
  facet normal -0.9569403357322093 0.2902846772544613 -2.7750421128274736e-18
    outer loop
      vertex 8.686203904003602 27.64793867863017 0
      vertex 8.515382821100278 27.084817035525482 0
      vertex 8.515382821100278 27.084817035525482 2.4
    endloop
  endfacet
  facet normal -0.9738769792773335 0.22707626303437378 4.100332275681369e-18
    outer loop
      vertex 8.819829328259699 28.221026868431323 0
      vertex 8.686203904003602 27.64793867863017 0
      vertex 8.686203904003602 27.64793867863017 2.4
    endloop
  endfacet
  facet normal -0.9866433320848791 0.16289547339458843 9.637367905444876e-19
    outer loop
      vertex 8.915686889287356 28.80162755331812 0
      vertex 8.819829328259699 28.221026868431323 0
      vertex 8.819829328259699 28.221026868431323 2.4
    endloop
  endfacet
  facet normal -0.9108638249211751 0.4127070298043962 0
    outer loop
      vertex 8.308097561651648 26.534073312445045 0
      vertex 8.065235752961684 25.998065878562805 2.4
      vertex 8.308097561651648 26.534073312445045 2.4
    endloop
  endfacet
  facet normal -0.9359059267573254 0.3522500479212344 0
    outer loop
      vertex 8.515382821100278 27.084817035525482 0
      vertex 8.308097561651648 26.534073312445045 2.4
      vertex 8.515382821100278 27.084817035525482 2.4
    endloop
  endfacet
  facet normal -0.9569403357322093 0.2902846772544613 -2.7750421128274736e-18
    outer loop
      vertex 8.515382821100278 27.084817035525482 2.4
      vertex 8.686203904003602 27.64793867863017 2.4
      vertex 8.686203904003602 27.64793867863017 0
    endloop
  endfacet
  facet normal -0.9738769792773335 0.22707626303437378 0
    outer loop
      vertex 8.819829328259699 28.221026868431323 0
      vertex 8.686203904003602 27.64793867863017 2.4
      vertex 8.819829328259699 28.221026868431323 2.4
    endloop
  endfacet
  facet normal -0.9866433320848791 0.16289547339458843 9.637367905444876e-19
    outer loop
      vertex 8.819829328259699 28.221026868431323 2.4
      vertex 8.915686889287356 28.80162755331812 2.4
      vertex 8.915686889287356 28.80162755331812 0
    endloop
  endfacet
  facet normal -0.9866433320848791 -0.16289547339458843 -9.637367905444876e-19
    outer loop
      vertex 8.819829328259699 31.729773131568678 0
      vertex 8.915686889287356 31.14917244668188 0
      vertex 8.915686889287356 31.14917244668188 2.4
    endloop
  endfacet
  facet normal -0.9866433320848791 -0.16289547339458843 0
    outer loop
      vertex 8.819829328259699 31.729773131568678 0
      vertex 8.915686889287356 31.14917244668188 2.4
      vertex 8.819829328259699 31.729773131568678 2.4
    endloop
  endfacet
  facet normal -0.9738769792773335 -0.22707626303437378 -4.100332275681369e-18
    outer loop
      vertex 8.686203904003602 32.30286132136983 0
      vertex 8.819829328259699 31.729773131568678 0
      vertex 8.819829328259699 31.729773131568678 2.4
    endloop
  endfacet
  facet normal -0.9569403357322093 -0.2902846772544613 2.7750421128274736e-18
    outer loop
      vertex 8.515382821100278 32.86598296447452 0
      vertex 8.686203904003602 32.30286132136983 0
      vertex 8.686203904003602 32.30286132136983 2.4
    endloop
  endfacet
  facet normal -0.9359059267573254 -0.3522500479212344 -4.733921427704026e-18
    outer loop
      vertex 8.308097561651648 33.416726687554956 0
      vertex 8.515382821100278 32.86598296447452 0
      vertex 8.515382821100278 32.86598296447452 2.4
    endloop
  endfacet
  facet normal -0.9108638249211751 -0.4127070298043962 -8.954522958678218e-18
    outer loop
      vertex 8.065235752961684 33.952734121437196 0
      vertex 8.308097561651648 33.416726687554956 0
      vertex 8.308097561651648 33.416726687554956 2.4
    endloop
  endfacet
  facet normal -0.8819212643483553 -0.47139673682599725 3.2586848631631303e-18
    outer loop
      vertex 7.7878373665800185 34.47171 0
      vertex 8.065235752961684 33.952734121437196 0
      vertex 8.065235752961684 33.952734121437196 2.4
    endloop
  endfacet
  facet normal -0.9738769792773335 -0.22707626303437378 -4.100332275681369e-18
    outer loop
      vertex 8.819829328259699 31.729773131568678 2.4
      vertex 8.686203904003602 32.30286132136983 2.4
      vertex 8.686203904003602 32.30286132136983 0
    endloop
  endfacet
  facet normal -0.9569403357322093 -0.2902846772544613 0
    outer loop
      vertex 8.515382821100278 32.86598296447452 0
      vertex 8.686203904003602 32.30286132136983 2.4
      vertex 8.515382821100278 32.86598296447452 2.4
    endloop
  endfacet
  facet normal -0.9108638249211751 -0.4127070298043962 0
    outer loop
      vertex 8.065235752961684 33.952734121437196 0
      vertex 8.308097561651648 33.416726687554956 2.4
      vertex 8.065235752961684 33.952734121437196 2.4
    endloop
  endfacet
  facet normal -0.9359059267573254 -0.3522500479212344 -4.733921427704026e-18
    outer loop
      vertex 8.515382821100278 32.86598296447452 2.4
      vertex 8.308097561651648 33.416726687554956 2.4
      vertex 8.308097561651648 33.416726687554956 0
    endloop
  endfacet
  facet normal -0.8819212643483553 -0.47139673682599725 3.2586848631631303e-18
    outer loop
      vertex 8.065235752961684 33.952734121437196 2.4
      vertex 7.7878373665800185 34.47171 2.4
      vertex 7.7878373665800185 34.47171 0
    endloop
  endfacet
  facet normal -0.9951847266721969 0.09801714032955974 -1.3443057967379584e-18
    outer loop
      vertex 8.97336611029393 29.38725451202243 0
      vertex 8.915686889287356 28.80162755331812 0
      vertex 8.915686889287356 28.80162755331812 2.4
    endloop
  endfacet
  facet normal -0.9994645874763656 0.03271908282177665 -5.63320009037411e-19
    outer loop
      vertex 8.99262 29.9754 0
      vertex 8.97336611029393 29.38725451202243 0
      vertex 8.97336611029393 29.38725451202243 2.4
    endloop
  endfacet
  facet normal -0.9994645874763656 -0.03271908282177665 5.63320009037411e-19
    outer loop
      vertex 8.97336611029393 30.56354548797757 0
      vertex 8.99262 29.9754 0
      vertex 8.99262 29.9754 2.4
    endloop
  endfacet
  facet normal -0.9951847266721969 -0.09801714032955974 1.3443057967379584e-18
    outer loop
      vertex 8.915686889287356 31.14917244668188 0
      vertex 8.97336611029393 30.56354548797757 0
      vertex 8.97336611029393 30.56354548797757 2.4
    endloop
  endfacet
  facet normal -0.9951847266721969 0.09801714032955974 0
    outer loop
      vertex 8.97336611029393 29.38725451202243 0
      vertex 8.915686889287356 28.80162755331812 2.4
      vertex 8.97336611029393 29.38725451202243 2.4
    endloop
  endfacet
  facet normal -0.9994645874763656 0.03271908282177665 -5.63320009037411e-19
    outer loop
      vertex 8.97336611029393 29.38725451202243 2.4
      vertex 8.99262 29.9754 2.4
      vertex 8.99262 29.9754 0
    endloop
  endfacet
  facet normal -0.9994645874763656 -0.03271908282177665 0
    outer loop
      vertex 8.97336611029393 30.56354548797757 0
      vertex 8.99262 29.9754 2.4
      vertex 8.97336611029393 30.56354548797757 2.4
    endloop
  endfacet
  facet normal -0.9951847266721969 -0.09801714032955974 1.3443057967379584e-18
    outer loop
      vertex 8.97336611029393 30.56354548797757 2.4
      vertex 8.915686889287356 31.14917244668188 2.4
      vertex 8.915686889287356 31.14917244668188 0
    endloop
  endfacet
  facet normal -0.16289547339458887 -0.9866433320848791 1.3557388951394072e-18
    outer loop
      vertex 1.1737724466818802 38.89108688928736 0
      vertex 1.7543731315686752 38.7952293282597 0
      vertex 1.7543731315686752 38.7952293282597 2.4
    endloop
  endfacet
  facet normal -0.22707626303438225 -0.9738769792773316 2.3665915871110113e-18
    outer loop
      vertex 1.7543731315686752 38.7952293282597 0
      vertex 2.3274613213698303 38.6616039040036 0
      vertex 2.3274613213698303 38.6616039040036 2.4
    endloop
  endfacet
  facet normal -0.03271908282177973 -0.9994645874763655 -5.894201760786354e-19
    outer loop
      vertex 0 38.96802 0
      vertex 0.5881454879775692 38.94876611029393 0
      vertex 0.5881454879775692 38.94876611029393 2.4
    endloop
  endfacet
  facet normal -0.0980171403295566 -0.9951847266721973 -9.27734183569066e-19
    outer loop
      vertex 0.5881454879775692 38.94876611029393 0
      vertex 1.1737724466818802 38.89108688928736 0
      vertex 1.1737724466818802 38.89108688928736 2.4
    endloop
  endfacet
  facet normal -0.2902846772544502 -0.9569403357322126 -3.92375568713279e-18
    outer loop
      vertex 2.3274613213698303 38.6616039040036 0
      vertex 2.890582964474517 38.49078282110028 0
      vertex 2.890582964474517 38.49078282110028 2.4
    endloop
  endfacet
  facet normal -0.352250047921237 -0.9359059267573244 2.2644721217218615e-19
    outer loop
      vertex 2.890582964474517 38.49078282110028 0
      vertex 3.441326687554954 38.28349756165165 0
      vertex 3.441326687554954 38.28349756165165 2.4
    endloop
  endfacet
  facet normal -0.41270702980439766 -0.9108638249211746 -5.960075066506378e-18
    outer loop
      vertex 3.441326687554954 38.28349756165165 0
      vertex 3.977334121437196 38.040635752961684 0
      vertex 3.977334121437196 38.040635752961684 2.4
    endloop
  endfacet
  facet normal -0.47139673682599464 -0.8819212643483566 5.947305966926539e-18
    outer loop
      vertex 3.977334121437196 38.040635752961684 0
      vertex 4.49631 37.76323736658002 0
      vertex 4.49631 37.76323736658002 2.4
    endloop
  endfacet
  facet normal -0.16289547339458887 -0.9866433320848791 0
    outer loop
      vertex 1.1737724466818802 38.89108688928736 0
      vertex 1.7543731315686752 38.7952293282597 2.4
      vertex 1.1737724466818802 38.89108688928736 2.4
    endloop
  endfacet
  facet normal -0.22707626303438225 -0.9738769792773316 0
    outer loop
      vertex 1.7543731315686752 38.7952293282597 0
      vertex 2.3274613213698303 38.6616039040036 2.4
      vertex 1.7543731315686752 38.7952293282597 2.4
    endloop
  endfacet
  facet normal -0.03271908282177973 -0.9994645874763655 0
    outer loop
      vertex 0 38.96802 0
      vertex 0.5881454879775692 38.94876611029393 2.4
      vertex 0 38.96802 2.4
    endloop
  endfacet
  facet normal -0.0980171403295566 -0.9951847266721973 0
    outer loop
      vertex 0.5881454879775692 38.94876611029393 0
      vertex 1.1737724466818802 38.89108688928736 2.4
      vertex 0.5881454879775692 38.94876611029393 2.4
    endloop
  endfacet
  facet normal -0.2902846772544502 -0.9569403357322126 -3.92375568713279e-18
    outer loop
      vertex 2.890582964474517 38.49078282110028 2.4
      vertex 2.3274613213698303 38.6616039040036 2.4
      vertex 2.3274613213698303 38.6616039040036 0
    endloop
  endfacet
  facet normal -0.352250047921237 -0.9359059267573244 0
    outer loop
      vertex 2.890582964474517 38.49078282110028 0
      vertex 3.441326687554954 38.28349756165165 2.4
      vertex 2.890582964474517 38.49078282110028 2.4
    endloop
  endfacet
  facet normal -0.47139673682599464 -0.8819212643483566 5.947305966926539e-18
    outer loop
      vertex 4.49631 37.76323736658002 2.4
      vertex 3.977334121437196 38.040635752961684 2.4
      vertex 3.977334121437196 38.040635752961684 0
    endloop
  endfacet
  facet normal -0.41270702980439766 -0.9108638249211746 0
    outer loop
      vertex 3.441326687554954 38.28349756165165 0
      vertex 3.977334121437196 38.040635752961684 2.4
      vertex 3.441326687554954 38.28349756165165 2.4
    endloop
  endfacet
  facet normal -0.582477696867798 -0.8128466845916181 3.218122355548081e-18
    outer loop
      vertex 4.9960319888567355 37.452490264984114 0
      vertex 5.474360201732402 37.10972511496977 0
      vertex 5.474360201732402 37.10972511496977 2.4
    endloop
  endfacet
  facet normal -0.7298640726978364 -0.6835923020228705 -3.127895959297377e-18
    outer loop
      vertex 6.358742582633772 36.334142582633774 0
      vertex 6.761009689531603 35.90464636378518 0
      vertex 6.761009689531603 35.90464636378518 2.4
    endloop
  endfacet
  facet normal -0.6835923020228712 -0.7298640726978356 -5.632679881275272e-18
    outer loop
      vertex 5.9292463637851816 36.736409689531605 0
      vertex 6.358742582633772 36.334142582633774 0
      vertex 6.358742582633772 36.334142582633774 2.4
    endloop
  endfacet
  facet normal -0.634393284163645 -0.7730104533627373 -3.2197949840112595e-18
    outer loop
      vertex 5.474360201732402 37.10972511496977 0
      vertex 5.9292463637851816 36.736409689531605 0
      vertex 5.9292463637851816 36.736409689531605 2.4
    endloop
  endfacet
  facet normal -0.8492021815265792 -0.5280678506503675 -4.9254159737458384e-18
    outer loop
      vertex 7.477090264984115 34.971431988856736 0
      vertex 7.7878373665800185 34.47171 0
      vertex 7.7878373665800185 34.47171 2.4
    endloop
  endfacet
  facet normal -0.8128466845916152 -0.582477696867802 -1.2236029012920558e-18
    outer loop
      vertex 7.1343251149697675 35.4497602017324 0
      vertex 7.477090264984115 34.971431988856736 0
      vertex 7.477090264984115 34.971431988856736 2.4
    endloop
  endfacet
  facet normal -0.7730104533627379 -0.6343932841636444 -2.160390382978713e-18
    outer loop
      vertex 6.761009689531603 35.90464636378518 0
      vertex 7.1343251149697675 35.4497602017324 0
      vertex 7.1343251149697675 35.4497602017324 2.4
    endloop
  endfacet
  facet normal -0.582477696867798 -0.8128466845916181 0
    outer loop
      vertex 4.9960319888567355 37.452490264984114 0
      vertex 5.474360201732402 37.10972511496977 2.4
      vertex 4.9960319888567355 37.452490264984114 2.4
    endloop
  endfacet
  facet normal -0.6835923020228712 -0.7298640726978356 0
    outer loop
      vertex 5.9292463637851816 36.736409689531605 0
      vertex 6.358742582633772 36.334142582633774 2.4
      vertex 5.9292463637851816 36.736409689531605 2.4
    endloop
  endfacet
  facet normal -0.7298640726978364 -0.6835923020228705 0
    outer loop
      vertex 6.358742582633772 36.334142582633774 0
      vertex 6.761009689531603 35.90464636378518 2.4
      vertex 6.358742582633772 36.334142582633774 2.4
    endloop
  endfacet
  facet normal -0.634393284163645 -0.7730104533627373 -3.2197949840112595e-18
    outer loop
      vertex 5.9292463637851816 36.736409689531605 2.4
      vertex 5.474360201732402 37.10972511496977 2.4
      vertex 5.474360201732402 37.10972511496977 0
    endloop
  endfacet
  facet normal -0.8492021815265792 -0.5280678506503675 0
    outer loop
      vertex 7.477090264984115 34.971431988856736 0
      vertex 7.7878373665800185 34.47171 2.4
      vertex 7.477090264984115 34.971431988856736 2.4
    endloop
  endfacet
  facet normal -0.7730104533627379 -0.6343932841636444 -2.160390382978713e-18
    outer loop
      vertex 7.1343251149697675 35.4497602017324 2.4
      vertex 6.761009689531603 35.90464636378518 2.4
      vertex 6.761009689531603 35.90464636378518 0
    endloop
  endfacet
  facet normal -0.8128466845916152 -0.582477696867802 -1.2236029012920558e-18
    outer loop
      vertex 7.477090264984115 34.971431988856736 2.4
      vertex 7.1343251149697675 35.4497602017324 2.4
      vertex 7.1343251149697675 35.4497602017324 0
    endloop
  endfacet
  facet normal -0.5280678506503724 -0.8492021815265762 -2.9488575408678514e-18
    outer loop
      vertex 4.49631 37.76323736658002 0
      vertex 4.9960319888567355 37.452490264984114 0
      vertex 4.9960319888567355 37.452490264984114 2.4
    endloop
  endfacet
  facet normal -0.5280678506503724 -0.8492021815265762 0
    outer loop
      vertex 4.49631 37.76323736658002 0
      vertex 4.9960319888567355 37.452490264984114 2.4
      vertex 4.49631 37.76323736658002 2.4
    endloop
  endfacet
endsolid OpenSCAD_Model
