solid OpenSCAD_Model
  facet normal 0.5115371374527758 0.8226186322870345 -0.24825056459317185
    outer loop
      vertex -3.583361954388224 2.878634256010037 3.5
      vertex -3.9237179487179485 2.0340481771727714 0
      vertex -4.081950625046842 2.1324435783026243 0
    endloop
  endfacet
  facet normal 0.4566400644605915 0.8543134721567947 -0.24825056459317177
    outer loop
      vertex -3.4749999999999996 2.811250462620345 3.5
      vertex -3.7593886935594893 1.9462123603280763 0
      vertex -3.9237179487179485 2.0340481771727714 0
    endloop
  endfacet
  facet normal 0.3997875886077323 0.8823500105821874 -0.24825056459317177
    outer loop
      vertex -3.3624629459270525 2.7510981540112582 3.5
      vertex -3.589666542670339 1.869312254221067 0
      vertex -3.7593886935594893 1.9462123603280763 0
    endloop
  endfacet
  facet normal 0.34122316092394217 0.9066081908014315 -0.24825056459317177
    outer loop
      vertex -3.246232693111925 2.698434911602991 3.5
      vertex -3.4152782723568227 1.8036771569120134 0
      vertex -3.589666542670339 1.869312254221067 0
    endloop
  endfacet
  facet normal 0.7070163010636887 0.6621930286626333 -0.24825056459317182
    outer loop
      vertex -3.9660876245840058 3.2142756605548657 3.5
      vertex -4.513441232070925 2.486558767929074 0
      vertex -4.640815656936935 2.6225550572599325 0
    endloop
  endfacet
  facet normal 0.748812021120475 0.6145341440511182 -0.2482505645931719
    outer loop
      vertex -4.047039013567908 3.312915213432995 3.5
      vertex -4.640815656936935 2.6225550572599325 0
      vertex -4.759022780495941 2.766590854066194 0
    endloop
  endfacet
  facet normal 0.8543134721567929 0.4566400644605948 -0.24825056459317166
    outer loop
      vertex -4.248901845988742 3.6375370540729475 3.5
      vertex -4.965951822827228 3.0762820512820515 0
      vertex -5.053787639671924 3.2406113064405107 0
    endloop
  endfacet
  facet normal 0.8823500105821886 0.3997875886077294 -0.24825056459317169
    outer loop
      vertex -4.301565088397009 3.753767306888075 3.5
      vertex -5.053787639671924 3.2406113064405107 0
      vertex -5.130687745778933 3.410333457329661 0
    endloop
  endfacet
  facet normal 0.7874012131431118 0.5642437298897768 -0.24825056459317194
    outer loop
      vertex -4.121365743989963 3.416638045611776 3.5
      vertex -4.759022780495941 2.766590854066194 0
      vertex -4.867556421697376 2.9180493749531586 0
    endloop
  endfacet
  facet normal 0.8226186322870358 0.5115371374527738 -0.24825056459317177
    outer loop
      vertex -4.188749537379655 3.5250000000000004 3.5
      vertex -4.867556421697376 2.9180493749531586 0
      vertex -4.965951822827228 3.0762820512820515 0
    endloop
  endfacet
  facet normal 0.6145341440511146 0.7488120211204781 -0.24825056459317182
    outer loop
      vertex -3.7857243394451343 3.0339123754159942 3.5
      vertex -4.2334091459338055 2.24097721950406 0
      vertex -4.377444942740068 2.359184343063065 0
    endloop
  endfacet
  facet normal 0.5642437298897791 0.7874012131431101 -0.24825056459317177
    outer loop
      vertex -3.687084786567005 2.9529609864320916 3.5
      vertex -4.081950625046842 2.1324435783026243 0
      vertex -4.2334091459338055 2.24097721950406 0
    endloop
  endfacet
  facet normal 0.6621930286626339 0.707016301063688 -0.24825056459317174
    outer loop
      vertex -3.8788582233137676 3.1211417766862324 3.5
      vertex -4.377444942740068 2.359184343063065 0
      vertex -4.513441232070925 2.486558767929074 0
    endloop
  endfacet
  facet normal 0.9066081908014315 0.34122316092394234 -0.24825056459317166
    outer loop
      vertex -4.346513752515456 3.8731930426588352 3.5
      vertex -5.130687745778933 3.410333457329661 0
      vertex -5.196322843087986 3.5847217276431773 0
    endloop
  endfacet
  facet normal 0.9269841355626406 0.28119756327954837 -0.24825056459317169
    outer loop
      vertex -4.383555361263683 3.995302862050085 3.5
      vertex -5.196322843087986 3.5847217276431773 0
      vertex -5.250411872035924 3.763029360035002 0
    endloop
  endfacet
  facet normal 0.9433905919421781 0.21996783449895205 -0.24825056459317185
    outer loop
      vertex -4.412531296786299 4.11957387206855 3.5
      vertex -5.250411872035924 3.763029360035002 0
      vertex -5.292723215096891 3.9444928138489477 0
    endloop
  endfacet
  facet normal 0.9557573049750608 0.15779616968095345 -0.24825056459317177
    outer loop
      vertex -4.43331747967893 4.2454739251708995 3.5
      vertex -5.292723215096891 3.9444928138489477 0
      vertex -5.323075688604145 4.128335034717007 0
    endloop
  endfacet
  facet normal 0.9640313184975086 0.09494879743907711 -0.24825056459317174
    outer loop
      vertex -4.4458249003152766 4.372463898001221 3.5
      vertex -5.323075688604145 4.128335034717007 0
      vertex -5.341339318606331 4.313768782025452 0
    endloop
  endfacet
  facet normal 0.9681772019133695 0.03169483986975873 -0.24825056459317177
    outer loop
      vertex -4.449999999999999 4.5 3.5
      vertex -5.341339318606331 4.313768782025452 0
      vertex -5.347435897435897 4.5 0
    endloop
  endfacet
  facet normal 0.9681772019133695 -0.03169483986975873 -0.24825056459317174
    outer loop
      vertex -4.4458249003152766 4.627536101998779 3.5
      vertex -5.347435897435897 4.5 0
      vertex -5.341339318606331 4.686231217974548 0
    endloop
  endfacet
  facet normal 0.15779616968095586 0.9557573049750603 -0.24825056459317177
    outer loop
      vertex -2.8804261279314503 2.587468703213701 3.5
      vertex -2.871664965282993 1.6769243113958552 0
      vertex -3.0555071861510523 1.7072767849031092 0
    endloop
  endfacet
  facet normal 0.21996783449895094 0.9433905919421782 -0.24825056459317169
    outer loop
      vertex -3.004697137949915 2.6164446387363167 3.5
      vertex -3.0555071861510523 1.7072767849031092 0
      vertex -3.236970639964998 1.749588127964076 0
    endloop
  endfacet
  facet normal 0.28119756327954715 0.9269841355626409 -0.24825056459317169
    outer loop
      vertex -3.1268069573411648 2.653486247484544 3.5
      vertex -3.236970639964998 1.749588127964076 0
      vertex -3.4152782723568227 1.8036771569120134 0
    endloop
  endfacet
  facet normal 0.09494879743907601 0.9640313184975084 -0.24825056459317174
    outer loop
      vertex -2.7545260748291005 2.56668252032107 3.5
      vertex -2.6862312179745484 1.6586606813936688 0
      vertex -2.871664965282993 1.6769243113958552 0
    endloop
  endfacet
  facet normal 0.03169483986976097 0.9681772019133696 -0.24825056459317177
    outer loop
      vertex -2.627536101998779 2.5541750996847234 3.5
      vertex -2.5 1.6525641025641025 0
      vertex -2.6862312179745484 1.6586606813936688 0
    endloop
  endfacet
  facet normal -0.03169483986976097 0.9681772019133696 -0.24825056459317182
    outer loop
      vertex -2.5 2.5500000000000003 3.5
      vertex -2.3137687820254516 1.6586606813936688 0
      vertex -2.5 1.6525641025641025 0
    endloop
  endfacet
  facet normal -0.09494879743907618 0.9640313184975084 -0.24825056459317174
    outer loop
      vertex -2.372463898001221 2.5541750996847234 3.5
      vertex -2.128335034717007 1.6769243113958552 0
      vertex -2.3137687820254516 1.6586606813936688 0
    endloop
  endfacet
  facet normal -0.15779616968095586 0.9557573049750603 -0.24825056459317177
    outer loop
      vertex -2.2454739251708995 2.56668252032107 3.5
      vertex -1.9444928138489477 1.7072767849031092 0
      vertex -2.128335034717007 1.6769243113958552 0
    endloop
  endfacet
  facet normal -0.2199678344989503 0.9433905919421786 -0.24825056459317182
    outer loop
      vertex -2.1195738720685497 2.587468703213701 3.5
      vertex -1.7630293600350018 1.749588127964076 0
      vertex -1.9444928138489477 1.7072767849031092 0
    endloop
  endfacet
  facet normal -0.28119756327954754 0.9269841355626407 -0.24825056459317166
    outer loop
      vertex -1.9953028620500848 2.6164446387363167 3.5
      vertex -1.584721727643177 1.8036771569120134 0
      vertex -1.7630293600350018 1.749588127964076 0
    endloop
  endfacet
  facet normal -0.3412231609239432 0.9066081908014311 -0.24825056459317169
    outer loop
      vertex -1.873193042658835 2.653486247484544 3.5
      vertex -1.410333457329661 1.869312254221067 0
      vertex -1.584721727643177 1.8036771569120134 0
    endloop
  endfacet
  facet normal -0.39978758860773156 0.8823500105821876 -0.24825056459317174
    outer loop
      vertex -1.753767306888075 2.698434911602991 3.5
      vertex -1.2406113064405104 1.9462123603280763 0
      vertex -1.410333457329661 1.869312254221067 0
    endloop
  endfacet
  facet normal -0.45664006446059136 0.8543134721567948 -0.24825056459317177
    outer loop
      vertex -1.6375370540729475 2.7510981540112582 3.5
      vertex -1.0762820512820512 2.0340481771727714 0
      vertex -1.2406113064405104 1.9462123603280763 0
    endloop
  endfacet
  facet normal -0.5115371374527771 0.8226186322870337 -0.2482505645931719
    outer loop
      vertex -1.5250000000000001 2.811250462620345 3.5
      vertex -0.9180493749531584 2.1324435783026243 0
      vertex -1.0762820512820512 2.0340481771727714 0
    endloop
  endfacet
  facet normal -0.5642437298897779 0.7874012131431111 -0.24825056459317182
    outer loop
      vertex -1.416638045611776 2.878634256010037 3.5
      vertex -0.7665908540661942 2.24097721950406 0
      vertex -0.9180493749531584 2.1324435783026243 0
    endloop
  endfacet
  facet normal -0.6145341440511157 0.7488120211204772 -0.24825056459317194
    outer loop
      vertex -1.3129152134329949 2.9529609864320916 3.5
      vertex -0.6225550572599322 2.359184343063065 0
      vertex -0.7665908540661942 2.24097721950406 0
    endloop
  endfacet
  facet normal -0.6621930286626331 0.7070163010636887 -0.24825056459317185
    outer loop
      vertex -1.214275660554866 3.0339123754159942 3.5
      vertex -0.48655876792907427 2.486558767929074 0
      vertex -0.6225550572599322 2.359184343063065 0
    endloop
  endfacet
  facet normal -0.7070163010636906 0.6621930286626313 -0.24825056459317169
    outer loop
      vertex -1.1211417766862324 3.1211417766862324 3.5
      vertex -0.3591843430630652 2.6225550572599325 0
      vertex -0.48655876792907427 2.486558767929074 0
    endloop
  endfacet
  facet normal -0.7488120211204754 0.614534144051118 -0.24825056459317157
    outer loop
      vertex -1.033912375415994 3.2142756605548657 3.5
      vertex -0.2409772195040597 2.766590854066194 0
      vertex -0.3591843430630652 2.6225550572599325 0
    endloop
  endfacet
  facet normal -0.787401213143112 0.5642437298897767 -0.24825056459317177
    outer loop
      vertex -0.9529609864320916 3.312915213432995 3.5
      vertex -0.1324435783026243 2.9180493749531586 0
      vertex -0.2409772195040597 2.766590854066194 0
    endloop
  endfacet
  facet normal -0.8226186322870342 0.5115371374527765 -0.24825056459317177
    outer loop
      vertex -0.8786342560100371 3.416638045611776 3.5
      vertex -0.0340481771727716 3.0762820512820515 0
      vertex -0.1324435783026243 2.9180493749531586 0
    endloop
  endfacet
  facet normal -0.8543134721567941 0.45664006446059235 -0.24825056459317177
    outer loop
      vertex -0.811250462620345 3.5250000000000004 3.5
      vertex 0.05378763967192376 3.2406113064405107 0
      vertex -0.0340481771727716 3.0762820512820515 0
    endloop
  endfacet
  facet normal -0.8823500105821875 0.3997875886077316 -0.24825056459317177
    outer loop
      vertex -0.7510981540112582 3.6375370540729475 3.5
      vertex 0.1306877457789331 3.410333457329661 0
      vertex 0.05378763967192376 3.2406113064405107 0
    endloop
  endfacet
  facet normal -0.9066081908014312 0.34122316092394306 -0.24825056459317169
    outer loop
      vertex -0.6984349116029911 3.753767306888075 3.5
      vertex 0.19632284308798673 3.5847217276431773 0
      vertex 0.1306877457789331 3.410333457329661 0
    endloop
  endfacet
  facet normal -0.9269841355626409 0.2811975632795469 -0.24825056459317177
    outer loop
      vertex -0.6534862474845442 3.8731930426588352 3.5
      vertex 0.25041187203592413 3.763029360035002 0
      vertex 0.19632284308798673 3.5847217276431773 0
    endloop
  endfacet
  facet normal -0.9433905919421782 0.21996783449895094 -0.24825056459317174
    outer loop
      vertex -0.6164446387363169 3.995302862050085 3.5
      vertex 0.29272321509689087 3.9444928138489477 0
      vertex 0.25041187203592413 3.763029360035002 0
    endloop
  endfacet
  facet normal -0.9557573049750603 0.15779616968095586 -0.24825056459317177
    outer loop
      vertex -0.5874687032137009 4.11957387206855 3.5
      vertex 0.32307568860414476 4.128335034717007 0
      vertex 0.29272321509689087 3.9444928138489477 0
    endloop
  endfacet
  facet normal -0.9640313184975086 0.09494879743907596 -0.24825056459317177
    outer loop
      vertex -0.5666825203210699 4.2454739251708995 3.5
      vertex 0.34133931860633115 4.313768782025452 0
      vertex 0.32307568860414476 4.128335034717007 0
    endloop
  endfacet
  facet normal -0.9681772019133695 0.03169483986976137 -0.24825056459317174
    outer loop
      vertex -0.5541750996847234 4.372463898001221 3.5
      vertex 0.34743589743589753 4.5 0
      vertex 0.34133931860633115 4.313768782025452 0
    endloop
  endfacet
  facet normal -0.9681772019133695 -0.03169483986976071 -0.24825056459317177
    outer loop
      vertex -0.5500000000000003 4.5 3.5
      vertex 0.34133931860633115 4.686231217974548 0
      vertex 0.34743589743589753 4.5 0
    endloop
  endfacet
  facet normal 0.9640313184975086 -0.09494879743907711 -0.24825056459317174
    outer loop
      vertex -4.43331747967893 4.7545260748291005 3.5
      vertex -5.341339318606331 4.686231217974548 0
      vertex -5.323075688604145 4.871664965282993 0
    endloop
  endfacet
  facet normal 0.9557573049750608 -0.15779616968095345 -0.24825056459317185
    outer loop
      vertex -4.412531296786299 4.88042612793145 3.5
      vertex -5.323075688604145 4.871664965282993 0
      vertex -5.292723215096891 5.055507186151052 0
    endloop
  endfacet
  facet normal 0.9433905919421781 -0.21996783449895205 -0.24825056459317169
    outer loop
      vertex -4.383555361263683 5.004697137949916 3.5
      vertex -5.292723215096891 5.055507186151052 0
      vertex -5.250411872035924 5.236970639964998 0
    endloop
  endfacet
  facet normal 0.9269841355626406 -0.2811975632795477 -0.24825056459317166
    outer loop
      vertex -4.346513752515456 5.126806957341165 3.5
      vertex -5.250411872035924 5.236970639964998 0
      vertex -5.196322843087986 5.415278272356823 0
    endloop
  endfacet
  facet normal 0.9066081908014313 -0.3412231609239431 -0.24825056459317169
    outer loop
      vertex -4.301565088397009 5.246232693111925 3.5
      vertex -5.196322843087986 5.415278272356823 0
      vertex -5.130687745778933 5.589666542670339 0
    endloop
  endfacet
  facet normal 0.8823500105821886 -0.3997875886077294 -0.24825056459317174
    outer loop
      vertex -4.248901845988742 5.362462945927052 3.5
      vertex -5.130687745778933 5.589666542670339 0
      vertex -5.053787639671924 5.759388693559489 0
    endloop
  endfacet
  facet normal 0.8543134721567929 -0.4566400644605948 -0.24825056459317169
    outer loop
      vertex -4.188749537379655 5.475 3.5
      vertex -5.053787639671924 5.759388693559489 0
      vertex -4.965951822827228 5.9237179487179485 0
    endloop
  endfacet
  facet normal 0.8226186322870351 -0.5115371374527748 -0.24825056459317185
    outer loop
      vertex -4.121365743989963 5.583361954388224 3.5
      vertex -4.965951822827228 5.9237179487179485 0
      vertex -4.867556421697376 6.081950625046841 0
    endloop
  endfacet
  facet normal 0.7874012131431118 -0.5642437298897768 -0.2482505645931719
    outer loop
      vertex -4.047039013567908 5.687084786567005 3.5
      vertex -4.867556421697376 6.081950625046841 0
      vertex -4.759022780495941 6.2334091459338055 0
    endloop
  endfacet
  facet normal 0.748812021120477 -0.6145341440511161 -0.24825056459317185
    outer loop
      vertex -3.9660876245840058 5.785724339445134 3.5
      vertex -4.759022780495941 6.2334091459338055 0
      vertex -4.640815656936935 6.377444942740068 0
    endloop
  endfacet
  facet normal 0.7070163010636867 -0.6621930286626354 -0.24825056459317166
    outer loop
      vertex -3.8788582233137676 5.878858223313768 3.5
      vertex -4.640815656936935 6.377444942740068 0
      vertex -4.513441232070925 6.513441232070925 0
    endloop
  endfacet
  facet normal 0.6621930286626353 -0.7070163010636866 -0.24825056459317177
    outer loop
      vertex -3.7857243394451343 5.966087624584006 3.5
      vertex -4.513441232070925 6.513441232070925 0
      vertex -4.377444942740068 6.640815656936935 0
    endloop
  endfacet
  facet normal 0.6145341440511161 -0.748812021120477 -0.2482505645931719
    outer loop
      vertex -3.687084786567005 6.047039013567908 3.5
      vertex -4.377444942740068 6.640815656936935 0
      vertex -4.2334091459338055 6.759022780495941 0
    endloop
  endfacet
  facet normal 0.564243729889779 -0.7874012131431101 -0.248250564593172
    outer loop
      vertex -3.583361954388224 6.121365743989963 3.5
      vertex -4.2334091459338055 6.759022780495941 0
      vertex -4.081950625046842 6.867556421697376 0
    endloop
  endfacet
  facet normal 0.5115371374527727 -0.8226186322870364 -0.24825056459317177
    outer loop
      vertex -3.4749999999999996 6.188749537379655 3.5
      vertex -4.081950625046842 6.867556421697376 0
      vertex -3.9237179487179485 6.965951822827228 0
    endloop
  endfacet
  facet normal 0.4566400644605948 -0.8543134721567929 -0.24825056459317166
    outer loop
      vertex -3.3624629459270525 6.248901845988742 3.5
      vertex -3.9237179487179485 6.965951822827228 0
      vertex -3.7593886935594893 7.053787639671924 0
    endloop
  endfacet
  facet normal 0.3997875886077294 -0.8823500105821886 -0.24825056459317169
    outer loop
      vertex -3.246232693111925 6.301565088397009 3.5
      vertex -3.7593886935594893 7.053787639671924 0
      vertex -3.589666542670339 7.130687745778933 0
    endloop
  endfacet
  facet normal 0.34122316092394234 -0.9066081908014315 -0.2482505645931716
    outer loop
      vertex -3.1268069573411648 6.346513752515456 3.5
      vertex -3.589666542670339 7.130687745778933 0
      vertex -3.4152782723568227 7.196322843087986 0
    endloop
  endfacet
  facet normal 0.28119756327954837 -0.9269841355626406 -0.24825056459317169
    outer loop
      vertex -3.004697137949915 6.383555361263683 3.5
      vertex -3.4152782723568227 7.196322843087986 0
      vertex -3.236970639964998 7.250411872035924 0
    endloop
  endfacet
  facet normal 0.21996783449895205 -0.9433905919421781 -0.24825056459317182
    outer loop
      vertex -2.8804261279314503 6.412531296786299 3.5
      vertex -3.236970639964998 7.250411872035924 0
      vertex -3.0555071861510523 7.292723215096891 0
    endloop
  endfacet
  facet normal 0.15779616968095345 -0.9557573049750608 -0.24825056459317177
    outer loop
      vertex -2.7545260748291005 6.43331747967893 3.5
      vertex -3.0555071861510523 7.292723215096891 0
      vertex -2.871664965282993 7.323075688604145 0
    endloop
  endfacet
  facet normal 0.09494879743907733 -0.9640313184975084 -0.24825056459317177
    outer loop
      vertex -2.627536101998779 6.4458249003152766 3.5
      vertex -2.871664965282993 7.323075688604145 0
      vertex -2.6862312179745484 7.341339318606331 0
    endloop
  endfacet
  facet normal 0.031694839869758656 -0.9681772019133696 -0.24825056459317182
    outer loop
      vertex -2.5 6.449999999999999 3.5
      vertex -2.6862312179745484 7.341339318606331 0
      vertex -2.5 7.347435897435897 0
    endloop
  endfacet
  facet normal -0.031694839869758656 -0.9681772019133696 -0.24825056459317174
    outer loop
      vertex -2.372463898001221 6.4458249003152766 3.5
      vertex -2.5 7.347435897435897 0
      vertex -2.3137687820254516 7.341339318606331 0
    endloop
  endfacet
  facet normal -0.09494879743907733 -0.9640313184975084 -0.24825056459317174
    outer loop
      vertex -2.2454739251708995 6.43331747967893 3.5
      vertex -2.3137687820254516 7.341339318606331 0
      vertex -2.128335034717007 7.323075688604145 0
    endloop
  endfacet
  facet normal -0.15779616968095345 -0.9557573049750608 -0.24825056459317185
    outer loop
      vertex -2.1195738720685497 6.412531296786299 3.5
      vertex -2.128335034717007 7.323075688604145 0
      vertex -1.9444928138489477 7.292723215096891 0
    endloop
  endfacet
  facet normal -0.21996783449895155 -0.9433905919421782 -0.24825056459317174
    outer loop
      vertex -1.9953028620500848 6.383555361263683 3.5
      vertex -1.9444928138489477 7.292723215096891 0
      vertex -1.7630293600350018 7.250411872035924 0
    endloop
  endfacet
  facet normal -0.3412231609239431 -0.9066081908014313 -0.24825056459317169
    outer loop
      vertex -1.753767306888075 6.301565088397009 3.5
      vertex -1.584721727643177 7.196322843087986 0
      vertex -1.410333457329661 7.130687745778933 0
    endloop
  endfacet
  facet normal -0.2811975632795487 -0.9269841355626406 -0.24825056459317166
    outer loop
      vertex -1.873193042658835 6.346513752515456 3.5
      vertex -1.7630293600350018 7.250411872035924 0
      vertex -1.584721727643177 7.196322843087986 0
    endloop
  endfacet
  facet normal -0.9640313184975086 -0.09494879743907579 -0.24825056459317174
    outer loop
      vertex -0.5541750996847234 4.627536101998779 3.5
      vertex 0.32307568860414476 4.871664965282993 0
      vertex 0.34133931860633115 4.686231217974548 0
    endloop
  endfacet
  facet normal -0.9557573049750603 -0.15779616968095586 -0.24825056459317177
    outer loop
      vertex -0.5666825203210699 4.7545260748291005 3.5
      vertex 0.29272321509689087 5.055507186151052 0
      vertex 0.32307568860414476 4.871664965282993 0
    endloop
  endfacet
  facet normal -0.9433905919421782 -0.21996783449895094 -0.24825056459317174
    outer loop
      vertex -0.5874687032137009 4.88042612793145 3.5
      vertex 0.25041187203592413 5.236970639964998 0
      vertex 0.29272321509689087 5.055507186151052 0
    endloop
  endfacet
  facet normal -0.9269841355626411 -0.2811975632795463 -0.24825056459317174
    outer loop
      vertex -0.6164446387363169 5.004697137949916 3.5
      vertex 0.19632284308798673 5.415278272356823 0
      vertex 0.25041187203592413 5.236970639964998 0
    endloop
  endfacet
  facet normal -0.8823500105821874 -0.399787588607732 -0.24825056459317169
    outer loop
      vertex -0.6984349116029911 5.246232693111925 3.5
      vertex 0.05378763967192376 5.759388693559489 0
      vertex 0.1306877457789331 5.589666542670339 0
    endloop
  endfacet
  facet normal -0.854313472156794 -0.4566400644605927 -0.24825056459317177
    outer loop
      vertex -0.7510981540112582 5.362462945927052 3.5
      vertex -0.0340481771727716 5.9237179487179485 0
      vertex 0.05378763967192376 5.759388693559489 0
    endloop
  endfacet
  facet normal -0.8226186322870335 -0.5115371374527776 -0.24825056459317174
    outer loop
      vertex -0.811250462620345 5.475 3.5
      vertex -0.1324435783026243 6.081950625046841 0
      vertex -0.0340481771727716 5.9237179487179485 0
    endloop
  endfacet
  facet normal -0.906608190801431 -0.34122316092394395 -0.24825056459317177
    outer loop
      vertex -0.6534862474845442 5.126806957341165 3.5
      vertex 0.1306877457789331 5.589666542670339 0
      vertex 0.19632284308798673 5.415278272356823 0
    endloop
  endfacet
  facet normal -0.6145341440511172 -0.748812021120476 -0.24825056459317185
    outer loop
      vertex -1.214275660554866 5.966087624584006 3.5
      vertex -0.7665908540661942 6.759022780495941 0
      vertex -0.6225550572599322 6.640815656936935 0
    endloop
  endfacet
  facet normal -0.7070163010636882 -0.6621930286626337 -0.24825056459317177
    outer loop
      vertex -1.033912375415994 5.785724339445134 3.5
      vertex -0.48655876792907427 6.513441232070925 0
      vertex -0.3591843430630652 6.377444942740068 0
    endloop
  endfacet
  facet normal -0.6621930286626343 -0.7070163010636878 -0.2482505645931717
    outer loop
      vertex -1.1211417766862324 5.878858223313768 3.5
      vertex -0.6225550572599322 6.640815656936935 0
      vertex -0.48655876792907427 6.513441232070925 0
    endloop
  endfacet
  facet normal -0.5115371374527737 -0.8226186322870358 -0.24825056459317185
    outer loop
      vertex -1.416638045611776 6.121365743989963 3.5
      vertex -1.0762820512820512 6.965951822827228 0
      vertex -0.9180493749531584 6.867556421697376 0
    endloop
  endfacet
  facet normal -0.4566400644605948 -0.8543134721567929 -0.24825056459317174
    outer loop
      vertex -1.5250000000000001 6.188749537379655 3.5
      vertex -1.2406113064405104 7.053787639671924 0
      vertex -1.0762820512820512 6.965951822827228 0
    endloop
  endfacet
  facet normal -0.3997875886077285 -0.882350010582189 -0.24825056459317174
    outer loop
      vertex -1.6375370540729475 6.248901845988742 3.5
      vertex -1.410333457329661 7.130687745778933 0
      vertex -1.2406113064405104 7.053787639671924 0
    endloop
  endfacet
  facet normal -0.5642437298897776 -0.7874012131431113 -0.2482505645931719
    outer loop
      vertex -1.3129152134329949 6.047039013567908 3.5
      vertex -0.9180493749531584 6.867556421697376 0
      vertex -0.7665908540661942 6.759022780495941 0
    endloop
  endfacet
  facet normal -0.787401213143112 -0.5642437298897766 -0.24825056459317182
    outer loop
      vertex -0.8786342560100371 5.583361954388224 3.5
      vertex -0.2409772195040597 6.2334091459338055 0
      vertex -0.1324435783026243 6.081950625046841 0
    endloop
  endfacet
  facet normal -0.7488120211204771 -0.6145341440511157 -0.24825056459317174
    outer loop
      vertex -0.9529609864320916 5.687084786567005 3.5
      vertex -0.3591843430630652 6.377444942740068 0
      vertex -0.2409772195040597 6.2334091459338055 0
    endloop
  endfacet
  facet normal 0.7874012131431113 0.5642437298897772 -0.2482505645931719
    outer loop
      vertex -4.047039013567908 3.312915213432995 3.5
      vertex -4.759022780495941 2.766590854066194 0
      vertex -4.121365743989963 3.416638045611776 3.5
    endloop
  endfacet
  facet normal 0.822618632287034 0.5115371374527765 -0.24825056459317188
    outer loop
      vertex -4.121365743989963 3.416638045611776 3.5
      vertex -4.867556421697376 2.9180493749531586 0
      vertex -4.188749537379655 3.5250000000000004 3.5
    endloop
  endfacet
  facet normal 0.8543134721567922 0.4566400644605961 -0.24825056459317174
    outer loop
      vertex -4.248901845988742 3.6375370540729475 3.5
      vertex -4.188749537379655 3.5250000000000004 3.5
      vertex -4.965951822827228 3.0762820512820515 0
    endloop
  endfacet
  facet normal 0.70701630106369 0.6621930286626317 -0.24825056459317166
    outer loop
      vertex -3.9660876245840058 3.2142756605548657 3.5
      vertex -3.8788582233137676 3.1211417766862324 3.5
      vertex -4.513441232070925 2.486558767929074 0
    endloop
  endfacet
  facet normal 0.614534144051116 0.7488120211204771 -0.2482505645931718
    outer loop
      vertex -3.7857243394451343 3.0339123754159942 3.5
      vertex -3.687084786567005 2.9529609864320916 3.5
      vertex -4.2334091459338055 2.24097721950406 0
    endloop
  endfacet
  facet normal 0.6621930286626317 0.70701630106369 -0.24825056459317188
    outer loop
      vertex -3.7857243394451343 3.0339123754159942 3.5
      vertex -4.377444942740068 2.359184343063065 0
      vertex -3.8788582233137676 3.1211417766862324 3.5
    endloop
  endfacet
  facet normal 0.5115371374527765 0.822618632287034 -0.24825056459317182
    outer loop
      vertex -3.583361954388224 2.878634256010037 3.5
      vertex -3.4749999999999996 2.811250462620345 3.5
      vertex -3.9237179487179485 2.0340481771727714 0
    endloop
  endfacet
  facet normal 0.39978758860773206 0.8823500105821874 -0.2482505645931717
    outer loop
      vertex -3.3624629459270525 2.7510981540112582 3.5
      vertex -3.246232693111925 2.698434911602991 3.5
      vertex -3.589666542670339 1.869312254221067 0
    endloop
  endfacet
  facet normal 0.4566400644605934 0.8543134721567935 -0.24825056459317169
    outer loop
      vertex -3.3624629459270525 2.7510981540112582 3.5
      vertex -3.7593886935594893 1.9462123603280763 0
      vertex -3.4749999999999996 2.811250462620345 3.5
    endloop
  endfacet
  facet normal 0.5642437298897772 0.7874012131431113 -0.24825056459317185
    outer loop
      vertex -3.583361954388224 2.878634256010037 3.5
      vertex -4.081950625046842 2.1324435783026243 0
      vertex -3.687084786567005 2.9529609864320916 3.5
    endloop
  endfacet
  facet normal 0.7488120211204771 0.614534144051116 -0.2482505645931718
    outer loop
      vertex -4.047039013567908 3.312915213432995 3.5
      vertex -3.9660876245840058 3.2142756605548657 3.5
      vertex -4.640815656936935 2.6225550572599325 0
    endloop
  endfacet
  facet normal 0.8823500105821888 0.3997875886077292 -0.24825056459317169
    outer loop
      vertex -4.248901845988742 3.6375370540729475 3.5
      vertex -5.053787639671924 3.2406113064405107 0
      vertex -4.301565088397009 3.753767306888075 3.5
    endloop
  endfacet
  facet normal 0.9066081908014311 0.34122316092394345 -0.24825056459317169
    outer loop
      vertex -4.301565088397009 3.753767306888075 3.5
      vertex -5.130687745778933 3.410333457329661 0
      vertex -4.346513752515456 3.8731930426588352 3.5
    endloop
  endfacet
  facet normal 0.9269841355626408 0.2811975632795474 -0.24825056459317163
    outer loop
      vertex -4.346513752515456 3.8731930426588352 3.5
      vertex -5.196322843087986 3.5847217276431773 0
      vertex -4.383555361263683 3.995302862050085 3.5
    endloop
  endfacet
  facet normal 0.9433905919421788 0.21996783449894886 -0.24825056459317169
    outer loop
      vertex -4.383555361263683 3.995302862050085 3.5
      vertex -5.250411872035924 3.763029360035002 0
      vertex -4.412531296786299 4.11957387206855 3.5
    endloop
  endfacet
  facet normal 0.9557573049750604 0.15779616968095575 -0.24825056459317185
    outer loop
      vertex -4.412531296786299 4.11957387206855 3.5
      vertex -5.292723215096891 3.9444928138489477 0
      vertex -4.43331747967893 4.2454739251708995 3.5
    endloop
  endfacet
  facet normal 0.9640313184975084 0.09494879743907678 -0.2482505645931717
    outer loop
      vertex -4.43331747967893 4.2454739251708995 3.5
      vertex -5.323075688604145 4.128335034717007 0
      vertex -4.4458249003152766 4.372463898001221 3.5
    endloop
  endfacet
  facet normal 0.9681772019133698 0.03169483986975659 -0.2482505645931717
    outer loop
      vertex -4.4458249003152766 4.372463898001221 3.5
      vertex -5.341339318606331 4.313768782025452 0
      vertex -4.449999999999999 4.5 3.5
    endloop
  endfacet
  facet normal 0.9681772019133698 -0.03169483986975659 -0.24825056459317185
    outer loop
      vertex -4.449999999999999 4.5 3.5
      vertex -5.347435897435897 4.5 0
      vertex -4.4458249003152766 4.627536101998779 3.5
    endloop
  endfacet
  facet normal 0.9640313184975084 -0.09494879743907678 -0.24825056459317174
    outer loop
      vertex -4.4458249003152766 4.627536101998779 3.5
      vertex -5.341339318606331 4.686231217974548 0
      vertex -4.43331747967893 4.7545260748291005 3.5
    endloop
  endfacet
  facet normal 0.2811975632795474 0.9269841355626408 -0.24825056459317169
    outer loop
      vertex -3.1268069573411648 2.653486247484544 3.5
      vertex -3.004697137949915 2.6164446387363167 3.5
      vertex -3.236970639964998 1.749588127964076 0
    endloop
  endfacet
  facet normal 0.21996783449894886 0.9433905919421788 -0.2482505645931718
    outer loop
      vertex -3.004697137949915 2.6164446387363167 3.5
      vertex -2.8804261279314503 2.587468703213701 3.5
      vertex -3.0555071861510523 1.7072767849031092 0
    endloop
  endfacet
  facet normal 0.15779616968095575 0.9557573049750604 -0.2482505645931718
    outer loop
      vertex -2.8804261279314503 2.587468703213701 3.5
      vertex -2.7545260748291005 2.56668252032107 3.5
      vertex -2.871664965282993 1.6769243113958552 0
    endloop
  endfacet
  facet normal 0.09494879743907644 0.9640313184975084 -0.24825056459317174
    outer loop
      vertex -2.7545260748291005 2.56668252032107 3.5
      vertex -2.627536101998779 2.5541750996847234 3.5
      vertex -2.6862312179745484 1.6586606813936688 0
    endloop
  endfacet
  facet normal 0.031694839869760065 0.9681772019133696 -0.24825056459317182
    outer loop
      vertex -2.627536101998779 2.5541750996847234 3.5
      vertex -2.5 2.5500000000000003 3.5
      vertex -2.5 1.6525641025641025 0
    endloop
  endfacet
  facet normal -0.031694839869760065 0.9681772019133696 -0.24825056459317174
    outer loop
      vertex -2.5 2.5500000000000003 3.5
      vertex -2.372463898001221 2.5541750996847234 3.5
      vertex -2.3137687820254516 1.6586606813936688 0
    endloop
  endfacet
  facet normal -0.09494879743907644 0.9640313184975084 -0.24825056459317177
    outer loop
      vertex -2.372463898001221 2.5541750996847234 3.5
      vertex -2.2454739251708995 2.56668252032107 3.5
      vertex -2.128335034717007 1.6769243113958552 0
    endloop
  endfacet
  facet normal -0.15779616968095575 0.9557573049750604 -0.2482505645931718
    outer loop
      vertex -2.2454739251708995 2.56668252032107 3.5
      vertex -2.1195738720685497 2.587468703213701 3.5
      vertex -1.9444928138489477 1.7072767849031092 0
    endloop
  endfacet
  facet normal -0.21996783449894886 0.9433905919421788 -0.2482505645931717
    outer loop
      vertex -2.1195738720685497 2.587468703213701 3.5
      vertex -1.9953028620500848 2.6164446387363167 3.5
      vertex -1.7630293600350018 1.749588127964076 0
    endloop
  endfacet
  facet normal 0.34122316092394345 0.9066081908014311 -0.24825056459317169
    outer loop
      vertex -3.1268069573411648 2.653486247484544 3.5
      vertex -3.4152782723568227 1.8036771569120134 0
      vertex -3.246232693111925 2.698434911602991 3.5
    endloop
  endfacet
  facet normal -0.281197563279547 0.926984135562641 -0.2482505645931717
    outer loop
      vertex -1.9953028620500848 2.6164446387363167 3.5
      vertex -1.873193042658835 2.653486247484544 3.5
      vertex -1.584721727643177 1.8036771569120134 0
    endloop
  endfacet
  facet normal -0.34122316092394456 0.9066081908014306 -0.24825056459317174
    outer loop
      vertex -1.873193042658835 2.653486247484544 3.5
      vertex -1.753767306888075 2.698434911602991 3.5
      vertex -1.410333457329661 1.869312254221067 0
    endloop
  endfacet
  facet normal -0.3997875886077314 0.8823500105821878 -0.24825056459317174
    outer loop
      vertex -1.753767306888075 2.698434911602991 3.5
      vertex -1.6375370540729475 2.7510981540112582 3.5
      vertex -1.2406113064405104 1.9462123603280763 0
    endloop
  endfacet
  facet normal -0.4566400644605927 0.854313472156794 -0.2482505645931718
    outer loop
      vertex -1.6375370540729475 2.7510981540112582 3.5
      vertex -1.5250000000000001 2.811250462620345 3.5
      vertex -1.0762820512820512 2.0340481771727714 0
    endloop
  endfacet
  facet normal -0.5115371374527773 0.8226186322870337 -0.24825056459317185
    outer loop
      vertex -1.5250000000000001 2.811250462620345 3.5
      vertex -1.416638045611776 2.878634256010037 3.5
      vertex -0.9180493749531584 2.1324435783026243 0
    endloop
  endfacet
  facet normal -0.5642437298897764 0.787401213143112 -0.24825056459317174
    outer loop
      vertex -1.416638045611776 2.878634256010037 3.5
      vertex -1.3129152134329949 2.9529609864320916 3.5
      vertex -0.7665908540661942 2.24097721950406 0
    endloop
  endfacet
  facet normal -0.6145341440511176 0.7488120211204757 -0.2482505645931719
    outer loop
      vertex -1.3129152134329949 2.9529609864320916 3.5
      vertex -1.214275660554866 3.0339123754159942 3.5
      vertex -0.6225550572599322 2.359184343063065 0
    endloop
  endfacet
  facet normal -0.662193028662631 0.7070163010636907 -0.2482505645931717
    outer loop
      vertex -1.214275660554866 3.0339123754159942 3.5
      vertex -1.1211417766862324 3.1211417766862324 3.5
      vertex -0.48655876792907427 2.486558767929074 0
    endloop
  endfacet
  facet normal -0.7070163010636892 0.6621930286626327 -0.24825056459317166
    outer loop
      vertex -1.1211417766862324 3.1211417766862324 3.5
      vertex -1.033912375415994 3.2142756605548657 3.5
      vertex -0.3591843430630652 2.6225550572599325 0
    endloop
  endfacet
  facet normal -0.7488120211204777 0.6145341440511148 -0.24825056459317185
    outer loop
      vertex -1.033912375415994 3.2142756605548657 3.5
      vertex -0.9529609864320916 3.312915213432995 3.5
      vertex -0.2409772195040597 2.766590854066194 0
    endloop
  endfacet
  facet normal -0.7874012131431114 0.5642437298897772 -0.24825056459317177
    outer loop
      vertex -0.9529609864320916 3.312915213432995 3.5
      vertex -0.8786342560100371 3.416638045611776 3.5
      vertex -0.1324435783026243 2.9180493749531586 0
    endloop
  endfacet
  facet normal -0.8226186322870341 0.5115371374527765 -0.24825056459317177
    outer loop
      vertex -0.8786342560100371 3.416638045611776 3.5
      vertex -0.811250462620345 3.5250000000000004 3.5
      vertex -0.0340481771727716 3.0762820512820515 0
    endloop
  endfacet
  facet normal -0.8543134721567935 0.4566400644605934 -0.2482505645931717
    outer loop
      vertex -0.811250462620345 3.5250000000000004 3.5
      vertex -0.7510981540112582 3.6375370540729475 3.5
      vertex 0.05378763967192376 3.2406113064405107 0
    endloop
  endfacet
  facet normal -0.8823500105821874 0.39978758860773206 -0.2482505645931717
    outer loop
      vertex -0.7510981540112582 3.6375370540729475 3.5
      vertex -0.6984349116029911 3.753767306888075 3.5
      vertex 0.1306877457789331 3.410333457329661 0
    endloop
  endfacet
  facet normal -0.9066081908014316 0.341223160923942 -0.2482505645931718
    outer loop
      vertex -0.6984349116029911 3.753767306888075 3.5
      vertex -0.6534862474845442 3.8731930426588352 3.5
      vertex 0.19632284308798673 3.5847217276431773 0
    endloop
  endfacet
  facet normal -0.9269841355626408 0.2811975632795474 -0.24825056459317174
    outer loop
      vertex -0.6534862474845442 3.8731930426588352 3.5
      vertex -0.6164446387363169 3.995302862050085 3.5
      vertex 0.25041187203592413 3.763029360035002 0
    endloop
  endfacet
  facet normal -0.9433905919421783 0.21996783449895044 -0.24825056459317177
    outer loop
      vertex -0.6164446387363169 3.995302862050085 3.5
      vertex -0.5874687032137009 4.11957387206855 3.5
      vertex 0.29272321509689087 3.9444928138489477 0
    endloop
  endfacet
  facet normal -0.9557573049750604 0.15779616968095575 -0.2482505645931718
    outer loop
      vertex -0.5874687032137009 4.11957387206855 3.5
      vertex -0.5666825203210699 4.2454739251708995 3.5
      vertex 0.32307568860414476 4.128335034717007 0
    endloop
  endfacet
  facet normal -0.9640313184975084 0.09494879743907678 -0.2482505645931717
    outer loop
      vertex -0.5666825203210699 4.2454739251708995 3.5
      vertex -0.5541750996847234 4.372463898001221 3.5
      vertex 0.34133931860633115 4.313768782025452 0
    endloop
  endfacet
  facet normal -0.9681772019133696 0.031694839869759954 -0.24825056459317182
    outer loop
      vertex -0.5541750996847234 4.372463898001221 3.5
      vertex -0.5500000000000003 4.5 3.5
      vertex 0.34743589743589753 4.5 0
    endloop
  endfacet
  facet normal -0.9681772019133696 -0.031694839869759954 -0.24825056459317177
    outer loop
      vertex -0.5500000000000003 4.5 3.5
      vertex -0.5541750996847234 4.627536101998779 3.5
      vertex 0.34133931860633115 4.686231217974548 0
    endloop
  endfacet
  facet normal 0.9557573049750604 -0.15779616968095575 -0.2482505645931717
    outer loop
      vertex -4.43331747967893 4.7545260748291005 3.5
      vertex -5.323075688604145 4.871664965282993 0
      vertex -4.412531296786299 4.88042612793145 3.5
    endloop
  endfacet
  facet normal 0.943390591942179 -0.21996783449894813 -0.24825056459317188
    outer loop
      vertex -4.412531296786299 4.88042612793145 3.5
      vertex -5.292723215096891 5.055507186151052 0
      vertex -4.383555361263683 5.004697137949916 3.5
    endloop
  endfacet
  facet normal 0.9269841355626404 -0.2811975632795483 -0.24825056459317163
    outer loop
      vertex -4.383555361263683 5.004697137949916 3.5
      vertex -5.250411872035924 5.236970639964998 0
      vertex -4.346513752515456 5.126806957341165 3.5
    endloop
  endfacet
  facet normal 0.9066081908014311 -0.34122316092394345 -0.24825056459317166
    outer loop
      vertex -4.346513752515456 5.126806957341165 3.5
      vertex -5.196322843087986 5.415278272356823 0
      vertex -4.301565088397009 5.246232693111925 3.5
    endloop
  endfacet
  facet normal 0.8823500105821881 -0.3997875886077305 -0.24825056459317169
    outer loop
      vertex -4.301565088397009 5.246232693111925 3.5
      vertex -5.130687745778933 5.589666542670339 0
      vertex -4.248901845988742 5.362462945927052 3.5
    endloop
  endfacet
  facet normal 0.854313472156793 -0.45664006446059463 -0.24825056459317174
    outer loop
      vertex -4.248901845988742 5.362462945927052 3.5
      vertex -5.053787639671924 5.759388693559489 0
      vertex -4.188749537379655 5.475 3.5
    endloop
  endfacet
  facet normal 0.8226186322870332 -0.5115371374527781 -0.2482505645931717
    outer loop
      vertex -4.188749537379655 5.475 3.5
      vertex -4.965951822827228 5.9237179487179485 0
      vertex -4.121365743989963 5.583361954388224 3.5
    endloop
  endfacet
  facet normal 0.7874012131431125 -0.5642437298897757 -0.2482505645931719
    outer loop
      vertex -4.121365743989963 5.583361954388224 3.5
      vertex -4.867556421697376 6.081950625046841 0
      vertex -4.047039013567908 5.687084786567005 3.5
    endloop
  endfacet
  facet normal 0.748812021120477 -0.6145341440511158 -0.24825056459317185
    outer loop
      vertex -4.047039013567908 5.687084786567005 3.5
      vertex -4.759022780495941 6.2334091459338055 0
      vertex -3.9660876245840058 5.785724339445134 3.5
    endloop
  endfacet
  facet normal 0.70701630106369 -0.6621930286626317 -0.24825056459317185
    outer loop
      vertex -3.9660876245840058 5.785724339445134 3.5
      vertex -4.640815656936935 6.377444942740068 0
      vertex -3.8788582233137676 5.878858223313768 3.5
    endloop
  endfacet
  facet normal 0.6621930286626317 -0.70701630106369 -0.2482505645931716
    outer loop
      vertex -3.8788582233137676 5.878858223313768 3.5
      vertex -4.513441232070925 6.513441232070925 0
      vertex -3.7857243394451343 5.966087624584006 3.5
    endloop
  endfacet
  facet normal 0.6145341440511158 -0.748812021120477 -0.24825056459317182
    outer loop
      vertex -3.7857243394451343 5.966087624584006 3.5
      vertex -4.377444942740068 6.640815656936935 0
      vertex -3.687084786567005 6.047039013567908 3.5
    endloop
  endfacet
  facet normal 0.5642437298897772 -0.7874012131431113 -0.24825056459317185
    outer loop
      vertex -3.687084786567005 6.047039013567908 3.5
      vertex -4.2334091459338055 6.759022780495941 0
      vertex -3.583361954388224 6.121365743989963 3.5
    endloop
  endfacet
  facet normal 0.5115371374527765 -0.822618632287034 -0.24825056459317194
    outer loop
      vertex -3.583361954388224 6.121365743989963 3.5
      vertex -4.081950625046842 6.867556421697376 0
      vertex -3.4749999999999996 6.188749537379655 3.5
    endloop
  endfacet
  facet normal 0.4566400644605961 -0.8543134721567922 -0.24825056459317174
    outer loop
      vertex -3.4749999999999996 6.188749537379655 3.5
      vertex -3.9237179487179485 6.965951822827228 0
      vertex -3.3624629459270525 6.248901845988742 3.5
    endloop
  endfacet
  facet normal 0.3997875886077292 -0.8823500105821888 -0.2482505645931717
    outer loop
      vertex -3.3624629459270525 6.248901845988742 3.5
      vertex -3.7593886935594893 7.053787639671924 0
      vertex -3.246232693111925 6.301565088397009 3.5
    endloop
  endfacet
  facet normal 0.34122316092394345 -0.9066081908014311 -0.24825056459317169
    outer loop
      vertex -3.246232693111925 6.301565088397009 3.5
      vertex -3.589666542670339 7.130687745778933 0
      vertex -3.1268069573411648 6.346513752515456 3.5
    endloop
  endfacet
  facet normal 0.2811975632795474 -0.9269841355626408 -0.24825056459317163
    outer loop
      vertex -3.1268069573411648 6.346513752515456 3.5
      vertex -3.4152782723568227 7.196322843087986 0
      vertex -3.004697137949915 6.383555361263683 3.5
    endloop
  endfacet
  facet normal 0.21996783449894886 -0.9433905919421788 -0.24825056459317169
    outer loop
      vertex -3.004697137949915 6.383555361263683 3.5
      vertex -3.236970639964998 7.250411872035924 0
      vertex -2.8804261279314503 6.412531296786299 3.5
    endloop
  endfacet
  facet normal 0.15779616968095575 -0.9557573049750604 -0.24825056459317185
    outer loop
      vertex -2.8804261279314503 6.412531296786299 3.5
      vertex -3.0555071861510523 7.292723215096891 0
      vertex -2.7545260748291005 6.43331747967893 3.5
    endloop
  endfacet
  facet normal 0.09494879743907644 -0.9640313184975084 -0.2482505645931717
    outer loop
      vertex -2.7545260748291005 6.43331747967893 3.5
      vertex -2.871664965282993 7.323075688604145 0
      vertex -2.627536101998779 6.4458249003152766 3.5
    endloop
  endfacet
  facet normal 0.0316948398697567 -0.9681772019133698 -0.2482505645931717
    outer loop
      vertex -2.627536101998779 6.4458249003152766 3.5
      vertex -2.6862312179745484 7.341339318606331 0
      vertex -2.5 6.449999999999999 3.5
    endloop
  endfacet
  facet normal -0.0316948398697567 -0.9681772019133698 -0.24825056459317185
    outer loop
      vertex -2.5 6.449999999999999 3.5
      vertex -2.5 7.347435897435897 0
      vertex -2.372463898001221 6.4458249003152766 3.5
    endloop
  endfacet
  facet normal -0.09494879743907644 -0.9640313184975084 -0.24825056459317174
    outer loop
      vertex -2.372463898001221 6.4458249003152766 3.5
      vertex -2.3137687820254516 7.341339318606331 0
      vertex -2.2454739251708995 6.43331747967893 3.5
    endloop
  endfacet
  facet normal -0.15779616968095575 -0.9557573049750604 -0.2482505645931717
    outer loop
      vertex -2.2454739251708995 6.43331747967893 3.5
      vertex -2.128335034717007 7.323075688604145 0
      vertex -2.1195738720685497 6.412531296786299 3.5
    endloop
  endfacet
  facet normal -0.21996783449894886 -0.9433905919421788 -0.24825056459317185
    outer loop
      vertex -1.9953028620500848 6.383555361263683 3.5
      vertex -2.1195738720685497 6.412531296786299 3.5
      vertex -1.9444928138489477 7.292723215096891 0
    endloop
  endfacet
  facet normal -0.2811975632795469 -0.9269841355626409 -0.2482505645931717
    outer loop
      vertex -1.9953028620500848 6.383555361263683 3.5
      vertex -1.7630293600350018 7.250411872035924 0
      vertex -1.873193042658835 6.346513752515456 3.5
    endloop
  endfacet
  facet normal -0.34122316092394456 -0.9066081908014306 -0.24825056459317163
    outer loop
      vertex -1.873193042658835 6.346513752515456 3.5
      vertex -1.584721727643177 7.196322843087986 0
      vertex -1.753767306888075 6.301565088397009 3.5
    endloop
  endfacet
  facet normal -0.3997875886077286 -0.882350010582189 -0.2482505645931717
    outer loop
      vertex -1.6375370540729475 6.248901845988742 3.5
      vertex -1.753767306888075 6.301565088397009 3.5
      vertex -1.410333457329661 7.130687745778933 0
    endloop
  endfacet
  facet normal -0.7874012131431126 -0.5642437298897757 -0.24825056459317177
    outer loop
      vertex -0.8786342560100371 5.583361954388224 3.5
      vertex -0.9529609864320916 5.687084786567005 3.5
      vertex -0.2409772195040597 6.2334091459338055 0
    endloop
  endfacet
  facet normal -0.9640313184975084 -0.09494879743907678 -0.24825056459317177
    outer loop
      vertex -0.5541750996847234 4.627536101998779 3.5
      vertex -0.5666825203210699 4.7545260748291005 3.5
      vertex 0.32307568860414476 4.871664965282993 0
    endloop
  endfacet
  facet normal -0.9557573049750604 -0.15779616968095575 -0.2482505645931718
    outer loop
      vertex -0.5666825203210699 4.7545260748291005 3.5
      vertex -0.5874687032137009 4.88042612793145 3.5
      vertex 0.29272321509689087 5.055507186151052 0
    endloop
  endfacet
  facet normal -0.9433905919421787 -0.21996783449894972 -0.2482505645931717
    outer loop
      vertex -0.5874687032137009 4.88042612793145 3.5
      vertex -0.6164446387363169 5.004697137949916 3.5
      vertex 0.25041187203592413 5.236970639964998 0
    endloop
  endfacet
  facet normal -0.9269841355626404 -0.2811975632795483 -0.2482505645931718
    outer loop
      vertex -0.6164446387363169 5.004697137949916 3.5
      vertex -0.6534862474845442 5.126806957341165 3.5
      vertex 0.19632284308798673 5.415278272356823 0
    endloop
  endfacet
  facet normal -0.9066081908014317 -0.341223160923942 -0.24825056459317177
    outer loop
      vertex -0.6534862474845442 5.126806957341165 3.5
      vertex -0.6984349116029911 5.246232693111925 3.5
      vertex 0.1306877457789331 5.589666542670339 0
    endloop
  endfacet
  facet normal -0.8543134721567944 -0.456640064460592 -0.24825056459317177
    outer loop
      vertex -0.7510981540112582 5.362462945927052 3.5
      vertex -0.811250462620345 5.475 3.5
      vertex -0.0340481771727716 5.9237179487179485 0
    endloop
  endfacet
  facet normal -0.8823500105821869 -0.3997875886077333 -0.2482505645931718
    outer loop
      vertex -0.6984349116029911 5.246232693111925 3.5
      vertex -0.7510981540112582 5.362462945927052 3.5
      vertex 0.05378763967192376 5.759388693559489 0
    endloop
  endfacet
  facet normal -0.8226186322870331 -0.5115371374527781 -0.24825056459317177
    outer loop
      vertex -0.8786342560100371 5.583361954388224 3.5
      vertex -0.1324435783026243 6.081950625046841 0
      vertex -0.811250462620345 5.475 3.5
    endloop
  endfacet
  facet normal -0.5115371374527773 -0.8226186322870337 -0.2482505645931717
    outer loop
      vertex -1.5250000000000001 6.188749537379655 3.5
      vertex -1.0762820512820512 6.965951822827228 0
      vertex -1.416638045611776 6.121365743989963 3.5
    endloop
  endfacet
  facet normal -0.6145341440511176 -0.7488120211204757 -0.24825056459317188
    outer loop
      vertex -1.3129152134329949 6.047039013567908 3.5
      vertex -0.7665908540661942 6.759022780495941 0
      vertex -1.214275660554866 5.966087624584006 3.5
    endloop
  endfacet
  facet normal -0.5642437298897764 -0.787401213143112 -0.24825056459317194
    outer loop
      vertex -1.3129152134329949 6.047039013567908 3.5
      vertex -1.416638045611776 6.121365743989963 3.5
      vertex -0.9180493749531584 6.867556421697376 0
    endloop
  endfacet
  facet normal -0.662193028662631 -0.7070163010636907 -0.2482505645931719
    outer loop
      vertex -1.1211417766862324 5.878858223313768 3.5
      vertex -1.214275660554866 5.966087624584006 3.5
      vertex -0.6225550572599322 6.640815656936935 0
    endloop
  endfacet
  facet normal -0.7070163010636892 -0.6621930286626327 -0.24825056459317169
    outer loop
      vertex -1.1211417766862324 5.878858223313768 3.5
      vertex -0.48655876792907427 6.513441232070925 0
      vertex -1.033912375415994 5.785724339445134 3.5
    endloop
  endfacet
  facet normal -0.7488120211204778 -0.614534144051115 -0.24825056459317174
    outer loop
      vertex -0.9529609864320916 5.687084786567005 3.5
      vertex -1.033912375415994 5.785724339445134 3.5
      vertex -0.3591843430630652 6.377444942740068 0
    endloop
  endfacet
  facet normal -0.45664006446059535 -0.8543134721567927 -0.2482505645931717
    outer loop
      vertex -1.6375370540729475 6.248901845988742 3.5
      vertex -1.2406113064405104 7.053787639671924 0
      vertex -1.5250000000000001 6.188749537379655 3.5
    endloop
  endfacet
  facet normal 0 0 -1
    outer loop
      vertex -4.248901845988742 3.6375370540729475 3.5
      vertex -4.301565088397009 3.753767306888075 3.5
      vertex -4.301565088397009 5.246232693111925 3.5
    endloop
  endfacet
  facet normal 0 0 -1
    outer loop
      vertex -4.301565088397009 3.753767306888075 3.5
      vertex -4.346513752515456 3.8731930426588352 3.5
      vertex -4.346513752515456 5.126806957341165 3.5
    endloop
  endfacet
  facet normal 0 0 -1
    outer loop
      vertex -4.346513752515456 3.8731930426588352 3.5
      vertex -4.383555361263683 3.995302862050085 3.5
      vertex -4.383555361263683 5.004697137949916 3.5
    endloop
  endfacet
  facet normal 0 0 -1
    outer loop
      vertex -4.412531296786299 4.11957387206855 3.5
      vertex -4.43331747967893 4.2454739251708995 3.5
      vertex -4.43331747967893 4.7545260748291005 3.5
    endloop
  endfacet
  facet normal 0 0 -1
    outer loop
      vertex -4.383555361263683 3.995302862050085 3.5
      vertex -4.412531296786299 4.11957387206855 3.5
      vertex -4.412531296786299 4.88042612793145 3.5
    endloop
  endfacet
  facet normal 0 0 -1
    outer loop
      vertex -4.43331747967893 4.2454739251708995 3.5
      vertex -4.4458249003152766 4.372463898001221 3.5
      vertex -4.4458249003152766 4.627536101998779 3.5
    endloop
  endfacet
  facet normal 0 0 -1
    outer loop
      vertex -4.4458249003152766 4.372463898001221 3.5
      vertex -4.449999999999999 4.5 3.5
      vertex -4.4458249003152766 4.627536101998779 3.5
    endloop
  endfacet
  facet normal 0 0 -1
    outer loop
      vertex -4.43331747967893 4.2454739251708995 3.5
      vertex -4.4458249003152766 4.627536101998779 3.5
      vertex -4.43331747967893 4.7545260748291005 3.5
    endloop
  endfacet
  facet normal 0 0 -1
    outer loop
      vertex -4.412531296786299 4.11957387206855 3.5
      vertex -4.43331747967893 4.7545260748291005 3.5
      vertex -4.412531296786299 4.88042612793145 3.5
    endloop
  endfacet
  facet normal 0 0 -1
    outer loop
      vertex -4.383555361263683 3.995302862050085 3.5
      vertex -4.412531296786299 4.88042612793145 3.5
      vertex -4.383555361263683 5.004697137949916 3.5
    endloop
  endfacet
  facet normal 0 0 -1
    outer loop
      vertex -4.346513752515456 3.8731930426588352 3.5
      vertex -4.383555361263683 5.004697137949916 3.5
      vertex -4.346513752515456 5.126806957341165 3.5
    endloop
  endfacet
  facet normal 0 0 -1
    outer loop
      vertex -4.301565088397009 3.753767306888075 3.5
      vertex -4.346513752515456 5.126806957341165 3.5
      vertex -4.301565088397009 5.246232693111925 3.5
    endloop
  endfacet
  facet normal 0 0 -1
    outer loop
      vertex -4.047039013567908 3.312915213432995 3.5
      vertex -4.121365743989963 3.416638045611776 3.5
      vertex -4.121365743989963 5.583361954388224 3.5
    endloop
  endfacet
  facet normal 0 0 -1
    outer loop
      vertex -4.047039013567908 3.312915213432995 3.5
      vertex -4.047039013567908 5.687084786567005 3.5
      vertex -3.9660876245840058 3.2142756605548657 3.5
    endloop
  endfacet
  facet normal 0 0 -1
    outer loop
      vertex -3.9660876245840058 3.2142756605548657 3.5
      vertex -3.9660876245840058 5.785724339445134 3.5
      vertex -3.8788582233137676 3.1211417766862324 3.5
    endloop
  endfacet
  facet normal 0 0 -1
    outer loop
      vertex -3.7857243394451343 3.0339123754159942 3.5
      vertex -3.8788582233137676 3.1211417766862324 3.5
      vertex -3.8788582233137676 5.878858223313768 3.5
    endloop
  endfacet
  facet normal 0 0 -1
    outer loop
      vertex -3.583361954388224 2.878634256010037 3.5
      vertex -3.687084786567005 2.9529609864320916 3.5
      vertex -3.687084786567005 6.047039013567908 3.5
    endloop
  endfacet
  facet normal 0 0 -1
    outer loop
      vertex -3.7857243394451343 3.0339123754159942 3.5
      vertex -3.7857243394451343 5.966087624584006 3.5
      vertex -3.687084786567005 2.9529609864320916 3.5
    endloop
  endfacet
  facet normal 0 0 -1
    outer loop
      vertex -3.583361954388224 2.878634256010037 3.5
      vertex -3.583361954388224 6.121365743989963 3.5
      vertex -3.4749999999999996 2.811250462620345 3.5
    endloop
  endfacet
  facet normal 0 0 -1
    outer loop
      vertex -3.3624629459270525 2.7510981540112582 3.5
      vertex -3.4749999999999996 2.811250462620345 3.5
      vertex -3.4749999999999996 6.188749537379655 3.5
    endloop
  endfacet
  facet normal 0 0 -1
    outer loop
      vertex -4.248901845988742 3.6375370540729475 3.5
      vertex -4.248901845988742 5.362462945927052 3.5
      vertex -4.188749537379655 3.5250000000000004 3.5
    endloop
  endfacet
  facet normal 0 0 -1
    outer loop
      vertex -4.121365743989963 3.416638045611776 3.5
      vertex -4.188749537379655 3.5250000000000004 3.5
      vertex -4.188749537379655 5.475 3.5
    endloop
  endfacet
  facet normal 0 0 -1
    outer loop
      vertex -3.3624629459270525 2.7510981540112582 3.5
      vertex -3.3624629459270525 6.248901845988742 3.5
      vertex -3.246232693111925 2.698434911602991 3.5
    endloop
  endfacet
  facet normal 0 0 -1
    outer loop
      vertex -3.1268069573411648 2.653486247484544 3.5
      vertex -3.246232693111925 2.698434911602991 3.5
      vertex -3.246232693111925 6.301565088397009 3.5
    endloop
  endfacet
  facet normal 0 0 -1
    outer loop
      vertex -3.1268069573411648 2.653486247484544 3.5
      vertex -3.1268069573411648 6.346513752515456 3.5
      vertex -3.004697137949915 2.6164446387363167 3.5
    endloop
  endfacet
  facet normal 0 0 -1
    outer loop
      vertex -3.004697137949915 2.6164446387363167 3.5
      vertex -3.004697137949915 6.383555361263683 3.5
      vertex -2.8804261279314503 2.587468703213701 3.5
    endloop
  endfacet
  facet normal 0 0 -1
    outer loop
      vertex -2.8804261279314503 2.587468703213701 3.5
      vertex -2.8804261279314503 6.412531296786299 3.5
      vertex -2.7545260748291005 2.56668252032107 3.5
    endloop
  endfacet
  facet normal 0 0 -1
    outer loop
      vertex -2.7545260748291005 2.56668252032107 3.5
      vertex -2.7545260748291005 6.43331747967893 3.5
      vertex -2.627536101998779 2.5541750996847234 3.5
    endloop
  endfacet
  facet normal 0 0 -1
    outer loop
      vertex -2.627536101998779 2.5541750996847234 3.5
      vertex -2.627536101998779 6.4458249003152766 3.5
      vertex -2.5 2.5500000000000003 3.5
    endloop
  endfacet
  facet normal 0 0 -1
    outer loop
      vertex -2.5 2.5500000000000003 3.5
      vertex -2.5 6.449999999999999 3.5
      vertex -2.372463898001221 2.5541750996847234 3.5
    endloop
  endfacet
  facet normal 0 0 -1
    outer loop
      vertex -2.372463898001221 2.5541750996847234 3.5
      vertex -2.372463898001221 6.4458249003152766 3.5
      vertex -2.2454739251708995 2.56668252032107 3.5
    endloop
  endfacet
  facet normal 0 0 -1
    outer loop
      vertex -2.2454739251708995 2.56668252032107 3.5
      vertex -2.2454739251708995 6.43331747967893 3.5
      vertex -2.1195738720685497 2.587468703213701 3.5
    endloop
  endfacet
  facet normal 0 0 -1
    outer loop
      vertex -2.1195738720685497 2.587468703213701 3.5
      vertex -2.1195738720685497 6.412531296786299 3.5
      vertex -1.9953028620500848 2.6164446387363167 3.5
    endloop
  endfacet
  facet normal 0 0 -1
    outer loop
      vertex -1.9953028620500848 2.6164446387363167 3.5
      vertex -1.9953028620500848 6.383555361263683 3.5
      vertex -1.873193042658835 2.653486247484544 3.5
    endloop
  endfacet
  facet normal 0 0 -1
    outer loop
      vertex -1.873193042658835 2.653486247484544 3.5
      vertex -1.873193042658835 6.346513752515456 3.5
      vertex -1.753767306888075 2.698434911602991 3.5
    endloop
  endfacet
  facet normal 0 0 -1
    outer loop
      vertex -1.753767306888075 2.698434911602991 3.5
      vertex -1.753767306888075 6.301565088397009 3.5
      vertex -1.6375370540729475 2.7510981540112582 3.5
    endloop
  endfacet
  facet normal 0 0 -1
    outer loop
      vertex -1.6375370540729475 2.7510981540112582 3.5
      vertex -1.6375370540729475 6.248901845988742 3.5
      vertex -1.5250000000000001 2.811250462620345 3.5
    endloop
  endfacet
  facet normal 0 0 -1
    outer loop
      vertex -1.5250000000000001 2.811250462620345 3.5
      vertex -1.5250000000000001 6.188749537379655 3.5
      vertex -1.416638045611776 2.878634256010037 3.5
    endloop
  endfacet
  facet normal 0 0 -1
    outer loop
      vertex -1.416638045611776 2.878634256010037 3.5
      vertex -1.416638045611776 6.121365743989963 3.5
      vertex -1.3129152134329949 2.9529609864320916 3.5
    endloop
  endfacet
  facet normal 0 0 -1
    outer loop
      vertex -1.3129152134329949 2.9529609864320916 3.5
      vertex -1.3129152134329949 6.047039013567908 3.5
      vertex -1.214275660554866 3.0339123754159942 3.5
    endloop
  endfacet
  facet normal 0 0 -1
    outer loop
      vertex -1.214275660554866 3.0339123754159942 3.5
      vertex -1.214275660554866 5.966087624584006 3.5
      vertex -1.1211417766862324 3.1211417766862324 3.5
    endloop
  endfacet
  facet normal 0 0 -1
    outer loop
      vertex -1.1211417766862324 3.1211417766862324 3.5
      vertex -1.1211417766862324 5.878858223313768 3.5
      vertex -1.033912375415994 3.2142756605548657 3.5
    endloop
  endfacet
  facet normal 0 0 -1
    outer loop
      vertex -1.033912375415994 3.2142756605548657 3.5
      vertex -1.033912375415994 5.785724339445134 3.5
      vertex -0.9529609864320916 3.312915213432995 3.5
    endloop
  endfacet
  facet normal 0 0 -1
    outer loop
      vertex -0.9529609864320916 3.312915213432995 3.5
      vertex -0.9529609864320916 5.687084786567005 3.5
      vertex -0.8786342560100371 3.416638045611776 3.5
    endloop
  endfacet
  facet normal 0 0 -1
    outer loop
      vertex -0.8786342560100371 3.416638045611776 3.5
      vertex -0.8786342560100371 5.583361954388224 3.5
      vertex -0.811250462620345 3.5250000000000004 3.5
    endloop
  endfacet
  facet normal 0 0 -1
    outer loop
      vertex -0.811250462620345 3.5250000000000004 3.5
      vertex -0.811250462620345 5.475 3.5
      vertex -0.7510981540112582 3.6375370540729475 3.5
    endloop
  endfacet
  facet normal 0 0 -1
    outer loop
      vertex -0.7510981540112582 3.6375370540729475 3.5
      vertex -0.7510981540112582 5.362462945927052 3.5
      vertex -0.6984349116029911 3.753767306888075 3.5
    endloop
  endfacet
  facet normal 0 0 -1
    outer loop
      vertex -0.6984349116029911 3.753767306888075 3.5
      vertex -0.6984349116029911 5.246232693111925 3.5
      vertex -0.6534862474845442 3.8731930426588352 3.5
    endloop
  endfacet
  facet normal 0 0 -1
    outer loop
      vertex -0.6534862474845442 3.8731930426588352 3.5
      vertex -0.6534862474845442 5.126806957341165 3.5
      vertex -0.6164446387363169 3.995302862050085 3.5
    endloop
  endfacet
  facet normal 0 0 -1
    outer loop
      vertex -0.6164446387363169 3.995302862050085 3.5
      vertex -0.6534862474845442 5.126806957341165 3.5
      vertex -0.6164446387363169 5.004697137949916 3.5
    endloop
  endfacet
  facet normal 0 0 -1
    outer loop
      vertex -0.6164446387363169 3.995302862050085 3.5
      vertex -0.6164446387363169 5.004697137949916 3.5
      vertex -0.5874687032137009 4.11957387206855 3.5
    endloop
  endfacet
  facet normal 0 0 -1
    outer loop
      vertex -0.5874687032137009 4.11957387206855 3.5
      vertex -0.5874687032137009 4.88042612793145 3.5
      vertex -0.5666825203210699 4.2454739251708995 3.5
    endloop
  endfacet
  facet normal 0 0 -1
    outer loop
      vertex -0.5666825203210699 4.2454739251708995 3.5
      vertex -0.5666825203210699 4.7545260748291005 3.5
      vertex -0.5541750996847234 4.372463898001221 3.5
    endloop
  endfacet
  facet normal 0 0 -1
    outer loop
      vertex -0.5541750996847234 4.372463898001221 3.5
      vertex -0.5541750996847234 4.627536101998779 3.5
      vertex -0.5500000000000003 4.5 3.5
    endloop
  endfacet
  facet normal 0 0 -1
    outer loop
      vertex -0.5541750996847234 4.372463898001221 3.5
      vertex -0.5666825203210699 4.7545260748291005 3.5
      vertex -0.5541750996847234 4.627536101998779 3.5
    endloop
  endfacet
  facet normal 0 0 -1
    outer loop
      vertex -0.5874687032137009 4.11957387206855 3.5
      vertex -0.6164446387363169 5.004697137949916 3.5
      vertex -0.5874687032137009 4.88042612793145 3.5
    endloop
  endfacet
  facet normal 0 0 -1
    outer loop
      vertex -0.5666825203210699 4.2454739251708995 3.5
      vertex -0.5874687032137009 4.88042612793145 3.5
      vertex -0.5666825203210699 4.7545260748291005 3.5
    endloop
  endfacet
  facet normal 0 0 -1
    outer loop
      vertex -4.248901845988742 3.6375370540729475 3.5
      vertex -4.301565088397009 5.246232693111925 3.5
      vertex -4.248901845988742 5.362462945927052 3.5
    endloop
  endfacet
  facet normal 0 0 -1
    outer loop
      vertex -4.188749537379655 3.5250000000000004 3.5
      vertex -4.248901845988742 5.362462945927052 3.5
      vertex -4.188749537379655 5.475 3.5
    endloop
  endfacet
  facet normal 0 0 -1
    outer loop
      vertex -4.121365743989963 3.416638045611776 3.5
      vertex -4.188749537379655 5.475 3.5
      vertex -4.121365743989963 5.583361954388224 3.5
    endloop
  endfacet
  facet normal 0 0 -1
    outer loop
      vertex -4.047039013567908 3.312915213432995 3.5
      vertex -4.121365743989963 5.583361954388224 3.5
      vertex -4.047039013567908 5.687084786567005 3.5
    endloop
  endfacet
  facet normal 0 0 -1
    outer loop
      vertex -3.9660876245840058 3.2142756605548657 3.5
      vertex -4.047039013567908 5.687084786567005 3.5
      vertex -3.9660876245840058 5.785724339445134 3.5
    endloop
  endfacet
  facet normal 0 0 -1
    outer loop
      vertex -3.8788582233137676 3.1211417766862324 3.5
      vertex -3.9660876245840058 5.785724339445134 3.5
      vertex -3.8788582233137676 5.878858223313768 3.5
    endloop
  endfacet
  facet normal 0 0 -1
    outer loop
      vertex -3.7857243394451343 3.0339123754159942 3.5
      vertex -3.8788582233137676 5.878858223313768 3.5
      vertex -3.7857243394451343 5.966087624584006 3.5
    endloop
  endfacet
  facet normal 0 0 -1
    outer loop
      vertex -3.687084786567005 2.9529609864320916 3.5
      vertex -3.7857243394451343 5.966087624584006 3.5
      vertex -3.687084786567005 6.047039013567908 3.5
    endloop
  endfacet
  facet normal 0 0 -1
    outer loop
      vertex -3.583361954388224 2.878634256010037 3.5
      vertex -3.687084786567005 6.047039013567908 3.5
      vertex -3.583361954388224 6.121365743989963 3.5
    endloop
  endfacet
  facet normal 0 0 -1
    outer loop
      vertex -3.4749999999999996 2.811250462620345 3.5
      vertex -3.583361954388224 6.121365743989963 3.5
      vertex -3.4749999999999996 6.188749537379655 3.5
    endloop
  endfacet
  facet normal 0 0 -1
    outer loop
      vertex -3.3624629459270525 2.7510981540112582 3.5
      vertex -3.4749999999999996 6.188749537379655 3.5
      vertex -3.3624629459270525 6.248901845988742 3.5
    endloop
  endfacet
  facet normal 0 0 -1
    outer loop
      vertex -3.246232693111925 2.698434911602991 3.5
      vertex -3.3624629459270525 6.248901845988742 3.5
      vertex -3.246232693111925 6.301565088397009 3.5
    endloop
  endfacet
  facet normal 0 0 -1
    outer loop
      vertex -3.1268069573411648 2.653486247484544 3.5
      vertex -3.246232693111925 6.301565088397009 3.5
      vertex -3.1268069573411648 6.346513752515456 3.5
    endloop
  endfacet
  facet normal 0 0 -1
    outer loop
      vertex -3.004697137949915 2.6164446387363167 3.5
      vertex -3.1268069573411648 6.346513752515456 3.5
      vertex -3.004697137949915 6.383555361263683 3.5
    endloop
  endfacet
  facet normal 0 0 -1
    outer loop
      vertex -2.8804261279314503 2.587468703213701 3.5
      vertex -3.004697137949915 6.383555361263683 3.5
      vertex -2.8804261279314503 6.412531296786299 3.5
    endloop
  endfacet
  facet normal 0 0 -1
    outer loop
      vertex -2.7545260748291005 2.56668252032107 3.5
      vertex -2.8804261279314503 6.412531296786299 3.5
      vertex -2.7545260748291005 6.43331747967893 3.5
    endloop
  endfacet
  facet normal 0 0 -1
    outer loop
      vertex -2.627536101998779 2.5541750996847234 3.5
      vertex -2.7545260748291005 6.43331747967893 3.5
      vertex -2.627536101998779 6.4458249003152766 3.5
    endloop
  endfacet
  facet normal 0 0 -1
    outer loop
      vertex -2.5 2.5500000000000003 3.5
      vertex -2.627536101998779 6.4458249003152766 3.5
      vertex -2.5 6.449999999999999 3.5
    endloop
  endfacet
  facet normal 0 0 -1
    outer loop
      vertex -2.372463898001221 2.5541750996847234 3.5
      vertex -2.5 6.449999999999999 3.5
      vertex -2.372463898001221 6.4458249003152766 3.5
    endloop
  endfacet
  facet normal 0 0 -1
    outer loop
      vertex -2.2454739251708995 2.56668252032107 3.5
      vertex -2.372463898001221 6.4458249003152766 3.5
      vertex -2.2454739251708995 6.43331747967893 3.5
    endloop
  endfacet
  facet normal 0 0 -1
    outer loop
      vertex -2.1195738720685497 2.587468703213701 3.5
      vertex -2.2454739251708995 6.43331747967893 3.5
      vertex -2.1195738720685497 6.412531296786299 3.5
    endloop
  endfacet
  facet normal 0 0 -1
    outer loop
      vertex -1.9953028620500848 2.6164446387363167 3.5
      vertex -2.1195738720685497 6.412531296786299 3.5
      vertex -1.9953028620500848 6.383555361263683 3.5
    endloop
  endfacet
  facet normal 0 0 -1
    outer loop
      vertex -1.873193042658835 2.653486247484544 3.5
      vertex -1.9953028620500848 6.383555361263683 3.5
      vertex -1.873193042658835 6.346513752515456 3.5
    endloop
  endfacet
  facet normal 0 0 -1
    outer loop
      vertex -1.753767306888075 2.698434911602991 3.5
      vertex -1.873193042658835 6.346513752515456 3.5
      vertex -1.753767306888075 6.301565088397009 3.5
    endloop
  endfacet
  facet normal 0 0 -1
    outer loop
      vertex -1.6375370540729475 2.7510981540112582 3.5
      vertex -1.753767306888075 6.301565088397009 3.5
      vertex -1.6375370540729475 6.248901845988742 3.5
    endloop
  endfacet
  facet normal 0 0 -1
    outer loop
      vertex -1.5250000000000001 2.811250462620345 3.5
      vertex -1.6375370540729475 6.248901845988742 3.5
      vertex -1.5250000000000001 6.188749537379655 3.5
    endloop
  endfacet
  facet normal 0 0 -1
    outer loop
      vertex -1.1211417766862324 3.1211417766862324 3.5
      vertex -1.214275660554866 5.966087624584006 3.5
      vertex -1.1211417766862324 5.878858223313768 3.5
    endloop
  endfacet
  facet normal 0 0 -1
    outer loop
      vertex -1.416638045611776 2.878634256010037 3.5
      vertex -1.5250000000000001 6.188749537379655 3.5
      vertex -1.416638045611776 6.121365743989963 3.5
    endloop
  endfacet
  facet normal 0 0 -1
    outer loop
      vertex -1.3129152134329949 2.9529609864320916 3.5
      vertex -1.416638045611776 6.121365743989963 3.5
      vertex -1.3129152134329949 6.047039013567908 3.5
    endloop
  endfacet
  facet normal 0 0 -1
    outer loop
      vertex -1.214275660554866 3.0339123754159942 3.5
      vertex -1.3129152134329949 6.047039013567908 3.5
      vertex -1.214275660554866 5.966087624584006 3.5
    endloop
  endfacet
  facet normal 0 0 -1
    outer loop
      vertex -1.033912375415994 3.2142756605548657 3.5
      vertex -1.1211417766862324 5.878858223313768 3.5
      vertex -1.033912375415994 5.785724339445134 3.5
    endloop
  endfacet
  facet normal 0 0 -1
    outer loop
      vertex -0.9529609864320916 3.312915213432995 3.5
      vertex -1.033912375415994 5.785724339445134 3.5
      vertex -0.9529609864320916 5.687084786567005 3.5
    endloop
  endfacet
  facet normal 0 0 -1
    outer loop
      vertex -0.8786342560100371 3.416638045611776 3.5
      vertex -0.9529609864320916 5.687084786567005 3.5
      vertex -0.8786342560100371 5.583361954388224 3.5
    endloop
  endfacet
  facet normal 0 0 -1
    outer loop
      vertex -0.6534862474845442 3.8731930426588352 3.5
      vertex -0.6984349116029911 5.246232693111925 3.5
      vertex -0.6534862474845442 5.126806957341165 3.5
    endloop
  endfacet
  facet normal 0 0 -1
    outer loop
      vertex -0.6984349116029911 3.753767306888075 3.5
      vertex -0.7510981540112582 5.362462945927052 3.5
      vertex -0.6984349116029911 5.246232693111925 3.5
    endloop
  endfacet
  facet normal 0 0 -1
    outer loop
      vertex -0.7510981540112582 3.6375370540729475 3.5
      vertex -0.811250462620345 5.475 3.5
      vertex -0.7510981540112582 5.362462945927052 3.5
    endloop
  endfacet
  facet normal 0 0 -1
    outer loop
      vertex -0.811250462620345 3.5250000000000004 3.5
      vertex -0.8786342560100371 5.583361954388224 3.5
      vertex -0.811250462620345 5.475 3.5
    endloop
  endfacet
  facet normal 0.7070163010636621 0.6621930286626599 -0.24825056459317613
    outer loop
      vertex -3.9660876245840058 144.95427566055488 3.5
      vertex -4.513441232070925 144.22655876792908 0
      vertex -4.640815656936935 144.36255505725993 0
    endloop
  endfacet
  facet normal 0.787401213143158 0.5642437298897138 -0.24825056459316863
    outer loop
      vertex -4.121365743989963 145.15663804561177 3.5
      vertex -4.759022780495941 144.5065908540662 0
      vertex -4.867556421697376 144.65804937495318 0
    endloop
  endfacet
  facet normal 0.7488120211204798 0.6145341440511108 -0.24825056459317527
    outer loop
      vertex -4.047039013567908 145.052915213433 3.5
      vertex -4.640815656936935 144.36255505725993 0
      vertex -4.759022780495941 144.5065908540662 0
    endloop
  endfacet
  facet normal 0.5115371374528164 0.8226186322870099 -0.24825056459317013
    outer loop
      vertex -3.583361954388224 144.61863425601004 3.5
      vertex -3.9237179487179485 143.77404817717277 0
      vertex -4.081950625046842 143.87244357830264 0
    endloop
  endfacet
  facet normal 0.5642437298897699 0.787401213143117 -0.24825056459317105
    outer loop
      vertex -3.687084786567005 144.6929609864321 3.5
      vertex -4.081950625046842 143.87244357830264 0
      vertex -4.2334091459338055 143.98097721950407 0
    endloop
  endfacet
  facet normal 0.39978758860777147 0.8823500105821694 -0.24825056459317252
    outer loop
      vertex -3.3624629459270525 144.49109815401127 3.5
      vertex -3.589666542670339 143.60931225422107 0
      vertex -3.7593886935594893 143.68621236032808 0
    endloop
  endfacet
  facet normal 0.34122316092388566 0.9066081908014526 -0.24825056459317274
    outer loop
      vertex -3.246232693111925 144.438434911603 3.5
      vertex -3.4152782723568227 143.54367715691203 0
      vertex -3.589666542670339 143.60931225422107 0
    endloop
  endfacet
  facet normal 0.45664006446056254 0.8543134721568102 -0.2482505645931712
    outer loop
      vertex -3.4749999999999996 144.55125046262035 3.5
      vertex -3.7593886935594893 143.68621236032808 0
      vertex -3.9237179487179485 143.77404817717277 0
    endloop
  endfacet
  facet normal 0.6621930286625832 0.7070163010637346 -0.24825056459317446
    outer loop
      vertex -3.8788582233137676 144.86114177668625 3.5
      vertex -4.377444942740068 144.0991843430631 0
      vertex -4.513441232070925 144.22655876792908 0
    endloop
  endfacet
  facet normal 0.6145341440511527 0.7488120211204484 -0.24825056459316686
    outer loop
      vertex -3.7857243394451343 144.773912375416 3.5
      vertex -4.2334091459338055 143.98097721950407 0
      vertex -4.377444942740068 144.0991843430631 0
    endloop
  endfacet
  facet normal 0.8543134721567983 0.4566400644605854 -0.24825056459317005
    outer loop
      vertex -4.248901845988742 145.37753705407295 3.5
      vertex -4.965951822827228 144.81628205128206 0
      vertex -5.053787639671924 144.98061130644052 0
    endloop
  endfacet
  facet normal 0.882350010582195 0.3997875886077155 -0.2482505645931713
    outer loop
      vertex -4.301565088397009 145.4937673068881 3.5
      vertex -5.053787639671924 144.98061130644052 0
      vertex -5.130687745778933 145.15033345732968 0
    endloop
  endfacet
  facet normal 0.9066081908014206 0.3412231609239704 -0.2482505645931725
    outer loop
      vertex -4.346513752515456 145.61319304265885 3.5
      vertex -5.130687745778933 145.15033345732968 0
      vertex -5.196322843087986 145.32472172764318 0
    endloop
  endfacet
  facet normal 0.8226186322870157 0.5115371374528058 -0.24825056459317235
    outer loop
      vertex -4.188749537379655 145.26500000000001 3.5
      vertex -4.867556421697376 144.65804937495318 0
      vertex -4.965951822827228 144.81628205128206 0
    endloop
  endfacet
  facet normal 0.9433905919421748 0.21996783449896634 -0.24825056459317185
    outer loop
      vertex -4.412531296786299 145.85957387206855 3.5
      vertex -5.250411872035924 145.50302936003501 0
      vertex -5.292723215096891 145.68449281384895 0
    endloop
  endfacet
  facet normal 0.9269841355626448 0.28119756327953355 -0.2482505645931724
    outer loop
      vertex -4.383555361263683 145.7353028620501 3.5
      vertex -5.196322843087986 145.32472172764318 0
      vertex -5.250411872035924 145.50302936003501 0
    endloop
  endfacet
  facet normal 0.9557573049750604 0.15779616968095417 -0.2482505645931721
    outer loop
      vertex -4.43331747967893 145.9854739251709 3.5
      vertex -5.292723215096891 145.68449281384895 0
      vertex -5.323075688604145 145.868335034717 0
    endloop
  endfacet
  facet normal 0.9640313184975088 0.09494879743907395 -0.24825056459317205
    outer loop
      vertex -4.4458249003152766 146.11246389800124 3.5
      vertex -5.323075688604145 145.868335034717 0
      vertex -5.341339318606331 146.05376878202546 0
    endloop
  endfacet
  facet normal 0.2811975632795694 0.9269841355626337 -0.24825056459317293
    outer loop
      vertex -3.1268069573411648 144.39348624748456 3.5
      vertex -3.236970639964998 143.48958812796408 0
      vertex -3.4152782723568227 143.54367715691203 0
    endloop
  endfacet
  facet normal 0.15779616968086346 0.9557573049750752 -0.2482505645931734
    outer loop
      vertex -2.8804261279314503 144.3274687032137 3.5
      vertex -2.871664965282993 143.41692431139586 0
      vertex -3.0555071861510523 143.4472767849031 0
    endloop
  endfacet
  facet normal 0.21996783449905277 0.9433905919421546 -0.2482505645931716
    outer loop
      vertex -3.004697137949915 144.35644463873632 3.5
      vertex -3.0555071861510523 143.4472767849031 0
      vertex -3.236970639964998 143.48958812796408 0
    endloop
  endfacet
  facet normal 0.09494879743912296 0.9640313184975029 -0.248250564593176
    outer loop
      vertex -2.7545260748291005 144.3066825203211 3.5
      vertex -2.6862312179745484 143.39866068139366 0
      vertex -2.871664965282993 143.41692431139586 0
    endloop
  endfacet
  facet normal 0.03169483986970789 0.9681772019133704 -0.24825056459317577
    outer loop
      vertex -2.627536101998779 144.29417509968474 3.5
      vertex -2.5 143.3925641025641 0
      vertex -2.6862312179745484 143.39866068139366 0
    endloop
  endfacet
  facet normal -0.031694839869707885 0.9681772019133703 -0.2482505645931759
    outer loop
      vertex -2.5 144.29000000000002 3.5
      vertex -2.3137687820254516 143.39866068139366 0
      vertex -2.5 143.3925641025641 0
    endloop
  endfacet
  facet normal -0.09494879743912296 0.9640313184975029 -0.24825056459317574
    outer loop
      vertex -2.372463898001221 144.29417509968474 3.5
      vertex -2.128335034717007 143.41692431139586 0
      vertex -2.3137687820254516 143.39866068139366 0
    endloop
  endfacet
  facet normal -0.15779616968086335 0.9557573049750744 -0.24825056459317632
    outer loop
      vertex -2.2454739251708995 144.3066825203211 3.5
      vertex -1.9444928138489477 143.4472767849031 0
      vertex -2.128335034717007 143.41692431139586 0
    endloop
  endfacet
  facet normal -0.2199678344990522 0.9433905919421544 -0.2482505645931733
    outer loop
      vertex -2.1195738720685497 144.3274687032137 3.5
      vertex -1.7630293600350018 143.48958812796408 0
      vertex -1.9444928138489477 143.4472767849031 0
    endloop
  endfacet
  facet normal -0.28119756327956985 0.9269841355626343 -0.24825056459317063
    outer loop
      vertex -1.9953028620500848 144.35644463873632 3.5
      vertex -1.584721727643177 143.54367715691203 0
      vertex -1.7630293600350018 143.48958812796408 0
    endloop
  endfacet
  facet normal -0.3412231609238864 0.9066081908014522 -0.2482505645931732
    outer loop
      vertex -1.873193042658835 144.39348624748456 3.5
      vertex -1.410333457329661 143.60931225422107 0
      vertex -1.584721727643177 143.54367715691203 0
    endloop
  endfacet
  facet normal -0.3997875886077705 0.8823500105821697 -0.2482505645931728
    outer loop
      vertex -1.753767306888075 144.438434911603 3.5
      vertex -1.2406113064405104 143.68621236032808 0
      vertex -1.410333457329661 143.60931225422107 0
    endloop
  endfacet
  facet normal -0.45664006446056243 0.8543134721568099 -0.24825056459317243
    outer loop
      vertex -1.6375370540729475 144.49109815401127 3.5
      vertex -1.0762820512820512 143.77404817717277 0
      vertex -1.2406113064405104 143.68621236032808 0
    endloop
  endfacet
  facet normal -0.5115371374528174 0.8226186322870089 -0.2482505645931712
    outer loop
      vertex -1.5250000000000001 144.55125046262035 3.5
      vertex -0.9180493749531584 143.87244357830264 0
      vertex -1.0762820512820512 143.77404817717277 0
    endloop
  endfacet
  facet normal -0.5642437298897687 0.7874012131431181 -0.24825056459317
    outer loop
      vertex -1.416638045611776 144.61863425601004 3.5
      vertex -0.7665908540661942 143.98097721950407 0
      vertex -0.9180493749531584 143.87244357830264 0
    endloop
  endfacet
  facet normal -0.6145341440511534 0.7488120211204466 -0.24825056459317085
    outer loop
      vertex -1.3129152134329949 144.6929609864321 3.5
      vertex -0.6225550572599322 144.0991843430631 0
      vertex -0.7665908540661942 143.98097721950407 0
    endloop
  endfacet
  facet normal -0.6621930286625833 0.7070163010637368 -0.24825056459316733
    outer loop
      vertex -1.214275660554866 144.773912375416 3.5
      vertex -0.48655876792907427 144.22655876792908 0
      vertex -0.6225550572599322 144.0991843430631 0
    endloop
  endfacet
  facet normal -0.7070163010636639 0.6621930286626585 -0.24825056459317518
    outer loop
      vertex -1.1211417766862324 144.86114177668625 3.5
      vertex -0.3591843430630652 144.36255505725993 0
      vertex -0.48655876792907427 144.22655876792908 0
    endloop
  endfacet
  facet normal -0.7488120211204801 0.6145341440511106 -0.2482505645931759
    outer loop
      vertex -1.033912375415994 144.95427566055488 3.5
      vertex -0.2409772195040597 144.5065908540662 0
      vertex -0.3591843430630652 144.36255505725993 0
    endloop
  endfacet
  facet normal -0.7874012131431568 0.5642437298897128 -0.24825056459317416
    outer loop
      vertex -0.9529609864320916 145.052915213433 3.5
      vertex -0.1324435783026243 144.65804937495318 0
      vertex -0.2409772195040597 144.5065908540662 0
    endloop
  endfacet
  facet normal -0.822618632287015 0.511537137452809 -0.24825056459316852
    outer loop
      vertex -0.8786342560100371 145.15663804561177 3.5
      vertex -0.0340481771727716 144.81628205128206 0
      vertex -0.1324435783026243 144.65804937495318 0
    endloop
  endfacet
  facet normal -0.8543134721567991 0.45664006446058275 -0.2482505645931726
    outer loop
      vertex -0.811250462620345 145.26500000000001 3.5
      vertex 0.05378763967192376 144.98061130644052 0
      vertex -0.0340481771727716 144.81628205128206 0
    endloop
  endfacet
  facet normal -0.8823500105821942 0.3997875886077179 -0.24825056459317013
    outer loop
      vertex -0.7510981540112582 145.37753705407295 3.5
      vertex 0.1306877457789331 145.15033345732968 0
      vertex 0.05378763967192376 144.98061130644052 0
    endloop
  endfacet
  facet normal -0.9066081908014206 0.34122316092397126 -0.24825056459317146
    outer loop
      vertex -0.6984349116029911 145.4937673068881 3.5
      vertex 0.19632284308798673 145.32472172764318 0
      vertex 0.1306877457789331 145.15033345732968 0
    endloop
  endfacet
  facet normal -0.9269841355626453 0.2811975632795321 -0.24825056459317257
    outer loop
      vertex -0.6534862474845442 145.61319304265885 3.5
      vertex 0.25041187203592413 145.50302936003501 0
      vertex 0.19632284308798673 145.32472172764318 0
    endloop
  endfacet
  facet normal -0.9433905919421748 0.21996783449896518 -0.24825056459317227
    outer loop
      vertex -0.6164446387363169 145.7353028620501 3.5
      vertex 0.29272321509689087 145.68449281384895 0
      vertex 0.25041187203592413 145.50302936003501 0
    endloop
  endfacet
  facet normal -0.9557573049750601 0.15779616968095658 -0.24825056459317185
    outer loop
      vertex -0.5874687032137009 145.85957387206855 3.5
      vertex 0.32307568860414476 145.868335034717 0
      vertex 0.29272321509689087 145.68449281384895 0
    endloop
  endfacet
  facet normal -0.9640313184975089 0.09494879743907281 -0.248250564593172
    outer loop
      vertex -0.5666825203210699 145.9854739251709 3.5
      vertex 0.34133931860633115 146.05376878202546 0
      vertex 0.32307568860414476 145.868335034717 0
    endloop
  endfacet
  facet normal 0.9681772019133696 0.03169483986975813 -0.2482505645931718
    outer loop
      vertex -4.449999999999999 146.24 3.5
      vertex -5.341339318606331 146.05376878202546 0
      vertex -5.347435897435897 146.24 0
    endloop
  endfacet
  facet normal 0.9681772019133696 -0.03169483986975813 -0.24825056459317185
    outer loop
      vertex -4.4458249003152766 146.36753610199878 3.5
      vertex -5.347435897435897 146.24 0
      vertex -5.341339318606331 146.42623121797456 0
    endloop
  endfacet
  facet normal 0.9640313184975088 -0.09494879743907395 -0.2482505645931719
    outer loop
      vertex -4.43331747967893 146.4945260748291 3.5
      vertex -5.341339318606331 146.42623121797456 0
      vertex -5.323075688604145 146.611664965283 0
    endloop
  endfacet
  facet normal 0.9557573049750606 -0.15779616968095417 -0.24825056459317188
    outer loop
      vertex -4.412531296786299 146.62042612793147 3.5
      vertex -5.323075688604145 146.611664965283 0
      vertex -5.292723215096891 146.79550718615107 0
    endloop
  endfacet
  facet normal 0.9433905919421746 -0.2199678344989663 -0.24825056459317227
    outer loop
      vertex -4.383555361263683 146.7446971379499 3.5
      vertex -5.292723215096891 146.79550718615107 0
      vertex -5.250411872035924 146.976970639965 0
    endloop
  endfacet
  facet normal 0.9269841355626448 -0.28119756327953355 -0.2482505645931724
    outer loop
      vertex -4.346513752515456 146.86680695734117 3.5
      vertex -5.250411872035924 146.976970639965 0
      vertex -5.196322843087986 147.15527827235684 0
    endloop
  endfacet
  facet normal 0.906608190801421 -0.34122316092397054 -0.24825056459317144
    outer loop
      vertex -4.301565088397009 146.98623269311193 3.5
      vertex -5.196322843087986 147.15527827235684 0
      vertex -5.130687745778933 147.32966654267034 0
    endloop
  endfacet
  facet normal 0.8823500105821953 -0.3997875886077157 -0.2482505645931701
    outer loop
      vertex -4.248901845988742 147.10246294592707 3.5
      vertex -5.130687745778933 147.32966654267034 0
      vertex -5.053787639671924 147.4993886935595 0
    endloop
  endfacet
  facet normal 0.8543134721567978 -0.4566400644605851 -0.24825056459317252
    outer loop
      vertex -4.188749537379655 147.215 3.5
      vertex -5.053787639671924 147.4993886935595 0
      vertex -4.965951822827228 147.66371794871796 0
    endloop
  endfacet
  facet normal 0.8226186322870165 -0.5115371374528064 -0.24825056459316858
    outer loop
      vertex -4.121365743989963 147.32336195438825 3.5
      vertex -4.965951822827228 147.66371794871796 0
      vertex -4.867556421697376 147.82195062504684 0
    endloop
  endfacet
  facet normal 0.7874012131431567 -0.5642437298897129 -0.24825056459317432
    outer loop
      vertex -4.047039013567908 147.427084786567 3.5
      vertex -4.867556421697376 147.82195062504684 0
      vertex -4.759022780495941 147.97340914593383 0
    endloop
  endfacet
  facet normal 0.7488120211204797 -0.6145341440511108 -0.24825056459317604
    outer loop
      vertex -3.9660876245840058 147.52572433944513 3.5
      vertex -4.759022780495941 147.97340914593383 0
      vertex -4.640815656936935 148.1174449427401 0
    endloop
  endfacet
  facet normal 0.7070163010636623 -0.6621930286626602 -0.24825056459317513
    outer loop
      vertex -3.8788582233137676 147.61885822331377 3.5
      vertex -4.640815656936935 148.1174449427401 0
      vertex -4.513441232070925 148.25344123207094 0
    endloop
  endfacet
  facet normal 0.6621930286625844 -0.7070163010637359 -0.2482505645931673
    outer loop
      vertex -3.7857243394451343 147.70608762458403 3.5
      vertex -4.513441232070925 148.25344123207094 0
      vertex -4.377444942740068 148.38081565693693 0
    endloop
  endfacet
  facet normal 0.614534144051152 -0.7488120211204476 -0.24825056459317074
    outer loop
      vertex -3.687084786567005 147.78703901356792 3.5
      vertex -4.377444942740068 148.38081565693693 0
      vertex -4.2334091459338055 148.49902278049595 0
    endloop
  endfacet
  facet normal 0.5642437298897702 -0.7874012131431171 -0.24825056459317002
    outer loop
      vertex -3.583361954388224 147.86136574398998 3.5
      vertex -4.2334091459338055 148.49902278049595 0
      vertex -4.081950625046842 148.60755642169738 0
    endloop
  endfacet
  facet normal 0.5115371374528161 -0.8226186322870096 -0.24825056459317113
    outer loop
      vertex -3.4749999999999996 147.92874953737967 3.5
      vertex -4.081950625046842 148.60755642169738 0
      vertex -3.9237179487179485 148.70595182282725 0
    endloop
  endfacet
  facet normal 0.45664006446056243 -0.85431347215681 -0.24825056459317243
    outer loop
      vertex -3.3624629459270525 147.98890184598875 3.5
      vertex -3.9237179487179485 148.70595182282725 0
      vertex -3.7593886935594893 148.79378763967193 0
    endloop
  endfacet
  facet normal 0.39978758860777147 -0.8823500105821694 -0.24825056459317285
    outer loop
      vertex -3.246232693111925 148.04156508839702 3.5
      vertex -3.7593886935594893 148.79378763967193 0
      vertex -3.589666542670339 148.87068774577895 0
    endloop
  endfacet
  facet normal 0.3412231609238856 -0.9066081908014524 -0.24825056459317318
    outer loop
      vertex -3.1268069573411648 148.08651375251546 3.5
      vertex -3.589666542670339 148.87068774577895 0
      vertex -3.4152782723568227 148.936322843088 0
    endloop
  endfacet
  facet normal -0.9681772019133695 0.031694839869760766 -0.24825056459317185
    outer loop
      vertex -0.5541750996847234 146.11246389800124 3.5
      vertex 0.34743589743589753 146.24 0
      vertex 0.34133931860633115 146.05376878202546 0
    endloop
  endfacet
  facet normal -0.9681772019133695 -0.0316948398697601 -0.24825056459317177
    outer loop
      vertex -0.5500000000000003 146.24 3.5
      vertex 0.34133931860633115 146.42623121797456 0
      vertex 0.34743589743589753 146.24 0
    endloop
  endfacet
  facet normal -0.9640313184975088 -0.09494879743907263 -0.24825056459317205
    outer loop
      vertex -0.5541750996847234 146.36753610199878 3.5
      vertex 0.32307568860414476 146.611664965283 0
      vertex 0.34133931860633115 146.42623121797456 0
    endloop
  endfacet
  facet normal -0.9557573049750601 -0.15779616968095658 -0.24825056459317213
    outer loop
      vertex -0.5666825203210699 146.4945260748291 3.5
      vertex 0.29272321509689087 146.79550718615107 0
      vertex 0.32307568860414476 146.611664965283 0
    endloop
  endfacet
  facet normal -0.943390591942175 -0.21996783449896526 -0.24825056459317177
    outer loop
      vertex -0.5874687032137009 146.62042612793147 3.5
      vertex 0.25041187203592413 146.976970639965 0
      vertex 0.29272321509689087 146.79550718615107 0
    endloop
  endfacet
  facet normal -0.9269841355626453 -0.2811975632795322 -0.2482505645931724
    outer loop
      vertex -0.6164446387363169 146.7446971379499 3.5
      vertex 0.19632284308798673 147.15527827235684 0
      vertex 0.25041187203592413 146.976970639965 0
    endloop
  endfacet
  facet normal -0.9066081908014204 -0.3412231609239712 -0.24825056459317257
    outer loop
      vertex -0.6534862474845442 146.86680695734117 3.5
      vertex 0.1306877457789331 147.32966654267034 0
      vertex 0.19632284308798673 147.15527827235684 0
    endloop
  endfacet
  facet normal -0.6621930286625819 -0.7070163010637356 -0.24825056459317446
    outer loop
      vertex -1.1211417766862324 147.61885822331377 3.5
      vertex -0.6225550572599322 148.38081565693693 0
      vertex -0.48655876792907427 148.25344123207094 0
    endloop
  endfacet
  facet normal -0.7070163010636636 -0.6621930286626584 -0.24825056459317604
    outer loop
      vertex -1.033912375415994 147.52572433944513 3.5
      vertex -0.48655876792907427 148.25344123207094 0
      vertex -0.3591843430630652 148.1174449427401 0
    endloop
  endfacet
  facet normal -0.6145341440511538 -0.7488120211204475 -0.24825056459316686
    outer loop
      vertex -1.214275660554866 147.70608762458403 3.5
      vertex -0.7665908540661942 148.49902278049595 0
      vertex -0.6225550572599322 148.38081565693693 0
    endloop
  endfacet
  facet normal -0.5642437298897685 -0.787401213143118 -0.248250564593171
    outer loop
      vertex -1.3129152134329949 147.78703901356792 3.5
      vertex -0.9180493749531584 148.60755642169738 0
      vertex -0.7665908540661942 148.49902278049595 0
    endloop
  endfacet
  facet normal -0.8823500105821939 -0.3997875886077181 -0.2482505645931713
    outer loop
      vertex -0.6984349116029911 146.98623269311193 3.5
      vertex 0.05378763967192376 147.4993886935595 0
      vertex 0.1306877457789331 147.32966654267034 0
    endloop
  endfacet
  facet normal -0.8543134721567995 -0.45664006446058336 -0.24825056459317013
    outer loop
      vertex -0.7510981540112582 147.10246294592707 3.5
      vertex -0.0340481771727716 147.66371794871796 0
      vertex 0.05378763967192376 147.4993886935595 0
    endloop
  endfacet
  facet normal -0.787401213143158 -0.5642437298897135 -0.24825056459316847
    outer loop
      vertex -0.8786342560100371 147.32336195438825 3.5
      vertex -0.2409772195040597 147.97340914593383 0
      vertex -0.1324435783026243 147.82195062504684 0
    endloop
  endfacet
  facet normal -0.822618632287014 -0.5115371374528086 -0.24825056459317243
    outer loop
      vertex -0.811250462620345 147.215 3.5
      vertex -0.1324435783026243 147.82195062504684 0
      vertex -0.0340481771727716 147.66371794871796 0
    endloop
  endfacet
  facet normal -0.7488120211204802 -0.6145341440511107 -0.24825056459317518
    outer loop
      vertex -0.9529609864320916 147.427084786567 3.5
      vertex -0.3591843430630652 148.1174449427401 0
      vertex -0.2409772195040597 147.97340914593383 0
    endloop
  endfacet
  facet normal 0.2811975632795696 -0.9269841355626344 -0.24825056459317063
    outer loop
      vertex -3.004697137949915 148.1235553612637 3.5
      vertex -3.4152782723568227 148.936322843088 0
      vertex -3.236970639964998 148.99041187203593 0
    endloop
  endfacet
  facet normal 0.21996783449905266 -0.9433905919421541 -0.2482505645931732
    outer loop
      vertex -2.8804261279314503 148.15253129678632 3.5
      vertex -3.236970639964998 148.99041187203593 0
      vertex -3.0555071861510523 149.03272321509692 0
    endloop
  endfacet
  facet normal 0.15779616968086335 -0.9557573049750744 -0.24825056459317632
    outer loop
      vertex -2.7545260748291005 148.17331747967893 3.5
      vertex -3.0555071861510523 149.03272321509692 0
      vertex -2.871664965282993 149.06307568860416 0
    endloop
  endfacet
  facet normal 0.09494879743912296 -0.9640313184975029 -0.24825056459317574
    outer loop
      vertex -2.627536101998779 148.18582490031528 3.5
      vertex -2.871664965282993 149.06307568860416 0
      vertex -2.6862312179745484 149.08133931860635 0
    endloop
  endfacet
  facet normal 0.031694839869707885 -0.9681772019133703 -0.2482505645931759
    outer loop
      vertex -2.5 148.19 3.5
      vertex -2.6862312179745484 149.08133931860635 0
      vertex -2.5 149.0874358974359 0
    endloop
  endfacet
  facet normal -0.03169483986970789 -0.9681772019133704 -0.24825056459317577
    outer loop
      vertex -2.372463898001221 148.18582490031528 3.5
      vertex -2.5 149.0874358974359 0
      vertex -2.3137687820254516 149.08133931860635 0
    endloop
  endfacet
  facet normal -0.09494879743912296 -0.9640313184975029 -0.248250564593176
    outer loop
      vertex -2.2454739251708995 148.17331747967893 3.5
      vertex -2.3137687820254516 149.08133931860635 0
      vertex -2.128335034717007 149.06307568860416 0
    endloop
  endfacet
  facet normal -0.15779616968086346 -0.9557573049750752 -0.2482505645931734
    outer loop
      vertex -2.1195738720685497 148.15253129678632 3.5
      vertex -2.128335034717007 149.06307568860416 0
      vertex -1.9444928138489477 149.03272321509692 0
    endloop
  endfacet
  facet normal -0.3412231609238864 -0.9066081908014522 -0.2482505645931727
    outer loop
      vertex -1.753767306888075 148.04156508839702 3.5
      vertex -1.584721727643177 148.936322843088 0
      vertex -1.410333457329661 148.87068774577895 0
    endloop
  endfacet
  facet normal -0.2811975632795697 -0.9269841355626337 -0.24825056459317293
    outer loop
      vertex -1.873193042658835 148.08651375251546 3.5
      vertex -1.7630293600350018 148.99041187203593 0
      vertex -1.584721727643177 148.936322843088 0
    endloop
  endfacet
  facet normal -0.21996783449905227 -0.9433905919421547 -0.24825056459317166
    outer loop
      vertex -1.9953028620500848 148.1235553612637 3.5
      vertex -1.9444928138489477 149.03272321509692 0
      vertex -1.7630293600350018 148.99041187203593 0
    endloop
  endfacet
  facet normal -0.3997875886077706 -0.8823500105821698 -0.24825056459317252
    outer loop
      vertex -1.6375370540729475 147.98890184598875 3.5
      vertex -1.410333457329661 148.87068774577895 0
      vertex -1.2406113064405104 148.79378763967193 0
    endloop
  endfacet
  facet normal -0.45664006446056254 -0.8543134721568102 -0.2482505645931712
    outer loop
      vertex -1.5250000000000001 147.92874953737967 3.5
      vertex -1.2406113064405104 148.79378763967193 0
      vertex -1.0762820512820512 148.70595182282725 0
    endloop
  endfacet
  facet normal -0.5115371374528173 -0.8226186322870093 -0.2482505645931701
    outer loop
      vertex -1.416638045611776 147.86136574398998 3.5
      vertex -1.0762820512820512 148.70595182282725 0
      vertex -0.9180493749531584 148.60755642169738 0
    endloop
  endfacet
  facet normal 0.3997875886077627 0.8823500105821733 -0.2482505645931729
    outer loop
      vertex -3.246232693111925 144.438434911603 3.5
      vertex -3.589666542670339 143.60931225422107 0
      vertex -3.3624629459270525 144.49109815401127 3.5
    endloop
  endfacet
  facet normal 0.456640064460533 0.8543134721568257 -0.24825056459317268
    outer loop
      vertex -3.4749999999999996 144.55125046262035 3.5
      vertex -3.3624629459270525 144.49109815401127 3.5
      vertex -3.7593886935594893 143.68621236032808 0
    endloop
  endfacet
  facet normal 0.6145341440510635 0.74881202112052 -0.24825056459317166
    outer loop
      vertex -3.687084786567005 144.6929609864321 3.5
      vertex -4.2334091459338055 143.98097721950407 0
      vertex -3.7857243394451343 144.773912375416 3.5
    endloop
  endfacet
  facet normal 0.7070163010636831 0.662193028662638 -0.24825056459317482
    outer loop
      vertex -3.8788582233137676 144.86114177668625 3.5
      vertex -4.513441232070925 144.22655876792908 0
      vertex -3.9660876245840058 144.95427566055488 3.5
    endloop
  endfacet
  facet normal 0.7488120211204653 0.6145341440511285 -0.24825056459317624
    outer loop
      vertex -4.047039013567908 145.052915213433 3.5
      vertex -3.9660876245840058 144.95427566055488 3.5
      vertex -4.640815656936935 144.36255505725993 0
    endloop
  endfacet
  facet normal 0.6621930286627371 0.7070163010635936 -0.2482505645931657
    outer loop
      vertex -3.7857243394451343 144.773912375416 3.5
      vertex -4.377444942740068 144.0991843430631 0
      vertex -3.8788582233137676 144.86114177668625 3.5
    endloop
  endfacet
  facet normal 0.5642437298897954 0.7874012131430991 -0.24825056459316974
    outer loop
      vertex -3.583361954388224 144.61863425601004 3.5
      vertex -4.081950625046842 143.87244357830264 0
      vertex -3.687084786567005 144.6929609864321 3.5
    endloop
  endfacet
  facet normal 0.5115371374527912 0.8226186322870251 -0.2482505645931714
    outer loop
      vertex -3.583361954388224 144.61863425601004 3.5
      vertex -3.4749999999999996 144.55125046262035 3.5
      vertex -3.9237179487179485 143.77404817717277 0
    endloop
  endfacet
  facet normal 0.7874012131430592 0.5642437298898485 -0.24825056459317565
    outer loop
      vertex -4.047039013567908 145.052915213433 3.5
      vertex -4.759022780495941 144.5065908540662 0
      vertex -4.121365743989963 145.15663804561177 3.5
    endloop
  endfacet
  facet normal 0.8226186322870754 0.5115371374527121 -0.24825056459316772
    outer loop
      vertex -4.121365743989963 145.15663804561177 3.5
      vertex -4.867556421697376 144.65804937495318 0
      vertex -4.188749537379655 145.26500000000001 3.5
    endloop
  endfacet
  facet normal 0.8823500105822092 0.39978758860768504 -0.24825056459316983
    outer loop
      vertex -4.248901845988742 145.37753705407295 3.5
      vertex -5.053787639671924 144.98061130644052 0
      vertex -4.301565088397009 145.4937673068881 3.5
    endloop
  endfacet
  facet normal 0.9066081908014321 0.3412231609239413 -0.24825056459317119
    outer loop
      vertex -4.301565088397009 145.4937673068881 3.5
      vertex -5.130687745778933 145.15033345732968 0
      vertex -4.346513752515456 145.61319304265885 3.5
    endloop
  endfacet
  facet normal 0.8543134721567642 0.45664006446064775 -0.24825056459317307
    outer loop
      vertex -4.188749537379655 145.26500000000001 3.5
      vertex -4.965951822827228 144.81628205128206 0
      vertex -4.248901845988742 145.37753705407295 3.5
    endloop
  endfacet
  facet normal 0.964031318497509 0.09494879743907018 -0.2482505645931719
    outer loop
      vertex -4.43331747967893 145.9854739251709 3.5
      vertex -5.323075688604145 145.868335034717 0
      vertex -4.4458249003152766 146.11246389800124 3.5
    endloop
  endfacet
  facet normal 0.9269841355626443 0.2811975632795352 -0.24825056459317246
    outer loop
      vertex -4.346513752515456 145.61319304265885 3.5
      vertex -5.196322843087986 145.32472172764318 0
      vertex -4.383555361263683 145.7353028620501 3.5
    endloop
  endfacet
  facet normal 0.9433905919421716 0.21996783449897941 -0.24825056459317238
    outer loop
      vertex -4.383555361263683 145.7353028620501 3.5
      vertex -5.250411872035924 145.50302936003501 0
      vertex -4.412531296786299 145.85957387206855 3.5
    endloop
  endfacet
  facet normal 0.9557573049750615 0.15779616968094815 -0.24825056459317185
    outer loop
      vertex -4.412531296786299 145.85957387206855 3.5
      vertex -5.292723215096891 145.68449281384895 0
      vertex -4.43331747967893 145.9854739251709 3.5
    endloop
  endfacet
  facet normal 0.34122316092387245 0.9066081908014574 -0.2482505645931733
    outer loop
      vertex -3.246232693111925 144.438434911603 3.5
      vertex -3.1268069573411648 144.39348624748456 3.5
      vertex -3.4152782723568227 143.54367715691203 0
    endloop
  endfacet
  facet normal 0.281197563279634 0.9269841355626149 -0.2482505645931701
    outer loop
      vertex -3.1268069573411648 144.39348624748456 3.5
      vertex -3.004697137949915 144.35644463873632 3.5
      vertex -3.236970639964998 143.48958812796408 0
    endloop
  endfacet
  facet normal 0.21996783449900628 0.9433905919421648 -0.2482505645931736
    outer loop
      vertex -3.004697137949915 144.35644463873632 3.5
      vertex -2.8804261279314503 144.3274687032137 3.5
      vertex -3.0555071861510523 143.4472767849031 0
    endloop
  endfacet
  facet normal 0.15779616968077828 0.9557573049750883 -0.24825056459317701
    outer loop
      vertex -2.8804261279314503 144.3274687032137 3.5
      vertex -2.7545260748291005 144.3066825203211 3.5
      vertex -2.871664965282993 143.41692431139586 0
    endloop
  endfacet
  facet normal 0.09494879743912976 0.9640313184975022 -0.2482505645931757
    outer loop
      vertex -2.7545260748291005 144.3066825203211 3.5
      vertex -2.627536101998779 144.29417509968474 3.5
      vertex -2.6862312179745484 143.39866068139366 0
    endloop
  endfacet
  facet normal 0.031694839869702784 0.9681772019133704 -0.24825056459317593
    outer loop
      vertex -2.627536101998779 144.29417509968474 3.5
      vertex -2.5 144.29000000000002 3.5
      vertex -2.5 143.3925641025641 0
    endloop
  endfacet
  facet normal -0.031694839869702784 0.9681772019133705 -0.24825056459317568
    outer loop
      vertex -2.5 144.29000000000002 3.5
      vertex -2.372463898001221 144.29417509968474 3.5
      vertex -2.3137687820254516 143.39866068139366 0
    endloop
  endfacet
  facet normal -0.09494879743912975 0.9640313184975021 -0.24825056459317604
    outer loop
      vertex -2.372463898001221 144.29417509968474 3.5
      vertex -2.2454739251708995 144.3066825203211 3.5
      vertex -2.128335034717007 143.41692431139586 0
    endloop
  endfacet
  facet normal -0.15779616968077848 0.9557573049750894 -0.24825056459317268
    outer loop
      vertex -2.2454739251708995 144.3066825203211 3.5
      vertex -2.1195738720685497 144.3274687032137 3.5
      vertex -1.9444928138489477 143.4472767849031 0
    endloop
  endfacet
  facet normal -0.21996783449900645 0.9433905919421655 -0.2482505645931713
    outer loop
      vertex -2.1195738720685497 144.3274687032137 3.5
      vertex -1.9953028620500848 144.35644463873632 3.5
      vertex -1.7630293600350018 143.48958812796408 0
    endloop
  endfacet
  facet normal -0.2811975632796333 0.9269841355626143 -0.24825056459317346
    outer loop
      vertex -1.9953028620500848 144.35644463873632 3.5
      vertex -1.873193042658835 144.39348624748456 3.5
      vertex -1.584721727643177 143.54367715691203 0
    endloop
  endfacet
  facet normal -0.34122316092387367 0.9066081908014572 -0.24825056459317263
    outer loop
      vertex -1.873193042658835 144.39348624748456 3.5
      vertex -1.753767306888075 144.438434911603 3.5
      vertex -1.410333457329661 143.60931225422107 0
    endloop
  endfacet
  facet normal -0.3997875886077621 0.8823500105821737 -0.2482505645931724
    outer loop
      vertex -1.753767306888075 144.438434911603 3.5
      vertex -1.6375370540729475 144.49109815401127 3.5
      vertex -1.2406113064405104 143.68621236032808 0
    endloop
  endfacet
  facet normal -0.4566400644605325 0.8543134721568264 -0.248250564593171
    outer loop
      vertex -1.6375370540729475 144.49109815401127 3.5
      vertex -1.5250000000000001 144.55125046262035 3.5
      vertex -1.0762820512820512 143.77404817717277 0
    endloop
  endfacet
  facet normal -0.5115371374527921 0.8226186322870249 -0.2482505645931699
    outer loop
      vertex -1.5250000000000001 144.55125046262035 3.5
      vertex -1.416638045611776 144.61863425601004 3.5
      vertex -0.9180493749531584 143.87244357830264 0
    endloop
  endfacet
  facet normal -0.5642437298897944 0.7874012131430994 -0.2482505645931713
    outer loop
      vertex -1.416638045611776 144.61863425601004 3.5
      vertex -1.3129152134329949 144.6929609864321 3.5
      vertex -0.7665908540661942 143.98097721950407 0
    endloop
  endfacet
  facet normal -0.6145341440510662 0.7488120211205198 -0.24825056459316602
    outer loop
      vertex -1.3129152134329949 144.6929609864321 3.5
      vertex -1.214275660554866 144.773912375416 3.5
      vertex -0.6225550572599322 144.0991843430631 0
    endloop
  endfacet
  facet normal -0.6621930286627343 0.7070163010635924 -0.24825056459317615
    outer loop
      vertex -1.214275660554866 144.773912375416 3.5
      vertex -1.1211417766862324 144.86114177668625 3.5
      vertex -0.48655876792907427 144.22655876792908 0
    endloop
  endfacet
  facet normal -0.707016301063682 0.6621930286626386 -0.24825056459317627
    outer loop
      vertex -1.1211417766862324 144.86114177668625 3.5
      vertex -1.033912375415994 144.95427566055488 3.5
      vertex -0.3591843430630652 144.36255505725993 0
    endloop
  endfacet
  facet normal -0.7488120211204664 0.6145341440511276 -0.24825056459317502
    outer loop
      vertex -1.033912375415994 144.95427566055488 3.5
      vertex -0.9529609864320916 145.052915213433 3.5
      vertex -0.2409772195040597 144.5065908540662 0
    endloop
  endfacet
  facet normal -0.7874012131430609 0.5642437298898497 -0.2482505645931672
    outer loop
      vertex -0.9529609864320916 145.052915213433 3.5
      vertex -0.8786342560100371 145.15663804561177 3.5
      vertex -0.1324435783026243 144.65804937495318 0
    endloop
  endfacet
  facet normal -0.8226186322870742 0.5115371374527113 -0.24825056459317335
    outer loop
      vertex -0.8786342560100371 145.15663804561177 3.5
      vertex -0.811250462620345 145.26500000000001 3.5
      vertex -0.0340481771727716 144.81628205128206 0
    endloop
  endfacet
  facet normal -0.8543134721567663 0.45664006446064553 -0.2482505645931696
    outer loop
      vertex -0.811250462620345 145.26500000000001 3.5
      vertex -0.7510981540112582 145.37753705407295 3.5
      vertex 0.05378763967192376 144.98061130644052 0
    endloop
  endfacet
  facet normal -0.8823500105822076 0.3997875886076877 -0.24825056459317155
    outer loop
      vertex -0.7510981540112582 145.37753705407295 3.5
      vertex -0.6984349116029911 145.4937673068881 3.5
      vertex 0.1306877457789331 145.15033345732968 0
    endloop
  endfacet
  facet normal -0.9066081908014323 0.3412231609239397 -0.2482505645931729
    outer loop
      vertex -0.6984349116029911 145.4937673068881 3.5
      vertex -0.6534862474845442 145.61319304265885 3.5
      vertex 0.19632284308798673 145.32472172764318 0
    endloop
  endfacet
  facet normal -0.9269841355626443 0.2811975632795352 -0.24825056459317243
    outer loop
      vertex -0.6534862474845442 145.61319304265885 3.5
      vertex -0.6164446387363169 145.7353028620501 3.5
      vertex 0.25041187203592413 145.50302936003501 0
    endloop
  endfacet
  facet normal -0.9433905919421713 0.21996783449898102 -0.24825056459317166
    outer loop
      vertex -0.6164446387363169 145.7353028620501 3.5
      vertex -0.5874687032137009 145.85957387206855 3.5
      vertex 0.29272321509689087 145.68449281384895 0
    endloop
  endfacet
  facet normal -0.9557573049750614 0.15779616968094812 -0.2482505645931722
    outer loop
      vertex -0.5874687032137009 145.85957387206855 3.5
      vertex -0.5666825203210699 145.9854739251709 3.5
      vertex 0.32307568860414476 145.868335034717 0
    endloop
  endfacet
  facet normal 0.9681772019133696 0.03169483986975857 -0.24825056459317182
    outer loop
      vertex -4.4458249003152766 146.11246389800124 3.5
      vertex -5.341339318606331 146.05376878202546 0
      vertex -4.449999999999999 146.24 3.5
    endloop
  endfacet
  facet normal 0.9681772019133696 -0.03169483986975857 -0.24825056459317182
    outer loop
      vertex -4.449999999999999 146.24 3.5
      vertex -5.347435897435897 146.24 0
      vertex -4.4458249003152766 146.36753610199878 3.5
    endloop
  endfacet
  facet normal 0.964031318497509 -0.09494879743907018 -0.24825056459317207
    outer loop
      vertex -4.4458249003152766 146.36753610199878 3.5
      vertex -5.341339318606331 146.42623121797456 0
      vertex -4.43331747967893 146.4945260748291 3.5
    endloop
  endfacet
  facet normal 0.9557573049750614 -0.15779616968094812 -0.24825056459317213
    outer loop
      vertex -4.43331747967893 146.4945260748291 3.5
      vertex -5.323075688604145 146.611664965283 0
      vertex -4.412531296786299 146.62042612793147 3.5
    endloop
  endfacet
  facet normal 0.9433905919421718 -0.21996783449897944 -0.24825056459317174
    outer loop
      vertex -4.412531296786299 146.62042612793147 3.5
      vertex -5.292723215096891 146.79550718615107 0
      vertex -4.383555361263683 146.7446971379499 3.5
    endloop
  endfacet
  facet normal 0.9269841355626443 -0.2811975632795352 -0.24825056459317235
    outer loop
      vertex -4.383555361263683 146.7446971379499 3.5
      vertex -5.250411872035924 146.976970639965 0
      vertex -4.346513752515456 146.86680695734117 3.5
    endloop
  endfacet
  facet normal 0.9066081908014317 -0.34122316092394117 -0.24825056459317277
    outer loop
      vertex -4.346513752515456 146.86680695734117 3.5
      vertex -5.196322843087986 147.15527827235684 0
      vertex -4.301565088397009 146.98623269311193 3.5
    endloop
  endfacet
  facet normal 0.8823500105822089 -0.39978758860768493 -0.24825056459317152
    outer loop
      vertex -4.301565088397009 146.98623269311193 3.5
      vertex -5.130687745778933 147.32966654267034 0
      vertex -4.248901845988742 147.10246294592707 3.5
    endloop
  endfacet
  facet normal 0.854313472156765 -0.4566400644606482 -0.24825056459316952
    outer loop
      vertex -4.248901845988742 147.10246294592707 3.5
      vertex -5.053787639671924 147.4993886935595 0
      vertex -4.188749537379655 147.215 3.5
    endloop
  endfacet
  facet normal 0.8226186322870742 -0.5115371374527113 -0.2482505645931733
    outer loop
      vertex -4.188749537379655 147.215 3.5
      vertex -4.965951822827228 147.66371794871796 0
      vertex -4.121365743989963 147.32336195438825 3.5
    endloop
  endfacet
  facet normal 0.7874012131430609 -0.5642437298898497 -0.24825056459316727
    outer loop
      vertex -4.121365743989963 147.32336195438825 3.5
      vertex -4.867556421697376 147.82195062504684 0
      vertex -4.047039013567908 147.427084786567 3.5
    endloop
  endfacet
  facet normal 0.7488120211204655 -0.6145341440511287 -0.2482505645931751
    outer loop
      vertex -4.047039013567908 147.427084786567 3.5
      vertex -4.759022780495941 147.97340914593383 0
      vertex -3.9660876245840058 147.52572433944513 3.5
    endloop
  endfacet
  facet normal 0.7070163010636829 -0.6621930286626377 -0.24825056459317638
    outer loop
      vertex -3.9660876245840058 147.52572433944513 3.5
      vertex -4.640815656936935 148.1174449427401 0
      vertex -3.8788582233137676 147.61885822331377 3.5
    endloop
  endfacet
  facet normal 0.6621930286627352 -0.7070163010635916 -0.24825056459317613
    outer loop
      vertex -3.8788582233137676 147.61885822331377 3.5
      vertex -4.513441232070925 148.25344123207094 0
      vertex -3.7857243394451343 147.70608762458403 3.5
    endloop
  endfacet
  facet normal 0.6145341440510644 -0.7488120211205211 -0.24825056459316597
    outer loop
      vertex -3.7857243394451343 147.70608762458403 3.5
      vertex -4.377444942740068 148.38081565693693 0
      vertex -3.687084786567005 147.78703901356792 3.5
    endloop
  endfacet
  facet normal 0.5642437298897951 -0.7874012131430987 -0.24825056459317127
    outer loop
      vertex -3.687084786567005 147.78703901356792 3.5
      vertex -4.2334091459338055 148.49902278049595 0
      vertex -3.583361954388224 147.86136574398998 3.5
    endloop
  endfacet
  facet normal 0.5115371374527914 -0.8226186322870255 -0.2482505645931699
    outer loop
      vertex -3.583361954388224 147.86136574398998 3.5
      vertex -4.081950625046842 148.60755642169738 0
      vertex -3.4749999999999996 147.92874953737967 3.5
    endloop
  endfacet
  facet normal 0.4566400644605332 -0.854313472156826 -0.248250564593171
    outer loop
      vertex -3.4749999999999996 147.92874953737967 3.5
      vertex -3.9237179487179485 148.70595182282725 0
      vertex -3.3624629459270525 147.98890184598875 3.5
    endloop
  endfacet
  facet normal 0.39978758860776276 -0.8823500105821734 -0.2482505645931724
    outer loop
      vertex -3.3624629459270525 147.98890184598875 3.5
      vertex -3.7593886935594893 148.79378763967193 0
      vertex -3.246232693111925 148.04156508839702 3.5
    endloop
  endfacet
  facet normal 0.34122316092387256 -0.9066081908014576 -0.24825056459317263
    outer loop
      vertex -3.246232693111925 148.04156508839702 3.5
      vertex -3.589666542670339 148.87068774577895 0
      vertex -3.1268069573411648 148.08651375251546 3.5
    endloop
  endfacet
  facet normal 0.28119756327963374 -0.9269841355626142 -0.2482505645931735
    outer loop
      vertex -3.1268069573411648 148.08651375251546 3.5
      vertex -3.4152782723568227 148.936322843088 0
      vertex -3.004697137949915 148.1235553612637 3.5
    endloop
  endfacet
  facet normal -0.3412231609238736 -0.906608190801457 -0.24825056459317332
    outer loop
      vertex -1.873193042658835 148.08651375251546 3.5
      vertex -1.584721727643177 148.936322843088 0
      vertex -1.753767306888075 148.04156508839702 3.5
    endloop
  endfacet
  facet normal -0.39978758860776203 -0.8823500105821735 -0.2482505645931729
    outer loop
      vertex -1.6375370540729475 147.98890184598875 3.5
      vertex -1.753767306888075 148.04156508839702 3.5
      vertex -1.410333457329661 148.87068774577895 0
    endloop
  endfacet
  facet normal -0.964031318497509 0.09494879743907018 -0.2482505645931721
    outer loop
      vertex -0.5666825203210699 145.9854739251709 3.5
      vertex -0.5541750996847234 146.11246389800124 3.5
      vertex 0.34133931860633115 146.05376878202546 0
    endloop
  endfacet
  facet normal -0.9681772019133695 0.03169483986976194 -0.2482505645931718
    outer loop
      vertex -0.5541750996847234 146.11246389800124 3.5
      vertex -0.5500000000000003 146.24 3.5
      vertex 0.34743589743589753 146.24 0
    endloop
  endfacet
  facet normal -0.9681772019133695 -0.03169483986976194 -0.24825056459317185
    outer loop
      vertex -0.5500000000000003 146.24 3.5
      vertex -0.5541750996847234 146.36753610199878 3.5
      vertex 0.34133931860633115 146.42623121797456 0
    endloop
  endfacet
  facet normal -0.964031318497509 -0.09494879743907018 -0.24825056459317196
    outer loop
      vertex -0.5541750996847234 146.36753610199878 3.5
      vertex -0.5666825203210699 146.4945260748291 3.5
      vertex 0.32307568860414476 146.611664965283 0
    endloop
  endfacet
  facet normal -0.9557573049750615 -0.15779616968094815 -0.24825056459317177
    outer loop
      vertex -0.5666825203210699 146.4945260748291 3.5
      vertex -0.5874687032137009 146.62042612793147 3.5
      vertex 0.29272321509689087 146.79550718615107 0
    endloop
  endfacet
  facet normal -0.9433905919421711 -0.21996783449898097 -0.24825056459317243
    outer loop
      vertex -0.5874687032137009 146.62042612793147 3.5
      vertex -0.6164446387363169 146.7446971379499 3.5
      vertex 0.25041187203592413 146.976970639965 0
    endloop
  endfacet
  facet normal -0.8823500105822079 -0.39978758860768787 -0.24825056459316988
    outer loop
      vertex -0.6984349116029911 146.98623269311193 3.5
      vertex -0.7510981540112582 147.10246294592707 3.5
      vertex 0.05378763967192376 147.4993886935595 0
    endloop
  endfacet
  facet normal -0.9066081908014326 -0.3412231609239398 -0.2482505645931712
    outer loop
      vertex -0.6534862474845442 146.86680695734117 3.5
      vertex -0.6984349116029911 146.98623269311193 3.5
      vertex 0.1306877457789331 147.32966654267034 0
    endloop
  endfacet
  facet normal -0.9269841355626443 -0.2811975632795352 -0.2482505645931726
    outer loop
      vertex -0.6164446387363169 146.7446971379499 3.5
      vertex -0.6534862474845442 146.86680695734117 3.5
      vertex 0.19632284308798673 147.15527827235684 0
    endloop
  endfacet
  facet normal -0.7874012131430592 -0.5642437298898485 -0.24825056459317557
    outer loop
      vertex -0.8786342560100371 147.32336195438825 3.5
      vertex -0.9529609864320916 147.427084786567 3.5
      vertex -0.2409772195040597 147.97340914593383 0
    endloop
  endfacet
  facet normal -0.7488120211204661 -0.6145341440511274 -0.24825056459317613
    outer loop
      vertex -0.9529609864320916 147.427084786567 3.5
      vertex -1.033912375415994 147.52572433944513 3.5
      vertex -0.3591843430630652 148.1174449427401 0
    endloop
  endfacet
  facet normal -0.6145341440510652 -0.7488120211205187 -0.24825056459317169
    outer loop
      vertex -1.3129152134329949 147.78703901356792 3.5
      vertex -0.7665908540661942 148.49902278049595 0
      vertex -1.214275660554866 147.70608762458403 3.5
    endloop
  endfacet
  facet normal -0.5642437298897945 -0.7874012131430996 -0.2482505645931697
    outer loop
      vertex -1.3129152134329949 147.78703901356792 3.5
      vertex -1.416638045611776 147.86136574398998 3.5
      vertex -0.9180493749531584 148.60755642169738 0
    endloop
  endfacet
  facet normal -0.511537137452792 -0.8226186322870247 -0.24825056459317138
    outer loop
      vertex -1.5250000000000001 147.92874953737967 3.5
      vertex -1.0762820512820512 148.70595182282725 0
      vertex -1.416638045611776 147.86136574398998 3.5
    endloop
  endfacet
  facet normal -0.4566400644605323 -0.8543134721568261 -0.24825056459317268
    outer loop
      vertex -1.5250000000000001 147.92874953737967 3.5
      vertex -1.6375370540729475 147.98890184598875 3.5
      vertex -1.2406113064405104 148.79378763967193 0
    endloop
  endfacet
  facet normal -0.6621930286627362 -0.7070163010635944 -0.2482505645931657
    outer loop
      vertex -1.1211417766862324 147.61885822331377 3.5
      vertex -1.214275660554866 147.70608762458403 3.5
      vertex -0.6225550572599322 148.38081565693693 0
    endloop
  endfacet
  facet normal -0.7070163010636823 -0.6621930286626388 -0.24825056459317493
    outer loop
      vertex -1.1211417766862324 147.61885822331377 3.5
      vertex -0.48655876792907427 148.25344123207094 0
      vertex -1.033912375415994 147.52572433944513 3.5
    endloop
  endfacet
  facet normal -0.8543134721567656 -0.4566400644606451 -0.2482505645931731
    outer loop
      vertex -0.7510981540112582 147.10246294592707 3.5
      vertex -0.811250462620345 147.215 3.5
      vertex -0.0340481771727716 147.66371794871796 0
    endloop
  endfacet
  facet normal -0.8226186322870754 -0.5115371374527121 -0.24825056459316763
    outer loop
      vertex -0.8786342560100371 147.32336195438825 3.5
      vertex -0.1324435783026243 147.82195062504684 0
      vertex -0.811250462620345 147.215 3.5
    endloop
  endfacet
  facet normal 0.21996783449900645 -0.9433905919421655 -0.24825056459317127
    outer loop
      vertex -3.004697137949915 148.1235553612637 3.5
      vertex -3.236970639964998 148.99041187203593 0
      vertex -2.8804261279314503 148.15253129678632 3.5
    endloop
  endfacet
  facet normal 0.15779616968077848 -0.9557573049750894 -0.24825056459317268
    outer loop
      vertex -2.8804261279314503 148.15253129678632 3.5
      vertex -3.0555071861510523 149.03272321509692 0
      vertex -2.7545260748291005 148.17331747967893 3.5
    endloop
  endfacet
  facet normal 0.09494879743912975 -0.9640313184975021 -0.24825056459317604
    outer loop
      vertex -2.7545260748291005 148.17331747967893 3.5
      vertex -2.871664965282993 149.06307568860416 0
      vertex -2.627536101998779 148.18582490031528 3.5
    endloop
  endfacet
  facet normal 0.031694839869702784 -0.9681772019133705 -0.24825056459317568
    outer loop
      vertex -2.627536101998779 148.18582490031528 3.5
      vertex -2.6862312179745484 149.08133931860635 0
      vertex -2.5 148.19 3.5
    endloop
  endfacet
  facet normal -0.031694839869702784 -0.9681772019133704 -0.24825056459317593
    outer loop
      vertex -2.5 148.19 3.5
      vertex -2.5 149.0874358974359 0
      vertex -2.372463898001221 148.18582490031528 3.5
    endloop
  endfacet
  facet normal -0.09494879743912976 -0.9640313184975022 -0.24825056459317568
    outer loop
      vertex -2.372463898001221 148.18582490031528 3.5
      vertex -2.3137687820254516 149.08133931860635 0
      vertex -2.2454739251708995 148.17331747967893 3.5
    endloop
  endfacet
  facet normal -0.15779616968077828 -0.9557573049750883 -0.24825056459317696
    outer loop
      vertex -2.2454739251708995 148.17331747967893 3.5
      vertex -2.128335034717007 149.06307568860416 0
      vertex -2.1195738720685497 148.15253129678632 3.5
    endloop
  endfacet
  facet normal -0.21996783449900628 -0.9433905919421648 -0.2482505645931736
    outer loop
      vertex -2.1195738720685497 148.15253129678632 3.5
      vertex -1.9444928138489477 149.03272321509692 0
      vertex -1.9953028620500848 148.1235553612637 3.5
    endloop
  endfacet
  facet normal -0.2811975632796335 -0.926984135562615 -0.24825056459317013
    outer loop
      vertex -1.9953028620500848 148.1235553612637 3.5
      vertex -1.7630293600350018 148.99041187203593 0
      vertex -1.873193042658835 148.08651375251546 3.5
    endloop
  endfacet
  facet normal 0 0 -1
    outer loop
      vertex -4.248901845988742 145.37753705407295 3.5
      vertex -4.301565088397009 145.4937673068881 3.5
      vertex -4.301565088397009 146.98623269311193 3.5
    endloop
  endfacet
  facet normal 0 0 -1
    outer loop
      vertex -4.301565088397009 145.4937673068881 3.5
      vertex -4.346513752515456 145.61319304265885 3.5
      vertex -4.346513752515456 146.86680695734117 3.5
    endloop
  endfacet
  facet normal 0 0 -1
    outer loop
      vertex -4.121365743989963 145.15663804561177 3.5
      vertex -4.188749537379655 145.26500000000001 3.5
      vertex -4.188749537379655 147.215 3.5
    endloop
  endfacet
  facet normal 0 0 -1
    outer loop
      vertex -4.047039013567908 145.052915213433 3.5
      vertex -4.121365743989963 145.15663804561177 3.5
      vertex -4.121365743989963 147.32336195438825 3.5
    endloop
  endfacet
  facet normal 0 0 -1
    outer loop
      vertex -4.188749537379655 145.26500000000001 3.5
      vertex -4.248901845988742 145.37753705407295 3.5
      vertex -4.248901845988742 147.10246294592707 3.5
    endloop
  endfacet
  facet normal 0 0 -1
    outer loop
      vertex -4.047039013567908 145.052915213433 3.5
      vertex -4.047039013567908 147.427084786567 3.5
      vertex -3.9660876245840058 144.95427566055488 3.5
    endloop
  endfacet
  facet normal 0 0 -1
    outer loop
      vertex -3.7857243394451343 144.773912375416 3.5
      vertex -3.8788582233137676 144.86114177668625 3.5
      vertex -3.8788582233137676 147.61885822331377 3.5
    endloop
  endfacet
  facet normal 0 0 -1
    outer loop
      vertex -3.8788582233137676 144.86114177668625 3.5
      vertex -3.9660876245840058 144.95427566055488 3.5
      vertex -3.9660876245840058 147.52572433944513 3.5
    endloop
  endfacet
  facet normal 0 0 -1
    outer loop
      vertex -3.687084786567005 144.6929609864321 3.5
      vertex -3.7857243394451343 144.773912375416 3.5
      vertex -3.7857243394451343 147.70608762458403 3.5
    endloop
  endfacet
  facet normal 0 0 -1
    outer loop
      vertex -3.583361954388224 144.61863425601004 3.5
      vertex -3.687084786567005 144.6929609864321 3.5
      vertex -3.687084786567005 147.78703901356792 3.5
    endloop
  endfacet
  facet normal 0 0 -1
    outer loop
      vertex -3.583361954388224 144.61863425601004 3.5
      vertex -3.583361954388224 147.86136574398998 3.5
      vertex -3.4749999999999996 144.55125046262035 3.5
    endloop
  endfacet
  facet normal 0 0 -1
    outer loop
      vertex -3.4749999999999996 144.55125046262035 3.5
      vertex -3.4749999999999996 147.92874953737967 3.5
      vertex -3.3624629459270525 144.49109815401127 3.5
    endloop
  endfacet
  facet normal 0 0 -1
    outer loop
      vertex -3.246232693111925 144.438434911603 3.5
      vertex -3.246232693111925 148.04156508839702 3.5
      vertex -3.1268069573411648 144.39348624748456 3.5
    endloop
  endfacet
  facet normal 0 0 -1
    outer loop
      vertex -3.246232693111925 144.438434911603 3.5
      vertex -3.3624629459270525 144.49109815401127 3.5
      vertex -3.3624629459270525 147.98890184598875 3.5
    endloop
  endfacet
  facet normal 0 0 -1
    outer loop
      vertex -3.1268069573411648 144.39348624748456 3.5
      vertex -3.1268069573411648 148.08651375251546 3.5
      vertex -3.004697137949915 144.35644463873632 3.5
    endloop
  endfacet
  facet normal 0 0 -1
    outer loop
      vertex -3.004697137949915 144.35644463873632 3.5
      vertex -3.004697137949915 148.1235553612637 3.5
      vertex -2.8804261279314503 144.3274687032137 3.5
    endloop
  endfacet
  facet normal 0 0 -1
    outer loop
      vertex -2.8804261279314503 144.3274687032137 3.5
      vertex -2.8804261279314503 148.15253129678632 3.5
      vertex -2.7545260748291005 144.3066825203211 3.5
    endloop
  endfacet
  facet normal 0 0 -1
    outer loop
      vertex -2.7545260748291005 144.3066825203211 3.5
      vertex -2.7545260748291005 148.17331747967893 3.5
      vertex -2.627536101998779 144.29417509968474 3.5
    endloop
  endfacet
  facet normal 0 0 -1
    outer loop
      vertex -2.627536101998779 144.29417509968474 3.5
      vertex -2.627536101998779 148.18582490031528 3.5
      vertex -2.5 144.29000000000002 3.5
    endloop
  endfacet
  facet normal 0 0 -1
    outer loop
      vertex -2.5 144.29000000000002 3.5
      vertex -2.5 148.19 3.5
      vertex -2.372463898001221 144.29417509968474 3.5
    endloop
  endfacet
  facet normal 0 0 -1
    outer loop
      vertex -2.372463898001221 144.29417509968474 3.5
      vertex -2.372463898001221 148.18582490031528 3.5
      vertex -2.2454739251708995 144.3066825203211 3.5
    endloop
  endfacet
  facet normal 0 0 -1
    outer loop
      vertex -2.2454739251708995 144.3066825203211 3.5
      vertex -2.2454739251708995 148.17331747967893 3.5
      vertex -2.1195738720685497 144.3274687032137 3.5
    endloop
  endfacet
  facet normal 0 0 -1
    outer loop
      vertex -2.1195738720685497 144.3274687032137 3.5
      vertex -2.1195738720685497 148.15253129678632 3.5
      vertex -1.9953028620500848 144.35644463873632 3.5
    endloop
  endfacet
  facet normal 0 0 -1
    outer loop
      vertex -1.9953028620500848 144.35644463873632 3.5
      vertex -1.9953028620500848 148.1235553612637 3.5
      vertex -1.873193042658835 144.39348624748456 3.5
    endloop
  endfacet
  facet normal 0 0 -1
    outer loop
      vertex -1.873193042658835 144.39348624748456 3.5
      vertex -1.873193042658835 148.08651375251546 3.5
      vertex -1.753767306888075 144.438434911603 3.5
    endloop
  endfacet
  facet normal 0 0 -1
    outer loop
      vertex -1.753767306888075 144.438434911603 3.5
      vertex -1.753767306888075 148.04156508839702 3.5
      vertex -1.6375370540729475 144.49109815401127 3.5
    endloop
  endfacet
  facet normal 0 0 -1
    outer loop
      vertex -1.6375370540729475 144.49109815401127 3.5
      vertex -1.6375370540729475 147.98890184598875 3.5
      vertex -1.5250000000000001 144.55125046262035 3.5
    endloop
  endfacet
  facet normal 0 0 -1
    outer loop
      vertex -1.5250000000000001 144.55125046262035 3.5
      vertex -1.5250000000000001 147.92874953737967 3.5
      vertex -1.416638045611776 144.61863425601004 3.5
    endloop
  endfacet
  facet normal 0 0 -1
    outer loop
      vertex -1.416638045611776 144.61863425601004 3.5
      vertex -1.416638045611776 147.86136574398998 3.5
      vertex -1.3129152134329949 144.6929609864321 3.5
    endloop
  endfacet
  facet normal 0 0 -1
    outer loop
      vertex -1.3129152134329949 144.6929609864321 3.5
      vertex -1.3129152134329949 147.78703901356792 3.5
      vertex -1.214275660554866 144.773912375416 3.5
    endloop
  endfacet
  facet normal 0 0 -1
    outer loop
      vertex -1.214275660554866 144.773912375416 3.5
      vertex -1.214275660554866 147.70608762458403 3.5
      vertex -1.1211417766862324 144.86114177668625 3.5
    endloop
  endfacet
  facet normal 0 0 -1
    outer loop
      vertex -1.1211417766862324 144.86114177668625 3.5
      vertex -1.1211417766862324 147.61885822331377 3.5
      vertex -1.033912375415994 144.95427566055488 3.5
    endloop
  endfacet
  facet normal 0 0 -1
    outer loop
      vertex -1.033912375415994 144.95427566055488 3.5
      vertex -1.033912375415994 147.52572433944513 3.5
      vertex -0.9529609864320916 145.052915213433 3.5
    endloop
  endfacet
  facet normal 0 0 -1
    outer loop
      vertex -0.9529609864320916 145.052915213433 3.5
      vertex -0.9529609864320916 147.427084786567 3.5
      vertex -0.8786342560100371 145.15663804561177 3.5
    endloop
  endfacet
  facet normal 0 0 -1
    outer loop
      vertex -0.8786342560100371 145.15663804561177 3.5
      vertex -0.8786342560100371 147.32336195438825 3.5
      vertex -0.811250462620345 145.26500000000001 3.5
    endloop
  endfacet
  facet normal 0 0 -1
    outer loop
      vertex -0.811250462620345 145.26500000000001 3.5
      vertex -0.811250462620345 147.215 3.5
      vertex -0.7510981540112582 145.37753705407295 3.5
    endloop
  endfacet
  facet normal 0 0 -1
    outer loop
      vertex -0.7510981540112582 145.37753705407295 3.5
      vertex -0.7510981540112582 147.10246294592707 3.5
      vertex -0.6984349116029911 145.4937673068881 3.5
    endloop
  endfacet
  facet normal 0 0 -1
    outer loop
      vertex -4.346513752515456 145.61319304265885 3.5
      vertex -4.383555361263683 145.7353028620501 3.5
      vertex -4.383555361263683 146.7446971379499 3.5
    endloop
  endfacet
  facet normal 0 0 -1
    outer loop
      vertex -4.412531296786299 145.85957387206855 3.5
      vertex -4.43331747967893 145.9854739251709 3.5
      vertex -4.43331747967893 146.4945260748291 3.5
    endloop
  endfacet
  facet normal 0 0 -1
    outer loop
      vertex -4.383555361263683 145.7353028620501 3.5
      vertex -4.412531296786299 145.85957387206855 3.5
      vertex -4.412531296786299 146.62042612793147 3.5
    endloop
  endfacet
  facet normal 0 0 -1
    outer loop
      vertex -4.43331747967893 145.9854739251709 3.5
      vertex -4.4458249003152766 146.11246389800124 3.5
      vertex -4.4458249003152766 146.36753610199878 3.5
    endloop
  endfacet
  facet normal 0 0 -1
    outer loop
      vertex -4.4458249003152766 146.11246389800124 3.5
      vertex -4.449999999999999 146.24 3.5
      vertex -4.4458249003152766 146.36753610199878 3.5
    endloop
  endfacet
  facet normal 0 0 -1
    outer loop
      vertex -4.43331747967893 145.9854739251709 3.5
      vertex -4.4458249003152766 146.36753610199878 3.5
      vertex -4.43331747967893 146.4945260748291 3.5
    endloop
  endfacet
  facet normal 0 0 -1
    outer loop
      vertex -4.412531296786299 145.85957387206855 3.5
      vertex -4.43331747967893 146.4945260748291 3.5
      vertex -4.412531296786299 146.62042612793147 3.5
    endloop
  endfacet
  facet normal 0 0 -1
    outer loop
      vertex -4.383555361263683 145.7353028620501 3.5
      vertex -4.412531296786299 146.62042612793147 3.5
      vertex -4.383555361263683 146.7446971379499 3.5
    endloop
  endfacet
  facet normal 0 0 -1
    outer loop
      vertex -4.346513752515456 145.61319304265885 3.5
      vertex -4.383555361263683 146.7446971379499 3.5
      vertex -4.346513752515456 146.86680695734117 3.5
    endloop
  endfacet
  facet normal 0 0 -1
    outer loop
      vertex -4.301565088397009 145.4937673068881 3.5
      vertex -4.346513752515456 146.86680695734117 3.5
      vertex -4.301565088397009 146.98623269311193 3.5
    endloop
  endfacet
  facet normal 0 0 -1
    outer loop
      vertex -4.248901845988742 145.37753705407295 3.5
      vertex -4.301565088397009 146.98623269311193 3.5
      vertex -4.248901845988742 147.10246294592707 3.5
    endloop
  endfacet
  facet normal 0 0 -1
    outer loop
      vertex -4.188749537379655 145.26500000000001 3.5
      vertex -4.248901845988742 147.10246294592707 3.5
      vertex -4.188749537379655 147.215 3.5
    endloop
  endfacet
  facet normal 0 0 -1
    outer loop
      vertex -4.121365743989963 145.15663804561177 3.5
      vertex -4.188749537379655 147.215 3.5
      vertex -4.121365743989963 147.32336195438825 3.5
    endloop
  endfacet
  facet normal 0 0 -1
    outer loop
      vertex -4.047039013567908 145.052915213433 3.5
      vertex -4.121365743989963 147.32336195438825 3.5
      vertex -4.047039013567908 147.427084786567 3.5
    endloop
  endfacet
  facet normal 0 0 -1
    outer loop
      vertex -3.9660876245840058 144.95427566055488 3.5
      vertex -4.047039013567908 147.427084786567 3.5
      vertex -3.9660876245840058 147.52572433944513 3.5
    endloop
  endfacet
  facet normal 0 0 -1
    outer loop
      vertex -3.8788582233137676 144.86114177668625 3.5
      vertex -3.9660876245840058 147.52572433944513 3.5
      vertex -3.8788582233137676 147.61885822331377 3.5
    endloop
  endfacet
  facet normal 0 0 -1
    outer loop
      vertex -3.7857243394451343 144.773912375416 3.5
      vertex -3.8788582233137676 147.61885822331377 3.5
      vertex -3.7857243394451343 147.70608762458403 3.5
    endloop
  endfacet
  facet normal 0 0 -1
    outer loop
      vertex -3.687084786567005 144.6929609864321 3.5
      vertex -3.7857243394451343 147.70608762458403 3.5
      vertex -3.687084786567005 147.78703901356792 3.5
    endloop
  endfacet
  facet normal 0 0 -1
    outer loop
      vertex -3.583361954388224 144.61863425601004 3.5
      vertex -3.687084786567005 147.78703901356792 3.5
      vertex -3.583361954388224 147.86136574398998 3.5
    endloop
  endfacet
  facet normal 0 0 -1
    outer loop
      vertex -3.4749999999999996 144.55125046262035 3.5
      vertex -3.583361954388224 147.86136574398998 3.5
      vertex -3.4749999999999996 147.92874953737967 3.5
    endloop
  endfacet
  facet normal 0 0 -1
    outer loop
      vertex -3.3624629459270525 144.49109815401127 3.5
      vertex -3.4749999999999996 147.92874953737967 3.5
      vertex -3.3624629459270525 147.98890184598875 3.5
    endloop
  endfacet
  facet normal 0 0 -1
    outer loop
      vertex -3.246232693111925 144.438434911603 3.5
      vertex -3.3624629459270525 147.98890184598875 3.5
      vertex -3.246232693111925 148.04156508839702 3.5
    endloop
  endfacet
  facet normal 0 0 -1
    outer loop
      vertex -3.1268069573411648 144.39348624748456 3.5
      vertex -3.246232693111925 148.04156508839702 3.5
      vertex -3.1268069573411648 148.08651375251546 3.5
    endloop
  endfacet
  facet normal 0 0 -1
    outer loop
      vertex -3.004697137949915 144.35644463873632 3.5
      vertex -3.1268069573411648 148.08651375251546 3.5
      vertex -3.004697137949915 148.1235553612637 3.5
    endloop
  endfacet
  facet normal 0 0 -1
    outer loop
      vertex -2.8804261279314503 144.3274687032137 3.5
      vertex -3.004697137949915 148.1235553612637 3.5
      vertex -2.8804261279314503 148.15253129678632 3.5
    endloop
  endfacet
  facet normal 0 0 -1
    outer loop
      vertex -2.7545260748291005 144.3066825203211 3.5
      vertex -2.8804261279314503 148.15253129678632 3.5
      vertex -2.7545260748291005 148.17331747967893 3.5
    endloop
  endfacet
  facet normal 0 0 -1
    outer loop
      vertex -2.627536101998779 144.29417509968474 3.5
      vertex -2.7545260748291005 148.17331747967893 3.5
      vertex -2.627536101998779 148.18582490031528 3.5
    endloop
  endfacet
  facet normal 0 0 -1
    outer loop
      vertex -2.5 144.29000000000002 3.5
      vertex -2.627536101998779 148.18582490031528 3.5
      vertex -2.5 148.19 3.5
    endloop
  endfacet
  facet normal 0 0 -1
    outer loop
      vertex -2.372463898001221 144.29417509968474 3.5
      vertex -2.5 148.19 3.5
      vertex -2.372463898001221 148.18582490031528 3.5
    endloop
  endfacet
  facet normal 0 0 -1
    outer loop
      vertex -2.2454739251708995 144.3066825203211 3.5
      vertex -2.372463898001221 148.18582490031528 3.5
      vertex -2.2454739251708995 148.17331747967893 3.5
    endloop
  endfacet
  facet normal 0 0 -1
    outer loop
      vertex -2.1195738720685497 144.3274687032137 3.5
      vertex -2.2454739251708995 148.17331747967893 3.5
      vertex -2.1195738720685497 148.15253129678632 3.5
    endloop
  endfacet
  facet normal 0 0 -1
    outer loop
      vertex -1.9953028620500848 144.35644463873632 3.5
      vertex -2.1195738720685497 148.15253129678632 3.5
      vertex -1.9953028620500848 148.1235553612637 3.5
    endloop
  endfacet
  facet normal 0 0 -1
    outer loop
      vertex -1.873193042658835 144.39348624748456 3.5
      vertex -1.9953028620500848 148.1235553612637 3.5
      vertex -1.873193042658835 148.08651375251546 3.5
    endloop
  endfacet
  facet normal 0 0 -1
    outer loop
      vertex -1.753767306888075 144.438434911603 3.5
      vertex -1.873193042658835 148.08651375251546 3.5
      vertex -1.753767306888075 148.04156508839702 3.5
    endloop
  endfacet
  facet normal 0 0 -1
    outer loop
      vertex -1.6375370540729475 144.49109815401127 3.5
      vertex -1.753767306888075 148.04156508839702 3.5
      vertex -1.6375370540729475 147.98890184598875 3.5
    endloop
  endfacet
  facet normal 0 0 -1
    outer loop
      vertex -1.5250000000000001 144.55125046262035 3.5
      vertex -1.6375370540729475 147.98890184598875 3.5
      vertex -1.5250000000000001 147.92874953737967 3.5
    endloop
  endfacet
  facet normal 0 0 -1
    outer loop
      vertex -0.6984349116029911 145.4937673068881 3.5
      vertex -0.6984349116029911 146.98623269311193 3.5
      vertex -0.6534862474845442 145.61319304265885 3.5
    endloop
  endfacet
  facet normal 0 0 -1
    outer loop
      vertex -0.6534862474845442 145.61319304265885 3.5
      vertex -0.6534862474845442 146.86680695734117 3.5
      vertex -0.6164446387363169 145.7353028620501 3.5
    endloop
  endfacet
  facet normal 0 0 -1
    outer loop
      vertex -0.6164446387363169 145.7353028620501 3.5
      vertex -0.6534862474845442 146.86680695734117 3.5
      vertex -0.6164446387363169 146.7446971379499 3.5
    endloop
  endfacet
  facet normal 0 0 -1
    outer loop
      vertex -0.6534862474845442 145.61319304265885 3.5
      vertex -0.6984349116029911 146.98623269311193 3.5
      vertex -0.6534862474845442 146.86680695734117 3.5
    endloop
  endfacet
  facet normal 0 0 -1
    outer loop
      vertex -0.7510981540112582 145.37753705407295 3.5
      vertex -0.811250462620345 147.215 3.5
      vertex -0.7510981540112582 147.10246294592707 3.5
    endloop
  endfacet
  facet normal 0 0 -1
    outer loop
      vertex -0.811250462620345 145.26500000000001 3.5
      vertex -0.8786342560100371 147.32336195438825 3.5
      vertex -0.811250462620345 147.215 3.5
    endloop
  endfacet
  facet normal 0 0 -1
    outer loop
      vertex -0.6984349116029911 145.4937673068881 3.5
      vertex -0.7510981540112582 147.10246294592707 3.5
      vertex -0.6984349116029911 146.98623269311193 3.5
    endloop
  endfacet
  facet normal 0 0 -1
    outer loop
      vertex -1.3129152134329949 144.6929609864321 3.5
      vertex -1.416638045611776 147.86136574398998 3.5
      vertex -1.3129152134329949 147.78703901356792 3.5
    endloop
  endfacet
  facet normal 0 0 -1
    outer loop
      vertex -1.416638045611776 144.61863425601004 3.5
      vertex -1.5250000000000001 147.92874953737967 3.5
      vertex -1.416638045611776 147.86136574398998 3.5
    endloop
  endfacet
  facet normal 0 0 -1
    outer loop
      vertex -1.214275660554866 144.773912375416 3.5
      vertex -1.3129152134329949 147.78703901356792 3.5
      vertex -1.214275660554866 147.70608762458403 3.5
    endloop
  endfacet
  facet normal 0 0 -1
    outer loop
      vertex -1.1211417766862324 144.86114177668625 3.5
      vertex -1.214275660554866 147.70608762458403 3.5
      vertex -1.1211417766862324 147.61885822331377 3.5
    endloop
  endfacet
  facet normal 0 0 -1
    outer loop
      vertex -0.8786342560100371 145.15663804561177 3.5
      vertex -0.9529609864320916 147.427084786567 3.5
      vertex -0.8786342560100371 147.32336195438825 3.5
    endloop
  endfacet
  facet normal 0 0 -1
    outer loop
      vertex -1.033912375415994 144.95427566055488 3.5
      vertex -1.1211417766862324 147.61885822331377 3.5
      vertex -1.033912375415994 147.52572433944513 3.5
    endloop
  endfacet
  facet normal 0 0 -1
    outer loop
      vertex -0.9529609864320916 145.052915213433 3.5
      vertex -1.033912375415994 147.52572433944513 3.5
      vertex -0.9529609864320916 147.427084786567 3.5
    endloop
  endfacet
  facet normal 0 0 -1
    outer loop
      vertex -0.6164446387363169 145.7353028620501 3.5
      vertex -0.6164446387363169 146.7446971379499 3.5
      vertex -0.5874687032137009 145.85957387206855 3.5
    endloop
  endfacet
  facet normal 0 0 -1
    outer loop
      vertex -0.5874687032137009 145.85957387206855 3.5
      vertex -0.5874687032137009 146.62042612793147 3.5
      vertex -0.5666825203210699 145.9854739251709 3.5
    endloop
  endfacet
  facet normal 0 0 -1
    outer loop
      vertex -0.5666825203210699 145.9854739251709 3.5
      vertex -0.5666825203210699 146.4945260748291 3.5
      vertex -0.5541750996847234 146.11246389800124 3.5
    endloop
  endfacet
  facet normal 0 0 -1
    outer loop
      vertex -0.5541750996847234 146.11246389800124 3.5
      vertex -0.5541750996847234 146.36753610199878 3.5
      vertex -0.5500000000000003 146.24 3.5
    endloop
  endfacet
  facet normal 0 0 -1
    outer loop
      vertex -0.5541750996847234 146.11246389800124 3.5
      vertex -0.5666825203210699 146.4945260748291 3.5
      vertex -0.5541750996847234 146.36753610199878 3.5
    endloop
  endfacet
  facet normal 0 0 -1
    outer loop
      vertex -0.5874687032137009 145.85957387206855 3.5
      vertex -0.6164446387363169 146.7446971379499 3.5
      vertex -0.5874687032137009 146.62042612793147 3.5
    endloop
  endfacet
  facet normal 0 0 -1
    outer loop
      vertex -0.5666825203210699 145.9854739251709 3.5
      vertex -0.5874687032137009 146.62042612793147 3.5
      vertex -0.5666825203210699 146.4945260748291 3.5
    endloop
  endfacet
  facet normal 0.5115371374528095 0.8226186322870146 -0.2482505645931686
    outer loop
      vertex 220.51663804561178 2.878634256010037 3.5
      vertex 220.17628205128207 2.0340481771727714 0
      vertex 220.0180493749532 2.1324435783026243 0
    endloop
  endfacet
  facet normal 0.4566400644605818 0.8543134721567995 -0.24825056459317255
    outer loop
      vertex 220.62500000000003 2.811250462620345 3.5
      vertex 220.34061130644054 1.9462123603280763 0
      vertex 220.17628205128207 2.0340481771727714 0
    endloop
  endfacet
  facet normal 0.39978758860771857 0.8823500105821941 -0.24825056459317013
    outer loop
      vertex 220.73753705407296 2.7510981540112582 3.5
      vertex 220.5103334573297 1.869312254221067 0
      vertex 220.34061130644054 1.9462123603280763 0
    endloop
  endfacet
  facet normal 0.21996783449896518 0.9433905919421748 -0.24825056459317224
    outer loop
      vertex 221.09530286205012 2.6164446387363167 3.5
      vertex 221.04449281384896 1.7072767849031092 0
      vertex 220.86302936003503 1.749588127964076 0
    endloop
  endfacet
  facet normal 0.2811975632795323 0.9269841355626451 -0.2482505645931725
    outer loop
      vertex 220.97319304265886 2.653486247484544 3.5
      vertex 220.86302936003503 1.749588127964076 0
      vertex 220.6847217276432 1.8036771569120134 0
    endloop
  endfacet
  facet normal 0.34122316092397037 0.906608190801421 -0.24825056459317152
    outer loop
      vertex 220.8537673068881 2.698434911602991 3.5
      vertex 220.6847217276432 1.8036771569120134 0
      vertex 220.5103334573297 1.869312254221067 0
    endloop
  endfacet
  facet normal 0.15779616968095658 0.9557573049750601 -0.24825056459317185
    outer loop
      vertex 221.21957387206857 2.587468703213701 3.5
      vertex 221.22833503471702 1.6769243113958552 0
      vertex 221.04449281384896 1.7072767849031092 0
    endloop
  endfacet
  facet normal 0.09494879743907265 0.9640313184975089 -0.248250564593172
    outer loop
      vertex 221.34547392517092 2.56668252032107 3.5
      vertex 221.41376878202547 1.6586606813936688 0
      vertex 221.22833503471702 1.6769243113958552 0
    endloop
  endfacet
  facet normal 0.03169483986976043 0.9681772019133695 -0.24825056459317185
    outer loop
      vertex 221.47246389800125 2.5541750996847234 3.5
      vertex 221.60000000000002 1.6525641025641025 0
      vertex 221.41376878202547 1.6586606813936688 0
    endloop
  endfacet
  facet normal -0.03169483986976043 0.9681772019133695 -0.24825056459317177
    outer loop
      vertex 221.60000000000002 2.5500000000000003 3.5
      vertex 221.78623121797457 1.6586606813936688 0
      vertex 221.60000000000002 1.6525641025641025 0
    endloop
  endfacet
  facet normal -0.0949487974390728 0.9640313184975088 -0.24825056459317205
    outer loop
      vertex 221.7275361019988 2.5541750996847234 3.5
      vertex 221.97166496528303 1.6769243113958552 0
      vertex 221.78623121797457 1.6586606813936688 0
    endloop
  endfacet
  facet normal -0.15779616968095658 0.9557573049750601 -0.24825056459317213
    outer loop
      vertex 221.85452607482912 2.56668252032107 3.5
      vertex 222.15550718615108 1.7072767849031092 0
      vertex 221.97166496528303 1.6769243113958552 0
    endloop
  endfacet
  facet normal -0.2199678344989651 0.943390591942175 -0.24825056459317182
    outer loop
      vertex 221.98042612793148 2.587468703213701 3.5
      vertex 222.33697063996502 1.749588127964076 0
      vertex 222.15550718615108 1.7072767849031092 0
    endloop
  endfacet
  facet normal -0.2811975632795325 0.9269841355626451 -0.24825056459317235
    outer loop
      vertex 222.10469713794993 2.6164446387363167 3.5
      vertex 222.51527827235685 1.8036771569120134 0
      vertex 222.33697063996502 1.749588127964076 0
    endloop
  endfacet
  facet normal 0.7488120211204458 0.6145341440511543 -0.24825056459317077
    outer loop
      vertex 220.0529609864321 3.312915213432995 3.5
      vertex 219.4591843430631 2.6225550572599325 0
      vertex 219.34097721950408 2.766590854066194 0
    endloop
  endfacet
  facet normal 0.8226186322870089 0.5115371374528171 -0.24825056459317113
    outer loop
      vertex 219.91125046262036 3.5250000000000004 3.5
      vertex 219.23244357830265 2.9180493749531586 0
      vertex 219.1340481771728 3.0762820512820515 0
    endloop
  endfacet
  facet normal 0.7874012131431187 0.5642437298897679 -0.24825056459316985
    outer loop
      vertex 219.97863425601005 3.416638045611776 3.5
      vertex 219.34097721950408 2.766590854066194 0
      vertex 219.23244357830265 2.9180493749531586 0
    endloop
  endfacet
  facet normal 0.85431347215681 0.45664006446056243 -0.24825056459317235
    outer loop
      vertex 219.85109815401128 3.6375370540729475 3.5
      vertex 219.1340481771728 3.0762820512820515 0
      vertex 219.0462123603281 3.2406113064405107 0
    endloop
  endfacet
  facet normal 0.8823500105821694 0.39978758860777147 -0.2482505645931728
    outer loop
      vertex 219.798434911603 3.753767306888075 3.5
      vertex 219.0462123603281 3.2406113064405107 0
      vertex 218.96931225422108 3.410333457329661 0
    endloop
  endfacet
  facet normal 0.5642437298897132 0.7874012131431566 -0.2482505645931742
    outer loop
      vertex 220.41291521343302 2.9529609864320916 3.5
      vertex 220.0180493749532 2.1324435783026243 0
      vertex 219.8665908540662 2.24097721950406 0
    endloop
  endfacet
  facet normal 0.6145341440511095 0.748812021120481 -0.24825056459317604
    outer loop
      vertex 220.3142756605549 3.0339123754159942 3.5
      vertex 219.8665908540662 2.24097721950406 0
      vertex 219.72255505725994 2.359184343063065 0
    endloop
  endfacet
  facet normal 0.6621930286626587 0.7070163010636636 -0.24825056459317518
    outer loop
      vertex 220.22114177668627 3.1211417766862324 3.5
      vertex 219.72255505725994 2.359184343063065 0
      vertex 219.5865587679291 2.486558767929074 0
    endloop
  endfacet
  facet normal 0.7070163010637379 0.6621930286625823 -0.24825056459316738
    outer loop
      vertex 220.133912375416 3.2142756605548657 3.5
      vertex 219.5865587679291 2.486558767929074 0
      vertex 219.4591843430631 2.6225550572599325 0
    endloop
  endfacet
  facet normal 0.9066081908014524 0.3412231609238856 -0.2482505645931732
    outer loop
      vertex 219.75348624748457 3.8731930426588352 3.5
      vertex 218.96931225422108 3.410333457329661 0
      vertex 218.90367715691204 3.5847217276431773 0
    endloop
  endfacet
  facet normal 0.9269841355626344 0.2811975632795696 -0.24825056459317063
    outer loop
      vertex 219.71644463873633 3.995302862050085 3.5
      vertex 218.90367715691204 3.5847217276431773 0
      vertex 218.8495881279641 3.763029360035002 0
    endloop
  endfacet
  facet normal 0.9433905919421541 0.21996783449905266 -0.24825056459317327
    outer loop
      vertex 219.6874687032137 4.11957387206855 3.5
      vertex 218.8495881279641 3.763029360035002 0
      vertex 218.8072767849031 3.9444928138489477 0
    endloop
  endfacet
  facet normal 0.9557573049750744 0.15779616968086335 -0.24825056459317638
    outer loop
      vertex 219.6666825203211 4.2454739251708995 3.5
      vertex 218.8072767849031 3.9444928138489477 0
      vertex 218.77692431139587 4.128335034717007 0
    endloop
  endfacet
  facet normal 0.964031318497503 0.09494879743912274 -0.24825056459317574
    outer loop
      vertex 219.65417509968475 4.372463898001221 3.5
      vertex 218.77692431139587 4.128335034717007 0
      vertex 218.75866068139368 4.313768782025452 0
    endloop
  endfacet
  facet normal 0.9681772019133702 0.03169483986970796 -0.2482505645931759
    outer loop
      vertex 219.65000000000003 4.5 3.5
      vertex 218.75866068139368 4.313768782025452 0
      vertex 218.75256410256412 4.5 0
    endloop
  endfacet
  facet normal 0.9681772019133704 -0.03169483986970797 -0.24825056459317574
    outer loop
      vertex 219.65417509968475 4.627536101998779 3.5
      vertex 218.75256410256412 4.5 0
      vertex 218.75866068139368 4.686231217974548 0
    endloop
  endfacet
  facet normal -0.3412231609239706 0.9066081908014206 -0.24825056459317255
    outer loop
      vertex 222.22680695734118 2.653486247484544 3.5
      vertex 222.68966654267035 1.869312254221067 0
      vertex 222.51527827235685 1.8036771569120134 0
    endloop
  endfacet
  facet normal -0.39978758860771857 0.8823500105821936 -0.24825056459317127
    outer loop
      vertex 222.34623269311194 2.698434911602991 3.5
      vertex 222.8593886935595 1.9462123603280763 0
      vertex 222.68966654267035 1.869312254221067 0
    endloop
  endfacet
  facet normal -0.45664006446058186 0.8543134721568003 -0.24825056459317013
    outer loop
      vertex 222.4624629459271 2.7510981540112582 3.5
      vertex 223.02371794871797 2.0340481771727714 0
      vertex 222.8593886935595 1.9462123603280763 0
    endloop
  endfacet
  facet normal -0.5115371374528089 0.8226186322870138 -0.24825056459317252
    outer loop
      vertex 222.57500000000002 2.811250462620345 3.5
      vertex 223.18195062504685 2.1324435783026243 0
      vertex 223.02371794871797 2.0340481771727714 0
    endloop
  endfacet
  facet normal -0.564243729889714 0.7874012131431577 -0.24825056459316844
    outer loop
      vertex 222.68336195438826 2.878634256010037 3.5
      vertex 223.33340914593384 2.24097721950406 0
      vertex 223.18195062504685 2.1324435783026243 0
    endloop
  endfacet
  facet normal -0.6145341440511094 0.7488120211204813 -0.2482505645931752
    outer loop
      vertex 222.78708478656702 2.9529609864320916 3.5
      vertex 223.4774449427401 2.359184343063065 0
      vertex 223.33340914593384 2.24097721950406 0
    endloop
  endfacet
  facet normal -0.6621930286626587 0.7070163010636633 -0.24825056459317615
    outer loop
      vertex 222.88572433944515 3.0339123754159942 3.5
      vertex 223.61344123207095 2.486558767929074 0
      vertex 223.4774449427401 2.359184343063065 0
    endloop
  endfacet
  facet normal -0.7070163010637368 0.6621930286625808 -0.24825056459317446
    outer loop
      vertex 222.97885822331378 3.1211417766862324 3.5
      vertex 223.74081565693695 2.6225550572599325 0
      vertex 223.61344123207095 2.486558767929074 0
    endloop
  endfacet
  facet normal -0.7488120211204468 0.6145341440511548 -0.24825056459316677
    outer loop
      vertex 223.06608762458404 3.2142756605548657 3.5
      vertex 223.85902278049596 2.766590854066194 0
      vertex 223.74081565693695 2.6225550572599325 0
    endloop
  endfacet
  facet normal -0.7874012131431185 0.5642437298897677 -0.24825056459317107
    outer loop
      vertex 223.14703901356793 3.312915213432995 3.5
      vertex 223.9675564216974 2.9180493749531586 0
      vertex 223.85902278049596 2.766590854066194 0
    endloop
  endfacet
  facet normal -0.8226186322870093 0.5115371374528174 -0.2482505645931701
    outer loop
      vertex 223.22136574399 3.416638045611776 3.5
      vertex 224.06595182282726 3.0762820512820515 0
      vertex 223.9675564216974 2.9180493749531586 0
    endloop
  endfacet
  facet normal -0.8543134721568102 0.45664006446056254 -0.2482505645931712
    outer loop
      vertex 223.2887495373797 3.5250000000000004 3.5
      vertex 224.15378763967195 3.2406113064405107 0
      vertex 224.06595182282726 3.0762820512820515 0
    endloop
  endfacet
  facet normal -0.8823500105821694 0.39978758860777147 -0.24825056459317246
    outer loop
      vertex 223.34890184598876 3.6375370540729475 3.5
      vertex 224.23068774577897 3.410333457329661 0
      vertex 224.15378763967195 3.2406113064405107 0
    endloop
  endfacet
  facet normal -0.9066081908014526 0.34122316092388566 -0.24825056459317268
    outer loop
      vertex 223.40156508839704 3.753767306888075 3.5
      vertex 224.296322843088 3.5847217276431773 0
      vertex 224.23068774577897 3.410333457329661 0
    endloop
  endfacet
  facet normal -0.9269841355626337 0.2811975632795694 -0.2482505645931729
    outer loop
      vertex 223.44651375251547 3.8731930426588352 3.5
      vertex 224.35041187203595 3.763029360035002 0
      vertex 224.296322843088 3.5847217276431773 0
    endloop
  endfacet
  facet normal -0.9433905919421546 0.21996783449905277 -0.2482505645931716
    outer loop
      vertex 223.4835553612637 3.995302862050085 3.5
      vertex 224.39272321509694 3.9444928138489477 0
      vertex 224.35041187203595 3.763029360035002 0
    endloop
  endfacet
  facet normal -0.9557573049750752 0.15779616968086346 -0.24825056459317335
    outer loop
      vertex 223.51253129678634 4.11957387206855 3.5
      vertex 224.42307568860417 4.128335034717007 0
      vertex 224.39272321509694 3.9444928138489477 0
    endloop
  endfacet
  facet normal -0.964031318497503 0.09494879743912274 -0.24825056459317604
    outer loop
      vertex 223.53331747967894 4.2454739251708995 3.5
      vertex 224.44133931860637 4.313768782025452 0
      vertex 224.42307568860417 4.128335034717007 0
    endloop
  endfacet
  facet normal -0.9681772019133704 0.03169483986970797 -0.24825056459317574
    outer loop
      vertex 223.5458249003153 4.372463898001221 3.5
      vertex 224.44743589743592 4.5 0
      vertex 224.44133931860637 4.313768782025452 0
    endloop
  endfacet
  facet normal -0.9681772019133702 -0.03169483986970796 -0.2482505645931759
    outer loop
      vertex 223.55 4.5 3.5
      vertex 224.44133931860637 4.686231217974548 0
      vertex 224.44743589743592 4.5 0
    endloop
  endfacet
  facet normal 0.964031318497503 -0.09494879743912274 -0.24825056459317604
    outer loop
      vertex 219.6666825203211 4.7545260748291005 3.5
      vertex 218.75866068139368 4.686231217974548 0
      vertex 218.77692431139587 4.871664965282993 0
    endloop
  endfacet
  facet normal 0.9557573049750752 -0.15779616968086346 -0.24825056459317335
    outer loop
      vertex 219.6874687032137 4.88042612793145 3.5
      vertex 218.77692431139587 4.871664965282993 0
      vertex 218.8072767849031 5.055507186151052 0
    endloop
  endfacet
  facet normal 0.9433905919421546 -0.21996783449905277 -0.2482505645931716
    outer loop
      vertex 219.71644463873633 5.004697137949916 3.5
      vertex 218.8072767849031 5.055507186151052 0
      vertex 218.8495881279641 5.236970639964998 0
    endloop
  endfacet
  facet normal 0.926984135562634 -0.2811975632795688 -0.248250564593173
    outer loop
      vertex 219.75348624748457 5.126806957341165 3.5
      vertex 218.8495881279641 5.236970639964998 0
      vertex 218.90367715691204 5.415278272356823 0
    endloop
  endfacet
  facet normal 0.9066081908014522 -0.3412231609238864 -0.24825056459317268
    outer loop
      vertex 219.798434911603 5.246232693111925 3.5
      vertex 218.90367715691204 5.415278272356823 0
      vertex 218.96931225422108 5.589666542670339 0
    endloop
  endfacet
  facet normal 0.8823500105821694 -0.39978758860777147 -0.24825056459317252
    outer loop
      vertex 219.85109815401128 5.362462945927052 3.5
      vertex 218.96931225422108 5.589666542670339 0
      vertex 219.0462123603281 5.759388693559489 0
    endloop
  endfacet
  facet normal 0.8543134721568102 -0.45664006446056254 -0.2482505645931712
    outer loop
      vertex 219.91125046262036 5.475 3.5
      vertex 219.0462123603281 5.759388693559489 0
      vertex 219.1340481771728 5.9237179487179485 0
    endloop
  endfacet
  facet normal 0.8226186322870086 -0.5115371374528184 -0.2482505645931701
    outer loop
      vertex 219.97863425601005 5.583361954388224 3.5
      vertex 219.1340481771728 5.9237179487179485 0
      vertex 219.23244357830265 6.081950625046841 0
    endloop
  endfacet
  facet normal 0.7874012131431185 -0.5642437298897677 -0.24825056459317102
    outer loop
      vertex 220.0529609864321 5.687084786567005 3.5
      vertex 219.23244357830265 6.081950625046841 0
      vertex 219.34097721950408 6.2334091459338055 0
    endloop
  endfacet
  facet normal 0.7488120211204484 -0.6145341440511527 -0.24825056459316686
    outer loop
      vertex 220.133912375416 5.785724339445134 3.5
      vertex 219.34097721950408 6.2334091459338055 0
      vertex 219.4591843430631 6.377444942740068 0
    endloop
  endfacet
  facet normal 0.7070163010637346 -0.6621930286625832 -0.24825056459317452
    outer loop
      vertex 220.22114177668627 5.878858223313768 3.5
      vertex 219.4591843430631 6.377444942740068 0
      vertex 219.5865587679291 6.513441232070925 0
    endloop
  endfacet
  facet normal 0.6621930286626599 -0.7070163010636621 -0.24825056459317607
    outer loop
      vertex 220.3142756605549 5.966087624584006 3.5
      vertex 219.5865587679291 6.513441232070925 0
      vertex 219.72255505725994 6.640815656936935 0
    endloop
  endfacet
  facet normal 0.614534144051111 -0.7488120211204801 -0.24825056459317527
    outer loop
      vertex 220.41291521343302 6.047039013567908 3.5
      vertex 219.72255505725994 6.640815656936935 0
      vertex 219.8665908540662 6.759022780495941 0
    endloop
  endfacet
  facet normal 0.5642437298897138 -0.787401213143158 -0.24825056459316863
    outer loop
      vertex 220.51663804561178 6.121365743989963 3.5
      vertex 219.8665908540662 6.759022780495941 0
      vertex 220.0180493749532 6.867556421697376 0
    endloop
  endfacet
  facet normal 0.5115371374528058 -0.8226186322870157 -0.24825056459317243
    outer loop
      vertex 220.62500000000003 6.188749537379655 3.5
      vertex 220.0180493749532 6.867556421697376 0
      vertex 220.17628205128207 6.965951822827228 0
    endloop
  endfacet
  facet normal 0.4566400644605854 -0.8543134721567983 -0.24825056459317005
    outer loop
      vertex 220.73753705407296 6.248901845988742 3.5
      vertex 220.17628205128207 6.965951822827228 0
      vertex 220.34061130644054 7.053787639671924 0
    endloop
  endfacet
  facet normal 0.3997875886077155 -0.882350010582195 -0.2482505645931712
    outer loop
      vertex 220.8537673068881 6.301565088397009 3.5
      vertex 220.34061130644054 7.053787639671924 0
      vertex 220.5103334573297 7.130687745778933 0
    endloop
  endfacet
  facet normal 0.3412231609239704 -0.9066081908014206 -0.24825056459317246
    outer loop
      vertex 220.97319304265886 6.346513752515456 3.5
      vertex 220.5103334573297 7.130687745778933 0
      vertex 220.6847217276432 7.196322843087986 0
    endloop
  endfacet
  facet normal 0.28119756327953355 -0.9269841355626448 -0.24825056459317235
    outer loop
      vertex 221.09530286205012 6.383555361263683 3.5
      vertex 220.6847217276432 7.196322843087986 0
      vertex 220.86302936003503 7.250411872035924 0
    endloop
  endfacet
  facet normal 0.21996783449896634 -0.9433905919421748 -0.24825056459317182
    outer loop
      vertex 221.21957387206857 6.412531296786299 3.5
      vertex 220.86302936003503 7.250411872035924 0
      vertex 221.04449281384896 7.292723215096891 0
    endloop
  endfacet
  facet normal 0.15779616968095417 -0.9557573049750604 -0.2482505645931721
    outer loop
      vertex 221.34547392517092 6.43331747967893 3.5
      vertex 221.04449281384896 7.292723215096891 0
      vertex 221.22833503471702 7.323075688604145 0
    endloop
  endfacet
  facet normal 0.09494879743907395 -0.9640313184975088 -0.24825056459317207
    outer loop
      vertex 221.47246389800125 6.4458249003152766 3.5
      vertex 221.22833503471702 7.323075688604145 0
      vertex 221.41376878202547 7.341339318606331 0
    endloop
  endfacet
  facet normal 0.03169483986975813 -0.9681772019133696 -0.2482505645931718
    outer loop
      vertex 221.60000000000002 6.449999999999999 3.5
      vertex 221.41376878202547 7.341339318606331 0
      vertex 221.60000000000002 7.347435897435897 0
    endloop
  endfacet
  facet normal -0.03169483986975813 -0.9681772019133696 -0.24825056459317185
    outer loop
      vertex 221.7275361019988 6.4458249003152766 3.5
      vertex 221.60000000000002 7.347435897435897 0
      vertex 221.78623121797457 7.341339318606331 0
    endloop
  endfacet
  facet normal -0.09494879743907395 -0.9640313184975088 -0.2482505645931719
    outer loop
      vertex 221.85452607482912 6.43331747967893 3.5
      vertex 221.78623121797457 7.341339318606331 0
      vertex 221.97166496528303 7.323075688604145 0
    endloop
  endfacet
  facet normal -0.2199678344989663 -0.9433905919421746 -0.24825056459317227
    outer loop
      vertex 222.10469713794993 6.383555361263683 3.5
      vertex 222.15550718615108 7.292723215096891 0
      vertex 222.33697063996502 7.250411872035924 0
    endloop
  endfacet
  facet normal -0.15779616968095417 -0.9557573049750606 -0.24825056459317188
    outer loop
      vertex 221.98042612793148 6.412531296786299 3.5
      vertex 221.97166496528303 7.323075688604145 0
      vertex 222.15550718615108 7.292723215096891 0
    endloop
  endfacet
  facet normal -0.28119756327953355 -0.9269841355626448 -0.24825056459317243
    outer loop
      vertex 222.22680695734118 6.346513752515456 3.5
      vertex 222.33697063996502 7.250411872035924 0
      vertex 222.51527827235685 7.196322843087986 0
    endloop
  endfacet
  facet normal -0.964031318497503 -0.09494879743912274 -0.24825056459317574
    outer loop
      vertex 223.5458249003153 4.627536101998779 3.5
      vertex 224.42307568860417 4.871664965282993 0
      vertex 224.44133931860637 4.686231217974548 0
    endloop
  endfacet
  facet normal -0.9557573049750744 -0.15779616968086335 -0.24825056459317638
    outer loop
      vertex 223.53331747967894 4.7545260748291005 3.5
      vertex 224.39272321509694 5.055507186151052 0
      vertex 224.42307568860417 4.871664965282993 0
    endloop
  endfacet
  facet normal -0.9269841355626345 -0.2811975632795689 -0.2482505645931706
    outer loop
      vertex 223.4835553612637 5.004697137949916 3.5
      vertex 224.296322843088 5.415278272356823 0
      vertex 224.35041187203595 5.236970639964998 0
    endloop
  endfacet
  facet normal -0.9433905919421541 -0.21996783449905266 -0.24825056459317327
    outer loop
      vertex 223.51253129678634 4.88042612793145 3.5
      vertex 224.35041187203595 5.236970639964998 0
      vertex 224.39272321509694 5.055507186151052 0
    endloop
  endfacet
  facet normal -0.8226186322870083 -0.5115371374528181 -0.24825056459317113
    outer loop
      vertex 223.2887495373797 5.475 3.5
      vertex 223.9675564216974 6.081950625046841 0
      vertex 224.06595182282726 5.9237179487179485 0
    endloop
  endfacet
  facet normal -0.9066081908014522 -0.3412231609238864 -0.24825056459317327
    outer loop
      vertex 223.44651375251547 5.126806957341165 3.5
      vertex 224.23068774577897 5.589666542670339 0
      vertex 224.296322843088 5.415278272356823 0
    endloop
  endfacet
  facet normal -0.8823500105821694 -0.39978758860777147 -0.2482505645931728
    outer loop
      vertex 223.40156508839704 5.246232693111925 3.5
      vertex 224.15378763967195 5.759388693559489 0
      vertex 224.23068774577897 5.589666542670339 0
    endloop
  endfacet
  facet normal -0.85431347215681 -0.45664006446056243 -0.2482505645931725
    outer loop
      vertex 223.34890184598876 5.362462945927052 3.5
      vertex 224.06595182282726 5.9237179487179485 0
      vertex 224.15378763967195 5.759388693559489 0
    endloop
  endfacet
  facet normal -0.6145341440511108 -0.7488120211204797 -0.24825056459317604
    outer loop
      vertex 222.88572433944515 5.966087624584006 3.5
      vertex 223.33340914593384 6.759022780495941 0
      vertex 223.4774449427401 6.640815656936935 0
    endloop
  endfacet
  facet normal -0.6621930286626602 -0.7070163010636623 -0.24825056459317504
    outer loop
      vertex 222.97885822331378 5.878858223313768 3.5
      vertex 223.4774449427401 6.640815656936935 0
      vertex 223.61344123207095 6.513441232070925 0
    endloop
  endfacet
  facet normal -0.4566400644605851 -0.8543134721567978 -0.24825056459317246
    outer loop
      vertex 222.57500000000002 6.188749537379655 3.5
      vertex 222.8593886935595 7.053787639671924 0
      vertex 223.02371794871797 6.965951822827228 0
    endloop
  endfacet
  facet normal -0.34122316092397054 -0.906608190801421 -0.24825056459317144
    outer loop
      vertex 222.34623269311194 6.301565088397009 3.5
      vertex 222.51527827235685 7.196322843087986 0
      vertex 222.68966654267035 7.130687745778933 0
    endloop
  endfacet
  facet normal -0.39978758860771574 -0.8823500105821954 -0.2482505645931701
    outer loop
      vertex 222.4624629459271 6.248901845988742 3.5
      vertex 222.68966654267035 7.130687745778933 0
      vertex 222.8593886935595 7.053787639671924 0
    endloop
  endfacet
  facet normal -0.5642437298897129 -0.7874012131431567 -0.24825056459317432
    outer loop
      vertex 222.78708478656702 6.047039013567908 3.5
      vertex 223.18195062504685 6.867556421697376 0
      vertex 223.33340914593384 6.759022780495941 0
    endloop
  endfacet
  facet normal -0.5115371374528064 -0.8226186322870165 -0.24825056459316866
    outer loop
      vertex 222.68336195438826 6.121365743989963 3.5
      vertex 223.02371794871797 6.965951822827228 0
      vertex 223.18195062504685 6.867556421697376 0
    endloop
  endfacet
  facet normal -0.7488120211204476 -0.614534144051152 -0.24825056459317077
    outer loop
      vertex 223.14703901356793 5.687084786567005 3.5
      vertex 223.74081565693695 6.377444942740068 0
      vertex 223.85902278049596 6.2334091459338055 0
    endloop
  endfacet
  facet normal -0.7874012131431187 -0.5642437298897679 -0.24825056459316985
    outer loop
      vertex 223.22136574399 5.583361954388224 3.5
      vertex 223.85902278049596 6.2334091459338055 0
      vertex 223.9675564216974 6.081950625046841 0
    endloop
  endfacet
  facet normal -0.7070163010637359 -0.6621930286625844 -0.2482505645931673
    outer loop
      vertex 223.06608762458404 5.785724339445134 3.5
      vertex 223.61344123207095 6.513441232070925 0
      vertex 223.74081565693695 6.377444942740068 0
    endloop
  endfacet
  facet normal 0.2811975632795352 0.9269841355626443 -0.24825056459317235
    outer loop
      vertex 220.97319304265886 2.653486247484544 3.5
      vertex 221.09530286205012 2.6164446387363167 3.5
      vertex 220.86302936003503 1.749588127964076 0
    endloop
  endfacet
  facet normal 0.21996783449897944 0.9433905919421718 -0.24825056459317169
    outer loop
      vertex 221.09530286205012 2.6164446387363167 3.5
      vertex 221.21957387206857 2.587468703213701 3.5
      vertex 221.04449281384896 1.7072767849031092 0
    endloop
  endfacet
  facet normal 0.15779616968094812 0.9557573049750614 -0.2482505645931722
    outer loop
      vertex 221.21957387206857 2.587468703213701 3.5
      vertex 221.34547392517092 2.56668252032107 3.5
      vertex 221.22833503471702 1.6769243113958552 0
    endloop
  endfacet
  facet normal 0.09494879743907018 0.964031318497509 -0.24825056459317207
    outer loop
      vertex 221.34547392517092 2.56668252032107 3.5
      vertex 221.47246389800125 2.5541750996847234 3.5
      vertex 221.41376878202547 1.6586606813936688 0
    endloop
  endfacet
  facet normal 0.03169483986976194 0.9681772019133695 -0.2482505645931718
    outer loop
      vertex 221.47246389800125 2.5541750996847234 3.5
      vertex 221.60000000000002 2.5500000000000003 3.5
      vertex 221.60000000000002 1.6525641025641025 0
    endloop
  endfacet
  facet normal -0.03169483986976194 0.9681772019133695 -0.24825056459317185
    outer loop
      vertex 221.60000000000002 2.5500000000000003 3.5
      vertex 221.7275361019988 2.5541750996847234 3.5
      vertex 221.78623121797457 1.6586606813936688 0
    endloop
  endfacet
  facet normal -0.09494879743907018 0.964031318497509 -0.24825056459317196
    outer loop
      vertex 221.7275361019988 2.5541750996847234 3.5
      vertex 221.85452607482912 2.56668252032107 3.5
      vertex 221.97166496528303 1.6769243113958552 0
    endloop
  endfacet
  facet normal -0.15779616968094815 0.9557573049750615 -0.24825056459317177
    outer loop
      vertex 221.85452607482912 2.56668252032107 3.5
      vertex 221.98042612793148 2.587468703213701 3.5
      vertex 222.15550718615108 1.7072767849031092 0
    endloop
  endfacet
  facet normal -0.21996783449897941 0.9433905919421716 -0.24825056459317238
    outer loop
      vertex 221.98042612793148 2.587468703213701 3.5
      vertex 222.10469713794993 2.6164446387363167 3.5
      vertex 222.33697063996502 1.749588127964076 0
    endloop
  endfacet
  facet normal 0.8226186322870255 0.5115371374527914 -0.24825056459316988
    outer loop
      vertex 219.91125046262036 3.5250000000000004 3.5
      vertex 219.97863425601005 3.416638045611776 3.5
      vertex 219.23244357830265 2.9180493749531586 0
    endloop
  endfacet
  facet normal 0.854313472156826 0.4566400644605332 -0.24825056459317096
    outer loop
      vertex 219.91125046262036 3.5250000000000004 3.5
      vertex 219.1340481771728 3.0762820512820515 0
      vertex 219.85109815401128 3.6375370540729475 3.5
    endloop
  endfacet
  facet normal 0.7070163010635916 0.6621930286627352 -0.24825056459317618
    outer loop
      vertex 220.133912375416 3.2142756605548657 3.5
      vertex 220.22114177668627 3.1211417766862324 3.5
      vertex 219.5865587679291 2.486558767929074 0
    endloop
  endfacet
  facet normal 0.6621930286626377 0.7070163010636829 -0.24825056459317638
    outer loop
      vertex 220.3142756605549 3.0339123754159942 3.5
      vertex 219.72255505725994 2.359184343063065 0
      vertex 220.22114177668627 3.1211417766862324 3.5
    endloop
  endfacet
  facet normal 0.45664006446064553 0.8543134721567663 -0.24825056459316955
    outer loop
      vertex 220.73753705407296 2.7510981540112582 3.5
      vertex 220.34061130644054 1.9462123603280763 0
      vertex 220.62500000000003 2.811250462620345 3.5
    endloop
  endfacet
  facet normal 0.5115371374527113 0.8226186322870742 -0.24825056459317343
    outer loop
      vertex 220.51663804561178 2.878634256010037 3.5
      vertex 220.62500000000003 2.811250462620345 3.5
      vertex 220.17628205128207 2.0340481771727714 0
    endloop
  endfacet
  facet normal 0.5642437298898497 0.7874012131430609 -0.2482505645931672
    outer loop
      vertex 220.51663804561178 2.878634256010037 3.5
      vertex 220.0180493749532 2.1324435783026243 0
      vertex 220.41291521343302 2.9529609864320916 3.5
    endloop
  endfacet
  facet normal 0.6145341440511287 0.7488120211204655 -0.248250564593175
    outer loop
      vertex 220.3142756605549 3.0339123754159942 3.5
      vertex 220.41291521343302 2.9529609864320916 3.5
      vertex 219.8665908540662 2.24097721950406 0
    endloop
  endfacet
  facet normal 0.7488120211205213 0.6145341440510645 -0.2482505645931659
    outer loop
      vertex 220.133912375416 3.2142756605548657 3.5
      vertex 219.4591843430631 2.6225550572599325 0
      vertex 220.0529609864321 3.312915213432995 3.5
    endloop
  endfacet
  facet normal 0.7874012131430987 0.5642437298897951 -0.24825056459317132
    outer loop
      vertex 220.0529609864321 3.312915213432995 3.5
      vertex 219.34097721950408 2.766590854066194 0
      vertex 219.97863425601005 3.416638045611776 3.5
    endloop
  endfacet
  facet normal 0.9269841355626142 0.28119756327963374 -0.2482505645931735
    outer loop
      vertex 219.75348624748457 3.8731930426588352 3.5
      vertex 218.90367715691204 3.5847217276431773 0
      vertex 219.71644463873633 3.995302862050085 3.5
    endloop
  endfacet
  facet normal 0.9066081908014576 0.34122316092387256 -0.2482505645931726
    outer loop
      vertex 219.798434911603 3.753767306888075 3.5
      vertex 218.96931225422108 3.410333457329661 0
      vertex 219.75348624748457 3.8731930426588352 3.5
    endloop
  endfacet
  facet normal 0.8823500105821733 0.3997875886077627 -0.2482505645931724
    outer loop
      vertex 219.85109815401128 3.6375370540729475 3.5
      vertex 219.0462123603281 3.2406113064405107 0
      vertex 219.798434911603 3.753767306888075 3.5
    endloop
  endfacet
  facet normal 0.9433905919421655 0.21996783449900645 -0.24825056459317127
    outer loop
      vertex 219.71644463873633 3.995302862050085 3.5
      vertex 218.8495881279641 3.763029360035002 0
      vertex 219.6874687032137 4.11957387206855 3.5
    endloop
  endfacet
  facet normal 0.9557573049750894 0.15779616968077848 -0.24825056459317268
    outer loop
      vertex 219.6874687032137 4.11957387206855 3.5
      vertex 218.8072767849031 3.9444928138489477 0
      vertex 219.6666825203211 4.2454739251708995 3.5
    endloop
  endfacet
  facet normal 0.9640313184975021 0.09494879743913008 -0.24825056459317604
    outer loop
      vertex 219.6666825203211 4.2454739251708995 3.5
      vertex 218.77692431139587 4.128335034717007 0
      vertex 219.65417509968475 4.372463898001221 3.5
    endloop
  endfacet
  facet normal 0.9681772019133704 0.03169483986970267 -0.24825056459317565
    outer loop
      vertex 219.65417509968475 4.372463898001221 3.5
      vertex 218.75866068139368 4.313768782025452 0
      vertex 219.65000000000003 4.5 3.5
    endloop
  endfacet
  facet normal 0.9681772019133704 -0.03169483986970267 -0.24825056459317593
    outer loop
      vertex 219.65000000000003 4.5 3.5
      vertex 218.75256410256412 4.5 0
      vertex 219.65417509968475 4.627536101998779 3.5
    endloop
  endfacet
  facet normal 0.9640313184975022 -0.0949487974391301 -0.24825056459317568
    outer loop
      vertex 219.65417509968475 4.627536101998779 3.5
      vertex 218.75866068139368 4.686231217974548 0
      vertex 219.6666825203211 4.7545260748291005 3.5
    endloop
  endfacet
  facet normal 0.3997875886076877 0.8823500105822076 -0.24825056459317155
    outer loop
      vertex 220.8537673068881 2.698434911602991 3.5
      vertex 220.5103334573297 1.869312254221067 0
      vertex 220.73753705407296 2.7510981540112582 3.5
    endloop
  endfacet
  facet normal 0.34122316092394117 0.9066081908014317 -0.24825056459317282
    outer loop
      vertex 220.8537673068881 2.698434911602991 3.5
      vertex 220.97319304265886 2.653486247484544 3.5
      vertex 220.6847217276432 1.8036771569120134 0
    endloop
  endfacet
  facet normal -0.2811975632795352 0.9269841355626443 -0.2482505645931725
    outer loop
      vertex 222.10469713794993 2.6164446387363167 3.5
      vertex 222.22680695734118 2.653486247484544 3.5
      vertex 222.51527827235685 1.8036771569120134 0
    endloop
  endfacet
  facet normal -0.3412231609239413 0.9066081908014321 -0.24825056459317124
    outer loop
      vertex 222.22680695734118 2.653486247484544 3.5
      vertex 222.34623269311194 2.698434911602991 3.5
      vertex 222.68966654267035 1.869312254221067 0
    endloop
  endfacet
  facet normal -0.39978758860768787 0.8823500105822079 -0.24825056459316983
    outer loop
      vertex 222.34623269311194 2.698434911602991 3.5
      vertex 222.4624629459271 2.7510981540112582 3.5
      vertex 222.8593886935595 1.9462123603280763 0
    endloop
  endfacet
  facet normal -0.4566400644606451 0.8543134721567656 -0.24825056459317316
    outer loop
      vertex 222.4624629459271 2.7510981540112582 3.5
      vertex 222.57500000000002 2.811250462620345 3.5
      vertex 223.02371794871797 2.0340481771727714 0
    endloop
  endfacet
  facet normal -0.5115371374527121 0.8226186322870754 -0.24825056459316763
    outer loop
      vertex 222.57500000000002 2.811250462620345 3.5
      vertex 222.68336195438826 2.878634256010037 3.5
      vertex 223.18195062504685 2.1324435783026243 0
    endloop
  endfacet
  facet normal -0.5642437298898485 0.7874012131430592 -0.24825056459317554
    outer loop
      vertex 222.68336195438826 2.878634256010037 3.5
      vertex 222.78708478656702 2.9529609864320916 3.5
      vertex 223.33340914593384 2.24097721950406 0
    endloop
  endfacet
  facet normal -0.6145341440511285 0.7488120211204653 -0.24825056459317624
    outer loop
      vertex 222.78708478656702 2.9529609864320916 3.5
      vertex 222.88572433944515 3.0339123754159942 3.5
      vertex 223.4774449427401 2.359184343063065 0
    endloop
  endfacet
  facet normal -0.662193028662638 0.707016301063683 -0.2482505645931749
    outer loop
      vertex 222.88572433944515 3.0339123754159942 3.5
      vertex 222.97885822331378 3.1211417766862324 3.5
      vertex 223.61344123207095 2.486558767929074 0
    endloop
  endfacet
  facet normal -0.7070163010635936 0.6621930286627371 -0.2482505645931656
    outer loop
      vertex 222.97885822331378 3.1211417766862324 3.5
      vertex 223.06608762458404 3.2142756605548657 3.5
      vertex 223.74081565693695 2.6225550572599325 0
    endloop
  endfacet
  facet normal -0.74881202112052 0.6145341440510635 -0.24825056459317174
    outer loop
      vertex 223.06608762458404 3.2142756605548657 3.5
      vertex 223.14703901356793 3.312915213432995 3.5
      vertex 223.85902278049596 2.766590854066194 0
    endloop
  endfacet
  facet normal -0.7874012131430991 0.5642437298897954 -0.24825056459316966
    outer loop
      vertex 223.14703901356793 3.312915213432995 3.5
      vertex 223.22136574399 3.416638045611776 3.5
      vertex 223.9675564216974 2.9180493749531586 0
    endloop
  endfacet
  facet normal -0.8226186322870251 0.5115371374527912 -0.2482505645931714
    outer loop
      vertex 223.22136574399 3.416638045611776 3.5
      vertex 223.2887495373797 3.5250000000000004 3.5
      vertex 224.06595182282726 3.0762820512820515 0
    endloop
  endfacet
  facet normal -0.8543134721568257 0.456640064460533 -0.24825056459317268
    outer loop
      vertex 223.2887495373797 3.5250000000000004 3.5
      vertex 223.34890184598876 3.6375370540729475 3.5
      vertex 224.15378763967195 3.2406113064405107 0
    endloop
  endfacet
  facet normal -0.8823500105821733 0.3997875886077627 -0.2482505645931729
    outer loop
      vertex 223.34890184598876 3.6375370540729475 3.5
      vertex 223.40156508839704 3.753767306888075 3.5
      vertex 224.23068774577897 3.410333457329661 0
    endloop
  endfacet
  facet normal -0.9066081908014574 0.34122316092387245 -0.24825056459317332
    outer loop
      vertex 223.40156508839704 3.753767306888075 3.5
      vertex 223.44651375251547 3.8731930426588352 3.5
      vertex 224.296322843088 3.5847217276431773 0
    endloop
  endfacet
  facet normal -0.9269841355626149 0.281197563279634 -0.2482505645931701
    outer loop
      vertex 223.44651375251547 3.8731930426588352 3.5
      vertex 223.4835553612637 3.995302862050085 3.5
      vertex 224.35041187203595 3.763029360035002 0
    endloop
  endfacet
  facet normal -0.9433905919421648 0.21996783449900628 -0.2482505645931736
    outer loop
      vertex 223.4835553612637 3.995302862050085 3.5
      vertex 223.51253129678634 4.11957387206855 3.5
      vertex 224.39272321509694 3.9444928138489477 0
    endloop
  endfacet
  facet normal -0.9557573049750883 0.15779616968077828 -0.24825056459317701
    outer loop
      vertex 223.51253129678634 4.11957387206855 3.5
      vertex 223.53331747967894 4.2454739251708995 3.5
      vertex 224.42307568860417 4.128335034717007 0
    endloop
  endfacet
  facet normal -0.9640313184975022 0.0949487974391301 -0.24825056459317568
    outer loop
      vertex 223.53331747967894 4.2454739251708995 3.5
      vertex 223.5458249003153 4.372463898001221 3.5
      vertex 224.44133931860637 4.313768782025452 0
    endloop
  endfacet
  facet normal -0.9681772019133704 0.03169483986970267 -0.24825056459317593
    outer loop
      vertex 223.5458249003153 4.372463898001221 3.5
      vertex 223.55 4.5 3.5
      vertex 224.44743589743592 4.5 0
    endloop
  endfacet
  facet normal -0.9681772019133704 -0.03169483986970267 -0.24825056459317565
    outer loop
      vertex 223.55 4.5 3.5
      vertex 223.5458249003153 4.627536101998779 3.5
      vertex 224.44133931860637 4.686231217974548 0
    endloop
  endfacet
  facet normal 0.9557573049750883 -0.15779616968077828 -0.24825056459317701
    outer loop
      vertex 219.6666825203211 4.7545260748291005 3.5
      vertex 218.77692431139587 4.871664965282993 0
      vertex 219.6874687032137 4.88042612793145 3.5
    endloop
  endfacet
  facet normal 0.9433905919421651 -0.2199678344990056 -0.24825056459317366
    outer loop
      vertex 219.6874687032137 4.88042612793145 3.5
      vertex 218.8072767849031 5.055507186151052 0
      vertex 219.71644463873633 5.004697137949916 3.5
    endloop
  endfacet
  facet normal 0.9269841355626146 -0.2811975632796349 -0.24825056459317005
    outer loop
      vertex 219.71644463873633 5.004697137949916 3.5
      vertex 218.8495881279641 5.236970639964998 0
      vertex 219.75348624748457 5.126806957341165 3.5
    endloop
  endfacet
  facet normal 0.9066081908014574 -0.34122316092387245 -0.24825056459317335
    outer loop
      vertex 219.75348624748457 5.126806957341165 3.5
      vertex 218.90367715691204 5.415278272356823 0
      vertex 219.798434911603 5.246232693111925 3.5
    endloop
  endfacet
  facet normal 0.8823500105821727 -0.399787588607764 -0.24825056459317288
    outer loop
      vertex 219.798434911603 5.246232693111925 3.5
      vertex 218.96931225422108 5.589666542670339 0
      vertex 219.85109815401128 5.362462945927052 3.5
    endloop
  endfacet
  facet normal 0.8543134721568265 -0.4566400644605316 -0.24825056459317274
    outer loop
      vertex 219.85109815401128 5.362462945927052 3.5
      vertex 219.0462123603281 5.759388693559489 0
      vertex 219.91125046262036 5.475 3.5
    endloop
  endfacet
  facet normal 0.8226186322870241 -0.5115371374527926 -0.24825056459317138
    outer loop
      vertex 219.91125046262036 5.475 3.5
      vertex 219.1340481771728 5.9237179487179485 0
      vertex 219.97863425601005 5.583361954388224 3.5
    endloop
  endfacet
  facet normal 0.7874012131431002 -0.5642437298897938 -0.24825056459316966
    outer loop
      vertex 219.97863425601005 5.583361954388224 3.5
      vertex 219.23244357830265 6.081950625046841 0
      vertex 220.0529609864321 5.687084786567005 3.5
    endloop
  endfacet
  facet normal 0.74881202112052 -0.6145341440510635 -0.24825056459317169
    outer loop
      vertex 220.0529609864321 5.687084786567005 3.5
      vertex 219.34097721950408 6.2334091459338055 0
      vertex 220.133912375416 5.785724339445134 3.5
    endloop
  endfacet
  facet normal 0.7070163010635936 -0.6621930286627371 -0.2482505645931657
    outer loop
      vertex 220.133912375416 5.785724339445134 3.5
      vertex 219.4591843430631 6.377444942740068 0
      vertex 220.22114177668627 5.878858223313768 3.5
    endloop
  endfacet
  facet normal 0.662193028662638 -0.7070163010636831 -0.24825056459317482
    outer loop
      vertex 220.22114177668627 5.878858223313768 3.5
      vertex 219.5865587679291 6.513441232070925 0
      vertex 220.3142756605549 5.966087624584006 3.5
    endloop
  endfacet
  facet normal 0.6145341440511285 -0.7488120211204653 -0.24825056459317624
    outer loop
      vertex 220.3142756605549 5.966087624584006 3.5
      vertex 219.72255505725994 6.640815656936935 0
      vertex 220.41291521343302 6.047039013567908 3.5
    endloop
  endfacet
  facet normal 0.5642437298898485 -0.7874012131430592 -0.24825056459317563
    outer loop
      vertex 220.41291521343302 6.047039013567908 3.5
      vertex 219.8665908540662 6.759022780495941 0
      vertex 220.51663804561178 6.121365743989963 3.5
    endloop
  endfacet
  facet normal 0.5115371374527121 -0.8226186322870754 -0.24825056459316772
    outer loop
      vertex 220.51663804561178 6.121365743989963 3.5
      vertex 220.0180493749532 6.867556421697376 0
      vertex 220.62500000000003 6.188749537379655 3.5
    endloop
  endfacet
  facet normal 0.45664006446064775 -0.8543134721567642 -0.24825056459317307
    outer loop
      vertex 220.62500000000003 6.188749537379655 3.5
      vertex 220.17628205128207 6.965951822827228 0
      vertex 220.73753705407296 6.248901845988742 3.5
    endloop
  endfacet
  facet normal 0.39978758860768504 -0.8823500105822092 -0.2482505645931698
    outer loop
      vertex 220.73753705407296 6.248901845988742 3.5
      vertex 220.34061130644054 7.053787639671924 0
      vertex 220.8537673068881 6.301565088397009 3.5
    endloop
  endfacet
  facet normal 0.3412231609239413 -0.9066081908014321 -0.24825056459317116
    outer loop
      vertex 220.8537673068881 6.301565088397009 3.5
      vertex 220.5103334573297 7.130687745778933 0
      vertex 220.97319304265886 6.346513752515456 3.5
    endloop
  endfacet
  facet normal 0.2811975632795352 -0.9269841355626443 -0.24825056459317243
    outer loop
      vertex 220.97319304265886 6.346513752515456 3.5
      vertex 220.6847217276432 7.196322843087986 0
      vertex 221.09530286205012 6.383555361263683 3.5
    endloop
  endfacet
  facet normal 0.21996783449897941 -0.9433905919421716 -0.24825056459317238
    outer loop
      vertex 221.09530286205012 6.383555361263683 3.5
      vertex 220.86302936003503 7.250411872035924 0
      vertex 221.21957387206857 6.412531296786299 3.5
    endloop
  endfacet
  facet normal 0.15779616968094815 -0.9557573049750615 -0.24825056459317185
    outer loop
      vertex 221.21957387206857 6.412531296786299 3.5
      vertex 221.04449281384896 7.292723215096891 0
      vertex 221.34547392517092 6.43331747967893 3.5
    endloop
  endfacet
  facet normal 0.09494879743907018 -0.964031318497509 -0.2482505645931719
    outer loop
      vertex 221.34547392517092 6.43331747967893 3.5
      vertex 221.22833503471702 7.323075688604145 0
      vertex 221.47246389800125 6.4458249003152766 3.5
    endloop
  endfacet
  facet normal 0.03169483986975857 -0.9681772019133696 -0.24825056459317182
    outer loop
      vertex 221.47246389800125 6.4458249003152766 3.5
      vertex 221.41376878202547 7.341339318606331 0
      vertex 221.60000000000002 6.449999999999999 3.5
    endloop
  endfacet
  facet normal -0.03169483986975857 -0.9681772019133696 -0.24825056459317182
    outer loop
      vertex 221.60000000000002 6.449999999999999 3.5
      vertex 221.60000000000002 7.347435897435897 0
      vertex 221.7275361019988 6.4458249003152766 3.5
    endloop
  endfacet
  facet normal -0.09494879743907018 -0.964031318497509 -0.24825056459317207
    outer loop
      vertex 221.7275361019988 6.4458249003152766 3.5
      vertex 221.78623121797457 7.341339318606331 0
      vertex 221.85452607482912 6.43331747967893 3.5
    endloop
  endfacet
  facet normal -0.15779616968094812 -0.9557573049750614 -0.24825056459317213
    outer loop
      vertex 221.85452607482912 6.43331747967893 3.5
      vertex 221.97166496528303 7.323075688604145 0
      vertex 221.98042612793148 6.412531296786299 3.5
    endloop
  endfacet
  facet normal -0.21996783449897944 -0.9433905919421718 -0.24825056459317174
    outer loop
      vertex 221.98042612793148 6.412531296786299 3.5
      vertex 222.15550718615108 7.292723215096891 0
      vertex 222.10469713794993 6.383555361263683 3.5
    endloop
  endfacet
  facet normal -0.2811975632795352 -0.9269841355626443 -0.24825056459317235
    outer loop
      vertex 222.10469713794993 6.383555361263683 3.5
      vertex 222.33697063996502 7.250411872035924 0
      vertex 222.22680695734118 6.346513752515456 3.5
    endloop
  endfacet
  facet normal -0.34122316092394117 -0.9066081908014317 -0.24825056459317277
    outer loop
      vertex 222.22680695734118 6.346513752515456 3.5
      vertex 222.51527827235685 7.196322843087986 0
      vertex 222.34623269311194 6.301565088397009 3.5
    endloop
  endfacet
  facet normal -0.9557573049750894 -0.15779616968077848 -0.24825056459317268
    outer loop
      vertex 223.53331747967894 4.7545260748291005 3.5
      vertex 223.51253129678634 4.88042612793145 3.5
      vertex 224.39272321509694 5.055507186151052 0
    endloop
  endfacet
  facet normal -0.9433905919421657 -0.2199678344990057 -0.24825056459317124
    outer loop
      vertex 223.51253129678634 4.88042612793145 3.5
      vertex 223.4835553612637 5.004697137949916 3.5
      vertex 224.35041187203595 5.236970639964998 0
    endloop
  endfacet
  facet normal -0.9269841355626138 -0.2811975632796347 -0.24825056459317352
    outer loop
      vertex 223.4835553612637 5.004697137949916 3.5
      vertex 223.44651375251547 5.126806957341165 3.5
      vertex 224.296322843088 5.415278272356823 0
    endloop
  endfacet
  facet normal -0.9640313184975021 -0.09494879743913008 -0.24825056459317604
    outer loop
      vertex 223.5458249003153 4.627536101998779 3.5
      vertex 223.53331747967894 4.7545260748291005 3.5
      vertex 224.42307568860417 4.871664965282993 0
    endloop
  endfacet
  facet normal -0.8543134721568268 -0.4566400644605318 -0.248250564593171
    outer loop
      vertex 223.34890184598876 5.362462945927052 3.5
      vertex 223.2887495373797 5.475 3.5
      vertex 224.06595182282726 5.9237179487179485 0
    endloop
  endfacet
  facet normal -0.9066081908014576 -0.34122316092387256 -0.2482505645931726
    outer loop
      vertex 223.44651375251547 5.126806957341165 3.5
      vertex 223.40156508839704 5.246232693111925 3.5
      vertex 224.23068774577897 5.589666542670339 0
    endloop
  endfacet
  facet normal -0.8823500105821727 -0.399787588607764 -0.24825056459317243
    outer loop
      vertex 223.40156508839704 5.246232693111925 3.5
      vertex 223.34890184598876 5.362462945927052 3.5
      vertex 224.15378763967195 5.759388693559489 0
    endloop
  endfacet
  facet normal -0.8226186322870246 -0.511537137452793 -0.2482505645931699
    outer loop
      vertex 223.2887495373797 5.475 3.5
      vertex 223.22136574399 5.583361954388224 3.5
      vertex 223.9675564216974 6.081950625046841 0
    endloop
  endfacet
  facet normal -0.7874012131431 -0.5642437298897935 -0.24825056459317127
    outer loop
      vertex 223.22136574399 5.583361954388224 3.5
      vertex 223.14703901356793 5.687084786567005 3.5
      vertex 223.85902278049596 6.2334091459338055 0
    endloop
  endfacet
  facet normal -0.5115371374527113 -0.8226186322870742 -0.2482505645931733
    outer loop
      vertex 222.57500000000002 6.188749537379655 3.5
      vertex 223.02371794871797 6.965951822827228 0
      vertex 222.68336195438826 6.121365743989963 3.5
    endloop
  endfacet
  facet normal -0.5642437298898497 -0.7874012131430609 -0.24825056459316727
    outer loop
      vertex 222.78708478656702 6.047039013567908 3.5
      vertex 222.68336195438826 6.121365743989963 3.5
      vertex 223.18195062504685 6.867556421697376 0
    endloop
  endfacet
  facet normal -0.6621930286626377 -0.7070163010636829 -0.24825056459317638
    outer loop
      vertex 222.97885822331378 5.878858223313768 3.5
      vertex 222.88572433944515 5.966087624584006 3.5
      vertex 223.4774449427401 6.640815656936935 0
    endloop
  endfacet
  facet normal -0.7488120211205211 -0.6145341440510644 -0.24825056459316597
    outer loop
      vertex 223.06608762458404 5.785724339445134 3.5
      vertex 223.74081565693695 6.377444942740068 0
      vertex 223.14703901356793 5.687084786567005 3.5
    endloop
  endfacet
  facet normal -0.7070163010635916 -0.6621930286627352 -0.24825056459317613
    outer loop
      vertex 223.06608762458404 5.785724339445134 3.5
      vertex 222.97885822331378 5.878858223313768 3.5
      vertex 223.61344123207095 6.513441232070925 0
    endloop
  endfacet
  facet normal -0.6145341440511287 -0.7488120211204655 -0.2482505645931751
    outer loop
      vertex 222.88572433944515 5.966087624584006 3.5
      vertex 222.78708478656702 6.047039013567908 3.5
      vertex 223.33340914593384 6.759022780495941 0
    endloop
  endfacet
  facet normal -0.4566400644606482 -0.854313472156765 -0.24825056459316952
    outer loop
      vertex 222.4624629459271 6.248901845988742 3.5
      vertex 222.8593886935595 7.053787639671924 0
      vertex 222.57500000000002 6.188749537379655 3.5
    endloop
  endfacet
  facet normal -0.39978758860768493 -0.8823500105822089 -0.24825056459317152
    outer loop
      vertex 222.4624629459271 6.248901845988742 3.5
      vertex 222.34623269311194 6.301565088397009 3.5
      vertex 222.68966654267035 7.130687745778933 0
    endloop
  endfacet
  facet normal 0 0 -1
    outer loop
      vertex 219.6874687032137 4.11957387206855 3.5
      vertex 219.6666825203211 4.2454739251708995 3.5
      vertex 219.6666825203211 4.7545260748291005 3.5
    endloop
  endfacet
  facet normal 0 0 -1
    outer loop
      vertex 219.71644463873633 3.995302862050085 3.5
      vertex 219.6874687032137 4.11957387206855 3.5
      vertex 219.6874687032137 4.88042612793145 3.5
    endloop
  endfacet
  facet normal 0 0 -1
    outer loop
      vertex 219.6666825203211 4.2454739251708995 3.5
      vertex 219.65417509968475 4.372463898001221 3.5
      vertex 219.65417509968475 4.627536101998779 3.5
    endloop
  endfacet
  facet normal 0 0 -1
    outer loop
      vertex 219.65417509968475 4.372463898001221 3.5
      vertex 219.65000000000003 4.5 3.5
      vertex 219.65417509968475 4.627536101998779 3.5
    endloop
  endfacet
  facet normal 0 0 -1
    outer loop
      vertex 219.6666825203211 4.2454739251708995 3.5
      vertex 219.65417509968475 4.627536101998779 3.5
      vertex 219.6666825203211 4.7545260748291005 3.5
    endloop
  endfacet
  facet normal 0 0 -1
    outer loop
      vertex 219.6874687032137 4.11957387206855 3.5
      vertex 219.6666825203211 4.7545260748291005 3.5
      vertex 219.6874687032137 4.88042612793145 3.5
    endloop
  endfacet
  facet normal 0 0 -1
    outer loop
      vertex 219.71644463873633 3.995302862050085 3.5
      vertex 219.6874687032137 4.88042612793145 3.5
      vertex 219.71644463873633 5.004697137949916 3.5
    endloop
  endfacet
  facet normal 0 0 -1
    outer loop
      vertex 220.133912375416 3.2142756605548657 3.5
      vertex 220.0529609864321 3.312915213432995 3.5
      vertex 220.0529609864321 5.687084786567005 3.5
    endloop
  endfacet
  facet normal 0 0 -1
    outer loop
      vertex 220.133912375416 3.2142756605548657 3.5
      vertex 220.133912375416 5.785724339445134 3.5
      vertex 220.22114177668627 3.1211417766862324 3.5
    endloop
  endfacet
  facet normal 0 0 -1
    outer loop
      vertex 220.0529609864321 3.312915213432995 3.5
      vertex 219.97863425601005 3.416638045611776 3.5
      vertex 219.97863425601005 5.583361954388224 3.5
    endloop
  endfacet
  facet normal 0 0 -1
    outer loop
      vertex 220.3142756605549 3.0339123754159942 3.5
      vertex 220.22114177668627 3.1211417766862324 3.5
      vertex 220.22114177668627 5.878858223313768 3.5
    endloop
  endfacet
  facet normal 0 0 -1
    outer loop
      vertex 220.3142756605549 3.0339123754159942 3.5
      vertex 220.3142756605549 5.966087624584006 3.5
      vertex 220.41291521343302 2.9529609864320916 3.5
    endloop
  endfacet
  facet normal 0 0 -1
    outer loop
      vertex 220.51663804561178 2.878634256010037 3.5
      vertex 220.51663804561178 6.121365743989963 3.5
      vertex 220.62500000000003 2.811250462620345 3.5
    endloop
  endfacet
  facet normal 0 0 -1
    outer loop
      vertex 220.51663804561178 2.878634256010037 3.5
      vertex 220.41291521343302 2.9529609864320916 3.5
      vertex 220.41291521343302 6.047039013567908 3.5
    endloop
  endfacet
  facet normal 0 0 -1
    outer loop
      vertex 219.85109815401128 3.6375370540729475 3.5
      vertex 219.798434911603 3.753767306888075 3.5
      vertex 219.798434911603 5.246232693111925 3.5
    endloop
  endfacet
  facet normal 0 0 -1
    outer loop
      vertex 219.91125046262036 3.5250000000000004 3.5
      vertex 219.91125046262036 5.475 3.5
      vertex 219.97863425601005 3.416638045611776 3.5
    endloop
  endfacet
  facet normal 0 0 -1
    outer loop
      vertex 219.91125046262036 3.5250000000000004 3.5
      vertex 219.85109815401128 3.6375370540729475 3.5
      vertex 219.85109815401128 5.362462945927052 3.5
    endloop
  endfacet
  facet normal 0 0 -1
    outer loop
      vertex 219.798434911603 3.753767306888075 3.5
      vertex 219.75348624748457 3.8731930426588352 3.5
      vertex 219.75348624748457 5.126806957341165 3.5
    endloop
  endfacet
  facet normal 0 0 -1
    outer loop
      vertex 219.75348624748457 3.8731930426588352 3.5
      vertex 219.71644463873633 3.995302862050085 3.5
      vertex 219.71644463873633 5.004697137949916 3.5
    endloop
  endfacet
  facet normal 0 0 -1
    outer loop
      vertex 219.75348624748457 3.8731930426588352 3.5
      vertex 219.71644463873633 5.004697137949916 3.5
      vertex 219.75348624748457 5.126806957341165 3.5
    endloop
  endfacet
  facet normal 0 0 -1
    outer loop
      vertex 219.798434911603 3.753767306888075 3.5
      vertex 219.75348624748457 5.126806957341165 3.5
      vertex 219.798434911603 5.246232693111925 3.5
    endloop
  endfacet
  facet normal 0 0 -1
    outer loop
      vertex 220.73753705407296 2.7510981540112582 3.5
      vertex 220.62500000000003 2.811250462620345 3.5
      vertex 220.62500000000003 6.188749537379655 3.5
    endloop
  endfacet
  facet normal 0 0 -1
    outer loop
      vertex 220.8537673068881 2.698434911602991 3.5
      vertex 220.73753705407296 2.7510981540112582 3.5
      vertex 220.73753705407296 6.248901845988742 3.5
    endloop
  endfacet
  facet normal 0 0 -1
    outer loop
      vertex 220.8537673068881 2.698434911602991 3.5
      vertex 220.8537673068881 6.301565088397009 3.5
      vertex 220.97319304265886 2.653486247484544 3.5
    endloop
  endfacet
  facet normal 0 0 -1
    outer loop
      vertex 220.97319304265886 2.653486247484544 3.5
      vertex 220.97319304265886 6.346513752515456 3.5
      vertex 221.09530286205012 2.6164446387363167 3.5
    endloop
  endfacet
  facet normal 0 0 -1
    outer loop
      vertex 221.09530286205012 2.6164446387363167 3.5
      vertex 221.09530286205012 6.383555361263683 3.5
      vertex 221.21957387206857 2.587468703213701 3.5
    endloop
  endfacet
  facet normal 0 0 -1
    outer loop
      vertex 221.21957387206857 2.587468703213701 3.5
      vertex 221.21957387206857 6.412531296786299 3.5
      vertex 221.34547392517092 2.56668252032107 3.5
    endloop
  endfacet
  facet normal 0 0 -1
    outer loop
      vertex 221.34547392517092 2.56668252032107 3.5
      vertex 221.34547392517092 6.43331747967893 3.5
      vertex 221.47246389800125 2.5541750996847234 3.5
    endloop
  endfacet
  facet normal 0 0 -1
    outer loop
      vertex 221.47246389800125 2.5541750996847234 3.5
      vertex 221.47246389800125 6.4458249003152766 3.5
      vertex 221.60000000000002 2.5500000000000003 3.5
    endloop
  endfacet
  facet normal 0 0 -1
    outer loop
      vertex 221.60000000000002 2.5500000000000003 3.5
      vertex 221.60000000000002 6.449999999999999 3.5
      vertex 221.7275361019988 2.5541750996847234 3.5
    endloop
  endfacet
  facet normal 0 0 -1
    outer loop
      vertex 221.7275361019988 2.5541750996847234 3.5
      vertex 221.7275361019988 6.4458249003152766 3.5
      vertex 221.85452607482912 2.56668252032107 3.5
    endloop
  endfacet
  facet normal 0 0 -1
    outer loop
      vertex 221.85452607482912 2.56668252032107 3.5
      vertex 221.85452607482912 6.43331747967893 3.5
      vertex 221.98042612793148 2.587468703213701 3.5
    endloop
  endfacet
  facet normal 0 0 -1
    outer loop
      vertex 221.98042612793148 2.587468703213701 3.5
      vertex 221.98042612793148 6.412531296786299 3.5
      vertex 222.10469713794993 2.6164446387363167 3.5
    endloop
  endfacet
  facet normal 0 0 -1
    outer loop
      vertex 222.10469713794993 2.6164446387363167 3.5
      vertex 222.10469713794993 6.383555361263683 3.5
      vertex 222.22680695734118 2.653486247484544 3.5
    endloop
  endfacet
  facet normal 0 0 -1
    outer loop
      vertex 222.22680695734118 2.653486247484544 3.5
      vertex 222.22680695734118 6.346513752515456 3.5
      vertex 222.34623269311194 2.698434911602991 3.5
    endloop
  endfacet
  facet normal 0 0 -1
    outer loop
      vertex 222.34623269311194 2.698434911602991 3.5
      vertex 222.34623269311194 6.301565088397009 3.5
      vertex 222.4624629459271 2.7510981540112582 3.5
    endloop
  endfacet
  facet normal 0 0 -1
    outer loop
      vertex 222.4624629459271 2.7510981540112582 3.5
      vertex 222.4624629459271 6.248901845988742 3.5
      vertex 222.57500000000002 2.811250462620345 3.5
    endloop
  endfacet
  facet normal 0 0 -1
    outer loop
      vertex 222.57500000000002 2.811250462620345 3.5
      vertex 222.57500000000002 6.188749537379655 3.5
      vertex 222.68336195438826 2.878634256010037 3.5
    endloop
  endfacet
  facet normal 0 0 -1
    outer loop
      vertex 222.68336195438826 2.878634256010037 3.5
      vertex 222.68336195438826 6.121365743989963 3.5
      vertex 222.78708478656702 2.9529609864320916 3.5
    endloop
  endfacet
  facet normal 0 0 -1
    outer loop
      vertex 222.78708478656702 2.9529609864320916 3.5
      vertex 222.78708478656702 6.047039013567908 3.5
      vertex 222.88572433944515 3.0339123754159942 3.5
    endloop
  endfacet
  facet normal 0 0 -1
    outer loop
      vertex 222.88572433944515 3.0339123754159942 3.5
      vertex 222.88572433944515 5.966087624584006 3.5
      vertex 222.97885822331378 3.1211417766862324 3.5
    endloop
  endfacet
  facet normal 0 0 -1
    outer loop
      vertex 222.97885822331378 3.1211417766862324 3.5
      vertex 222.97885822331378 5.878858223313768 3.5
      vertex 223.06608762458404 3.2142756605548657 3.5
    endloop
  endfacet
  facet normal 0 0 -1
    outer loop
      vertex 223.06608762458404 3.2142756605548657 3.5
      vertex 223.06608762458404 5.785724339445134 3.5
      vertex 223.14703901356793 3.312915213432995 3.5
    endloop
  endfacet
  facet normal 0 0 -1
    outer loop
      vertex 223.14703901356793 3.312915213432995 3.5
      vertex 223.14703901356793 5.687084786567005 3.5
      vertex 223.22136574399 3.416638045611776 3.5
    endloop
  endfacet
  facet normal 0 0 -1
    outer loop
      vertex 223.22136574399 3.416638045611776 3.5
      vertex 223.22136574399 5.583361954388224 3.5
      vertex 223.2887495373797 3.5250000000000004 3.5
    endloop
  endfacet
  facet normal 0 0 -1
    outer loop
      vertex 223.2887495373797 3.5250000000000004 3.5
      vertex 223.2887495373797 5.475 3.5
      vertex 223.34890184598876 3.6375370540729475 3.5
    endloop
  endfacet
  facet normal 0 0 -1
    outer loop
      vertex 223.34890184598876 3.6375370540729475 3.5
      vertex 223.34890184598876 5.362462945927052 3.5
      vertex 223.40156508839704 3.753767306888075 3.5
    endloop
  endfacet
  facet normal 0 0 -1
    outer loop
      vertex 223.40156508839704 3.753767306888075 3.5
      vertex 223.40156508839704 5.246232693111925 3.5
      vertex 223.44651375251547 3.8731930426588352 3.5
    endloop
  endfacet
  facet normal 0 0 -1
    outer loop
      vertex 223.44651375251547 3.8731930426588352 3.5
      vertex 223.44651375251547 5.126806957341165 3.5
      vertex 223.4835553612637 3.995302862050085 3.5
    endloop
  endfacet
  facet normal 0 0 -1
    outer loop
      vertex 223.4835553612637 3.995302862050085 3.5
      vertex 223.4835553612637 5.004697137949916 3.5
      vertex 223.51253129678634 4.11957387206855 3.5
    endloop
  endfacet
  facet normal 0 0 -1
    outer loop
      vertex 223.51253129678634 4.11957387206855 3.5
      vertex 223.51253129678634 4.88042612793145 3.5
      vertex 223.53331747967894 4.2454739251708995 3.5
    endloop
  endfacet
  facet normal 0 0 -1
    outer loop
      vertex 223.53331747967894 4.2454739251708995 3.5
      vertex 223.53331747967894 4.7545260748291005 3.5
      vertex 223.5458249003153 4.372463898001221 3.5
    endloop
  endfacet
  facet normal 0 0 -1
    outer loop
      vertex 223.5458249003153 4.372463898001221 3.5
      vertex 223.5458249003153 4.627536101998779 3.5
      vertex 223.55 4.5 3.5
    endloop
  endfacet
  facet normal 0 0 -1
    outer loop
      vertex 223.5458249003153 4.372463898001221 3.5
      vertex 223.53331747967894 4.7545260748291005 3.5
      vertex 223.5458249003153 4.627536101998779 3.5
    endloop
  endfacet
  facet normal 0 0 -1
    outer loop
      vertex 223.51253129678634 4.11957387206855 3.5
      vertex 223.4835553612637 5.004697137949916 3.5
      vertex 223.51253129678634 4.88042612793145 3.5
    endloop
  endfacet
  facet normal 0 0 -1
    outer loop
      vertex 223.53331747967894 4.2454739251708995 3.5
      vertex 223.51253129678634 4.88042612793145 3.5
      vertex 223.53331747967894 4.7545260748291005 3.5
    endloop
  endfacet
  facet normal 0 0 -1
    outer loop
      vertex 223.4835553612637 3.995302862050085 3.5
      vertex 223.44651375251547 5.126806957341165 3.5
      vertex 223.4835553612637 5.004697137949916 3.5
    endloop
  endfacet
  facet normal 0 0 -1
    outer loop
      vertex 219.85109815401128 3.6375370540729475 3.5
      vertex 219.798434911603 5.246232693111925 3.5
      vertex 219.85109815401128 5.362462945927052 3.5
    endloop
  endfacet
  facet normal 0 0 -1
    outer loop
      vertex 219.91125046262036 3.5250000000000004 3.5
      vertex 219.85109815401128 5.362462945927052 3.5
      vertex 219.91125046262036 5.475 3.5
    endloop
  endfacet
  facet normal 0 0 -1
    outer loop
      vertex 219.97863425601005 3.416638045611776 3.5
      vertex 219.91125046262036 5.475 3.5
      vertex 219.97863425601005 5.583361954388224 3.5
    endloop
  endfacet
  facet normal 0 0 -1
    outer loop
      vertex 220.0529609864321 3.312915213432995 3.5
      vertex 219.97863425601005 5.583361954388224 3.5
      vertex 220.0529609864321 5.687084786567005 3.5
    endloop
  endfacet
  facet normal 0 0 -1
    outer loop
      vertex 220.133912375416 3.2142756605548657 3.5
      vertex 220.0529609864321 5.687084786567005 3.5
      vertex 220.133912375416 5.785724339445134 3.5
    endloop
  endfacet
  facet normal 0 0 -1
    outer loop
      vertex 220.22114177668627 3.1211417766862324 3.5
      vertex 220.133912375416 5.785724339445134 3.5
      vertex 220.22114177668627 5.878858223313768 3.5
    endloop
  endfacet
  facet normal 0 0 -1
    outer loop
      vertex 220.3142756605549 3.0339123754159942 3.5
      vertex 220.22114177668627 5.878858223313768 3.5
      vertex 220.3142756605549 5.966087624584006 3.5
    endloop
  endfacet
  facet normal 0 0 -1
    outer loop
      vertex 220.41291521343302 2.9529609864320916 3.5
      vertex 220.3142756605549 5.966087624584006 3.5
      vertex 220.41291521343302 6.047039013567908 3.5
    endloop
  endfacet
  facet normal 0 0 -1
    outer loop
      vertex 220.51663804561178 2.878634256010037 3.5
      vertex 220.41291521343302 6.047039013567908 3.5
      vertex 220.51663804561178 6.121365743989963 3.5
    endloop
  endfacet
  facet normal 0 0 -1
    outer loop
      vertex 220.62500000000003 2.811250462620345 3.5
      vertex 220.51663804561178 6.121365743989963 3.5
      vertex 220.62500000000003 6.188749537379655 3.5
    endloop
  endfacet
  facet normal 0 0 -1
    outer loop
      vertex 220.73753705407296 2.7510981540112582 3.5
      vertex 220.62500000000003 6.188749537379655 3.5
      vertex 220.73753705407296 6.248901845988742 3.5
    endloop
  endfacet
  facet normal 0 0 -1
    outer loop
      vertex 220.8537673068881 2.698434911602991 3.5
      vertex 220.73753705407296 6.248901845988742 3.5
      vertex 220.8537673068881 6.301565088397009 3.5
    endloop
  endfacet
  facet normal 0 0 -1
    outer loop
      vertex 220.97319304265886 2.653486247484544 3.5
      vertex 220.8537673068881 6.301565088397009 3.5
      vertex 220.97319304265886 6.346513752515456 3.5
    endloop
  endfacet
  facet normal 0 0 -1
    outer loop
      vertex 221.09530286205012 2.6164446387363167 3.5
      vertex 220.97319304265886 6.346513752515456 3.5
      vertex 221.09530286205012 6.383555361263683 3.5
    endloop
  endfacet
  facet normal 0 0 -1
    outer loop
      vertex 221.21957387206857 2.587468703213701 3.5
      vertex 221.09530286205012 6.383555361263683 3.5
      vertex 221.21957387206857 6.412531296786299 3.5
    endloop
  endfacet
  facet normal 0 0 -1
    outer loop
      vertex 221.34547392517092 2.56668252032107 3.5
      vertex 221.21957387206857 6.412531296786299 3.5
      vertex 221.34547392517092 6.43331747967893 3.5
    endloop
  endfacet
  facet normal 0 0 -1
    outer loop
      vertex 221.47246389800125 2.5541750996847234 3.5
      vertex 221.34547392517092 6.43331747967893 3.5
      vertex 221.47246389800125 6.4458249003152766 3.5
    endloop
  endfacet
  facet normal 0 0 -1
    outer loop
      vertex 221.60000000000002 2.5500000000000003 3.5
      vertex 221.47246389800125 6.4458249003152766 3.5
      vertex 221.60000000000002 6.449999999999999 3.5
    endloop
  endfacet
  facet normal 0 0 -1
    outer loop
      vertex 221.7275361019988 2.5541750996847234 3.5
      vertex 221.60000000000002 6.449999999999999 3.5
      vertex 221.7275361019988 6.4458249003152766 3.5
    endloop
  endfacet
  facet normal 0 0 -1
    outer loop
      vertex 221.85452607482912 2.56668252032107 3.5
      vertex 221.7275361019988 6.4458249003152766 3.5
      vertex 221.85452607482912 6.43331747967893 3.5
    endloop
  endfacet
  facet normal 0 0 -1
    outer loop
      vertex 221.98042612793148 2.587468703213701 3.5
      vertex 221.85452607482912 6.43331747967893 3.5
      vertex 221.98042612793148 6.412531296786299 3.5
    endloop
  endfacet
  facet normal 0 0 -1
    outer loop
      vertex 222.10469713794993 2.6164446387363167 3.5
      vertex 221.98042612793148 6.412531296786299 3.5
      vertex 222.10469713794993 6.383555361263683 3.5
    endloop
  endfacet
  facet normal 0 0 -1
    outer loop
      vertex 222.22680695734118 2.653486247484544 3.5
      vertex 222.10469713794993 6.383555361263683 3.5
      vertex 222.22680695734118 6.346513752515456 3.5
    endloop
  endfacet
  facet normal 0 0 -1
    outer loop
      vertex 222.4624629459271 2.7510981540112582 3.5
      vertex 222.34623269311194 6.301565088397009 3.5
      vertex 222.4624629459271 6.248901845988742 3.5
    endloop
  endfacet
  facet normal 0 0 -1
    outer loop
      vertex 222.34623269311194 2.698434911602991 3.5
      vertex 222.22680695734118 6.346513752515456 3.5
      vertex 222.34623269311194 6.301565088397009 3.5
    endloop
  endfacet
  facet normal 0 0 -1
    outer loop
      vertex 222.57500000000002 2.811250462620345 3.5
      vertex 222.4624629459271 6.248901845988742 3.5
      vertex 222.57500000000002 6.188749537379655 3.5
    endloop
  endfacet
  facet normal 0 0 -1
    outer loop
      vertex 222.68336195438826 2.878634256010037 3.5
      vertex 222.57500000000002 6.188749537379655 3.5
      vertex 222.68336195438826 6.121365743989963 3.5
    endloop
  endfacet
  facet normal 0 0 -1
    outer loop
      vertex 222.78708478656702 2.9529609864320916 3.5
      vertex 222.68336195438826 6.121365743989963 3.5
      vertex 222.78708478656702 6.047039013567908 3.5
    endloop
  endfacet
  facet normal 0 0 -1
    outer loop
      vertex 222.88572433944515 3.0339123754159942 3.5
      vertex 222.78708478656702 6.047039013567908 3.5
      vertex 222.88572433944515 5.966087624584006 3.5
    endloop
  endfacet
  facet normal 0 0 -1
    outer loop
      vertex 223.06608762458404 3.2142756605548657 3.5
      vertex 222.97885822331378 5.878858223313768 3.5
      vertex 223.06608762458404 5.785724339445134 3.5
    endloop
  endfacet
  facet normal 0 0 -1
    outer loop
      vertex 222.97885822331378 3.1211417766862324 3.5
      vertex 222.88572433944515 5.966087624584006 3.5
      vertex 222.97885822331378 5.878858223313768 3.5
    endloop
  endfacet
  facet normal 0 0 -1
    outer loop
      vertex 223.14703901356793 3.312915213432995 3.5
      vertex 223.06608762458404 5.785724339445134 3.5
      vertex 223.14703901356793 5.687084786567005 3.5
    endloop
  endfacet
  facet normal 0 0 -1
    outer loop
      vertex 223.34890184598876 3.6375370540729475 3.5
      vertex 223.2887495373797 5.475 3.5
      vertex 223.34890184598876 5.362462945927052 3.5
    endloop
  endfacet
  facet normal 0 0 -1
    outer loop
      vertex 223.22136574399 3.416638045611776 3.5
      vertex 223.14703901356793 5.687084786567005 3.5
      vertex 223.22136574399 5.583361954388224 3.5
    endloop
  endfacet
  facet normal 0 0 -1
    outer loop
      vertex 223.2887495373797 3.5250000000000004 3.5
      vertex 223.22136574399 5.583361954388224 3.5
      vertex 223.2887495373797 5.475 3.5
    endloop
  endfacet
  facet normal 0 0 -1
    outer loop
      vertex 223.44651375251547 3.8731930426588352 3.5
      vertex 223.40156508839704 5.246232693111925 3.5
      vertex 223.44651375251547 5.126806957341165 3.5
    endloop
  endfacet
  facet normal 0 0 -1
    outer loop
      vertex 223.40156508839704 3.753767306888075 3.5
      vertex 223.34890184598876 5.362462945927052 3.5
      vertex 223.40156508839704 5.246232693111925 3.5
    endloop
  endfacet
  facet normal 0.7488120211204508 0.614534144051147 -0.2482505645931742
    outer loop
      vertex 220.0529609864321 145.052915213433 3.5
      vertex 219.4591843430631 144.36255505725993 0
      vertex 219.34097721950408 144.5065908540662 0
    endloop
  endfacet
  facet normal 0.7874012131431649 0.564243729889705 -0.2482505645931666
    outer loop
      vertex 219.97863425601005 145.15663804561177 3.5
      vertex 219.34097721950408 144.5065908540662 0
      vertex 219.23244357830265 144.65804937495318 0
    endloop
  endfacet
  facet normal 0.564243729889704 0.7874012131431635 -0.2482505645931735
    outer loop
      vertex 220.41291521343302 144.6929609864321 3.5
      vertex 220.0180493749532 143.87244357830264 0
      vertex 219.8665908540662 143.98097721950407 0
    endloop
  endfacet
  facet normal 0.39978758860775776 0.8823500105821761 -0.24825056459317088
    outer loop
      vertex 220.73753705407296 144.49109815401127 3.5
      vertex 220.5103334573297 143.60931225422107 0
      vertex 220.34061130644054 143.68621236032808 0
    endloop
  endfacet
  facet normal 0.4566400644605529 0.8543134721568152 -0.24825056459317207
    outer loop
      vertex 220.62500000000003 144.55125046262035 3.5
      vertex 220.34061130644054 143.68621236032808 0
      vertex 220.17628205128207 143.77404817717277 0
    endloop
  endfacet
  facet normal 0.5115371374528499 0.8226186322869901 -0.24825056459316688
    outer loop
      vertex 220.51663804561178 144.61863425601004 3.5
      vertex 220.17628205128207 143.77404817717277 0
      vertex 220.0180493749532 143.87244357830264 0
    endloop
  endfacet
  facet normal 0.662193028662608 0.7070163010637102 -0.24825056459317787
    outer loop
      vertex 220.22114177668627 144.86114177668625 3.5
      vertex 219.72255505725994 144.0991843430631 0
      vertex 219.5865587679291 144.22655876792908 0
    endloop
  endfacet
  facet normal 0.7070163010637113 0.662193028662609 -0.24825056459317163
    outer loop
      vertex 220.133912375416 144.95427566055488 3.5
      vertex 219.5865587679291 144.22655876792908 0
      vertex 219.4591843430631 144.36255505725993 0
    endloop
  endfacet
  facet normal 0.6145341440511475 0.7488120211204514 -0.24825056459317107
    outer loop
      vertex 220.3142756605549 144.773912375416 3.5
      vertex 219.8665908540662 143.98097721950407 0
      vertex 219.72255505725994 144.0991843430631 0
    endloop
  endfacet
  facet normal 0.9066081908014416 0.34122316092391364 -0.24825056459317407
    outer loop
      vertex 219.75348624748457 145.61319304265885 3.5
      vertex 218.96931225422108 145.15033345732968 0
      vertex 218.90367715691204 145.32472172764318 0
    endloop
  endfacet
  facet normal 0.822618632286989 0.5115371374528492 -0.24825056459317185
    outer loop
      vertex 219.91125046262036 145.26500000000001 3.5
      vertex 219.23244357830265 144.65804937495318 0
      vertex 219.1340481771728 144.81628205128206 0
    endloop
  endfacet
  facet normal 0.8543134721568155 0.45664006446055305 -0.2482505645931708
    outer loop
      vertex 219.85109815401128 145.37753705407295 3.5
      vertex 219.1340481771728 144.81628205128206 0
      vertex 219.0462123603281 144.98061130644052 0
    endloop
  endfacet
  facet normal 0.8823500105821758 0.3997875886077576 -0.24825056459317235
    outer loop
      vertex 219.798434911603 145.4937673068881 3.5
      vertex 219.0462123603281 144.98061130644052 0
      vertex 218.96931225422108 145.15033345732968 0
    endloop
  endfacet
  facet normal 0.9269841355626387 0.28119756327955475 -0.2482505645931713
    outer loop
      vertex 219.71644463873633 145.7353028620501 3.5
      vertex 218.90367715691204 145.32472172764318 0
      vertex 218.8495881279641 145.50302936003501 0
    endloop
  endfacet
  facet normal 0.9433905919421509 0.21996783449906698 -0.24825056459317327
    outer loop
      vertex 219.6874687032137 145.85957387206855 3.5
      vertex 218.8495881279641 145.50302936003501 0
      vertex 218.8072767849031 145.68449281384895 0
    endloop
  endfacet
  facet normal 0.9557573049750742 0.15779616968086407 -0.24825056459317674
    outer loop
      vertex 219.6666825203211 145.9854739251709 3.5
      vertex 218.8072767849031 145.68449281384895 0
      vertex 218.77692431139587 145.868335034717 0
    endloop
  endfacet
  facet normal 0.9640313184975031 0.09494879743911958 -0.24825056459317604
    outer loop
      vertex 219.65417509968475 146.11246389800124 3.5
      vertex 218.77692431139587 145.868335034717 0
      vertex 218.75866068139368 146.05376878202546 0
    endloop
  endfacet
  facet normal 0.2811975632795546 0.926984135562638 -0.24825056459317374
    outer loop
      vertex 220.97319304265886 144.39348624748456 3.5
      vertex 220.86302936003503 143.48958812796408 0
      vertex 220.6847217276432 143.54367715691203 0
    endloop
  endfacet
  facet normal 0.3412231609239138 0.9066081908014421 -0.2482505645931725
    outer loop
      vertex 220.8537673068881 144.438434911603 3.5
      vertex 220.6847217276432 143.54367715691203 0
      vertex 220.5103334573297 143.60931225422107 0
    endloop
  endfacet
  facet normal 0.21996783449906704 0.9433905919421511 -0.24825056459317216
    outer loop
      vertex 221.09530286205012 144.35644463873632 3.5
      vertex 221.04449281384896 143.4472767849031 0
      vertex 220.86302936003503 143.48958812796408 0
    endloop
  endfacet
  facet normal 0.15779616968086424 0.955757304975075 -0.24825056459317346
    outer loop
      vertex 221.21957387206857 144.3274687032137 3.5
      vertex 221.22833503471702 143.41692431139586 0
      vertex 221.04449281384896 143.4472767849031 0
    endloop
  endfacet
  facet normal 0.09494879743911958 0.9640313184975031 -0.2482505645931762
    outer loop
      vertex 221.34547392517092 144.3066825203211 3.5
      vertex 221.41376878202547 143.39866068139366 0
      vertex 221.22833503471702 143.41692431139586 0
    endloop
  endfacet
  facet normal 0.03169483986970736 0.9681772019133703 -0.2482505645931758
    outer loop
      vertex 221.47246389800125 144.29417509968474 3.5
      vertex 221.60000000000002 143.3925641025641 0
      vertex 221.41376878202547 143.39866068139366 0
    endloop
  endfacet
  facet normal -0.03169483986970736 0.9681772019133703 -0.24825056459317593
    outer loop
      vertex 221.60000000000002 144.29000000000002 3.5
      vertex 221.78623121797457 143.39866068139366 0
      vertex 221.60000000000002 143.3925641025641 0
    endloop
  endfacet
  facet normal -0.09494879743911958 0.9640313184975031 -0.24825056459317604
    outer loop
      vertex 221.7275361019988 144.29417509968474 3.5
      vertex 221.97166496528303 143.41692431139586 0
      vertex 221.78623121797457 143.39866068139366 0
    endloop
  endfacet
  facet normal -0.15779616968086407 0.9557573049750742 -0.24825056459317668
    outer loop
      vertex 221.85452607482912 144.3066825203211 3.5
      vertex 222.15550718615108 143.4472767849031 0
      vertex 221.97166496528303 143.41692431139586 0
    endloop
  endfacet
  facet normal -0.21996783449906698 0.9433905919421509 -0.24825056459317324
    outer loop
      vertex 221.98042612793148 144.3274687032137 3.5
      vertex 222.33697063996502 143.48958812796408 0
      vertex 222.15550718615108 143.4472767849031 0
    endloop
  endfacet
  facet normal -0.28119756327955475 0.9269841355626387 -0.2482505645931713
    outer loop
      vertex 222.10469713794993 144.35644463873632 3.5
      vertex 222.51527827235685 143.54367715691203 0
      vertex 222.33697063996502 143.48958812796408 0
    endloop
  endfacet
  facet normal -0.34122316092391364 0.9066081908014416 -0.24825056459317407
    outer loop
      vertex 222.22680695734118 144.39348624748456 3.5
      vertex 222.68966654267035 143.60931225422107 0
      vertex 222.51527827235685 143.54367715691203 0
    endloop
  endfacet
  facet normal -0.3997875886077576 0.8823500105821758 -0.24825056459317235
    outer loop
      vertex 222.34623269311194 144.438434911603 3.5
      vertex 222.8593886935595 143.68621236032808 0
      vertex 222.68966654267035 143.60931225422107 0
    endloop
  endfacet
  facet normal -0.45664006446055305 0.8543134721568155 -0.24825056459317074
    outer loop
      vertex 222.4624629459271 144.49109815401127 3.5
      vertex 223.02371794871797 143.77404817717277 0
      vertex 222.8593886935595 143.68621236032808 0
    endloop
  endfacet
  facet normal -0.5115371374528492 0.822618632286989 -0.2482505645931718
    outer loop
      vertex 222.57500000000002 144.55125046262035 3.5
      vertex 223.18195062504685 143.87244357830264 0
      vertex 223.02371794871797 143.77404817717277 0
    endloop
  endfacet
  facet normal -0.564243729889705 0.7874012131431649 -0.24825056459316663
    outer loop
      vertex 222.68336195438826 144.61863425601004 3.5
      vertex 223.33340914593384 143.98097721950407 0
      vertex 223.18195062504685 143.87244357830264 0
    endloop
  endfacet
  facet normal -0.614534144051147 0.7488120211204508 -0.2482505645931742
    outer loop
      vertex 222.78708478656702 144.6929609864321 3.5
      vertex 223.4774449427401 144.0991843430631 0
      vertex 223.33340914593384 143.98097721950407 0
    endloop
  endfacet
  facet normal -0.662193028662609 0.7070163010637113 -0.24825056459317155
    outer loop
      vertex 222.88572433944515 144.773912375416 3.5
      vertex 223.61344123207095 144.22655876792908 0
      vertex 223.4774449427401 144.0991843430631 0
    endloop
  endfacet
  facet normal -0.7070163010637102 0.662193028662608 -0.24825056459317787
    outer loop
      vertex 222.97885822331378 144.86114177668625 3.5
      vertex 223.74081565693695 144.36255505725993 0
      vertex 223.61344123207095 144.22655876792908 0
    endloop
  endfacet
  facet normal -0.7488120211204514 0.6145341440511475 -0.2482505645931711
    outer loop
      vertex 223.06608762458404 144.95427566055488 3.5
      vertex 223.85902278049596 144.5065908540662 0
      vertex 223.74081565693695 144.36255505725993 0
    endloop
  endfacet
  facet normal -0.7874012131431635 0.564243729889704 -0.2482505645931735
    outer loop
      vertex 223.14703901356793 145.052915213433 3.5
      vertex 223.9675564216974 144.65804937495318 0
      vertex 223.85902278049596 144.5065908540662 0
    endloop
  endfacet
  facet normal -0.8226186322869901 0.5115371374528499 -0.24825056459316686
    outer loop
      vertex 223.22136574399 145.15663804561177 3.5
      vertex 224.06595182282726 144.81628205128206 0
      vertex 223.9675564216974 144.65804937495318 0
    endloop
  endfacet
  facet normal -0.8543134721568152 0.4566400644605529 -0.24825056459317202
    outer loop
      vertex 223.2887495373797 145.26500000000001 3.5
      vertex 224.15378763967195 144.98061130644052 0
      vertex 224.06595182282726 144.81628205128206 0
    endloop
  endfacet
  facet normal -0.8823500105821761 0.39978758860775776 -0.24825056459317088
    outer loop
      vertex 223.34890184598876 145.37753705407295 3.5
      vertex 224.23068774577897 145.15033345732968 0
      vertex 224.15378763967195 144.98061130644052 0
    endloop
  endfacet
  facet normal -0.9066081908014421 0.3412231609239138 -0.2482505645931725
    outer loop
      vertex 223.40156508839704 145.4937673068881 3.5
      vertex 224.296322843088 145.32472172764318 0
      vertex 224.23068774577897 145.15033345732968 0
    endloop
  endfacet
  facet normal -0.926984135562638 0.2811975632795546 -0.24825056459317368
    outer loop
      vertex 223.44651375251547 145.61319304265885 3.5
      vertex 224.35041187203595 145.50302936003501 0
      vertex 224.296322843088 145.32472172764318 0
    endloop
  endfacet
  facet normal -0.9433905919421511 0.21996783449906704 -0.24825056459317218
    outer loop
      vertex 223.4835553612637 145.7353028620501 3.5
      vertex 224.39272321509694 145.68449281384895 0
      vertex 224.35041187203595 145.50302936003501 0
    endloop
  endfacet
  facet normal -0.955757304975075 0.15779616968086424 -0.24825056459317346
    outer loop
      vertex 223.51253129678634 145.85957387206855 3.5
      vertex 224.42307568860417 145.868335034717 0
      vertex 224.39272321509694 145.68449281384895 0
    endloop
  endfacet
  facet normal -0.9640313184975031 0.09494879743911958 -0.2482505645931762
    outer loop
      vertex 223.53331747967894 145.9854739251709 3.5
      vertex 224.44133931860637 146.05376878202546 0
      vertex 224.42307568860417 145.868335034717 0
    endloop
  endfacet
  facet normal 0.9681772019133703 0.03169483986970736 -0.24825056459317593
    outer loop
      vertex 219.65000000000003 146.24 3.5
      vertex 218.75866068139368 146.05376878202546 0
      vertex 218.75256410256412 146.24 0
    endloop
  endfacet
  facet normal 0.9681772019133703 -0.03169483986970736 -0.2482505645931758
    outer loop
      vertex 219.65417509968475 146.36753610199878 3.5
      vertex 218.75256410256412 146.24 0
      vertex 218.75866068139368 146.42623121797456 0
    endloop
  endfacet
  facet normal 0.9640313184975031 -0.09494879743911958 -0.2482505645931762
    outer loop
      vertex 219.6666825203211 146.4945260748291 3.5
      vertex 218.75866068139368 146.42623121797456 0
      vertex 218.77692431139587 146.611664965283 0
    endloop
  endfacet
  facet normal 0.955757304975075 -0.15779616968086424 -0.24825056459317346
    outer loop
      vertex 219.6874687032137 146.62042612793147 3.5
      vertex 218.77692431139587 146.611664965283 0
      vertex 218.8072767849031 146.79550718615107 0
    endloop
  endfacet
  facet normal 0.9433905919421511 -0.21996783449906704 -0.24825056459317218
    outer loop
      vertex 219.71644463873633 146.7446971379499 3.5
      vertex 218.8072767849031 146.79550718615107 0
      vertex 218.8495881279641 146.976970639965 0
    endloop
  endfacet
  facet normal 0.926984135562638 -0.2811975632795546 -0.24825056459317368
    outer loop
      vertex 219.75348624748457 146.86680695734117 3.5
      vertex 218.8495881279641 146.976970639965 0
      vertex 218.90367715691204 147.15527827235684 0
    endloop
  endfacet
  facet normal 0.9066081908014421 -0.3412231609239138 -0.2482505645931725
    outer loop
      vertex 219.798434911603 146.98623269311193 3.5
      vertex 218.90367715691204 147.15527827235684 0
      vertex 218.96931225422108 147.32966654267034 0
    endloop
  endfacet
  facet normal 0.8823500105821761 -0.39978758860775776 -0.24825056459317088
    outer loop
      vertex 219.85109815401128 147.10246294592707 3.5
      vertex 218.96931225422108 147.32966654267034 0
      vertex 219.0462123603281 147.4993886935595 0
    endloop
  endfacet
  facet normal 0.8543134721568152 -0.4566400644605529 -0.24825056459317202
    outer loop
      vertex 219.91125046262036 147.215 3.5
      vertex 219.0462123603281 147.4993886935595 0
      vertex 219.1340481771728 147.66371794871796 0
    endloop
  endfacet
  facet normal 0.8226186322869901 -0.5115371374528499 -0.24825056459316686
    outer loop
      vertex 219.97863425601005 147.32336195438825 3.5
      vertex 219.1340481771728 147.66371794871796 0
      vertex 219.23244357830265 147.82195062504684 0
    endloop
  endfacet
  facet normal 0.7874012131431635 -0.564243729889704 -0.2482505645931735
    outer loop
      vertex 220.0529609864321 147.427084786567 3.5
      vertex 219.23244357830265 147.82195062504684 0
      vertex 219.34097721950408 147.97340914593383 0
    endloop
  endfacet
  facet normal 0.7488120211204514 -0.6145341440511475 -0.2482505645931711
    outer loop
      vertex 220.133912375416 147.52572433944513 3.5
      vertex 219.34097721950408 147.97340914593383 0
      vertex 219.4591843430631 148.1174449427401 0
    endloop
  endfacet
  facet normal 0.7070163010637102 -0.662193028662608 -0.24825056459317787
    outer loop
      vertex 220.22114177668627 147.61885822331377 3.5
      vertex 219.4591843430631 148.1174449427401 0
      vertex 219.5865587679291 148.25344123207094 0
    endloop
  endfacet
  facet normal 0.662193028662609 -0.7070163010637113 -0.24825056459317155
    outer loop
      vertex 220.3142756605549 147.70608762458403 3.5
      vertex 219.5865587679291 148.25344123207094 0
      vertex 219.72255505725994 148.38081565693693 0
    endloop
  endfacet
  facet normal 0.614534144051147 -0.7488120211204508 -0.2482505645931742
    outer loop
      vertex 220.41291521343302 147.78703901356792 3.5
      vertex 219.72255505725994 148.38081565693693 0
      vertex 219.8665908540662 148.49902278049595 0
    endloop
  endfacet
  facet normal 0.564243729889705 -0.7874012131431649 -0.24825056459316663
    outer loop
      vertex 220.51663804561178 147.86136574398998 3.5
      vertex 219.8665908540662 148.49902278049595 0
      vertex 220.0180493749532 148.60755642169738 0
    endloop
  endfacet
  facet normal 0.5115371374528492 -0.822618632286989 -0.2482505645931718
    outer loop
      vertex 220.62500000000003 147.92874953737967 3.5
      vertex 220.0180493749532 148.60755642169738 0
      vertex 220.17628205128207 148.70595182282725 0
    endloop
  endfacet
  facet normal 0.45664006446055305 -0.8543134721568155 -0.24825056459317074
    outer loop
      vertex 220.73753705407296 147.98890184598875 3.5
      vertex 220.17628205128207 148.70595182282725 0
      vertex 220.34061130644054 148.79378763967193 0
    endloop
  endfacet
  facet normal 0.3997875886077576 -0.8823500105821758 -0.24825056459317235
    outer loop
      vertex 220.8537673068881 148.04156508839702 3.5
      vertex 220.34061130644054 148.79378763967193 0
      vertex 220.5103334573297 148.87068774577895 0
    endloop
  endfacet
  facet normal 0.34122316092391364 -0.9066081908014416 -0.24825056459317407
    outer loop
      vertex 220.97319304265886 148.08651375251546 3.5
      vertex 220.5103334573297 148.87068774577895 0
      vertex 220.6847217276432 148.936322843088 0
    endloop
  endfacet
  facet normal 0.28119756327955475 -0.9269841355626387 -0.2482505645931713
    outer loop
      vertex 221.09530286205012 148.1235553612637 3.5
      vertex 220.6847217276432 148.936322843088 0
      vertex 220.86302936003503 148.99041187203593 0
    endloop
  endfacet
  facet normal 0.21996783449906698 -0.9433905919421509 -0.24825056459317324
    outer loop
      vertex 221.21957387206857 148.15253129678632 3.5
      vertex 220.86302936003503 148.99041187203593 0
      vertex 221.04449281384896 149.03272321509692 0
    endloop
  endfacet
  facet normal 0.15779616968086407 -0.9557573049750742 -0.24825056459317668
    outer loop
      vertex 221.34547392517092 148.17331747967893 3.5
      vertex 221.04449281384896 149.03272321509692 0
      vertex 221.22833503471702 149.06307568860416 0
    endloop
  endfacet
  facet normal 0.09494879743911958 -0.9640313184975031 -0.24825056459317604
    outer loop
      vertex 221.47246389800125 148.18582490031528 3.5
      vertex 221.22833503471702 149.06307568860416 0
      vertex 221.41376878202547 149.08133931860635 0
    endloop
  endfacet
  facet normal 0.03169483986970736 -0.9681772019133703 -0.24825056459317593
    outer loop
      vertex 221.60000000000002 148.19 3.5
      vertex 221.41376878202547 149.08133931860635 0
      vertex 221.60000000000002 149.0874358974359 0
    endloop
  endfacet
  facet normal -0.03169483986970736 -0.9681772019133703 -0.2482505645931758
    outer loop
      vertex 221.7275361019988 148.18582490031528 3.5
      vertex 221.60000000000002 149.0874358974359 0
      vertex 221.78623121797457 149.08133931860635 0
    endloop
  endfacet
  facet normal -0.09494879743911958 -0.9640313184975031 -0.2482505645931762
    outer loop
      vertex 221.85452607482912 148.17331747967893 3.5
      vertex 221.78623121797457 149.08133931860635 0
      vertex 221.97166496528303 149.06307568860416 0
    endloop
  endfacet
  facet normal -0.2811975632795546 -0.926984135562638 -0.24825056459317374
    outer loop
      vertex 222.22680695734118 148.08651375251546 3.5
      vertex 222.33697063996502 148.99041187203593 0
      vertex 222.51527827235685 148.936322843088 0
    endloop
  endfacet
  facet normal -0.21996783449906704 -0.9433905919421511 -0.24825056459317216
    outer loop
      vertex 222.10469713794993 148.1235553612637 3.5
      vertex 222.15550718615108 149.03272321509692 0
      vertex 222.33697063996502 148.99041187203593 0
    endloop
  endfacet
  facet normal -0.15779616968086424 -0.955757304975075 -0.24825056459317346
    outer loop
      vertex 221.98042612793148 148.15253129678632 3.5
      vertex 221.97166496528303 149.06307568860416 0
      vertex 222.15550718615108 149.03272321509692 0
    endloop
  endfacet
  facet normal -0.9681772019133703 0.03169483986970736 -0.2482505645931758
    outer loop
      vertex 223.5458249003153 146.11246389800124 3.5
      vertex 224.44743589743592 146.24 0
      vertex 224.44133931860637 146.05376878202546 0
    endloop
  endfacet
  facet normal -0.9681772019133703 -0.03169483986970736 -0.24825056459317593
    outer loop
      vertex 223.55 146.24 3.5
      vertex 224.44133931860637 146.42623121797456 0
      vertex 224.44743589743592 146.24 0
    endloop
  endfacet
  facet normal -0.9640313184975031 -0.09494879743911958 -0.24825056459317604
    outer loop
      vertex 223.5458249003153 146.36753610199878 3.5
      vertex 224.42307568860417 146.611664965283 0
      vertex 224.44133931860637 146.42623121797456 0
    endloop
  endfacet
  facet normal -0.9557573049750742 -0.15779616968086407 -0.24825056459317674
    outer loop
      vertex 223.53331747967894 146.4945260748291 3.5
      vertex 224.39272321509694 146.79550718615107 0
      vertex 224.42307568860417 146.611664965283 0
    endloop
  endfacet
  facet normal -0.9433905919421509 -0.21996783449906698 -0.24825056459317327
    outer loop
      vertex 223.51253129678634 146.62042612793147 3.5
      vertex 224.35041187203595 146.976970639965 0
      vertex 224.39272321509694 146.79550718615107 0
    endloop
  endfacet
  facet normal -0.9269841355626387 -0.28119756327955475 -0.2482505645931713
    outer loop
      vertex 223.4835553612637 146.7446971379499 3.5
      vertex 224.296322843088 147.15527827235684 0
      vertex 224.35041187203595 146.976970639965 0
    endloop
  endfacet
  facet normal -0.9066081908014416 -0.34122316092391364 -0.24825056459317407
    outer loop
      vertex 223.44651375251547 146.86680695734117 3.5
      vertex 224.23068774577897 147.32966654267034 0
      vertex 224.296322843088 147.15527827235684 0
    endloop
  endfacet
  facet normal -0.662193028662608 -0.7070163010637102 -0.24825056459317787
    outer loop
      vertex 222.97885822331378 147.61885822331377 3.5
      vertex 223.4774449427401 148.38081565693693 0
      vertex 223.61344123207095 148.25344123207094 0
    endloop
  endfacet
  facet normal -0.564243729889704 -0.7874012131431635 -0.2482505645931735
    outer loop
      vertex 222.78708478656702 147.78703901356792 3.5
      vertex 223.18195062504685 148.60755642169738 0
      vertex 223.33340914593384 148.49902278049595 0
    endloop
  endfacet
  facet normal -0.6145341440511475 -0.7488120211204514 -0.24825056459317107
    outer loop
      vertex 222.88572433944515 147.70608762458403 3.5
      vertex 223.33340914593384 148.49902278049595 0
      vertex 223.4774449427401 148.38081565693693 0
    endloop
  endfacet
  facet normal -0.822618632286989 -0.5115371374528492 -0.24825056459317185
    outer loop
      vertex 223.2887495373797 147.215 3.5
      vertex 223.9675564216974 147.82195062504684 0
      vertex 224.06595182282726 147.66371794871796 0
    endloop
  endfacet
  facet normal -0.7874012131431649 -0.564243729889705 -0.2482505645931666
    outer loop
      vertex 223.22136574399 147.32336195438825 3.5
      vertex 223.85902278049596 147.97340914593383 0
      vertex 223.9675564216974 147.82195062504684 0
    endloop
  endfacet
  facet normal -0.8823500105821758 -0.3997875886077576 -0.24825056459317235
    outer loop
      vertex 223.40156508839704 146.98623269311193 3.5
      vertex 224.15378763967195 147.4993886935595 0
      vertex 224.23068774577897 147.32966654267034 0
    endloop
  endfacet
  facet normal -0.8543134721568155 -0.45664006446055305 -0.2482505645931708
    outer loop
      vertex 223.34890184598876 147.10246294592707 3.5
      vertex 224.06595182282726 147.66371794871796 0
      vertex 224.15378763967195 147.4993886935595 0
    endloop
  endfacet
  facet normal -0.7488120211204508 -0.614534144051147 -0.2482505645931742
    outer loop
      vertex 223.14703901356793 147.427084786567 3.5
      vertex 223.74081565693695 148.1174449427401 0
      vertex 223.85902278049596 147.97340914593383 0
    endloop
  endfacet
  facet normal -0.7070163010637113 -0.662193028662609 -0.24825056459317163
    outer loop
      vertex 223.06608762458404 147.52572433944513 3.5
      vertex 223.61344123207095 148.25344123207094 0
      vertex 223.74081565693695 148.1174449427401 0
    endloop
  endfacet
  facet normal -0.3412231609239138 -0.9066081908014421 -0.2482505645931725
    outer loop
      vertex 222.34623269311194 148.04156508839702 3.5
      vertex 222.51527827235685 148.936322843088 0
      vertex 222.68966654267035 148.87068774577895 0
    endloop
  endfacet
  facet normal -0.39978758860775776 -0.8823500105821761 -0.24825056459317088
    outer loop
      vertex 222.4624629459271 147.98890184598875 3.5
      vertex 222.68966654267035 148.87068774577895 0
      vertex 222.8593886935595 148.79378763967193 0
    endloop
  endfacet
  facet normal -0.4566400644605529 -0.8543134721568152 -0.24825056459317207
    outer loop
      vertex 222.57500000000002 147.92874953737967 3.5
      vertex 222.8593886935595 148.79378763967193 0
      vertex 223.02371794871797 148.70595182282725 0
    endloop
  endfacet
  facet normal -0.5115371374528499 -0.8226186322869901 -0.24825056459316688
    outer loop
      vertex 222.68336195438826 147.86136574398998 3.5
      vertex 223.02371794871797 148.70595182282725 0
      vertex 223.18195062504685 148.60755642169738 0
    endloop
  endfacet
  facet normal 0.45664006446058514 0.8543134721567984 -0.24825056459317052
    outer loop
      vertex 220.62500000000003 144.55125046262035 3.5
      vertex 220.73753705407296 144.49109815401127 3.5
      vertex 220.34061130644054 143.68621236032808 0
    endloop
  endfacet
  facet normal 0.7488120211205095 0.6145341440510771 -0.24825056459317035
    outer loop
      vertex 220.133912375416 144.95427566055488 3.5
      vertex 219.4591843430631 144.36255505725993 0
      vertex 220.0529609864321 145.052915213433 3.5
    endloop
  endfacet
  facet normal 0.7070163010635847 0.6621930286627413 -0.24825056459317932
    outer loop
      vertex 220.133912375416 144.95427566055488 3.5
      vertex 220.22114177668627 144.86114177668625 3.5
      vertex 219.5865587679291 144.22655876792908 0
    endloop
  endfacet
  facet normal 0.662193028662743 0.7070163010635864 -0.24825056459317016
    outer loop
      vertex 220.3142756605549 144.773912375416 3.5
      vertex 219.72255505725994 144.0991843430631 0
      vertex 220.22114177668627 144.86114177668625 3.5
    endloop
  endfacet
  facet normal 0.5642437298898679 0.7874012131430486 -0.24825056459316505
    outer loop
      vertex 220.51663804561178 144.61863425601004 3.5
      vertex 220.0180493749532 143.87244357830264 0
      vertex 220.41291521343302 144.6929609864321 3.5
    endloop
  endfacet
  facet normal 0.6145341440510763 0.7488120211205086 -0.2482505645931749
    outer loop
      vertex 220.3142756605549 144.773912375416 3.5
      vertex 220.41291521343302 144.6929609864321 3.5
      vertex 219.8665908540662 143.98097721950407 0
    endloop
  endfacet
  facet normal 0.511537137452726 0.8226186322870652 -0.24825056459317296
    outer loop
      vertex 220.51663804561178 144.61863425601004 3.5
      vertex 220.62500000000003 144.55125046262035 3.5
      vertex 220.17628205128207 143.77404817717277 0
    endloop
  endfacet
  facet normal 0.8226186322870668 0.511537137452727 -0.24825056459316572
    outer loop
      vertex 219.91125046262036 145.26500000000001 3.5
      vertex 219.97863425601005 145.15663804561177 3.5
      vertex 219.23244357830265 144.65804937495318 0
    endloop
  endfacet
  facet normal 0.8823500105821939 0.39978758860771857 -0.24825056459317055
    outer loop
      vertex 219.85109815401128 145.37753705407295 3.5
      vertex 219.0462123603281 144.98061130644052 0
      vertex 219.798434911603 145.4937673068881 3.5
    endloop
  endfacet
  facet normal 0.8543134721567981 0.4566400644605849 -0.24825056459317232
    outer loop
      vertex 219.91125046262036 145.26500000000001 3.5
      vertex 219.1340481771728 144.81628205128206 0
      vertex 219.85109815401128 145.37753705407295 3.5
    endloop
  endfacet
  facet normal 0.9066081908014585 0.34122316092387034 -0.24825056459317207
    outer loop
      vertex 219.798434911603 145.4937673068881 3.5
      vertex 218.96931225422108 145.15033345732968 0
      vertex 219.75348624748457 145.61319304265885 3.5
    endloop
  endfacet
  facet normal 0.9269841355626176 0.28119756327962153 -0.24825056459317427
    outer loop
      vertex 219.75348624748457 145.61319304265885 3.5
      vertex 218.90367715691204 145.32472172764318 0
      vertex 219.71644463873633 145.7353028620501 3.5
    endloop
  endfacet
  facet normal 0.9433905919421581 0.21996783449903695 -0.2482505645931719
    outer loop
      vertex 219.71644463873633 145.7353028620501 3.5
      vertex 218.8495881279641 145.50302936003501 0
      vertex 219.6874687032137 145.85957387206855 3.5
    endloop
  endfacet
  facet normal 0.9557573049750907 0.1577961696807709 -0.2482505645931727
    outer loop
      vertex 219.6874687032137 145.85957387206855 3.5
      vertex 218.8072767849031 145.68449281384895 0
      vertex 219.6666825203211 145.9854739251709 3.5
    endloop
  endfacet
  facet normal 0.9640313184975027 0.0949487974391235 -0.2482505645931762
    outer loop
      vertex 219.6666825203211 145.9854739251709 3.5
      vertex 218.77692431139587 145.868335034717 0
      vertex 219.65417509968475 146.11246389800124 3.5
    endloop
  endfacet
  facet normal 0.7874012131430465 0.5642437298898664 -0.24825056459317504
    outer loop
      vertex 220.0529609864321 145.052915213433 3.5
      vertex 219.34097721950408 144.5065908540662 0
      vertex 219.97863425601005 145.15663804561177 3.5
    endloop
  endfacet
  facet normal 0.39978758860771835 0.8823500105821933 -0.24825056459317268
    outer loop
      vertex 220.8537673068881 144.438434911603 3.5
      vertex 220.5103334573297 143.60931225422107 0
      vertex 220.73753705407296 144.49109815401127 3.5
    endloop
  endfacet
  facet normal 0.3412231609238702 0.906608190801458 -0.24825056459317446
    outer loop
      vertex 220.8537673068881 144.438434911603 3.5
      vertex 220.97319304265886 144.39348624748456 3.5
      vertex 220.6847217276432 143.54367715691203 0
    endloop
  endfacet
  facet normal 0.28119756327962175 0.9269841355626185 -0.24825056459317077
    outer loop
      vertex 220.97319304265886 144.39348624748456 3.5
      vertex 221.09530286205012 144.35644463873632 3.5
      vertex 220.86302936003503 143.48958812796408 0
    endloop
  endfacet
  facet normal 0.21996783449903687 0.9433905919421578 -0.2482505645931735
    outer loop
      vertex 221.21957387206857 144.3274687032137 3.5
      vertex 221.04449281384896 143.4472767849031 0
      vertex 221.09530286205012 144.35644463873632 3.5
    endloop
  endfacet
  facet normal 0.1577961696807707 0.9557573049750894 -0.24825056459317746
    outer loop
      vertex 221.21957387206857 144.3274687032137 3.5
      vertex 221.34547392517092 144.3066825203211 3.5
      vertex 221.22833503471702 143.41692431139586 0
    endloop
  endfacet
  facet normal 0.0949487974391235 0.9640313184975028 -0.24825056459317604
    outer loop
      vertex 221.34547392517092 144.3066825203211 3.5
      vertex 221.47246389800125 144.29417509968474 3.5
      vertex 221.41376878202547 143.39866068139366 0
    endloop
  endfacet
  facet normal 0.03169483986970466 0.9681772019133704 -0.24825056459317593
    outer loop
      vertex 221.47246389800125 144.29417509968474 3.5
      vertex 221.60000000000002 144.29000000000002 3.5
      vertex 221.60000000000002 143.3925641025641 0
    endloop
  endfacet
  facet normal -0.03169483986970466 0.9681772019133704 -0.24825056459317577
    outer loop
      vertex 221.60000000000002 144.29000000000002 3.5
      vertex 221.7275361019988 144.29417509968474 3.5
      vertex 221.78623121797457 143.39866068139366 0
    endloop
  endfacet
  facet normal -0.0949487974391235 0.9640313184975027 -0.2482505645931762
    outer loop
      vertex 221.7275361019988 144.29417509968474 3.5
      vertex 221.85452607482912 144.3066825203211 3.5
      vertex 221.97166496528303 143.41692431139586 0
    endloop
  endfacet
  facet normal -0.1577961696807709 0.9557573049750907 -0.2482505645931727
    outer loop
      vertex 221.85452607482912 144.3066825203211 3.5
      vertex 221.98042612793148 144.3274687032137 3.5
      vertex 222.15550718615108 143.4472767849031 0
    endloop
  endfacet
  facet normal -0.21996783449903695 0.9433905919421581 -0.2482505645931719
    outer loop
      vertex 221.98042612793148 144.3274687032137 3.5
      vertex 222.10469713794993 144.35644463873632 3.5
      vertex 222.33697063996502 143.48958812796408 0
    endloop
  endfacet
  facet normal -0.28119756327962153 0.9269841355626176 -0.24825056459317427
    outer loop
      vertex 222.10469713794993 144.35644463873632 3.5
      vertex 222.22680695734118 144.39348624748456 3.5
      vertex 222.51527827235685 143.54367715691203 0
    endloop
  endfacet
  facet normal -0.34122316092387034 0.9066081908014585 -0.24825056459317207
    outer loop
      vertex 222.22680695734118 144.39348624748456 3.5
      vertex 222.34623269311194 144.438434911603 3.5
      vertex 222.68966654267035 143.60931225422107 0
    endloop
  endfacet
  facet normal -0.39978758860771857 0.8823500105821939 -0.24825056459317055
    outer loop
      vertex 222.34623269311194 144.438434911603 3.5
      vertex 222.4624629459271 144.49109815401127 3.5
      vertex 222.8593886935595 143.68621236032808 0
    endloop
  endfacet
  facet normal -0.4566400644605849 0.8543134721567981 -0.24825056459317232
    outer loop
      vertex 222.4624629459271 144.49109815401127 3.5
      vertex 222.57500000000002 144.55125046262035 3.5
      vertex 223.02371794871797 143.77404817717277 0
    endloop
  endfacet
  facet normal -0.511537137452727 0.8226186322870668 -0.24825056459316572
    outer loop
      vertex 222.57500000000002 144.55125046262035 3.5
      vertex 222.68336195438826 144.61863425601004 3.5
      vertex 223.18195062504685 143.87244357830264 0
    endloop
  endfacet
  facet normal -0.5642437298898664 0.7874012131430465 -0.24825056459317504
    outer loop
      vertex 222.68336195438826 144.61863425601004 3.5
      vertex 222.78708478656702 144.6929609864321 3.5
      vertex 223.33340914593384 143.98097721950407 0
    endloop
  endfacet
  facet normal -0.6145341440510771 0.7488120211205095 -0.24825056459317035
    outer loop
      vertex 222.78708478656702 144.6929609864321 3.5
      vertex 222.88572433944515 144.773912375416 3.5
      vertex 223.4774449427401 144.0991843430631 0
    endloop
  endfacet
  facet normal -0.6621930286627413 0.7070163010635847 -0.24825056459317932
    outer loop
      vertex 222.88572433944515 144.773912375416 3.5
      vertex 222.97885822331378 144.86114177668625 3.5
      vertex 223.61344123207095 144.22655876792908 0
    endloop
  endfacet
  facet normal -0.7070163010635864 0.662193028662743 -0.24825056459317016
    outer loop
      vertex 222.97885822331378 144.86114177668625 3.5
      vertex 223.06608762458404 144.95427566055488 3.5
      vertex 223.74081565693695 144.36255505725993 0
    endloop
  endfacet
  facet normal -0.7488120211205085 0.6145341440510762 -0.2482505645931749
    outer loop
      vertex 223.06608762458404 144.95427566055488 3.5
      vertex 223.14703901356793 145.052915213433 3.5
      vertex 223.85902278049596 144.5065908540662 0
    endloop
  endfacet
  facet normal -0.7874012131430486 0.5642437298898679 -0.24825056459316505
    outer loop
      vertex 223.14703901356793 145.052915213433 3.5
      vertex 223.22136574399 145.15663804561177 3.5
      vertex 223.9675564216974 144.65804937495318 0
    endloop
  endfacet
  facet normal -0.8226186322870652 0.511537137452726 -0.248250564593173
    outer loop
      vertex 223.22136574399 145.15663804561177 3.5
      vertex 223.2887495373797 145.26500000000001 3.5
      vertex 224.06595182282726 144.81628205128206 0
    endloop
  endfacet
  facet normal -0.8543134721567984 0.45664006446058514 -0.24825056459317052
    outer loop
      vertex 223.2887495373797 145.26500000000001 3.5
      vertex 223.34890184598876 145.37753705407295 3.5
      vertex 224.15378763967195 144.98061130644052 0
    endloop
  endfacet
  facet normal -0.8823500105821933 0.39978758860771835 -0.24825056459317268
    outer loop
      vertex 223.34890184598876 145.37753705407295 3.5
      vertex 223.40156508839704 145.4937673068881 3.5
      vertex 224.23068774577897 145.15033345732968 0
    endloop
  endfacet
  facet normal -0.906608190801458 0.3412231609238702 -0.24825056459317446
    outer loop
      vertex 223.40156508839704 145.4937673068881 3.5
      vertex 223.44651375251547 145.61319304265885 3.5
      vertex 224.296322843088 145.32472172764318 0
    endloop
  endfacet
  facet normal -0.9269841355626185 0.28119756327962175 -0.2482505645931708
    outer loop
      vertex 223.44651375251547 145.61319304265885 3.5
      vertex 223.4835553612637 145.7353028620501 3.5
      vertex 224.35041187203595 145.50302936003501 0
    endloop
  endfacet
  facet normal -0.9433905919421578 0.21996783449903687 -0.2482505645931735
    outer loop
      vertex 223.4835553612637 145.7353028620501 3.5
      vertex 223.51253129678634 145.85957387206855 3.5
      vertex 224.39272321509694 145.68449281384895 0
    endloop
  endfacet
  facet normal -0.9557573049750894 0.1577961696807707 -0.24825056459317746
    outer loop
      vertex 223.51253129678634 145.85957387206855 3.5
      vertex 223.53331747967894 145.9854739251709 3.5
      vertex 224.42307568860417 145.868335034717 0
    endloop
  endfacet
  facet normal 0.9681772019133704 0.03169483986970466 -0.24825056459317577
    outer loop
      vertex 219.65417509968475 146.11246389800124 3.5
      vertex 218.75866068139368 146.05376878202546 0
      vertex 219.65000000000003 146.24 3.5
    endloop
  endfacet
  facet normal 0.9681772019133704 -0.03169483986970466 -0.24825056459317593
    outer loop
      vertex 219.65000000000003 146.24 3.5
      vertex 218.75256410256412 146.24 0
      vertex 219.65417509968475 146.36753610199878 3.5
    endloop
  endfacet
  facet normal 0.9640313184975028 -0.0949487974391235 -0.24825056459317604
    outer loop
      vertex 219.65417509968475 146.36753610199878 3.5
      vertex 218.75866068139368 146.42623121797456 0
      vertex 219.6666825203211 146.4945260748291 3.5
    endloop
  endfacet
  facet normal 0.9557573049750894 -0.1577961696807707 -0.24825056459317746
    outer loop
      vertex 219.6666825203211 146.4945260748291 3.5
      vertex 218.77692431139587 146.611664965283 0
      vertex 219.6874687032137 146.62042612793147 3.5
    endloop
  endfacet
  facet normal 0.9433905919421578 -0.21996783449903687 -0.2482505645931735
    outer loop
      vertex 219.6874687032137 146.62042612793147 3.5
      vertex 218.8072767849031 146.79550718615107 0
      vertex 219.71644463873633 146.7446971379499 3.5
    endloop
  endfacet
  facet normal 0.9269841355626185 -0.28119756327962175 -0.24825056459317077
    outer loop
      vertex 219.71644463873633 146.7446971379499 3.5
      vertex 218.8495881279641 146.976970639965 0
      vertex 219.75348624748457 146.86680695734117 3.5
    endloop
  endfacet
  facet normal 0.906608190801458 -0.3412231609238702 -0.24825056459317446
    outer loop
      vertex 219.75348624748457 146.86680695734117 3.5
      vertex 218.90367715691204 147.15527827235684 0
      vertex 219.798434911603 146.98623269311193 3.5
    endloop
  endfacet
  facet normal 0.8823500105821933 -0.39978758860771835 -0.24825056459317268
    outer loop
      vertex 219.798434911603 146.98623269311193 3.5
      vertex 218.96931225422108 147.32966654267034 0
      vertex 219.85109815401128 147.10246294592707 3.5
    endloop
  endfacet
  facet normal 0.8543134721567984 -0.45664006446058514 -0.24825056459317052
    outer loop
      vertex 219.85109815401128 147.10246294592707 3.5
      vertex 219.0462123603281 147.4993886935595 0
      vertex 219.91125046262036 147.215 3.5
    endloop
  endfacet
  facet normal 0.8226186322870652 -0.511537137452726 -0.24825056459317296
    outer loop
      vertex 219.91125046262036 147.215 3.5
      vertex 219.1340481771728 147.66371794871796 0
      vertex 219.97863425601005 147.32336195438825 3.5
    endloop
  endfacet
  facet normal 0.7874012131430486 -0.5642437298898679 -0.24825056459316505
    outer loop
      vertex 219.97863425601005 147.32336195438825 3.5
      vertex 219.23244357830265 147.82195062504684 0
      vertex 220.0529609864321 147.427084786567 3.5
    endloop
  endfacet
  facet normal 0.7488120211205085 -0.6145341440510762 -0.2482505645931749
    outer loop
      vertex 220.0529609864321 147.427084786567 3.5
      vertex 219.34097721950408 147.97340914593383 0
      vertex 220.133912375416 147.52572433944513 3.5
    endloop
  endfacet
  facet normal 0.7070163010635864 -0.662193028662743 -0.24825056459317016
    outer loop
      vertex 220.133912375416 147.52572433944513 3.5
      vertex 219.4591843430631 148.1174449427401 0
      vertex 220.22114177668627 147.61885822331377 3.5
    endloop
  endfacet
  facet normal 0.6621930286627413 -0.7070163010635847 -0.24825056459317932
    outer loop
      vertex 220.22114177668627 147.61885822331377 3.5
      vertex 219.5865587679291 148.25344123207094 0
      vertex 220.3142756605549 147.70608762458403 3.5
    endloop
  endfacet
  facet normal 0.6145341440510771 -0.7488120211205095 -0.24825056459317035
    outer loop
      vertex 220.3142756605549 147.70608762458403 3.5
      vertex 219.72255505725994 148.38081565693693 0
      vertex 220.41291521343302 147.78703901356792 3.5
    endloop
  endfacet
  facet normal 0.5642437298898664 -0.7874012131430465 -0.24825056459317504
    outer loop
      vertex 220.41291521343302 147.78703901356792 3.5
      vertex 219.8665908540662 148.49902278049595 0
      vertex 220.51663804561178 147.86136574398998 3.5
    endloop
  endfacet
  facet normal 0.511537137452727 -0.8226186322870668 -0.24825056459316572
    outer loop
      vertex 220.51663804561178 147.86136574398998 3.5
      vertex 220.0180493749532 148.60755642169738 0
      vertex 220.62500000000003 147.92874953737967 3.5
    endloop
  endfacet
  facet normal 0.4566400644605849 -0.8543134721567981 -0.24825056459317232
    outer loop
      vertex 220.62500000000003 147.92874953737967 3.5
      vertex 220.17628205128207 148.70595182282725 0
      vertex 220.73753705407296 147.98890184598875 3.5
    endloop
  endfacet
  facet normal 0.39978758860771857 -0.8823500105821939 -0.24825056459317055
    outer loop
      vertex 220.73753705407296 147.98890184598875 3.5
      vertex 220.34061130644054 148.79378763967193 0
      vertex 220.8537673068881 148.04156508839702 3.5
    endloop
  endfacet
  facet normal 0.34122316092387034 -0.9066081908014585 -0.2482505645931721
    outer loop
      vertex 220.8537673068881 148.04156508839702 3.5
      vertex 220.5103334573297 148.87068774577895 0
      vertex 220.97319304265886 148.08651375251546 3.5
    endloop
  endfacet
  facet normal 0.28119756327962153 -0.9269841355626176 -0.24825056459317427
    outer loop
      vertex 220.97319304265886 148.08651375251546 3.5
      vertex 220.6847217276432 148.936322843088 0
      vertex 221.09530286205012 148.1235553612637 3.5
    endloop
  endfacet
  facet normal -0.3412231609238702 -0.906608190801458 -0.24825056459317446
    outer loop
      vertex 222.34623269311194 148.04156508839702 3.5
      vertex 222.22680695734118 148.08651375251546 3.5
      vertex 222.51527827235685 148.936322843088 0
    endloop
  endfacet
  facet normal 0.21996783449903695 -0.9433905919421581 -0.2482505645931719
    outer loop
      vertex 221.09530286205012 148.1235553612637 3.5
      vertex 220.86302936003503 148.99041187203593 0
      vertex 221.21957387206857 148.15253129678632 3.5
    endloop
  endfacet
  facet normal 0.15779616968077087 -0.9557573049750905 -0.2482505645931727
    outer loop
      vertex 221.21957387206857 148.15253129678632 3.5
      vertex 221.04449281384896 149.03272321509692 0
      vertex 221.34547392517092 148.17331747967893 3.5
    endloop
  endfacet
  facet normal 0.0949487974391235 -0.9640313184975027 -0.2482505645931762
    outer loop
      vertex 221.34547392517092 148.17331747967893 3.5
      vertex 221.22833503471702 149.06307568860416 0
      vertex 221.47246389800125 148.18582490031528 3.5
    endloop
  endfacet
  facet normal 0.03169483986970466 -0.9681772019133704 -0.24825056459317577
    outer loop
      vertex 221.47246389800125 148.18582490031528 3.5
      vertex 221.41376878202547 149.08133931860635 0
      vertex 221.60000000000002 148.19 3.5
    endloop
  endfacet
  facet normal -0.03169483986970466 -0.9681772019133704 -0.24825056459317593
    outer loop
      vertex 221.60000000000002 148.19 3.5
      vertex 221.60000000000002 149.0874358974359 0
      vertex 221.7275361019988 148.18582490031528 3.5
    endloop
  endfacet
  facet normal -0.0949487974391235 -0.9640313184975028 -0.24825056459317604
    outer loop
      vertex 221.7275361019988 148.18582490031528 3.5
      vertex 221.78623121797457 149.08133931860635 0
      vertex 221.85452607482912 148.17331747967893 3.5
    endloop
  endfacet
  facet normal -0.1577961696807707 -0.9557573049750894 -0.24825056459317746
    outer loop
      vertex 221.85452607482912 148.17331747967893 3.5
      vertex 221.97166496528303 149.06307568860416 0
      vertex 221.98042612793148 148.15253129678632 3.5
    endloop
  endfacet
  facet normal -0.21996783449903687 -0.9433905919421578 -0.2482505645931735
    outer loop
      vertex 221.98042612793148 148.15253129678632 3.5
      vertex 222.15550718615108 149.03272321509692 0
      vertex 222.10469713794993 148.1235553612637 3.5
    endloop
  endfacet
  facet normal -0.28119756327962175 -0.9269841355626185 -0.24825056459317077
    outer loop
      vertex 222.10469713794993 148.1235553612637 3.5
      vertex 222.33697063996502 148.99041187203593 0
      vertex 222.22680695734118 148.08651375251546 3.5
    endloop
  endfacet
  facet normal -0.9640313184975028 0.0949487974391235 -0.24825056459317604
    outer loop
      vertex 223.53331747967894 145.9854739251709 3.5
      vertex 223.5458249003153 146.11246389800124 3.5
      vertex 224.44133931860637 146.05376878202546 0
    endloop
  endfacet
  facet normal -0.9681772019133704 0.03169483986970466 -0.24825056459317593
    outer loop
      vertex 223.5458249003153 146.11246389800124 3.5
      vertex 223.55 146.24 3.5
      vertex 224.44743589743592 146.24 0
    endloop
  endfacet
  facet normal -0.9681772019133704 -0.03169483986970466 -0.2482505645931758
    outer loop
      vertex 223.55 146.24 3.5
      vertex 223.5458249003153 146.36753610199878 3.5
      vertex 224.44133931860637 146.42623121797456 0
    endloop
  endfacet
  facet normal -0.9640313184975027 -0.0949487974391235 -0.2482505645931762
    outer loop
      vertex 223.5458249003153 146.36753610199878 3.5
      vertex 223.53331747967894 146.4945260748291 3.5
      vertex 224.42307568860417 146.611664965283 0
    endloop
  endfacet
  facet normal -0.9557573049750907 -0.1577961696807709 -0.2482505645931727
    outer loop
      vertex 223.53331747967894 146.4945260748291 3.5
      vertex 223.51253129678634 146.62042612793147 3.5
      vertex 224.39272321509694 146.79550718615107 0
    endloop
  endfacet
  facet normal -0.9433905919421581 -0.21996783449903695 -0.24825056459317194
    outer loop
      vertex 223.51253129678634 146.62042612793147 3.5
      vertex 223.4835553612637 146.7446971379499 3.5
      vertex 224.35041187203595 146.976970639965 0
    endloop
  endfacet
  facet normal -0.9269841355626176 -0.28119756327962153 -0.24825056459317427
    outer loop
      vertex 223.4835553612637 146.7446971379499 3.5
      vertex 223.44651375251547 146.86680695734117 3.5
      vertex 224.296322843088 147.15527827235684 0
    endloop
  endfacet
  facet normal -0.9066081908014585 -0.34122316092387034 -0.24825056459317207
    outer loop
      vertex 223.44651375251547 146.86680695734117 3.5
      vertex 223.40156508839704 146.98623269311193 3.5
      vertex 224.23068774577897 147.32966654267034 0
    endloop
  endfacet
  facet normal -0.8823500105821939 -0.39978758860771857 -0.24825056459317055
    outer loop
      vertex 223.40156508839704 146.98623269311193 3.5
      vertex 223.34890184598876 147.10246294592707 3.5
      vertex 224.15378763967195 147.4993886935595 0
    endloop
  endfacet
  facet normal -0.7488120211205095 -0.6145341440510771 -0.24825056459317035
    outer loop
      vertex 223.06608762458404 147.52572433944513 3.5
      vertex 223.74081565693695 148.1174449427401 0
      vertex 223.14703901356793 147.427084786567 3.5
    endloop
  endfacet
  facet normal -0.5642437298898679 -0.7874012131430486 -0.24825056459316505
    outer loop
      vertex 222.78708478656702 147.78703901356792 3.5
      vertex 222.68336195438826 147.86136574398998 3.5
      vertex 223.18195062504685 148.60755642169738 0
    endloop
  endfacet
  facet normal -0.45664006446058514 -0.8543134721567984 -0.24825056459317052
    outer loop
      vertex 222.57500000000002 147.92874953737967 3.5
      vertex 222.4624629459271 147.98890184598875 3.5
      vertex 222.8593886935595 148.79378763967193 0
    endloop
  endfacet
  facet normal -0.39978758860771835 -0.8823500105821933 -0.24825056459317268
    outer loop
      vertex 222.34623269311194 148.04156508839702 3.5
      vertex 222.68966654267035 148.87068774577895 0
      vertex 222.4624629459271 147.98890184598875 3.5
    endloop
  endfacet
  facet normal -0.511537137452726 -0.8226186322870652 -0.24825056459317296
    outer loop
      vertex 222.57500000000002 147.92874953737967 3.5
      vertex 223.02371794871797 148.70595182282725 0
      vertex 222.68336195438826 147.86136574398998 3.5
    endloop
  endfacet
  facet normal -0.662193028662743 -0.7070163010635864 -0.24825056459317016
    outer loop
      vertex 222.97885822331378 147.61885822331377 3.5
      vertex 222.88572433944515 147.70608762458403 3.5
      vertex 223.4774449427401 148.38081565693693 0
    endloop
  endfacet
  facet normal -0.6145341440510763 -0.7488120211205086 -0.2482505645931749
    outer loop
      vertex 222.78708478656702 147.78703901356792 3.5
      vertex 223.33340914593384 148.49902278049595 0
      vertex 222.88572433944515 147.70608762458403 3.5
    endloop
  endfacet
  facet normal -0.7070163010635847 -0.6621930286627413 -0.24825056459317932
    outer loop
      vertex 222.97885822331378 147.61885822331377 3.5
      vertex 223.61344123207095 148.25344123207094 0
      vertex 223.06608762458404 147.52572433944513 3.5
    endloop
  endfacet
  facet normal -0.8543134721567981 -0.4566400644605849 -0.24825056459317232
    outer loop
      vertex 223.2887495373797 147.215 3.5
      vertex 224.06595182282726 147.66371794871796 0
      vertex 223.34890184598876 147.10246294592707 3.5
    endloop
  endfacet
  facet normal -0.8226186322870668 -0.511537137452727 -0.24825056459316572
    outer loop
      vertex 223.2887495373797 147.215 3.5
      vertex 223.22136574399 147.32336195438825 3.5
      vertex 223.9675564216974 147.82195062504684 0
    endloop
  endfacet
  facet normal -0.7874012131430465 -0.5642437298898664 -0.24825056459317504
    outer loop
      vertex 223.22136574399 147.32336195438825 3.5
      vertex 223.14703901356793 147.427084786567 3.5
      vertex 223.85902278049596 147.97340914593383 0
    endloop
  endfacet
  facet normal 0 0 -1
    outer loop
      vertex 219.91125046262036 145.26500000000001 3.5
      vertex 219.91125046262036 147.215 3.5
      vertex 219.97863425601005 145.15663804561177 3.5
    endloop
  endfacet
  facet normal 0 0 -1
    outer loop
      vertex 219.91125046262036 145.26500000000001 3.5
      vertex 219.85109815401128 145.37753705407295 3.5
      vertex 219.85109815401128 147.10246294592707 3.5
    endloop
  endfacet
  facet normal 0 0 -1
    outer loop
      vertex 219.85109815401128 145.37753705407295 3.5
      vertex 219.798434911603 145.4937673068881 3.5
      vertex 219.798434911603 146.98623269311193 3.5
    endloop
  endfacet
  facet normal 0 0 -1
    outer loop
      vertex 219.798434911603 145.4937673068881 3.5
      vertex 219.75348624748457 145.61319304265885 3.5
      vertex 219.75348624748457 146.86680695734117 3.5
    endloop
  endfacet
  facet normal 0 0 -1
    outer loop
      vertex 220.0529609864321 145.052915213433 3.5
      vertex 219.97863425601005 145.15663804561177 3.5
      vertex 219.97863425601005 147.32336195438825 3.5
    endloop
  endfacet
  facet normal 0 0 -1
    outer loop
      vertex 220.133912375416 144.95427566055488 3.5
      vertex 220.0529609864321 145.052915213433 3.5
      vertex 220.0529609864321 147.427084786567 3.5
    endloop
  endfacet
  facet normal 0 0 -1
    outer loop
      vertex 220.133912375416 144.95427566055488 3.5
      vertex 220.133912375416 147.52572433944513 3.5
      vertex 220.22114177668627 144.86114177668625 3.5
    endloop
  endfacet
  facet normal 0 0 -1
    outer loop
      vertex 220.3142756605549 144.773912375416 3.5
      vertex 220.3142756605549 147.70608762458403 3.5
      vertex 220.41291521343302 144.6929609864321 3.5
    endloop
  endfacet
  facet normal 0 0 -1
    outer loop
      vertex 220.51663804561178 144.61863425601004 3.5
      vertex 220.41291521343302 144.6929609864321 3.5
      vertex 220.41291521343302 147.78703901356792 3.5
    endloop
  endfacet
  facet normal 0 0 -1
    outer loop
      vertex 220.51663804561178 144.61863425601004 3.5
      vertex 220.51663804561178 147.86136574398998 3.5
      vertex 220.62500000000003 144.55125046262035 3.5
    endloop
  endfacet
  facet normal 0 0 -1
    outer loop
      vertex 220.3142756605549 144.773912375416 3.5
      vertex 220.22114177668627 144.86114177668625 3.5
      vertex 220.22114177668627 147.61885822331377 3.5
    endloop
  endfacet
  facet normal 0 0 -1
    outer loop
      vertex 220.62500000000003 144.55125046262035 3.5
      vertex 220.62500000000003 147.92874953737967 3.5
      vertex 220.73753705407296 144.49109815401127 3.5
    endloop
  endfacet
  facet normal 0 0 -1
    outer loop
      vertex 220.8537673068881 144.438434911603 3.5
      vertex 220.73753705407296 144.49109815401127 3.5
      vertex 220.73753705407296 147.98890184598875 3.5
    endloop
  endfacet
  facet normal 0 0 -1
    outer loop
      vertex 220.8537673068881 144.438434911603 3.5
      vertex 220.8537673068881 148.04156508839702 3.5
      vertex 220.97319304265886 144.39348624748456 3.5
    endloop
  endfacet
  facet normal 0 0 -1
    outer loop
      vertex 220.97319304265886 144.39348624748456 3.5
      vertex 220.97319304265886 148.08651375251546 3.5
      vertex 221.09530286205012 144.35644463873632 3.5
    endloop
  endfacet
  facet normal 0 0 -1
    outer loop
      vertex 221.21957387206857 144.3274687032137 3.5
      vertex 221.09530286205012 144.35644463873632 3.5
      vertex 221.09530286205012 148.1235553612637 3.5
    endloop
  endfacet
  facet normal 0 0 -1
    outer loop
      vertex 221.21957387206857 144.3274687032137 3.5
      vertex 221.21957387206857 148.15253129678632 3.5
      vertex 221.34547392517092 144.3066825203211 3.5
    endloop
  endfacet
  facet normal 0 0 -1
    outer loop
      vertex 221.34547392517092 144.3066825203211 3.5
      vertex 221.34547392517092 148.17331747967893 3.5
      vertex 221.47246389800125 144.29417509968474 3.5
    endloop
  endfacet
  facet normal 0 0 -1
    outer loop
      vertex 221.47246389800125 144.29417509968474 3.5
      vertex 221.47246389800125 148.18582490031528 3.5
      vertex 221.60000000000002 144.29000000000002 3.5
    endloop
  endfacet
  facet normal 0 0 -1
    outer loop
      vertex 221.60000000000002 144.29000000000002 3.5
      vertex 221.60000000000002 148.19 3.5
      vertex 221.7275361019988 144.29417509968474 3.5
    endloop
  endfacet
  facet normal 0 0 -1
    outer loop
      vertex 221.7275361019988 144.29417509968474 3.5
      vertex 221.7275361019988 148.18582490031528 3.5
      vertex 221.85452607482912 144.3066825203211 3.5
    endloop
  endfacet
  facet normal 0 0 -1
    outer loop
      vertex 221.85452607482912 144.3066825203211 3.5
      vertex 221.85452607482912 148.17331747967893 3.5
      vertex 221.98042612793148 144.3274687032137 3.5
    endloop
  endfacet
  facet normal 0 0 -1
    outer loop
      vertex 221.98042612793148 144.3274687032137 3.5
      vertex 221.98042612793148 148.15253129678632 3.5
      vertex 222.10469713794993 144.35644463873632 3.5
    endloop
  endfacet
  facet normal 0 0 -1
    outer loop
      vertex 222.10469713794993 144.35644463873632 3.5
      vertex 222.10469713794993 148.1235553612637 3.5
      vertex 222.22680695734118 144.39348624748456 3.5
    endloop
  endfacet
  facet normal 0 0 -1
    outer loop
      vertex 222.22680695734118 144.39348624748456 3.5
      vertex 222.22680695734118 148.08651375251546 3.5
      vertex 222.34623269311194 144.438434911603 3.5
    endloop
  endfacet
  facet normal 0 0 -1
    outer loop
      vertex 222.34623269311194 144.438434911603 3.5
      vertex 222.34623269311194 148.04156508839702 3.5
      vertex 222.4624629459271 144.49109815401127 3.5
    endloop
  endfacet
  facet normal 0 0 -1
    outer loop
      vertex 222.4624629459271 144.49109815401127 3.5
      vertex 222.4624629459271 147.98890184598875 3.5
      vertex 222.57500000000002 144.55125046262035 3.5
    endloop
  endfacet
  facet normal 0 0 -1
    outer loop
      vertex 222.57500000000002 144.55125046262035 3.5
      vertex 222.57500000000002 147.92874953737967 3.5
      vertex 222.68336195438826 144.61863425601004 3.5
    endloop
  endfacet
  facet normal 0 0 -1
    outer loop
      vertex 222.68336195438826 144.61863425601004 3.5
      vertex 222.68336195438826 147.86136574398998 3.5
      vertex 222.78708478656702 144.6929609864321 3.5
    endloop
  endfacet
  facet normal 0 0 -1
    outer loop
      vertex 222.78708478656702 144.6929609864321 3.5
      vertex 222.78708478656702 147.78703901356792 3.5
      vertex 222.88572433944515 144.773912375416 3.5
    endloop
  endfacet
  facet normal 0 0 -1
    outer loop
      vertex 222.88572433944515 144.773912375416 3.5
      vertex 222.88572433944515 147.70608762458403 3.5
      vertex 222.97885822331378 144.86114177668625 3.5
    endloop
  endfacet
  facet normal 0 0 -1
    outer loop
      vertex 222.97885822331378 144.86114177668625 3.5
      vertex 222.97885822331378 147.61885822331377 3.5
      vertex 223.06608762458404 144.95427566055488 3.5
    endloop
  endfacet
  facet normal 0 0 -1
    outer loop
      vertex 223.06608762458404 144.95427566055488 3.5
      vertex 223.06608762458404 147.52572433944513 3.5
      vertex 223.14703901356793 145.052915213433 3.5
    endloop
  endfacet
  facet normal 0 0 -1
    outer loop
      vertex 223.14703901356793 145.052915213433 3.5
      vertex 223.14703901356793 147.427084786567 3.5
      vertex 223.22136574399 145.15663804561177 3.5
    endloop
  endfacet
  facet normal 0 0 -1
    outer loop
      vertex 223.22136574399 145.15663804561177 3.5
      vertex 223.22136574399 147.32336195438825 3.5
      vertex 223.2887495373797 145.26500000000001 3.5
    endloop
  endfacet
  facet normal 0 0 -1
    outer loop
      vertex 223.2887495373797 145.26500000000001 3.5
      vertex 223.2887495373797 147.215 3.5
      vertex 223.34890184598876 145.37753705407295 3.5
    endloop
  endfacet
  facet normal 0 0 -1
    outer loop
      vertex 223.34890184598876 145.37753705407295 3.5
      vertex 223.34890184598876 147.10246294592707 3.5
      vertex 223.40156508839704 145.4937673068881 3.5
    endloop
  endfacet
  facet normal 0 0 -1
    outer loop
      vertex 219.6874687032137 145.85957387206855 3.5
      vertex 219.6666825203211 145.9854739251709 3.5
      vertex 219.6666825203211 146.4945260748291 3.5
    endloop
  endfacet
  facet normal 0 0 -1
    outer loop
      vertex 219.71644463873633 145.7353028620501 3.5
      vertex 219.6874687032137 145.85957387206855 3.5
      vertex 219.6874687032137 146.62042612793147 3.5
    endloop
  endfacet
  facet normal 0 0 -1
    outer loop
      vertex 219.6666825203211 145.9854739251709 3.5
      vertex 219.65417509968475 146.11246389800124 3.5
      vertex 219.65417509968475 146.36753610199878 3.5
    endloop
  endfacet
  facet normal 0 0 -1
    outer loop
      vertex 219.65417509968475 146.11246389800124 3.5
      vertex 219.65000000000003 146.24 3.5
      vertex 219.65417509968475 146.36753610199878 3.5
    endloop
  endfacet
  facet normal 0 0 -1
    outer loop
      vertex 219.6666825203211 145.9854739251709 3.5
      vertex 219.65417509968475 146.36753610199878 3.5
      vertex 219.6666825203211 146.4945260748291 3.5
    endloop
  endfacet
  facet normal 0 0 -1
    outer loop
      vertex 219.6874687032137 145.85957387206855 3.5
      vertex 219.6666825203211 146.4945260748291 3.5
      vertex 219.6874687032137 146.62042612793147 3.5
    endloop
  endfacet
  facet normal 0 0 -1
    outer loop
      vertex 219.71644463873633 145.7353028620501 3.5
      vertex 219.6874687032137 146.62042612793147 3.5
      vertex 219.71644463873633 146.7446971379499 3.5
    endloop
  endfacet
  facet normal 0 0 -1
    outer loop
      vertex 219.75348624748457 145.61319304265885 3.5
      vertex 219.71644463873633 145.7353028620501 3.5
      vertex 219.71644463873633 146.7446971379499 3.5
    endloop
  endfacet
  facet normal 0 0 -1
    outer loop
      vertex 219.75348624748457 145.61319304265885 3.5
      vertex 219.71644463873633 146.7446971379499 3.5
      vertex 219.75348624748457 146.86680695734117 3.5
    endloop
  endfacet
  facet normal 0 0 -1
    outer loop
      vertex 219.798434911603 145.4937673068881 3.5
      vertex 219.75348624748457 146.86680695734117 3.5
      vertex 219.798434911603 146.98623269311193 3.5
    endloop
  endfacet
  facet normal 0 0 -1
    outer loop
      vertex 219.85109815401128 145.37753705407295 3.5
      vertex 219.798434911603 146.98623269311193 3.5
      vertex 219.85109815401128 147.10246294592707 3.5
    endloop
  endfacet
  facet normal 0 0 -1
    outer loop
      vertex 219.91125046262036 145.26500000000001 3.5
      vertex 219.85109815401128 147.10246294592707 3.5
      vertex 219.91125046262036 147.215 3.5
    endloop
  endfacet
  facet normal 0 0 -1
    outer loop
      vertex 219.97863425601005 145.15663804561177 3.5
      vertex 219.91125046262036 147.215 3.5
      vertex 219.97863425601005 147.32336195438825 3.5
    endloop
  endfacet
  facet normal 0 0 -1
    outer loop
      vertex 220.0529609864321 145.052915213433 3.5
      vertex 219.97863425601005 147.32336195438825 3.5
      vertex 220.0529609864321 147.427084786567 3.5
    endloop
  endfacet
  facet normal 0 0 -1
    outer loop
      vertex 220.133912375416 144.95427566055488 3.5
      vertex 220.0529609864321 147.427084786567 3.5
      vertex 220.133912375416 147.52572433944513 3.5
    endloop
  endfacet
  facet normal 0 0 -1
    outer loop
      vertex 220.22114177668627 144.86114177668625 3.5
      vertex 220.133912375416 147.52572433944513 3.5
      vertex 220.22114177668627 147.61885822331377 3.5
    endloop
  endfacet
  facet normal 0 0 -1
    outer loop
      vertex 220.3142756605549 144.773912375416 3.5
      vertex 220.22114177668627 147.61885822331377 3.5
      vertex 220.3142756605549 147.70608762458403 3.5
    endloop
  endfacet
  facet normal 0 0 -1
    outer loop
      vertex 220.41291521343302 144.6929609864321 3.5
      vertex 220.3142756605549 147.70608762458403 3.5
      vertex 220.41291521343302 147.78703901356792 3.5
    endloop
  endfacet
  facet normal 0 0 -1
    outer loop
      vertex 220.51663804561178 144.61863425601004 3.5
      vertex 220.41291521343302 147.78703901356792 3.5
      vertex 220.51663804561178 147.86136574398998 3.5
    endloop
  endfacet
  facet normal 0 0 -1
    outer loop
      vertex 220.62500000000003 144.55125046262035 3.5
      vertex 220.51663804561178 147.86136574398998 3.5
      vertex 220.62500000000003 147.92874953737967 3.5
    endloop
  endfacet
  facet normal 0 0 -1
    outer loop
      vertex 220.73753705407296 144.49109815401127 3.5
      vertex 220.62500000000003 147.92874953737967 3.5
      vertex 220.73753705407296 147.98890184598875 3.5
    endloop
  endfacet
  facet normal 0 0 -1
    outer loop
      vertex 220.8537673068881 144.438434911603 3.5
      vertex 220.73753705407296 147.98890184598875 3.5
      vertex 220.8537673068881 148.04156508839702 3.5
    endloop
  endfacet
  facet normal 0 0 -1
    outer loop
      vertex 220.97319304265886 144.39348624748456 3.5
      vertex 220.8537673068881 148.04156508839702 3.5
      vertex 220.97319304265886 148.08651375251546 3.5
    endloop
  endfacet
  facet normal 0 0 -1
    outer loop
      vertex 221.09530286205012 144.35644463873632 3.5
      vertex 220.97319304265886 148.08651375251546 3.5
      vertex 221.09530286205012 148.1235553612637 3.5
    endloop
  endfacet
  facet normal 0 0 -1
    outer loop
      vertex 221.21957387206857 144.3274687032137 3.5
      vertex 221.09530286205012 148.1235553612637 3.5
      vertex 221.21957387206857 148.15253129678632 3.5
    endloop
  endfacet
  facet normal 0 0 -1
    outer loop
      vertex 221.34547392517092 144.3066825203211 3.5
      vertex 221.21957387206857 148.15253129678632 3.5
      vertex 221.34547392517092 148.17331747967893 3.5
    endloop
  endfacet
  facet normal 0 0 -1
    outer loop
      vertex 221.47246389800125 144.29417509968474 3.5
      vertex 221.34547392517092 148.17331747967893 3.5
      vertex 221.47246389800125 148.18582490031528 3.5
    endloop
  endfacet
  facet normal 0 0 -1
    outer loop
      vertex 221.60000000000002 144.29000000000002 3.5
      vertex 221.47246389800125 148.18582490031528 3.5
      vertex 221.60000000000002 148.19 3.5
    endloop
  endfacet
  facet normal 0 0 -1
    outer loop
      vertex 221.7275361019988 144.29417509968474 3.5
      vertex 221.60000000000002 148.19 3.5
      vertex 221.7275361019988 148.18582490031528 3.5
    endloop
  endfacet
  facet normal 0 0 -1
    outer loop
      vertex 221.85452607482912 144.3066825203211 3.5
      vertex 221.7275361019988 148.18582490031528 3.5
      vertex 221.85452607482912 148.17331747967893 3.5
    endloop
  endfacet
  facet normal 0 0 -1
    outer loop
      vertex 221.98042612793148 144.3274687032137 3.5
      vertex 221.85452607482912 148.17331747967893 3.5
      vertex 221.98042612793148 148.15253129678632 3.5
    endloop
  endfacet
  facet normal 0 0 -1
    outer loop
      vertex 222.10469713794993 144.35644463873632 3.5
      vertex 221.98042612793148 148.15253129678632 3.5
      vertex 222.10469713794993 148.1235553612637 3.5
    endloop
  endfacet
  facet normal 0 0 -1
    outer loop
      vertex 222.22680695734118 144.39348624748456 3.5
      vertex 222.10469713794993 148.1235553612637 3.5
      vertex 222.22680695734118 148.08651375251546 3.5
    endloop
  endfacet
  facet normal 0 0 -1
    outer loop
      vertex 222.34623269311194 144.438434911603 3.5
      vertex 222.22680695734118 148.08651375251546 3.5
      vertex 222.34623269311194 148.04156508839702 3.5
    endloop
  endfacet
  facet normal 0 0 -1
    outer loop
      vertex 222.4624629459271 144.49109815401127 3.5
      vertex 222.34623269311194 148.04156508839702 3.5
      vertex 222.4624629459271 147.98890184598875 3.5
    endloop
  endfacet
  facet normal 0 0 -1
    outer loop
      vertex 223.2887495373797 145.26500000000001 3.5
      vertex 223.22136574399 147.32336195438825 3.5
      vertex 223.2887495373797 147.215 3.5
    endloop
  endfacet
  facet normal 0 0 -1
    outer loop
      vertex 223.34890184598876 145.37753705407295 3.5
      vertex 223.2887495373797 147.215 3.5
      vertex 223.34890184598876 147.10246294592707 3.5
    endloop
  endfacet
  facet normal 0 0 -1
    outer loop
      vertex 222.57500000000002 144.55125046262035 3.5
      vertex 222.4624629459271 147.98890184598875 3.5
      vertex 222.57500000000002 147.92874953737967 3.5
    endloop
  endfacet
  facet normal 0 0 -1
    outer loop
      vertex 222.68336195438826 144.61863425601004 3.5
      vertex 222.57500000000002 147.92874953737967 3.5
      vertex 222.68336195438826 147.86136574398998 3.5
    endloop
  endfacet
  facet normal 0 0 -1
    outer loop
      vertex 222.88572433944515 144.773912375416 3.5
      vertex 222.78708478656702 147.78703901356792 3.5
      vertex 222.88572433944515 147.70608762458403 3.5
    endloop
  endfacet
  facet normal 0 0 -1
    outer loop
      vertex 222.78708478656702 144.6929609864321 3.5
      vertex 222.68336195438826 147.86136574398998 3.5
      vertex 222.78708478656702 147.78703901356792 3.5
    endloop
  endfacet
  facet normal 0 0 -1
    outer loop
      vertex 222.97885822331378 144.86114177668625 3.5
      vertex 222.88572433944515 147.70608762458403 3.5
      vertex 222.97885822331378 147.61885822331377 3.5
    endloop
  endfacet
  facet normal 0 0 -1
    outer loop
      vertex 223.06608762458404 144.95427566055488 3.5
      vertex 222.97885822331378 147.61885822331377 3.5
      vertex 223.06608762458404 147.52572433944513 3.5
    endloop
  endfacet
  facet normal 0 0 -1
    outer loop
      vertex 223.14703901356793 145.052915213433 3.5
      vertex 223.06608762458404 147.52572433944513 3.5
      vertex 223.14703901356793 147.427084786567 3.5
    endloop
  endfacet
  facet normal 0 0 -1
    outer loop
      vertex 223.22136574399 145.15663804561177 3.5
      vertex 223.14703901356793 147.427084786567 3.5
      vertex 223.22136574399 147.32336195438825 3.5
    endloop
  endfacet
  facet normal 0 0 -1
    outer loop
      vertex 223.40156508839704 145.4937673068881 3.5
      vertex 223.40156508839704 146.98623269311193 3.5
      vertex 223.44651375251547 145.61319304265885 3.5
    endloop
  endfacet
  facet normal 0 0 -1
    outer loop
      vertex 223.44651375251547 145.61319304265885 3.5
      vertex 223.44651375251547 146.86680695734117 3.5
      vertex 223.4835553612637 145.7353028620501 3.5
    endloop
  endfacet
  facet normal 0 0 -1
    outer loop
      vertex 223.4835553612637 145.7353028620501 3.5
      vertex 223.4835553612637 146.7446971379499 3.5
      vertex 223.51253129678634 145.85957387206855 3.5
    endloop
  endfacet
  facet normal 0 0 -1
    outer loop
      vertex 223.51253129678634 145.85957387206855 3.5
      vertex 223.51253129678634 146.62042612793147 3.5
      vertex 223.53331747967894 145.9854739251709 3.5
    endloop
  endfacet
  facet normal 0 0 -1
    outer loop
      vertex 223.53331747967894 145.9854739251709 3.5
      vertex 223.53331747967894 146.4945260748291 3.5
      vertex 223.5458249003153 146.11246389800124 3.5
    endloop
  endfacet
  facet normal 0 0 -1
    outer loop
      vertex 223.5458249003153 146.11246389800124 3.5
      vertex 223.5458249003153 146.36753610199878 3.5
      vertex 223.55 146.24 3.5
    endloop
  endfacet
  facet normal 0 0 -1
    outer loop
      vertex 223.5458249003153 146.11246389800124 3.5
      vertex 223.53331747967894 146.4945260748291 3.5
      vertex 223.5458249003153 146.36753610199878 3.5
    endloop
  endfacet
  facet normal 0 0 -1
    outer loop
      vertex 223.51253129678634 145.85957387206855 3.5
      vertex 223.4835553612637 146.7446971379499 3.5
      vertex 223.51253129678634 146.62042612793147 3.5
    endloop
  endfacet
  facet normal 0 0 -1
    outer loop
      vertex 223.53331747967894 145.9854739251709 3.5
      vertex 223.51253129678634 146.62042612793147 3.5
      vertex 223.53331747967894 146.4945260748291 3.5
    endloop
  endfacet
  facet normal 0 0 -1
    outer loop
      vertex 223.4835553612637 145.7353028620501 3.5
      vertex 223.44651375251547 146.86680695734117 3.5
      vertex 223.4835553612637 146.7446971379499 3.5
    endloop
  endfacet
  facet normal 0 0 -1
    outer loop
      vertex 223.44651375251547 145.61319304265885 3.5
      vertex 223.40156508839704 146.98623269311193 3.5
      vertex 223.44651375251547 146.86680695734117 3.5
    endloop
  endfacet
  facet normal 0 0 -1
    outer loop
      vertex 223.40156508839704 145.4937673068881 3.5
      vertex 223.34890184598876 147.10246294592707 3.5
      vertex 223.40156508839704 146.98623269311193 3.5
    endloop
  endfacet
  facet normal 0 0 -1
    outer loop
      vertex -7 0 0
      vertex -4.377444942740068 2.359184343063065 0
      vertex -4.2334091459338055 2.24097721950406 0
    endloop
  endfacet
  facet normal 0 0 -1
    outer loop
      vertex -7 0 0
      vertex -4.513441232070925 2.486558767929074 0
      vertex -4.377444942740068 2.359184343063065 0
    endloop
  endfacet
  facet normal 0 0 -1
    outer loop
      vertex -7 0 0
      vertex -4.640815656936935 2.6225550572599325 0
      vertex -4.513441232070925 2.486558767929074 0
    endloop
  endfacet
  facet normal 0 0 -1
    outer loop
      vertex -7 0 0
      vertex -5.053787639671924 3.2406113064405107 0
      vertex -4.965951822827228 3.0762820512820515 0
    endloop
  endfacet
  facet normal 0 0 -1
    outer loop
      vertex -7 0 0
      vertex -5.130687745778933 3.410333457329661 0
      vertex -5.053787639671924 3.2406113064405107 0
    endloop
  endfacet
  facet normal 0 0 -1
    outer loop
      vertex -7 0 0
      vertex -5.196322843087986 3.5847217276431773 0
      vertex -5.130687745778933 3.410333457329661 0
    endloop
  endfacet
  facet normal 0 0 -1
    outer loop
      vertex -7 0 0
      vertex -4.759022780495941 2.766590854066194 0
      vertex -4.640815656936935 2.6225550572599325 0
    endloop
  endfacet
  facet normal 0 0 -1
    outer loop
      vertex -7 0 0
      vertex -4.867556421697376 2.9180493749531586 0
      vertex -4.759022780495941 2.766590854066194 0
    endloop
  endfacet
  facet normal 0 0 -1
    outer loop
      vertex -7 0 0
      vertex -4.965951822827228 3.0762820512820515 0
      vertex -4.867556421697376 2.9180493749531586 0
    endloop
  endfacet
  facet normal 0 0 -1
    outer loop
      vertex -7 0 0
      vertex -3.236970639964998 1.749588127964076 0
      vertex -3.0555071861510523 1.7072767849031092 0
    endloop
  endfacet
  facet normal 0 0 -1
    outer loop
      vertex -7 0 0
      vertex -3.0555071861510523 1.7072767849031092 0
      vertex -2.871664965282993 1.6769243113958552 0
    endloop
  endfacet
  facet normal 0 0 -1
    outer loop
      vertex -7 0 0
      vertex -2.871664965282993 1.6769243113958552 0
      vertex -2.6862312179745484 1.6586606813936688 0
    endloop
  endfacet
  facet normal 0 0 -1
    outer loop
      vertex -7 0 0
      vertex -2.6862312179745484 1.6586606813936688 0
      vertex -2.5 1.6525641025641025 0
    endloop
  endfacet
  facet normal 0 0 -1
    outer loop
      vertex -7 0 0
      vertex -4.081950625046842 2.1324435783026243 0
      vertex -3.9237179487179485 2.0340481771727714 0
    endloop
  endfacet
  facet normal 0 0 -1
    outer loop
      vertex -7 0 0
      vertex -4.2334091459338055 2.24097721950406 0
      vertex -4.081950625046842 2.1324435783026243 0
    endloop
  endfacet
  facet normal 0 0 -1
    outer loop
      vertex -7 0 0
      vertex -3.7593886935594893 1.9462123603280763 0
      vertex -3.589666542670339 1.869312254221067 0
    endloop
  endfacet
  facet normal 0 0 -1
    outer loop
      vertex -7 0 0
      vertex -3.9237179487179485 2.0340481771727714 0
      vertex -3.7593886935594893 1.9462123603280763 0
    endloop
  endfacet
  facet normal 0 0 -1
    outer loop
      vertex -7 0 0
      vertex -3.589666542670339 1.869312254221067 0
      vertex -3.4152782723568227 1.8036771569120134 0
    endloop
  endfacet
  facet normal 0 0 -1
    outer loop
      vertex -7 0 0
      vertex -3.4152782723568227 1.8036771569120134 0
      vertex -3.236970639964998 1.749588127964076 0
    endloop
  endfacet
  facet normal 0 0 -1
    outer loop
      vertex -7 0 0
      vertex -5.250411872035924 3.763029360035002 0
      vertex -5.196322843087986 3.5847217276431773 0
    endloop
  endfacet
  facet normal 0 0 -1
    outer loop
      vertex -7 0 0
      vertex -5.292723215096891 3.9444928138489477 0
      vertex -5.250411872035924 3.763029360035002 0
    endloop
  endfacet
  facet normal 0 0 -1
    outer loop
      vertex -7 0 0
      vertex -5.323075688604145 4.128335034717007 0
      vertex -5.292723215096891 3.9444928138489477 0
    endloop
  endfacet
  facet normal 0 0 -1
    outer loop
      vertex -7 0 0
      vertex -5.341339318606331 4.313768782025452 0
      vertex -5.323075688604145 4.128335034717007 0
    endloop
  endfacet
  facet normal 0 0 -1
    outer loop
      vertex -7 0 0
      vertex -5.347435897435897 4.5 0
      vertex -5.341339318606331 4.313768782025452 0
    endloop
  endfacet
  facet normal 0 0 -1
    outer loop
      vertex -7 0 0
      vertex -5.341339318606331 4.686231217974548 0
      vertex -5.347435897435897 4.5 0
    endloop
  endfacet
  facet normal 0 0 -1
    outer loop
      vertex -7 0 0
      vertex -5.323075688604145 4.871664965282993 0
      vertex -5.341339318606331 4.686231217974548 0
    endloop
  endfacet
  facet normal 0 0 -1
    outer loop
      vertex -7 0 0
      vertex -5.292723215096891 5.055507186151052 0
      vertex -5.323075688604145 4.871664965282993 0
    endloop
  endfacet
  facet normal 0 0 -1
    outer loop
      vertex -7 0 0
      vertex -5.250411872035924 5.236970639964998 0
      vertex -5.292723215096891 5.055507186151052 0
    endloop
  endfacet
  facet normal 0 0 -1
    outer loop
      vertex -7 0 0
      vertex -5.196322843087986 5.415278272356823 0
      vertex -5.250411872035924 5.236970639964998 0
    endloop
  endfacet
  facet normal 0 0 -1
    outer loop
      vertex -7 0 0
      vertex 0.05378763967192376 144.98061130644052 0
      vertex -5.196322843087986 5.415278272356823 0
    endloop
  endfacet
  facet normal 0 0 -1
    outer loop
      vertex -5.130687745778933 5.589666542670339 0
      vertex 0.05378763967192376 144.98061130644052 0
      vertex -5.053787639671924 5.759388693559489 0
    endloop
  endfacet
  facet normal 0 0 -1
    outer loop
      vertex -5.196322843087986 5.415278272356823 0
      vertex 0.05378763967192376 144.98061130644052 0
      vertex -5.130687745778933 5.589666542670339 0
    endloop
  endfacet
  facet normal 0 0 -1
    outer loop
      vertex -5.053787639671924 5.759388693559489 0
      vertex 0.05378763967192376 144.98061130644052 0
      vertex -4.965951822827228 5.9237179487179485 0
    endloop
  endfacet
  facet normal 0 0 -1
    outer loop
      vertex -4.965951822827228 5.9237179487179485 0
      vertex 0.05378763967192376 144.98061130644052 0
      vertex -4.867556421697376 6.081950625046841 0
    endloop
  endfacet
  facet normal 0 0 -1
    outer loop
      vertex -4.867556421697376 6.081950625046841 0
      vertex 0.05378763967192376 144.98061130644052 0
      vertex -4.759022780495941 6.2334091459338055 0
    endloop
  endfacet
  facet normal 0 0 -1
    outer loop
      vertex -4.759022780495941 6.2334091459338055 0
      vertex 0.05378763967192376 144.98061130644052 0
      vertex -4.640815656936935 6.377444942740068 0
    endloop
  endfacet
  facet normal 0 0 -1
    outer loop
      vertex -4.640815656936935 6.377444942740068 0
      vertex 0.05378763967192376 144.98061130644052 0
      vertex -4.513441232070925 6.513441232070925 0
    endloop
  endfacet
  facet normal 0 0 -1
    outer loop
      vertex -4.377444942740068 6.640815656936935 0
      vertex -4.513441232070925 6.513441232070925 0
      vertex 0.05378763967192376 144.98061130644052 0
    endloop
  endfacet
  facet normal 0 0 -1
    outer loop
      vertex -4.2334091459338055 6.759022780495941 0
      vertex -4.377444942740068 6.640815656936935 0
      vertex 0.05378763967192376 144.98061130644052 0
    endloop
  endfacet
  facet normal 0 0 -1
    outer loop
      vertex -4.081950625046842 6.867556421697376 0
      vertex -4.2334091459338055 6.759022780495941 0
      vertex 0.05378763967192376 144.98061130644052 0
    endloop
  endfacet
  facet normal 0 0 -1
    outer loop
      vertex -3.9237179487179485 6.965951822827228 0
      vertex -4.081950625046842 6.867556421697376 0
      vertex 0.05378763967192376 144.98061130644052 0
    endloop
  endfacet
  facet normal 0 0 -1
    outer loop
      vertex -3.7593886935594893 7.053787639671924 0
      vertex -3.9237179487179485 6.965951822827228 0
      vertex 0.05378763967192376 144.98061130644052 0
    endloop
  endfacet
  facet normal 0 0 -1
    outer loop
      vertex -3.4152782723568227 7.196322843087986 0
      vertex -3.589666542670339 7.130687745778933 0
      vertex 0.05378763967192376 144.98061130644052 0
    endloop
  endfacet
  facet normal 0 0 -1
    outer loop
      vertex -3.589666542670339 7.130687745778933 0
      vertex -3.7593886935594893 7.053787639671924 0
      vertex 0.05378763967192376 144.98061130644052 0
    endloop
  endfacet
  facet normal 0 0 -1
    outer loop
      vertex -3.0555071861510523 7.292723215096891 0
      vertex -3.236970639964998 7.250411872035924 0
      vertex 0.05378763967192376 144.98061130644052 0
    endloop
  endfacet
  facet normal 0 0 -1
    outer loop
      vertex -3.236970639964998 7.250411872035924 0
      vertex -3.4152782723568227 7.196322843087986 0
      vertex 0.05378763967192376 144.98061130644052 0
    endloop
  endfacet
  facet normal 0 0 -1
    outer loop
      vertex -7 0 0
      vertex -2.5 1.6525641025641025 0
      vertex 226.10000000000002 0 0
    endloop
  endfacet
  facet normal 0 0 -1
    outer loop
      vertex -1.410333457329661 1.869312254221067 0
      vertex -1.2406113064405104 1.9462123603280763 0
      vertex 220.5103334573297 1.869312254221067 0
    endloop
  endfacet
  facet normal 0 0 -1
    outer loop
      vertex -1.2406113064405104 1.9462123603280763 0
      vertex -1.0762820512820512 2.0340481771727714 0
      vertex 220.34061130644054 1.9462123603280763 0
    endloop
  endfacet
  facet normal 0 0 -1
    outer loop
      vertex -0.9180493749531584 2.1324435783026243 0
      vertex -0.7665908540661942 2.24097721950406 0
      vertex 220.0180493749532 2.1324435783026243 0
    endloop
  endfacet
  facet normal 0 0 -1
    outer loop
      vertex -1.0762820512820512 2.0340481771727714 0
      vertex -0.9180493749531584 2.1324435783026243 0
      vertex 220.17628205128207 2.0340481771727714 0
    endloop
  endfacet
  facet normal 0 0 -1
    outer loop
      vertex -0.7665908540661942 2.24097721950406 0
      vertex -0.6225550572599322 2.359184343063065 0
      vertex 219.8665908540662 2.24097721950406 0
    endloop
  endfacet
  facet normal 0 0 -1
    outer loop
      vertex -0.6225550572599322 2.359184343063065 0
      vertex -0.48655876792907427 2.486558767929074 0
      vertex 219.72255505725994 2.359184343063065 0
    endloop
  endfacet
  facet normal 0 0 -1
    outer loop
      vertex -0.48655876792907427 2.486558767929074 0
      vertex -0.3591843430630652 2.6225550572599325 0
      vertex 219.5865587679291 2.486558767929074 0
    endloop
  endfacet
  facet normal 0 0 -1
    outer loop
      vertex -0.2409772195040597 2.766590854066194 0
      vertex 219.4591843430631 2.6225550572599325 0
      vertex -0.3591843430630652 2.6225550572599325 0
    endloop
  endfacet
  facet normal 0 0 -1
    outer loop
      vertex -0.1324435783026243 2.9180493749531586 0
      vertex 219.34097721950408 2.766590854066194 0
      vertex -0.2409772195040597 2.766590854066194 0
    endloop
  endfacet
  facet normal 0 0 -1
    outer loop
      vertex -0.0340481771727716 3.0762820512820515 0
      vertex 219.23244357830265 2.9180493749531586 0
      vertex -0.1324435783026243 2.9180493749531586 0
    endloop
  endfacet
  facet normal 0 0 -1
    outer loop
      vertex 0.05378763967192376 3.2406113064405107 0
      vertex 219.1340481771728 3.0762820512820515 0
      vertex -0.0340481771727716 3.0762820512820515 0
    endloop
  endfacet
  facet normal 0 0 -1
    outer loop
      vertex 0.1306877457789331 3.410333457329661 0
      vertex 219.0462123603281 3.2406113064405107 0
      vertex 0.05378763967192376 3.2406113064405107 0
    endloop
  endfacet
  facet normal 0 0 -1
    outer loop
      vertex 0.19632284308798673 3.5847217276431773 0
      vertex 218.96931225422108 3.410333457329661 0
      vertex 0.1306877457789331 3.410333457329661 0
    endloop
  endfacet
  facet normal 0 0 -1
    outer loop
      vertex 0.25041187203592413 3.763029360035002 0
      vertex 218.90367715691204 3.5847217276431773 0
      vertex 0.19632284308798673 3.5847217276431773 0
    endloop
  endfacet
  facet normal 0 0 -1
    outer loop
      vertex 226.10000000000002 0 0
      vertex -2.5 1.6525641025641025 0
      vertex -2.3137687820254516 1.6586606813936688 0
    endloop
  endfacet
  facet normal 0 0 -1
    outer loop
      vertex 226.10000000000002 0 0
      vertex -2.3137687820254516 1.6586606813936688 0
      vertex -2.128335034717007 1.6769243113958552 0
    endloop
  endfacet
  facet normal 0 0 -1
    outer loop
      vertex 226.10000000000002 0 0
      vertex -2.128335034717007 1.6769243113958552 0
      vertex -1.9444928138489477 1.7072767849031092 0
    endloop
  endfacet
  facet normal 0 0 -1
    outer loop
      vertex 226.10000000000002 0 0
      vertex -1.9444928138489477 1.7072767849031092 0
      vertex -1.7630293600350018 1.749588127964076 0
    endloop
  endfacet
  facet normal 0 0 -1
    outer loop
      vertex 226.10000000000002 0 0
      vertex -1.7630293600350018 1.749588127964076 0
      vertex -1.584721727643177 1.8036771569120134 0
    endloop
  endfacet
  facet normal 0 0 -1
    outer loop
      vertex 226.10000000000002 0 0
      vertex -1.584721727643177 1.8036771569120134 0
      vertex -1.410333457329661 1.869312254221067 0
    endloop
  endfacet
  facet normal 0 0 -1
    outer loop
      vertex 0.29272321509689087 3.9444928138489477 0
      vertex 218.8495881279641 3.763029360035002 0
      vertex 0.25041187203592413 3.763029360035002 0
    endloop
  endfacet
  facet normal 0 0 -1
    outer loop
      vertex 0.32307568860414476 4.128335034717007 0
      vertex 218.8072767849031 3.9444928138489477 0
      vertex 0.29272321509689087 3.9444928138489477 0
    endloop
  endfacet
  facet normal 0 0 -1
    outer loop
      vertex 0.34133931860633115 4.313768782025452 0
      vertex 218.77692431139587 4.128335034717007 0
      vertex 0.32307568860414476 4.128335034717007 0
    endloop
  endfacet
  facet normal 0 0 -1
    outer loop
      vertex 0.34743589743589753 4.5 0
      vertex 218.75866068139368 4.313768782025452 0
      vertex 0.34133931860633115 4.313768782025452 0
    endloop
  endfacet
  facet normal 0 0 -1
    outer loop
      vertex 0.34743589743589753 4.5 0
      vertex 0.34133931860633115 4.686231217974548 0
      vertex 218.75256410256412 4.5 0
    endloop
  endfacet
  facet normal 0 0 -1
    outer loop
      vertex 0.34133931860633115 4.686231217974548 0
      vertex 0.32307568860414476 4.871664965282993 0
      vertex 218.75866068139368 4.686231217974548 0
    endloop
  endfacet
  facet normal 0 0 -1
    outer loop
      vertex -2.6862312179745484 7.341339318606331 0
      vertex 219.0462123603281 147.4993886935595 0
      vertex -2.5 7.347435897435897 0
    endloop
  endfacet
  facet normal 0 0 -1
    outer loop
      vertex -2.6862312179745484 7.341339318606331 0
      vertex -2.871664965282993 7.323075688604145 0
      vertex 219.1340481771728 147.66371794871796 0
    endloop
  endfacet
  facet normal 0 0 -1
    outer loop
      vertex -2.871664965282993 7.323075688604145 0
      vertex -3.0555071861510523 7.292723215096891 0
      vertex 219.23244357830265 147.82195062504684 0
    endloop
  endfacet
  facet normal 0 0 -1
    outer loop
      vertex 218.77692431139587 145.868335034717 0
      vertex 0.29272321509689087 5.055507186151052 0
      vertex 0.25041187203592413 5.236970639964998 0
    endloop
  endfacet
  facet normal 0 0 -1
    outer loop
      vertex 218.77692431139587 145.868335034717 0
      vertex 0.25041187203592413 5.236970639964998 0
      vertex 0.19632284308798673 5.415278272356823 0
    endloop
  endfacet
  facet normal 0 0 -1
    outer loop
      vertex 218.77692431139587 145.868335034717 0
      vertex 0.19632284308798673 5.415278272356823 0
      vertex 0.1306877457789331 5.589666542670339 0
    endloop
  endfacet
  facet normal 0 0 -1
    outer loop
      vertex 218.77692431139587 145.868335034717 0
      vertex -0.3591843430630652 6.377444942740068 0
      vertex -0.48655876792907427 6.513441232070925 0
    endloop
  endfacet
  facet normal 0 0 -1
    outer loop
      vertex 218.77692431139587 145.868335034717 0
      vertex -0.0340481771727716 5.9237179487179485 0
      vertex -0.1324435783026243 6.081950625046841 0
    endloop
  endfacet
  facet normal 0 0 -1
    outer loop
      vertex 218.77692431139587 145.868335034717 0
      vertex 0.1306877457789331 5.589666542670339 0
      vertex 0.05378763967192376 5.759388693559489 0
    endloop
  endfacet
  facet normal 0 0 -1
    outer loop
      vertex 218.77692431139587 145.868335034717 0
      vertex 0.05378763967192376 5.759388693559489 0
      vertex -0.0340481771727716 5.9237179487179485 0
    endloop
  endfacet
  facet normal 0 0 -1
    outer loop
      vertex 218.77692431139587 145.868335034717 0
      vertex -0.1324435783026243 6.081950625046841 0
      vertex -0.2409772195040597 6.2334091459338055 0
    endloop
  endfacet
  facet normal 0 0 -1
    outer loop
      vertex 218.77692431139587 145.868335034717 0
      vertex -0.2409772195040597 6.2334091459338055 0
      vertex -0.3591843430630652 6.377444942740068 0
    endloop
  endfacet
  facet normal 0 0 -1
    outer loop
      vertex -1.2406113064405104 7.053787639671924 0
      vertex 218.75866068139368 146.05376878202546 0
      vertex -1.0762820512820512 6.965951822827228 0
    endloop
  endfacet
  facet normal 0 0 -1
    outer loop
      vertex -1.410333457329661 7.130687745778933 0
      vertex 218.75256410256412 146.24 0
      vertex -1.2406113064405104 7.053787639671924 0
    endloop
  endfacet
  facet normal 0 0 -1
    outer loop
      vertex -1.9444928138489477 7.292723215096891 0
      vertex 218.8072767849031 146.79550718615107 0
      vertex -1.7630293600350018 7.250411872035924 0
    endloop
  endfacet
  facet normal 0 0 -1
    outer loop
      vertex -2.128335034717007 7.323075688604145 0
      vertex 218.8495881279641 146.976970639965 0
      vertex -1.9444928138489477 7.292723215096891 0
    endloop
  endfacet
  facet normal 0 0 -1
    outer loop
      vertex -2.3137687820254516 7.341339318606331 0
      vertex 218.90367715691204 147.15527827235684 0
      vertex -2.128335034717007 7.323075688604145 0
    endloop
  endfacet
  facet normal 0 0 -1
    outer loop
      vertex -2.5 7.347435897435897 0
      vertex 218.96931225422108 147.32966654267034 0
      vertex -2.3137687820254516 7.341339318606331 0
    endloop
  endfacet
  facet normal 0 0 -1
    outer loop
      vertex -1.584721727643177 7.196322843087986 0
      vertex 218.75866068139368 146.42623121797456 0
      vertex -1.410333457329661 7.130687745778933 0
    endloop
  endfacet
  facet normal 0 0 -1
    outer loop
      vertex -1.7630293600350018 7.250411872035924 0
      vertex 218.77692431139587 146.611664965283 0
      vertex -1.584721727643177 7.196322843087986 0
    endloop
  endfacet
  facet normal 0 0 -1
    outer loop
      vertex 218.77692431139587 145.868335034717 0
      vertex -0.7665908540661942 6.759022780495941 0
      vertex -0.9180493749531584 6.867556421697376 0
    endloop
  endfacet
  facet normal 0 0 -1
    outer loop
      vertex 218.77692431139587 145.868335034717 0
      vertex -0.9180493749531584 6.867556421697376 0
      vertex -1.0762820512820512 6.965951822827228 0
    endloop
  endfacet
  facet normal 0 0 -1
    outer loop
      vertex 218.77692431139587 145.868335034717 0
      vertex -0.48655876792907427 6.513441232070925 0
      vertex -0.6225550572599322 6.640815656936935 0
    endloop
  endfacet
  facet normal 0 0 -1
    outer loop
      vertex 218.77692431139587 145.868335034717 0
      vertex -0.6225550572599322 6.640815656936935 0
      vertex -0.7665908540661942 6.759022780495941 0
    endloop
  endfacet
  facet normal 0 0 -1
    outer loop
      vertex 218.77692431139587 145.868335034717 0
      vertex 0.32307568860414476 4.871664965282993 0
      vertex 0.29272321509689087 5.055507186151052 0
    endloop
  endfacet
  facet normal -1 0 0
    outer loop
      vertex -7 0 0
      vertex -7 0 5
      vertex -7 150.74 5
    endloop
  endfacet
  facet normal 0 -1 0
    outer loop
      vertex -7 0 0
      vertex 226.10000000000002 0 5
      vertex -7 0 5
    endloop
  endfacet
  facet normal 0 0 1
    outer loop
      vertex -7 0 5
      vertex 226.10000000000002 0 5
      vertex -7 150.74 5
    endloop
  endfacet
  facet normal 0 0 -1
    outer loop
      vertex -7 0 0
      vertex -4.513441232070925 144.22655876792908 0
      vertex -4.377444942740068 144.0991843430631 0
    endloop
  endfacet
  facet normal 0 0 -1
    outer loop
      vertex -7 0 0
      vertex -4.377444942740068 144.0991843430631 0
      vertex -4.2334091459338055 143.98097721950407 0
    endloop
  endfacet
  facet normal 0 0 -1
    outer loop
      vertex -7 0 0
      vertex -4.640815656936935 144.36255505725993 0
      vertex -4.513441232070925 144.22655876792908 0
    endloop
  endfacet
  facet normal 0 0 -1
    outer loop
      vertex -7 0 0
      vertex -4.867556421697376 144.65804937495318 0
      vertex -4.759022780495941 144.5065908540662 0
    endloop
  endfacet
  facet normal 0 0 -1
    outer loop
      vertex -7 0 0
      vertex -4.759022780495941 144.5065908540662 0
      vertex -4.640815656936935 144.36255505725993 0
    endloop
  endfacet
  facet normal 0 0 -1
    outer loop
      vertex -7 0 0
      vertex -4.965951822827228 144.81628205128206 0
      vertex -4.867556421697376 144.65804937495318 0
    endloop
  endfacet
  facet normal 0 0 -1
    outer loop
      vertex -7 0 0
      vertex -4.2334091459338055 143.98097721950407 0
      vertex -4.081950625046842 143.87244357830264 0
    endloop
  endfacet
  facet normal 0 0 -1
    outer loop
      vertex -7 0 0
      vertex -4.081950625046842 143.87244357830264 0
      vertex -3.9237179487179485 143.77404817717277 0
    endloop
  endfacet
  facet normal 0 0 -1
    outer loop
      vertex -7 0 0
      vertex -3.9237179487179485 143.77404817717277 0
      vertex -3.7593886935594893 143.68621236032808 0
    endloop
  endfacet
  facet normal 0 0 -1
    outer loop
      vertex -7 0 0
      vertex -3.7593886935594893 143.68621236032808 0
      vertex -3.589666542670339 143.60931225422107 0
    endloop
  endfacet
  facet normal 0 0 -1
    outer loop
      vertex -7 0 0
      vertex -3.4152782723568227 143.54367715691203 0
      vertex -3.236970639964998 143.48958812796408 0
    endloop
  endfacet
  facet normal 0 0 -1
    outer loop
      vertex -7 0 0
      vertex -3.236970639964998 143.48958812796408 0
      vertex -3.0555071861510523 143.4472767849031 0
    endloop
  endfacet
  facet normal 0 0 -1
    outer loop
      vertex -7 0 0
      vertex -3.0555071861510523 143.4472767849031 0
      vertex -2.871664965282993 143.41692431139586 0
    endloop
  endfacet
  facet normal 0 0 -1
    outer loop
      vertex -7 0 0
      vertex -3.589666542670339 143.60931225422107 0
      vertex -3.4152782723568227 143.54367715691203 0
    endloop
  endfacet
  facet normal 0 0 -1
    outer loop
      vertex -7 0 0
      vertex -2.871664965282993 143.41692431139586 0
      vertex -2.6862312179745484 143.39866068139366 0
    endloop
  endfacet
  facet normal 0 0 -1
    outer loop
      vertex -7 0 0
      vertex -2.6862312179745484 143.39866068139366 0
      vertex -2.5 143.3925641025641 0
    endloop
  endfacet
  facet normal 0 0 -1
    outer loop
      vertex -7 0 0
      vertex -2.5 143.3925641025641 0
      vertex -2.3137687820254516 143.39866068139366 0
    endloop
  endfacet
  facet normal 0 0 -1
    outer loop
      vertex -7 0 0
      vertex -2.3137687820254516 143.39866068139366 0
      vertex -2.128335034717007 143.41692431139586 0
    endloop
  endfacet
  facet normal 0 0 -1
    outer loop
      vertex -7 0 0
      vertex -2.128335034717007 143.41692431139586 0
      vertex -1.9444928138489477 143.4472767849031 0
    endloop
  endfacet
  facet normal 0 0 -1
    outer loop
      vertex -7 0 0
      vertex -1.9444928138489477 143.4472767849031 0
      vertex -1.7630293600350018 143.48958812796408 0
    endloop
  endfacet
  facet normal 0 0 -1
    outer loop
      vertex -7 0 0
      vertex -1.7630293600350018 143.48958812796408 0
      vertex -1.584721727643177 143.54367715691203 0
    endloop
  endfacet
  facet normal 0 0 -1
    outer loop
      vertex -7 0 0
      vertex -5.130687745778933 145.15033345732968 0
      vertex -5.053787639671924 144.98061130644052 0
    endloop
  endfacet
  facet normal 0 0 -1
    outer loop
      vertex -7 0 0
      vertex -5.053787639671924 144.98061130644052 0
      vertex -4.965951822827228 144.81628205128206 0
    endloop
  endfacet
  facet normal 0 0 -1
    outer loop
      vertex -7 0 0
      vertex -5.196322843087986 145.32472172764318 0
      vertex -5.130687745778933 145.15033345732968 0
    endloop
  endfacet
  facet normal 0 0 -1
    outer loop
      vertex -7 0 0
      vertex -5.250411872035924 145.50302936003501 0
      vertex -5.196322843087986 145.32472172764318 0
    endloop
  endfacet
  facet normal 0 0 -1
    outer loop
      vertex -7 0 0
      vertex -5.292723215096891 145.68449281384895 0
      vertex -5.250411872035924 145.50302936003501 0
    endloop
  endfacet
  facet normal 0 0 -1
    outer loop
      vertex -7 0 0
      vertex -5.323075688604145 145.868335034717 0
      vertex -5.292723215096891 145.68449281384895 0
    endloop
  endfacet
  facet normal 0 0 -1
    outer loop
      vertex -7 0 0
      vertex -5.347435897435897 146.24 0
      vertex -5.341339318606331 146.05376878202546 0
    endloop
  endfacet
  facet normal 0 0 -1
    outer loop
      vertex -7 0 0
      vertex -5.341339318606331 146.05376878202546 0
      vertex -5.323075688604145 145.868335034717 0
    endloop
  endfacet
  facet normal 0 0 -1
    outer loop
      vertex -7 0 0
      vertex -1.584721727643177 143.54367715691203 0
      vertex -1.410333457329661 143.60931225422107 0
    endloop
  endfacet
  facet normal 0 0 -1
    outer loop
      vertex -7 0 0
      vertex -1.410333457329661 143.60931225422107 0
      vertex -1.2406113064405104 143.68621236032808 0
    endloop
  endfacet
  facet normal 0 0 -1
    outer loop
      vertex -7 0 0
      vertex -1.2406113064405104 143.68621236032808 0
      vertex -1.0762820512820512 143.77404817717277 0
    endloop
  endfacet
  facet normal 0 0 -1
    outer loop
      vertex -7 0 0
      vertex -1.0762820512820512 143.77404817717277 0
      vertex -0.9180493749531584 143.87244357830264 0
    endloop
  endfacet
  facet normal 0 0 -1
    outer loop
      vertex -7 0 0
      vertex -0.9180493749531584 143.87244357830264 0
      vertex -0.7665908540661942 143.98097721950407 0
    endloop
  endfacet
  facet normal 0 0 -1
    outer loop
      vertex -7 0 0
      vertex -0.7665908540661942 143.98097721950407 0
      vertex -0.6225550572599322 144.0991843430631 0
    endloop
  endfacet
  facet normal 0 0 -1
    outer loop
      vertex -7 0 0
      vertex -0.6225550572599322 144.0991843430631 0
      vertex -0.48655876792907427 144.22655876792908 0
    endloop
  endfacet
  facet normal 0 0 -1
    outer loop
      vertex -7 0 0
      vertex -0.48655876792907427 144.22655876792908 0
      vertex -0.3591843430630652 144.36255505725993 0
    endloop
  endfacet
  facet normal 0 0 -1
    outer loop
      vertex -7 0 0
      vertex -0.3591843430630652 144.36255505725993 0
      vertex -0.2409772195040597 144.5065908540662 0
    endloop
  endfacet
  facet normal 0 0 -1
    outer loop
      vertex -7 0 0
      vertex -0.2409772195040597 144.5065908540662 0
      vertex -0.1324435783026243 144.65804937495318 0
    endloop
  endfacet
  facet normal 0 0 -1
    outer loop
      vertex -7 0 0
      vertex -0.1324435783026243 144.65804937495318 0
      vertex -0.0340481771727716 144.81628205128206 0
    endloop
  endfacet
  facet normal 0 0 -1
    outer loop
      vertex -7 0 0
      vertex -0.0340481771727716 144.81628205128206 0
      vertex 0.05378763967192376 144.98061130644052 0
    endloop
  endfacet
  facet normal 0 0 -1
    outer loop
      vertex -7 0 0
      vertex -7 150.74 0
      vertex -5.347435897435897 146.24 0
    endloop
  endfacet
  facet normal -1 0 0
    outer loop
      vertex -7 0 0
      vertex -7 150.74 5
      vertex -7 150.74 0
    endloop
  endfacet
  facet normal 0 0 -1
    outer loop
      vertex -7 150.74 0
      vertex -5.341339318606331 146.42623121797456 0
      vertex -5.347435897435897 146.24 0
    endloop
  endfacet
  facet normal 0 0 -1
    outer loop
      vertex -7 150.74 0
      vertex -5.323075688604145 146.611664965283 0
      vertex -5.341339318606331 146.42623121797456 0
    endloop
  endfacet
  facet normal 0 0 -1
    outer loop
      vertex -7 150.74 0
      vertex -5.292723215096891 146.79550718615107 0
      vertex -5.323075688604145 146.611664965283 0
    endloop
  endfacet
  facet normal 0 0 -1
    outer loop
      vertex -7 150.74 0
      vertex -5.250411872035924 146.976970639965 0
      vertex -5.292723215096891 146.79550718615107 0
    endloop
  endfacet
  facet normal 0 0 -1
    outer loop
      vertex -7 150.74 0
      vertex -5.196322843087986 147.15527827235684 0
      vertex -5.250411872035924 146.976970639965 0
    endloop
  endfacet
  facet normal 0 0 -1
    outer loop
      vertex -7 150.74 0
      vertex -5.130687745778933 147.32966654267034 0
      vertex -5.196322843087986 147.15527827235684 0
    endloop
  endfacet
  facet normal 0 0 -1
    outer loop
      vertex -7 150.74 0
      vertex -5.053787639671924 147.4993886935595 0
      vertex -5.130687745778933 147.32966654267034 0
    endloop
  endfacet
  facet normal 0 0 -1
    outer loop
      vertex -7 150.74 0
      vertex -4.965951822827228 147.66371794871796 0
      vertex -5.053787639671924 147.4993886935595 0
    endloop
  endfacet
  facet normal 0 0 -1
    outer loop
      vertex -7 150.74 0
      vertex -4.867556421697376 147.82195062504684 0
      vertex -4.965951822827228 147.66371794871796 0
    endloop
  endfacet
  facet normal 0 0 -1
    outer loop
      vertex -7 150.74 0
      vertex -4.759022780495941 147.97340914593383 0
      vertex -4.867556421697376 147.82195062504684 0
    endloop
  endfacet
  facet normal 0 0 -1
    outer loop
      vertex -7 150.74 0
      vertex -4.640815656936935 148.1174449427401 0
      vertex -4.759022780495941 147.97340914593383 0
    endloop
  endfacet
  facet normal 0 0 -1
    outer loop
      vertex -7 150.74 0
      vertex -4.513441232070925 148.25344123207094 0
      vertex -4.640815656936935 148.1174449427401 0
    endloop
  endfacet
  facet normal 0 0 -1
    outer loop
      vertex -7 150.74 0
      vertex -4.377444942740068 148.38081565693693 0
      vertex -4.513441232070925 148.25344123207094 0
    endloop
  endfacet
  facet normal 0 0 -1
    outer loop
      vertex -7 150.74 0
      vertex -4.2334091459338055 148.49902278049595 0
      vertex -4.377444942740068 148.38081565693693 0
    endloop
  endfacet
  facet normal 0 0 -1
    outer loop
      vertex -7 150.74 0
      vertex -4.081950625046842 148.60755642169738 0
      vertex -4.2334091459338055 148.49902278049595 0
    endloop
  endfacet
  facet normal 0 0 -1
    outer loop
      vertex -7 150.74 0
      vertex -3.9237179487179485 148.70595182282725 0
      vertex -4.081950625046842 148.60755642169738 0
    endloop
  endfacet
  facet normal 0 0 -1
    outer loop
      vertex -7 150.74 0
      vertex -3.7593886935594893 148.79378763967193 0
      vertex -3.9237179487179485 148.70595182282725 0
    endloop
  endfacet
  facet normal 0 0 -1
    outer loop
      vertex -7 150.74 0
      vertex -3.589666542670339 148.87068774577895 0
      vertex -3.7593886935594893 148.79378763967193 0
    endloop
  endfacet
  facet normal 0 0 -1
    outer loop
      vertex -7 150.74 0
      vertex -3.4152782723568227 148.936322843088 0
      vertex -3.589666542670339 148.87068774577895 0
    endloop
  endfacet
  facet normal 0 0 -1
    outer loop
      vertex -7 150.74 0
      vertex -3.236970639964998 148.99041187203593 0
      vertex -3.4152782723568227 148.936322843088 0
    endloop
  endfacet
  facet normal 0 0 -1
    outer loop
      vertex -7 150.74 0
      vertex -3.0555071861510523 149.03272321509692 0
      vertex -3.236970639964998 148.99041187203593 0
    endloop
  endfacet
  facet normal 0 0 -1
    outer loop
      vertex -7 150.74 0
      vertex -2.871664965282993 149.06307568860416 0
      vertex -3.0555071861510523 149.03272321509692 0
    endloop
  endfacet
  facet normal 0 0 -1
    outer loop
      vertex -7 150.74 0
      vertex -2.6862312179745484 149.08133931860635 0
      vertex -2.871664965282993 149.06307568860416 0
    endloop
  endfacet
  facet normal 0 0 -1
    outer loop
      vertex -7 150.74 0
      vertex -2.5 149.0874358974359 0
      vertex -2.6862312179745484 149.08133931860635 0
    endloop
  endfacet
  facet normal 0 0 -1
    outer loop
      vertex -3.0555071861510523 7.292723215096891 0
      vertex 0.05378763967192376 144.98061130644052 0
      vertex 219.34097721950408 147.97340914593383 0
    endloop
  endfacet
  facet normal 0 0 -1
    outer loop
      vertex -7 150.74 0
      vertex 226.10000000000002 150.74 0
      vertex -2.5 149.0874358974359 0
    endloop
  endfacet
  facet normal 0 0 -1
    outer loop
      vertex 226.10000000000002 150.74 0
      vertex 0.05378763967192376 144.98061130644052 0
      vertex 0.1306877457789331 145.15033345732968 0
    endloop
  endfacet
  facet normal 0 0 -1
    outer loop
      vertex 226.10000000000002 150.74 0
      vertex 0.19632284308798673 145.32472172764318 0
      vertex 0.25041187203592413 145.50302936003501 0
    endloop
  endfacet
  facet normal 0 0 -1
    outer loop
      vertex 226.10000000000002 150.74 0
      vertex 0.1306877457789331 145.15033345732968 0
      vertex 0.19632284308798673 145.32472172764318 0
    endloop
  endfacet
  facet normal 0 0 -1
    outer loop
      vertex 226.10000000000002 150.74 0
      vertex 0.25041187203592413 145.50302936003501 0
      vertex 0.29272321509689087 145.68449281384895 0
    endloop
  endfacet
  facet normal 0 0 -1
    outer loop
      vertex 226.10000000000002 150.74 0
      vertex 0.29272321509689087 145.68449281384895 0
      vertex 0.32307568860414476 145.868335034717 0
    endloop
  endfacet
  facet normal 0 0 -1
    outer loop
      vertex 226.10000000000002 150.74 0
      vertex 0.32307568860414476 145.868335034717 0
      vertex 0.34133931860633115 146.05376878202546 0
    endloop
  endfacet
  facet normal 0 0 -1
    outer loop
      vertex 226.10000000000002 150.74 0
      vertex 0.34133931860633115 146.05376878202546 0
      vertex 0.34743589743589753 146.24 0
    endloop
  endfacet
  facet normal 0 0 -1
    outer loop
      vertex 226.10000000000002 150.74 0
      vertex 0.34133931860633115 146.42623121797456 0
      vertex 0.32307568860414476 146.611664965283 0
    endloop
  endfacet
  facet normal 0 0 -1
    outer loop
      vertex 226.10000000000002 150.74 0
      vertex 0.34743589743589753 146.24 0
      vertex 0.34133931860633115 146.42623121797456 0
    endloop
  endfacet
  facet normal 0 0 -1
    outer loop
      vertex 226.10000000000002 150.74 0
      vertex 0.32307568860414476 146.611664965283 0
      vertex 0.29272321509689087 146.79550718615107 0
    endloop
  endfacet
  facet normal 0 0 -1
    outer loop
      vertex 226.10000000000002 150.74 0
      vertex 0.29272321509689087 146.79550718615107 0
      vertex 0.25041187203592413 146.976970639965 0
    endloop
  endfacet
  facet normal 0 0 -1
    outer loop
      vertex 226.10000000000002 150.74 0
      vertex 0.25041187203592413 146.976970639965 0
      vertex 0.19632284308798673 147.15527827235684 0
    endloop
  endfacet
  facet normal 0 0 -1
    outer loop
      vertex 226.10000000000002 150.74 0
      vertex -1.584721727643177 148.936322843088 0
      vertex -1.7630293600350018 148.99041187203593 0
    endloop
  endfacet
  facet normal 0 0 -1
    outer loop
      vertex 226.10000000000002 150.74 0
      vertex -1.410333457329661 148.87068774577895 0
      vertex -1.584721727643177 148.936322843088 0
    endloop
  endfacet
  facet normal 0 0 -1
    outer loop
      vertex 226.10000000000002 150.74 0
      vertex -1.2406113064405104 148.79378763967193 0
      vertex -1.410333457329661 148.87068774577895 0
    endloop
  endfacet
  facet normal 0 0 -1
    outer loop
      vertex 226.10000000000002 150.74 0
      vertex -0.6225550572599322 148.38081565693693 0
      vertex -0.7665908540661942 148.49902278049595 0
    endloop
  endfacet
  facet normal 0 0 -1
    outer loop
      vertex 226.10000000000002 150.74 0
      vertex -1.0762820512820512 148.70595182282725 0
      vertex -1.2406113064405104 148.79378763967193 0
    endloop
  endfacet
  facet normal 0 0 -1
    outer loop
      vertex 226.10000000000002 150.74 0
      vertex -0.9180493749531584 148.60755642169738 0
      vertex -1.0762820512820512 148.70595182282725 0
    endloop
  endfacet
  facet normal 0 0 -1
    outer loop
      vertex 226.10000000000002 150.74 0
      vertex -0.7665908540661942 148.49902278049595 0
      vertex -0.9180493749531584 148.60755642169738 0
    endloop
  endfacet
  facet normal 0 0 -1
    outer loop
      vertex 226.10000000000002 150.74 0
      vertex -2.3137687820254516 149.08133931860635 0
      vertex -2.5 149.0874358974359 0
    endloop
  endfacet
  facet normal 0 0 -1
    outer loop
      vertex 226.10000000000002 150.74 0
      vertex -2.128335034717007 149.06307568860416 0
      vertex -2.3137687820254516 149.08133931860635 0
    endloop
  endfacet
  facet normal 0 0 -1
    outer loop
      vertex 226.10000000000002 150.74 0
      vertex -1.9444928138489477 149.03272321509692 0
      vertex -2.128335034717007 149.06307568860416 0
    endloop
  endfacet
  facet normal 0 0 -1
    outer loop
      vertex 226.10000000000002 150.74 0
      vertex -1.7630293600350018 148.99041187203593 0
      vertex -1.9444928138489477 149.03272321509692 0
    endloop
  endfacet
  facet normal 0 0 -1
    outer loop
      vertex 226.10000000000002 150.74 0
      vertex 0.05378763967192376 147.4993886935595 0
      vertex -0.0340481771727716 147.66371794871796 0
    endloop
  endfacet
  facet normal 0 0 -1
    outer loop
      vertex 226.10000000000002 150.74 0
      vertex -0.2409772195040597 147.97340914593383 0
      vertex -0.3591843430630652 148.1174449427401 0
    endloop
  endfacet
  facet normal 0 0 -1
    outer loop
      vertex 226.10000000000002 150.74 0
      vertex -0.0340481771727716 147.66371794871796 0
      vertex -0.1324435783026243 147.82195062504684 0
    endloop
  endfacet
  facet normal 0 0 -1
    outer loop
      vertex 226.10000000000002 150.74 0
      vertex -0.1324435783026243 147.82195062504684 0
      vertex -0.2409772195040597 147.97340914593383 0
    endloop
  endfacet
  facet normal 0 0 -1
    outer loop
      vertex 226.10000000000002 150.74 0
      vertex 0.1306877457789331 147.32966654267034 0
      vertex 0.05378763967192376 147.4993886935595 0
    endloop
  endfacet
  facet normal 0 0 -1
    outer loop
      vertex 226.10000000000002 150.74 0
      vertex 0.19632284308798673 147.15527827235684 0
      vertex 0.1306877457789331 147.32966654267034 0
    endloop
  endfacet
  facet normal 0 0 -1
    outer loop
      vertex 226.10000000000002 150.74 0
      vertex -0.3591843430630652 148.1174449427401 0
      vertex -0.48655876792907427 148.25344123207094 0
    endloop
  endfacet
  facet normal 0 0 -1
    outer loop
      vertex 226.10000000000002 150.74 0
      vertex -0.48655876792907427 148.25344123207094 0
      vertex -0.6225550572599322 148.38081565693693 0
    endloop
  endfacet
  facet normal 0 1 0
    outer loop
      vertex -7 150.74 0
      vertex -7 150.74 5
      vertex 226.10000000000002 150.74 0
    endloop
  endfacet
  facet normal 0 0 -1
    outer loop
      vertex 0.32307568860414476 4.128335034717007 0
      vertex 218.77692431139587 4.128335034717007 0
      vertex 218.8072767849031 3.9444928138489477 0
    endloop
  endfacet
  facet normal 0 0 -1
    outer loop
      vertex 0.34133931860633115 4.313768782025452 0
      vertex 218.75866068139368 4.313768782025452 0
      vertex 218.77692431139587 4.128335034717007 0
    endloop
  endfacet
  facet normal 0 0 -1
    outer loop
      vertex 0.34743589743589753 4.5 0
      vertex 218.75256410256412 4.5 0
      vertex 218.75866068139368 4.313768782025452 0
    endloop
  endfacet
  facet normal 0 0 -1
    outer loop
      vertex 0.34133931860633115 4.686231217974548 0
      vertex 218.75866068139368 4.686231217974548 0
      vertex 218.75256410256412 4.5 0
    endloop
  endfacet
  facet normal 0 0 -1
    outer loop
      vertex -0.7665908540661942 2.24097721950406 0
      vertex 219.8665908540662 2.24097721950406 0
      vertex 220.0180493749532 2.1324435783026243 0
    endloop
  endfacet
  facet normal 0 0 -1
    outer loop
      vertex -0.9180493749531584 2.1324435783026243 0
      vertex 220.0180493749532 2.1324435783026243 0
      vertex 220.17628205128207 2.0340481771727714 0
    endloop
  endfacet
  facet normal 0 0 -1
    outer loop
      vertex -0.6225550572599322 2.359184343063065 0
      vertex 219.72255505725994 2.359184343063065 0
      vertex 219.8665908540662 2.24097721950406 0
    endloop
  endfacet
  facet normal 0 0 -1
    outer loop
      vertex -1.410333457329661 1.869312254221067 0
      vertex 220.5103334573297 1.869312254221067 0
      vertex 220.6847217276432 1.8036771569120134 0
    endloop
  endfacet
  facet normal 0 0 -1
    outer loop
      vertex -1.0762820512820512 2.0340481771727714 0
      vertex 220.17628205128207 2.0340481771727714 0
      vertex 220.34061130644054 1.9462123603280763 0
    endloop
  endfacet
  facet normal 0 0 -1
    outer loop
      vertex -1.2406113064405104 1.9462123603280763 0
      vertex 220.34061130644054 1.9462123603280763 0
      vertex 220.5103334573297 1.869312254221067 0
    endloop
  endfacet
  facet normal 0 0 -1
    outer loop
      vertex 226.10000000000002 0 0
      vertex -1.410333457329661 1.869312254221067 0
      vertex 220.6847217276432 1.8036771569120134 0
    endloop
  endfacet
  facet normal 0 0 -1
    outer loop
      vertex -0.48655876792907427 2.486558767929074 0
      vertex 219.5865587679291 2.486558767929074 0
      vertex 219.72255505725994 2.359184343063065 0
    endloop
  endfacet
  facet normal 0 0 -1
    outer loop
      vertex -0.3591843430630652 2.6225550572599325 0
      vertex 219.4591843430631 2.6225550572599325 0
      vertex 219.5865587679291 2.486558767929074 0
    endloop
  endfacet
  facet normal 0 0 -1
    outer loop
      vertex -0.2409772195040597 2.766590854066194 0
      vertex 219.34097721950408 2.766590854066194 0
      vertex 219.4591843430631 2.6225550572599325 0
    endloop
  endfacet
  facet normal 0 0 -1
    outer loop
      vertex -0.1324435783026243 2.9180493749531586 0
      vertex 219.23244357830265 2.9180493749531586 0
      vertex 219.34097721950408 2.766590854066194 0
    endloop
  endfacet
  facet normal 0 0 -1
    outer loop
      vertex -0.0340481771727716 3.0762820512820515 0
      vertex 219.1340481771728 3.0762820512820515 0
      vertex 219.23244357830265 2.9180493749531586 0
    endloop
  endfacet
  facet normal 0 0 -1
    outer loop
      vertex 0.05378763967192376 3.2406113064405107 0
      vertex 219.0462123603281 3.2406113064405107 0
      vertex 219.1340481771728 3.0762820512820515 0
    endloop
  endfacet
  facet normal 0 0 -1
    outer loop
      vertex 0.1306877457789331 3.410333457329661 0
      vertex 218.96931225422108 3.410333457329661 0
      vertex 219.0462123603281 3.2406113064405107 0
    endloop
  endfacet
  facet normal 0 0 -1
    outer loop
      vertex 0.19632284308798673 3.5847217276431773 0
      vertex 218.90367715691204 3.5847217276431773 0
      vertex 218.96931225422108 3.410333457329661 0
    endloop
  endfacet
  facet normal 0 0 -1
    outer loop
      vertex 0.25041187203592413 3.763029360035002 0
      vertex 218.8495881279641 3.763029360035002 0
      vertex 218.90367715691204 3.5847217276431773 0
    endloop
  endfacet
  facet normal 0 0 -1
    outer loop
      vertex 0.29272321509689087 3.9444928138489477 0
      vertex 218.8072767849031 3.9444928138489477 0
      vertex 218.8495881279641 3.763029360035002 0
    endloop
  endfacet
  facet normal 0 -1 0
    outer loop
      vertex -7 0 0
      vertex 226.10000000000002 0 0
      vertex 226.10000000000002 0 5
    endloop
  endfacet
  facet normal 0 0 -1
    outer loop
      vertex 0.32307568860414476 4.871664965282993 0
      vertex 219.34097721950408 144.5065908540662 0
      vertex 218.75866068139368 4.686231217974548 0
    endloop
  endfacet
  facet normal 0 0 -1
    outer loop
      vertex 226.10000000000002 0 0
      vertex 220.86302936003503 1.749588127964076 0
      vertex 221.04449281384896 1.7072767849031092 0
    endloop
  endfacet
  facet normal 0 0 -1
    outer loop
      vertex 226.10000000000002 0 0
      vertex 221.04449281384896 1.7072767849031092 0
      vertex 221.22833503471702 1.6769243113958552 0
    endloop
  endfacet
  facet normal 0 0 -1
    outer loop
      vertex 226.10000000000002 0 0
      vertex 221.22833503471702 1.6769243113958552 0
      vertex 221.41376878202547 1.6586606813936688 0
    endloop
  endfacet
  facet normal 0 0 -1
    outer loop
      vertex 226.10000000000002 0 0
      vertex 221.41376878202547 1.6586606813936688 0
      vertex 221.60000000000002 1.6525641025641025 0
    endloop
  endfacet
  facet normal 0 0 -1
    outer loop
      vertex 226.10000000000002 0 0
      vertex 221.60000000000002 1.6525641025641025 0
      vertex 221.78623121797457 1.6586606813936688 0
    endloop
  endfacet
  facet normal 0 0 -1
    outer loop
      vertex 226.10000000000002 0 0
      vertex 221.78623121797457 1.6586606813936688 0
      vertex 221.97166496528303 1.6769243113958552 0
    endloop
  endfacet
  facet normal 0 0 -1
    outer loop
      vertex 226.10000000000002 0 0
      vertex 221.97166496528303 1.6769243113958552 0
      vertex 222.15550718615108 1.7072767849031092 0
    endloop
  endfacet
  facet normal 0 0 -1
    outer loop
      vertex 226.10000000000002 0 0
      vertex 222.15550718615108 1.7072767849031092 0
      vertex 222.33697063996502 1.749588127964076 0
    endloop
  endfacet
  facet normal 0 0 -1
    outer loop
      vertex 226.10000000000002 0 0
      vertex 220.6847217276432 1.8036771569120134 0
      vertex 220.86302936003503 1.749588127964076 0
    endloop
  endfacet
  facet normal 0 0 -1
    outer loop
      vertex 226.10000000000002 0 0
      vertex 222.33697063996502 1.749588127964076 0
      vertex 222.51527827235685 1.8036771569120134 0
    endloop
  endfacet
  facet normal 0 0 -1
    outer loop
      vertex 226.10000000000002 0 0
      vertex 222.51527827235685 1.8036771569120134 0
      vertex 222.68966654267035 1.869312254221067 0
    endloop
  endfacet
  facet normal 0 0 -1
    outer loop
      vertex 226.10000000000002 0 0
      vertex 222.68966654267035 1.869312254221067 0
      vertex 222.8593886935595 1.9462123603280763 0
    endloop
  endfacet
  facet normal 0 0 -1
    outer loop
      vertex 226.10000000000002 0 0
      vertex 222.8593886935595 1.9462123603280763 0
      vertex 223.02371794871797 2.0340481771727714 0
    endloop
  endfacet
  facet normal 0 0 -1
    outer loop
      vertex 226.10000000000002 0 0
      vertex 223.02371794871797 2.0340481771727714 0
      vertex 223.18195062504685 2.1324435783026243 0
    endloop
  endfacet
  facet normal 0 0 -1
    outer loop
      vertex 226.10000000000002 0 0
      vertex 223.18195062504685 2.1324435783026243 0
      vertex 223.33340914593384 2.24097721950406 0
    endloop
  endfacet
  facet normal 0 0 -1
    outer loop
      vertex 226.10000000000002 0 0
      vertex 223.33340914593384 2.24097721950406 0
      vertex 223.4774449427401 2.359184343063065 0
    endloop
  endfacet
  facet normal 0 0 -1
    outer loop
      vertex 226.10000000000002 0 0
      vertex 223.4774449427401 2.359184343063065 0
      vertex 223.61344123207095 2.486558767929074 0
    endloop
  endfacet
  facet normal 0 0 -1
    outer loop
      vertex 226.10000000000002 0 0
      vertex 223.61344123207095 2.486558767929074 0
      vertex 223.74081565693695 2.6225550572599325 0
    endloop
  endfacet
  facet normal 0 0 -1
    outer loop
      vertex 226.10000000000002 0 0
      vertex 223.74081565693695 2.6225550572599325 0
      vertex 223.85902278049596 2.766590854066194 0
    endloop
  endfacet
  facet normal 0 0 -1
    outer loop
      vertex 226.10000000000002 0 0
      vertex 223.85902278049596 2.766590854066194 0
      vertex 223.9675564216974 2.9180493749531586 0
    endloop
  endfacet
  facet normal 0 0 -1
    outer loop
      vertex 226.10000000000002 0 0
      vertex 223.9675564216974 2.9180493749531586 0
      vertex 224.06595182282726 3.0762820512820515 0
    endloop
  endfacet
  facet normal 0 0 -1
    outer loop
      vertex 226.10000000000002 0 0
      vertex 224.06595182282726 3.0762820512820515 0
      vertex 224.15378763967195 3.2406113064405107 0
    endloop
  endfacet
  facet normal 0 0 -1
    outer loop
      vertex 226.10000000000002 0 0
      vertex 224.15378763967195 3.2406113064405107 0
      vertex 224.23068774577897 3.410333457329661 0
    endloop
  endfacet
  facet normal 0 0 -1
    outer loop
      vertex 226.10000000000002 0 0
      vertex 224.23068774577897 3.410333457329661 0
      vertex 224.296322843088 3.5847217276431773 0
    endloop
  endfacet
  facet normal 0 0 -1
    outer loop
      vertex 226.10000000000002 0 0
      vertex 224.296322843088 3.5847217276431773 0
      vertex 224.35041187203595 3.763029360035002 0
    endloop
  endfacet
  facet normal 0 0 -1
    outer loop
      vertex 226.10000000000002 0 0
      vertex 224.35041187203595 3.763029360035002 0
      vertex 224.39272321509694 3.9444928138489477 0
    endloop
  endfacet
  facet normal 0 0 -1
    outer loop
      vertex 226.10000000000002 0 0
      vertex 224.39272321509694 3.9444928138489477 0
      vertex 224.42307568860417 4.128335034717007 0
    endloop
  endfacet
  facet normal 0 0 -1
    outer loop
      vertex 226.10000000000002 0 0
      vertex 224.42307568860417 4.128335034717007 0
      vertex 224.44133931860637 4.313768782025452 0
    endloop
  endfacet
  facet normal 0 0 -1
    outer loop
      vertex 226.10000000000002 0 0
      vertex 224.44133931860637 4.313768782025452 0
      vertex 224.44743589743592 4.5 0
    endloop
  endfacet
  facet normal 0 0 -1
    outer loop
      vertex 218.75866068139368 4.686231217974548 0
      vertex 219.34097721950408 144.5065908540662 0
      vertex 218.77692431139587 4.871664965282993 0
    endloop
  endfacet
  facet normal 0 0 -1
    outer loop
      vertex 218.77692431139587 4.871664965282993 0
      vertex 219.34097721950408 144.5065908540662 0
      vertex 218.8072767849031 5.055507186151052 0
    endloop
  endfacet
  facet normal 0 0 -1
    outer loop
      vertex 218.8072767849031 5.055507186151052 0
      vertex 219.34097721950408 144.5065908540662 0
      vertex 218.8495881279641 5.236970639964998 0
    endloop
  endfacet
  facet normal 0 0 -1
    outer loop
      vertex 218.8495881279641 5.236970639964998 0
      vertex 219.34097721950408 144.5065908540662 0
      vertex 218.90367715691204 5.415278272356823 0
    endloop
  endfacet
  facet normal 0 0 -1
    outer loop
      vertex 226.10000000000002 0 0
      vertex 224.44743589743592 4.5 0
      vertex 224.23068774577897 145.15033345732968 0
    endloop
  endfacet
  facet normal 0 0 -1
    outer loop
      vertex 224.44743589743592 4.5 0
      vertex 224.44133931860637 4.686231217974548 0
      vertex 224.23068774577897 145.15033345732968 0
    endloop
  endfacet
  facet normal 0 0 -1
    outer loop
      vertex 224.44133931860637 4.686231217974548 0
      vertex 224.42307568860417 4.871664965282993 0
      vertex 224.23068774577897 145.15033345732968 0
    endloop
  endfacet
  facet normal 0 0 -1
    outer loop
      vertex 224.42307568860417 4.871664965282993 0
      vertex 224.39272321509694 5.055507186151052 0
      vertex 224.23068774577897 145.15033345732968 0
    endloop
  endfacet
  facet normal 0 0 -1
    outer loop
      vertex 224.39272321509694 5.055507186151052 0
      vertex 224.35041187203595 5.236970639964998 0
      vertex 224.23068774577897 145.15033345732968 0
    endloop
  endfacet
  facet normal 0 0 -1
    outer loop
      vertex 218.90367715691204 5.415278272356823 0
      vertex 219.34097721950408 144.5065908540662 0
      vertex 218.96931225422108 5.589666542670339 0
    endloop
  endfacet
  facet normal 0 0 -1
    outer loop
      vertex 218.96931225422108 5.589666542670339 0
      vertex 219.34097721950408 144.5065908540662 0
      vertex 219.0462123603281 5.759388693559489 0
    endloop
  endfacet
  facet normal 0 0 -1
    outer loop
      vertex 219.0462123603281 5.759388693559489 0
      vertex 219.34097721950408 144.5065908540662 0
      vertex 219.1340481771728 5.9237179487179485 0
    endloop
  endfacet
  facet normal 0 0 -1
    outer loop
      vertex 219.1340481771728 5.9237179487179485 0
      vertex 219.34097721950408 144.5065908540662 0
      vertex 219.23244357830265 6.081950625046841 0
    endloop
  endfacet
  facet normal 0 0 -1
    outer loop
      vertex 219.23244357830265 6.081950625046841 0
      vertex 219.34097721950408 144.5065908540662 0
      vertex 219.34097721950408 6.2334091459338055 0
    endloop
  endfacet
  facet normal 0 0 -1
    outer loop
      vertex 219.34097721950408 6.2334091459338055 0
      vertex 219.4591843430631 144.36255505725993 0
      vertex 219.4591843430631 6.377444942740068 0
    endloop
  endfacet
  facet normal 0 0 -1
    outer loop
      vertex 219.4591843430631 6.377444942740068 0
      vertex 219.5865587679291 144.22655876792908 0
      vertex 219.5865587679291 6.513441232070925 0
    endloop
  endfacet
  facet normal 0 0 -1
    outer loop
      vertex 219.72255505725994 6.640815656936935 0
      vertex 219.5865587679291 6.513441232070925 0
      vertex 219.72255505725994 144.0991843430631 0
    endloop
  endfacet
  facet normal 0 0 -1
    outer loop
      vertex 219.8665908540662 6.759022780495941 0
      vertex 219.72255505725994 6.640815656936935 0
      vertex 219.8665908540662 143.98097721950407 0
    endloop
  endfacet
  facet normal 0 0 -1
    outer loop
      vertex 220.0180493749532 6.867556421697376 0
      vertex 219.8665908540662 6.759022780495941 0
      vertex 220.0180493749532 143.87244357830264 0
    endloop
  endfacet
  facet normal 0 0 -1
    outer loop
      vertex 220.17628205128207 6.965951822827228 0
      vertex 220.0180493749532 6.867556421697376 0
      vertex 220.17628205128207 143.77404817717277 0
    endloop
  endfacet
  facet normal 0 0 -1
    outer loop
      vertex 220.34061130644054 7.053787639671924 0
      vertex 220.17628205128207 6.965951822827228 0
      vertex 220.34061130644054 143.68621236032808 0
    endloop
  endfacet
  facet normal 0 0 -1
    outer loop
      vertex 220.5103334573297 7.130687745778933 0
      vertex 220.34061130644054 7.053787639671924 0
      vertex 220.5103334573297 143.60931225422107 0
    endloop
  endfacet
  facet normal 0 0 -1
    outer loop
      vertex 220.6847217276432 7.196322843087986 0
      vertex 220.5103334573297 7.130687745778933 0
      vertex 220.6847217276432 143.54367715691203 0
    endloop
  endfacet
  facet normal 0 0 -1
    outer loop
      vertex 220.86302936003503 7.250411872035924 0
      vertex 220.6847217276432 7.196322843087986 0
      vertex 220.86302936003503 143.48958812796408 0
    endloop
  endfacet
  facet normal 0 0 -1
    outer loop
      vertex 221.04449281384896 7.292723215096891 0
      vertex 220.86302936003503 7.250411872035924 0
      vertex 221.04449281384896 143.4472767849031 0
    endloop
  endfacet
  facet normal 0 0 -1
    outer loop
      vertex 221.22833503471702 7.323075688604145 0
      vertex 221.04449281384896 7.292723215096891 0
      vertex 221.22833503471702 143.41692431139586 0
    endloop
  endfacet
  facet normal 0 0 -1
    outer loop
      vertex 221.41376878202547 7.341339318606331 0
      vertex 221.22833503471702 7.323075688604145 0
      vertex 221.41376878202547 143.39866068139366 0
    endloop
  endfacet
  facet normal 0 0 -1
    outer loop
      vertex 221.41376878202547 7.341339318606331 0
      vertex 221.60000000000002 143.3925641025641 0
      vertex 221.60000000000002 7.347435897435897 0
    endloop
  endfacet
  facet normal 0 0 -1
    outer loop
      vertex 221.60000000000002 7.347435897435897 0
      vertex 221.78623121797457 143.39866068139366 0
      vertex 221.78623121797457 7.341339318606331 0
    endloop
  endfacet
  facet normal 0 0 -1
    outer loop
      vertex 221.78623121797457 7.341339318606331 0
      vertex 221.97166496528303 143.41692431139586 0
      vertex 221.97166496528303 7.323075688604145 0
    endloop
  endfacet
  facet normal 0 0 -1
    outer loop
      vertex 221.97166496528303 7.323075688604145 0
      vertex 222.15550718615108 143.4472767849031 0
      vertex 222.15550718615108 7.292723215096891 0
    endloop
  endfacet
  facet normal 0 0 -1
    outer loop
      vertex 222.15550718615108 7.292723215096891 0
      vertex 222.33697063996502 143.48958812796408 0
      vertex 222.33697063996502 7.250411872035924 0
    endloop
  endfacet
  facet normal 0 0 -1
    outer loop
      vertex 222.33697063996502 7.250411872035924 0
      vertex 222.51527827235685 143.54367715691203 0
      vertex 222.51527827235685 7.196322843087986 0
    endloop
  endfacet
  facet normal 0 0 -1
    outer loop
      vertex 222.51527827235685 7.196322843087986 0
      vertex 222.68966654267035 143.60931225422107 0
      vertex 222.68966654267035 7.130687745778933 0
    endloop
  endfacet
  facet normal 0 0 -1
    outer loop
      vertex 222.68966654267035 7.130687745778933 0
      vertex 222.8593886935595 143.68621236032808 0
      vertex 222.8593886935595 7.053787639671924 0
    endloop
  endfacet
  facet normal 0 0 -1
    outer loop
      vertex 222.8593886935595 7.053787639671924 0
      vertex 223.02371794871797 143.77404817717277 0
      vertex 223.02371794871797 6.965951822827228 0
    endloop
  endfacet
  facet normal 0 0 -1
    outer loop
      vertex 223.02371794871797 6.965951822827228 0
      vertex 223.18195062504685 143.87244357830264 0
      vertex 223.18195062504685 6.867556421697376 0
    endloop
  endfacet
  facet normal 0 0 -1
    outer loop
      vertex 223.18195062504685 6.867556421697376 0
      vertex 223.33340914593384 143.98097721950407 0
      vertex 223.33340914593384 6.759022780495941 0
    endloop
  endfacet
  facet normal 0 0 -1
    outer loop
      vertex 223.85902278049596 6.2334091459338055 0
      vertex 223.74081565693695 6.377444942740068 0
      vertex 223.85902278049596 144.5065908540662 0
    endloop
  endfacet
  facet normal 0 0 -1
    outer loop
      vertex 224.296322843088 5.415278272356823 0
      vertex 224.23068774577897 5.589666542670339 0
      vertex 224.23068774577897 145.15033345732968 0
    endloop
  endfacet
  facet normal 0 0 -1
    outer loop
      vertex 223.9675564216974 6.081950625046841 0
      vertex 223.85902278049596 6.2334091459338055 0
      vertex 223.9675564216974 144.65804937495318 0
    endloop
  endfacet
  facet normal 0 0 -1
    outer loop
      vertex 224.06595182282726 5.9237179487179485 0
      vertex 223.9675564216974 6.081950625046841 0
      vertex 224.06595182282726 144.81628205128206 0
    endloop
  endfacet
  facet normal 0 0 -1
    outer loop
      vertex 224.15378763967195 5.759388693559489 0
      vertex 224.06595182282726 5.9237179487179485 0
      vertex 224.15378763967195 144.98061130644052 0
    endloop
  endfacet
  facet normal 0 0 -1
    outer loop
      vertex 224.23068774577897 5.589666542670339 0
      vertex 224.15378763967195 5.759388693559489 0
      vertex 224.23068774577897 145.15033345732968 0
    endloop
  endfacet
  facet normal 0 0 -1
    outer loop
      vertex 223.33340914593384 6.759022780495941 0
      vertex 223.4774449427401 144.0991843430631 0
      vertex 223.4774449427401 6.640815656936935 0
    endloop
  endfacet
  facet normal 0 0 -1
    outer loop
      vertex 223.4774449427401 6.640815656936935 0
      vertex 223.61344123207095 144.22655876792908 0
      vertex 223.61344123207095 6.513441232070925 0
    endloop
  endfacet
  facet normal 0 0 -1
    outer loop
      vertex 223.74081565693695 6.377444942740068 0
      vertex 223.61344123207095 6.513441232070925 0
      vertex 223.74081565693695 144.36255505725993 0
    endloop
  endfacet
  facet normal 0 0 -1
    outer loop
      vertex 224.35041187203595 5.236970639964998 0
      vertex 224.296322843088 5.415278272356823 0
      vertex 224.23068774577897 145.15033345732968 0
    endloop
  endfacet
  facet normal 1 0 0
    outer loop
      vertex 226.10000000000002 0 0
      vertex 226.10000000000002 150.74 0
      vertex 226.10000000000002 0 5
    endloop
  endfacet
  facet normal 0 0 -1
    outer loop
      vertex 0.32307568860414476 4.871664965282993 0
      vertex 218.77692431139587 145.868335034717 0
      vertex 218.8072767849031 145.68449281384895 0
    endloop
  endfacet
  facet normal 0 0 -1
    outer loop
      vertex -1.0762820512820512 6.965951822827228 0
      vertex 218.75866068139368 146.05376878202546 0
      vertex 218.77692431139587 145.868335034717 0
    endloop
  endfacet
  facet normal 0 0 -1
    outer loop
      vertex -1.2406113064405104 7.053787639671924 0
      vertex 218.75256410256412 146.24 0
      vertex 218.75866068139368 146.05376878202546 0
    endloop
  endfacet
  facet normal 0 0 -1
    outer loop
      vertex -1.410333457329661 7.130687745778933 0
      vertex 218.75866068139368 146.42623121797456 0
      vertex 218.75256410256412 146.24 0
    endloop
  endfacet
  facet normal 0 0 -1
    outer loop
      vertex -1.584721727643177 7.196322843087986 0
      vertex 218.77692431139587 146.611664965283 0
      vertex 218.75866068139368 146.42623121797456 0
    endloop
  endfacet
  facet normal 0 0 -1
    outer loop
      vertex -1.7630293600350018 7.250411872035924 0
      vertex 218.8072767849031 146.79550718615107 0
      vertex 218.77692431139587 146.611664965283 0
    endloop
  endfacet
  facet normal 0 0 -1
    outer loop
      vertex -1.9444928138489477 7.292723215096891 0
      vertex 218.8495881279641 146.976970639965 0
      vertex 218.8072767849031 146.79550718615107 0
    endloop
  endfacet
  facet normal 0 0 -1
    outer loop
      vertex -2.128335034717007 7.323075688604145 0
      vertex 218.90367715691204 147.15527827235684 0
      vertex 218.8495881279641 146.976970639965 0
    endloop
  endfacet
  facet normal 0 0 -1
    outer loop
      vertex -2.3137687820254516 7.341339318606331 0
      vertex 218.96931225422108 147.32966654267034 0
      vertex 218.90367715691204 147.15527827235684 0
    endloop
  endfacet
  facet normal 0 0 -1
    outer loop
      vertex -2.5 7.347435897435897 0
      vertex 219.0462123603281 147.4993886935595 0
      vertex 218.96931225422108 147.32966654267034 0
    endloop
  endfacet
  facet normal 0 0 -1
    outer loop
      vertex -2.6862312179745484 7.341339318606331 0
      vertex 219.1340481771728 147.66371794871796 0
      vertex 219.0462123603281 147.4993886935595 0
    endloop
  endfacet
  facet normal 0 0 -1
    outer loop
      vertex -2.871664965282993 7.323075688604145 0
      vertex 219.23244357830265 147.82195062504684 0
      vertex 219.1340481771728 147.66371794871796 0
    endloop
  endfacet
  facet normal 0 0 -1
    outer loop
      vertex -3.0555071861510523 7.292723215096891 0
      vertex 219.34097721950408 147.97340914593383 0
      vertex 219.23244357830265 147.82195062504684 0
    endloop
  endfacet
  facet normal 0 0 -1
    outer loop
      vertex 0.32307568860414476 4.871664965282993 0
      vertex 219.23244357830265 144.65804937495318 0
      vertex 219.34097721950408 144.5065908540662 0
    endloop
  endfacet
  facet normal 0 0 -1
    outer loop
      vertex 0.32307568860414476 4.871664965282993 0
      vertex 218.96931225422108 145.15033345732968 0
      vertex 219.0462123603281 144.98061130644052 0
    endloop
  endfacet
  facet normal 0 0 -1
    outer loop
      vertex 0.32307568860414476 4.871664965282993 0
      vertex 219.0462123603281 144.98061130644052 0
      vertex 219.1340481771728 144.81628205128206 0
    endloop
  endfacet
  facet normal 0 0 -1
    outer loop
      vertex 0.32307568860414476 4.871664965282993 0
      vertex 219.1340481771728 144.81628205128206 0
      vertex 219.23244357830265 144.65804937495318 0
    endloop
  endfacet
  facet normal 0 0 -1
    outer loop
      vertex 0.32307568860414476 4.871664965282993 0
      vertex 218.90367715691204 145.32472172764318 0
      vertex 218.96931225422108 145.15033345732968 0
    endloop
  endfacet
  facet normal 0 0 -1
    outer loop
      vertex 0.32307568860414476 4.871664965282993 0
      vertex 218.8495881279641 145.50302936003501 0
      vertex 218.90367715691204 145.32472172764318 0
    endloop
  endfacet
  facet normal 0 0 -1
    outer loop
      vertex 0.32307568860414476 4.871664965282993 0
      vertex 218.8072767849031 145.68449281384895 0
      vertex 218.8495881279641 145.50302936003501 0
    endloop
  endfacet
  facet normal 0 0 -1
    outer loop
      vertex 0.05378763967192376 144.98061130644052 0
      vertex 219.4591843430631 148.1174449427401 0
      vertex 219.34097721950408 147.97340914593383 0
    endloop
  endfacet
  facet normal 0 0 -1
    outer loop
      vertex 0.05378763967192376 144.98061130644052 0
      vertex 219.5865587679291 148.25344123207094 0
      vertex 219.4591843430631 148.1174449427401 0
    endloop
  endfacet
  facet normal 0 0 -1
    outer loop
      vertex 0.05378763967192376 144.98061130644052 0
      vertex 219.72255505725994 148.38081565693693 0
      vertex 219.5865587679291 148.25344123207094 0
    endloop
  endfacet
  facet normal 0 0 -1
    outer loop
      vertex 0.05378763967192376 144.98061130644052 0
      vertex 219.8665908540662 148.49902278049595 0
      vertex 219.72255505725994 148.38081565693693 0
    endloop
  endfacet
  facet normal 0 0 -1
    outer loop
      vertex 0.05378763967192376 144.98061130644052 0
      vertex 220.0180493749532 148.60755642169738 0
      vertex 219.8665908540662 148.49902278049595 0
    endloop
  endfacet
  facet normal 0 0 -1
    outer loop
      vertex 0.05378763967192376 144.98061130644052 0
      vertex 220.34061130644054 148.79378763967193 0
      vertex 220.17628205128207 148.70595182282725 0
    endloop
  endfacet
  facet normal 0 0 -1
    outer loop
      vertex 0.05378763967192376 144.98061130644052 0
      vertex 220.17628205128207 148.70595182282725 0
      vertex 220.0180493749532 148.60755642169738 0
    endloop
  endfacet
  facet normal 0 0 -1
    outer loop
      vertex 0.05378763967192376 144.98061130644052 0
      vertex 220.6847217276432 148.936322843088 0
      vertex 220.5103334573297 148.87068774577895 0
    endloop
  endfacet
  facet normal 0 0 -1
    outer loop
      vertex 0.05378763967192376 144.98061130644052 0
      vertex 220.5103334573297 148.87068774577895 0
      vertex 220.34061130644054 148.79378763967193 0
    endloop
  endfacet
  facet normal 0 0 -1
    outer loop
      vertex 0.05378763967192376 144.98061130644052 0
      vertex 220.86302936003503 148.99041187203593 0
      vertex 220.6847217276432 148.936322843088 0
    endloop
  endfacet
  facet normal 0 0 -1
    outer loop
      vertex 0.05378763967192376 144.98061130644052 0
      vertex 221.04449281384896 149.03272321509692 0
      vertex 220.86302936003503 148.99041187203593 0
    endloop
  endfacet
  facet normal 0 0 -1
    outer loop
      vertex 0.05378763967192376 144.98061130644052 0
      vertex 221.41376878202547 149.08133931860635 0
      vertex 221.22833503471702 149.06307568860416 0
    endloop
  endfacet
  facet normal 0 0 -1
    outer loop
      vertex 0.05378763967192376 144.98061130644052 0
      vertex 221.22833503471702 149.06307568860416 0
      vertex 221.04449281384896 149.03272321509692 0
    endloop
  endfacet
  facet normal 0 0 -1
    outer loop
      vertex 0.05378763967192376 144.98061130644052 0
      vertex 221.60000000000002 149.0874358974359 0
      vertex 221.41376878202547 149.08133931860635 0
    endloop
  endfacet
  facet normal 0 0 -1
    outer loop
      vertex 226.10000000000002 150.74 0
      vertex 221.60000000000002 149.0874358974359 0
      vertex 0.05378763967192376 144.98061130644052 0
    endloop
  endfacet
  facet normal 0 0 -1
    outer loop
      vertex 219.4591843430631 6.377444942740068 0
      vertex 219.4591843430631 144.36255505725993 0
      vertex 219.5865587679291 144.22655876792908 0
    endloop
  endfacet
  facet normal 0 0 -1
    outer loop
      vertex 219.5865587679291 6.513441232070925 0
      vertex 219.5865587679291 144.22655876792908 0
      vertex 219.72255505725994 144.0991843430631 0
    endloop
  endfacet
  facet normal 0 0 -1
    outer loop
      vertex 219.34097721950408 6.2334091459338055 0
      vertex 219.34097721950408 144.5065908540662 0
      vertex 219.4591843430631 144.36255505725993 0
    endloop
  endfacet
  facet normal 0 0 -1
    outer loop
      vertex 219.72255505725994 6.640815656936935 0
      vertex 219.72255505725994 144.0991843430631 0
      vertex 219.8665908540662 143.98097721950407 0
    endloop
  endfacet
  facet normal 0 0 -1
    outer loop
      vertex 219.8665908540662 6.759022780495941 0
      vertex 219.8665908540662 143.98097721950407 0
      vertex 220.0180493749532 143.87244357830264 0
    endloop
  endfacet
  facet normal 0 0 -1
    outer loop
      vertex 220.0180493749532 6.867556421697376 0
      vertex 220.0180493749532 143.87244357830264 0
      vertex 220.17628205128207 143.77404817717277 0
    endloop
  endfacet
  facet normal 0 0 -1
    outer loop
      vertex 220.17628205128207 6.965951822827228 0
      vertex 220.17628205128207 143.77404817717277 0
      vertex 220.34061130644054 143.68621236032808 0
    endloop
  endfacet
  facet normal 0 0 -1
    outer loop
      vertex 220.34061130644054 7.053787639671924 0
      vertex 220.34061130644054 143.68621236032808 0
      vertex 220.5103334573297 143.60931225422107 0
    endloop
  endfacet
  facet normal 0 0 -1
    outer loop
      vertex 220.5103334573297 7.130687745778933 0
      vertex 220.5103334573297 143.60931225422107 0
      vertex 220.6847217276432 143.54367715691203 0
    endloop
  endfacet
  facet normal 0 0 -1
    outer loop
      vertex 220.6847217276432 7.196322843087986 0
      vertex 220.6847217276432 143.54367715691203 0
      vertex 220.86302936003503 143.48958812796408 0
    endloop
  endfacet
  facet normal 0 0 -1
    outer loop
      vertex 220.86302936003503 7.250411872035924 0
      vertex 220.86302936003503 143.48958812796408 0
      vertex 221.04449281384896 143.4472767849031 0
    endloop
  endfacet
  facet normal 0 0 -1
    outer loop
      vertex 221.04449281384896 7.292723215096891 0
      vertex 221.04449281384896 143.4472767849031 0
      vertex 221.22833503471702 143.41692431139586 0
    endloop
  endfacet
  facet normal 0 0 -1
    outer loop
      vertex 221.22833503471702 7.323075688604145 0
      vertex 221.22833503471702 143.41692431139586 0
      vertex 221.41376878202547 143.39866068139366 0
    endloop
  endfacet
  facet normal 0 0 -1
    outer loop
      vertex 221.41376878202547 7.341339318606331 0
      vertex 221.41376878202547 143.39866068139366 0
      vertex 221.60000000000002 143.3925641025641 0
    endloop
  endfacet
  facet normal 0 0 -1
    outer loop
      vertex 221.60000000000002 7.347435897435897 0
      vertex 221.60000000000002 143.3925641025641 0
      vertex 221.78623121797457 143.39866068139366 0
    endloop
  endfacet
  facet normal 0 0 -1
    outer loop
      vertex 221.78623121797457 7.341339318606331 0
      vertex 221.78623121797457 143.39866068139366 0
      vertex 221.97166496528303 143.41692431139586 0
    endloop
  endfacet
  facet normal 0 0 -1
    outer loop
      vertex 221.97166496528303 7.323075688604145 0
      vertex 221.97166496528303 143.41692431139586 0
      vertex 222.15550718615108 143.4472767849031 0
    endloop
  endfacet
  facet normal 0 0 -1
    outer loop
      vertex 222.15550718615108 7.292723215096891 0
      vertex 222.15550718615108 143.4472767849031 0
      vertex 222.33697063996502 143.48958812796408 0
    endloop
  endfacet
  facet normal 0 0 -1
    outer loop
      vertex 222.33697063996502 7.250411872035924 0
      vertex 222.33697063996502 143.48958812796408 0
      vertex 222.51527827235685 143.54367715691203 0
    endloop
  endfacet
  facet normal 0 0 -1
    outer loop
      vertex 222.51527827235685 7.196322843087986 0
      vertex 222.51527827235685 143.54367715691203 0
      vertex 222.68966654267035 143.60931225422107 0
    endloop
  endfacet
  facet normal 0 0 -1
    outer loop
      vertex 222.68966654267035 7.130687745778933 0
      vertex 222.68966654267035 143.60931225422107 0
      vertex 222.8593886935595 143.68621236032808 0
    endloop
  endfacet
  facet normal 0 0 -1
    outer loop
      vertex 222.8593886935595 7.053787639671924 0
      vertex 222.8593886935595 143.68621236032808 0
      vertex 223.02371794871797 143.77404817717277 0
    endloop
  endfacet
  facet normal 0 0 -1
    outer loop
      vertex 223.02371794871797 6.965951822827228 0
      vertex 223.02371794871797 143.77404817717277 0
      vertex 223.18195062504685 143.87244357830264 0
    endloop
  endfacet
  facet normal 0 0 -1
    outer loop
      vertex 223.18195062504685 6.867556421697376 0
      vertex 223.18195062504685 143.87244357830264 0
      vertex 223.33340914593384 143.98097721950407 0
    endloop
  endfacet
  facet normal 0 0 -1
    outer loop
      vertex 223.33340914593384 6.759022780495941 0
      vertex 223.33340914593384 143.98097721950407 0
      vertex 223.4774449427401 144.0991843430631 0
    endloop
  endfacet
  facet normal 0 0 -1
    outer loop
      vertex 223.4774449427401 6.640815656936935 0
      vertex 223.4774449427401 144.0991843430631 0
      vertex 223.61344123207095 144.22655876792908 0
    endloop
  endfacet
  facet normal 0 0 -1
    outer loop
      vertex 223.61344123207095 6.513441232070925 0
      vertex 223.61344123207095 144.22655876792908 0
      vertex 223.74081565693695 144.36255505725993 0
    endloop
  endfacet
  facet normal 0 0 -1
    outer loop
      vertex 223.74081565693695 6.377444942740068 0
      vertex 223.74081565693695 144.36255505725993 0
      vertex 223.85902278049596 144.5065908540662 0
    endloop
  endfacet
  facet normal 0 0 -1
    outer loop
      vertex 223.85902278049596 6.2334091459338055 0
      vertex 223.85902278049596 144.5065908540662 0
      vertex 223.9675564216974 144.65804937495318 0
    endloop
  endfacet
  facet normal 0 0 -1
    outer loop
      vertex 223.9675564216974 6.081950625046841 0
      vertex 223.9675564216974 144.65804937495318 0
      vertex 224.06595182282726 144.81628205128206 0
    endloop
  endfacet
  facet normal 0 0 -1
    outer loop
      vertex 224.06595182282726 5.9237179487179485 0
      vertex 224.06595182282726 144.81628205128206 0
      vertex 224.15378763967195 144.98061130644052 0
    endloop
  endfacet
  facet normal 0 0 -1
    outer loop
      vertex 224.15378763967195 5.759388693559489 0
      vertex 224.15378763967195 144.98061130644052 0
      vertex 224.23068774577897 145.15033345732968 0
    endloop
  endfacet
  facet normal 0 0 -1
    outer loop
      vertex 226.10000000000002 0 0
      vertex 224.23068774577897 145.15033345732968 0
      vertex 224.296322843088 145.32472172764318 0
    endloop
  endfacet
  facet normal 0 0 -1
    outer loop
      vertex 226.10000000000002 0 0
      vertex 224.296322843088 145.32472172764318 0
      vertex 224.35041187203595 145.50302936003501 0
    endloop
  endfacet
  facet normal 0 0 -1
    outer loop
      vertex 226.10000000000002 0 0
      vertex 224.35041187203595 145.50302936003501 0
      vertex 224.39272321509694 145.68449281384895 0
    endloop
  endfacet
  facet normal 0 0 -1
    outer loop
      vertex 226.10000000000002 0 0
      vertex 224.39272321509694 145.68449281384895 0
      vertex 224.42307568860417 145.868335034717 0
    endloop
  endfacet
  facet normal 0 0 -1
    outer loop
      vertex 226.10000000000002 0 0
      vertex 224.44133931860637 146.05376878202546 0
      vertex 224.44743589743592 146.24 0
    endloop
  endfacet
  facet normal 0 0 -1
    outer loop
      vertex 226.10000000000002 0 0
      vertex 224.42307568860417 145.868335034717 0
      vertex 224.44133931860637 146.05376878202546 0
    endloop
  endfacet
  facet normal 0 0 -1
    outer loop
      vertex 226.10000000000002 0 0
      vertex 224.44743589743592 146.24 0
      vertex 226.10000000000002 150.74 0
    endloop
  endfacet
  facet normal 0 0 -1
    outer loop
      vertex 226.10000000000002 150.74 0
      vertex 224.44133931860637 146.42623121797456 0
      vertex 224.42307568860417 146.611664965283 0
    endloop
  endfacet
  facet normal 0 0 -1
    outer loop
      vertex 226.10000000000002 150.74 0
      vertex 224.44743589743592 146.24 0
      vertex 224.44133931860637 146.42623121797456 0
    endloop
  endfacet
  facet normal 0 0 -1
    outer loop
      vertex 226.10000000000002 150.74 0
      vertex 224.42307568860417 146.611664965283 0
      vertex 224.39272321509694 146.79550718615107 0
    endloop
  endfacet
  facet normal 0 0 -1
    outer loop
      vertex 226.10000000000002 150.74 0
      vertex 224.39272321509694 146.79550718615107 0
      vertex 224.35041187203595 146.976970639965 0
    endloop
  endfacet
  facet normal 0 0 -1
    outer loop
      vertex 226.10000000000002 150.74 0
      vertex 224.35041187203595 146.976970639965 0
      vertex 224.296322843088 147.15527827235684 0
    endloop
  endfacet
  facet normal 0 0 -1
    outer loop
      vertex 226.10000000000002 150.74 0
      vertex 222.68966654267035 148.87068774577895 0
      vertex 222.51527827235685 148.936322843088 0
    endloop
  endfacet
  facet normal 0 0 -1
    outer loop
      vertex 226.10000000000002 150.74 0
      vertex 222.51527827235685 148.936322843088 0
      vertex 222.33697063996502 148.99041187203593 0
    endloop
  endfacet
  facet normal 0 0 -1
    outer loop
      vertex 226.10000000000002 150.74 0
      vertex 223.02371794871797 148.70595182282725 0
      vertex 222.8593886935595 148.79378763967193 0
    endloop
  endfacet
  facet normal 0 0 -1
    outer loop
      vertex 226.10000000000002 150.74 0
      vertex 222.8593886935595 148.79378763967193 0
      vertex 222.68966654267035 148.87068774577895 0
    endloop
  endfacet
  facet normal 0 0 -1
    outer loop
      vertex 226.10000000000002 150.74 0
      vertex 223.18195062504685 148.60755642169738 0
      vertex 223.02371794871797 148.70595182282725 0
    endloop
  endfacet
  facet normal 0 0 -1
    outer loop
      vertex 226.10000000000002 150.74 0
      vertex 223.33340914593384 148.49902278049595 0
      vertex 223.18195062504685 148.60755642169738 0
    endloop
  endfacet
  facet normal 0 0 -1
    outer loop
      vertex 226.10000000000002 150.74 0
      vertex 221.97166496528303 149.06307568860416 0
      vertex 221.78623121797457 149.08133931860635 0
    endloop
  endfacet
  facet normal 0 0 -1
    outer loop
      vertex 226.10000000000002 150.74 0
      vertex 221.78623121797457 149.08133931860635 0
      vertex 221.60000000000002 149.0874358974359 0
    endloop
  endfacet
  facet normal 0 0 -1
    outer loop
      vertex 226.10000000000002 150.74 0
      vertex 222.33697063996502 148.99041187203593 0
      vertex 222.15550718615108 149.03272321509692 0
    endloop
  endfacet
  facet normal 0 0 -1
    outer loop
      vertex 226.10000000000002 150.74 0
      vertex 222.15550718615108 149.03272321509692 0
      vertex 221.97166496528303 149.06307568860416 0
    endloop
  endfacet
  facet normal 0 0 -1
    outer loop
      vertex 226.10000000000002 150.74 0
      vertex 224.06595182282726 147.66371794871796 0
      vertex 223.9675564216974 147.82195062504684 0
    endloop
  endfacet
  facet normal 0 0 -1
    outer loop
      vertex 226.10000000000002 150.74 0
      vertex 223.85902278049596 147.97340914593383 0
      vertex 223.74081565693695 148.1174449427401 0
    endloop
  endfacet
  facet normal 0 0 -1
    outer loop
      vertex 226.10000000000002 150.74 0
      vertex 223.9675564216974 147.82195062504684 0
      vertex 223.85902278049596 147.97340914593383 0
    endloop
  endfacet
  facet normal 0 0 -1
    outer loop
      vertex 226.10000000000002 150.74 0
      vertex 224.23068774577897 147.32966654267034 0
      vertex 224.15378763967195 147.4993886935595 0
    endloop
  endfacet
  facet normal 0 0 -1
    outer loop
      vertex 226.10000000000002 150.74 0
      vertex 224.296322843088 147.15527827235684 0
      vertex 224.23068774577897 147.32966654267034 0
    endloop
  endfacet
  facet normal 0 0 -1
    outer loop
      vertex 226.10000000000002 150.74 0
      vertex 224.15378763967195 147.4993886935595 0
      vertex 224.06595182282726 147.66371794871796 0
    endloop
  endfacet
  facet normal 0 0 -1
    outer loop
      vertex 226.10000000000002 150.74 0
      vertex 223.74081565693695 148.1174449427401 0
      vertex 223.61344123207095 148.25344123207094 0
    endloop
  endfacet
  facet normal 0 0 -1
    outer loop
      vertex 226.10000000000002 150.74 0
      vertex 223.4774449427401 148.38081565693693 0
      vertex 223.33340914593384 148.49902278049595 0
    endloop
  endfacet
  facet normal 0 0 -1
    outer loop
      vertex 226.10000000000002 150.74 0
      vertex 223.61344123207095 148.25344123207094 0
      vertex 223.4774449427401 148.38081565693693 0
    endloop
  endfacet
  facet normal 0 0 1
    outer loop
      vertex -7 150.74 5
      vertex 226.10000000000002 0 5
      vertex 226.10000000000002 150.74 5
    endloop
  endfacet
  facet normal 0 1 0
    outer loop
      vertex -7 150.74 5
      vertex 226.10000000000002 150.74 5
      vertex 226.10000000000002 150.74 0
    endloop
  endfacet
  facet normal 1 0 0
    outer loop
      vertex 226.10000000000002 0 5
      vertex 226.10000000000002 150.74 0
      vertex 226.10000000000002 150.74 5
    endloop
  endfacet
endsolid OpenSCAD_Model
