solid OpenSCAD_Model
  facet normal 0 -1 0
    outer loop
      vertex -8 0 84
      vertex 0 0 87
      vertex -8 0 87
    endloop
  endfacet
  facet normal 0 -1 0
    outer loop
      vertex 0 0 75
      vertex 0 0 87
      vertex -8 0 84
    endloop
  endfacet
  facet normal 0 0 1
    outer loop
      vertex -8 0 87
      vertex 0 0 87
      vertex 1 74.66666666666666 87
    endloop
  endfacet
  facet normal -0.7474093186836597 0 -0.6643638388299198
    outer loop
      vertex 0 0 75
      vertex -8 0 84
      vertex 0 128 75
    endloop
  endfacet
  facet normal -1 0 0
    outer loop
      vertex -8 0 84
      vertex -8 0 87
      vertex -8 128 87
    endloop
  endfacet
  facet normal 0 0 1
    outer loop
      vertex -8 0 87
      vertex 1 74.66666666666666 87
      vertex 0 128 87
    endloop
  endfacet
  facet normal -0.7474093186836597 0 -0.6643638388299198
    outer loop
      vertex -8 0 84
      vertex -8 128 84
      vertex 0 128 75
    endloop
  endfacet
  facet normal -1 0 0
    outer loop
      vertex -8 0 84
      vertex -8 128 87
      vertex -8 128 84
    endloop
  endfacet
  facet normal 0 0 1
    outer loop
      vertex -8 0 87
      vertex 0 128 87
      vertex -8 128 87
    endloop
  endfacet
  facet normal 0 1 0
    outer loop
      vertex 0 128 75
      vertex -8 128 84
      vertex -8 128 87
    endloop
  endfacet
  facet normal 0 1 0
    outer loop
      vertex 0 128 75
      vertex -8 128 87
      vertex 0 128 87
    endloop
  endfacet
  facet normal 0 -1 0
    outer loop
      vertex 102.8 0 75
      vertex 110.8 0 87
      vertex 102.8 0 87
    endloop
  endfacet
  facet normal 0 -1 0
    outer loop
      vertex 102.8 0 75
      vertex 110.8 0 84
      vertex 110.8 0 87
    endloop
  endfacet
  facet normal 0.7474093186836597 0 -0.6643638388299198
    outer loop
      vertex 102.8 0 75
      vertex 102.8 128 75
      vertex 110.8 0 84
    endloop
  endfacet
  facet normal 0 0 1
    outer loop
      vertex 102.8 0 87
      vertex 110.8 0 87
      vertex 110.8 128 87
    endloop
  endfacet
  facet normal 1 0 0
    outer loop
      vertex 110.8 0 84
      vertex 110.8 128 84
      vertex 110.8 0 87
    endloop
  endfacet
  facet normal 0 0 1
    outer loop
      vertex 102.8 0 87
      vertex 110.8 128 87
      vertex 101.8 53.33333333333321 87
    endloop
  endfacet
  facet normal 0.7474093186836597 0 -0.6643638388299198
    outer loop
      vertex 110.8 0 84
      vertex 102.8 128 75
      vertex 110.8 128 84
    endloop
  endfacet
  facet normal 1 0 0
    outer loop
      vertex 110.8 0 87
      vertex 110.8 128 84
      vertex 110.8 128 87
    endloop
  endfacet
  facet normal 0 0 1
    outer loop
      vertex 101.8 53.33333333333321 87
      vertex 110.8 128 87
      vertex 102.8 128 87
    endloop
  endfacet
  facet normal 0 1 0
    outer loop
      vertex 102.8 128 75
      vertex 102.8 128 87
      vertex 110.8 128 84
    endloop
  endfacet
  facet normal 0 1 0
    outer loop
      vertex 102.8 128 87
      vertex 110.8 128 87
      vertex 110.8 128 84
    endloop
  endfacet
  facet normal 0 -1 0
    outer loop
      vertex 0 0 0
      vertex 2.4 0 3
      vertex 0 0 3
    endloop
  endfacet
  facet normal -1 0 0
    outer loop
      vertex 0 0 0
      vertex 0 0 3
      vertex 0 128 3
    endloop
  endfacet
  facet normal 0 -1 0
    outer loop
      vertex 0 0 0
      vertex 100.39999999999999 0 3
      vertex 2.4 0 3
    endloop
  endfacet
  facet normal 0 0 1
    outer loop
      vertex 2.4 2 3
      vertex 100.39999999999999 63.20000000000001 3
      vertex 2.4 63.20000000000001 3
    endloop
  endfacet
  facet normal -1 0 0
    outer loop
      vertex 0 0 0
      vertex 0 128 3
      vertex 0 128 0
    endloop
  endfacet
  facet normal 0 0 -1
    outer loop
      vertex 0 0 0
      vertex 0 128 0
      vertex 102.8 128 0
    endloop
  endfacet
  facet normal 0 0 1
    outer loop
      vertex 2.4 64.80000000000001 3
      vertex 100.39999999999999 126 3
      vertex 2.4 126 3
    endloop
  endfacet
  facet normal 0 1 0
    outer loop
      vertex 0 128 0
      vertex 0 128 3
      vertex 102.8 128 0
    endloop
  endfacet
  facet normal 0 1 0
    outer loop
      vertex 0 128 3
      vertex 2.4 128 3
      vertex 102.8 128 0
    endloop
  endfacet
  facet normal 0 -1 0
    outer loop
      vertex 0 0 0
      vertex 102.8 0 3
      vertex 100.39999999999999 0 3
    endloop
  endfacet
  facet normal 0 -1 0
    outer loop
      vertex 0 0 0
      vertex 102.8 0 0
      vertex 102.8 0 3
    endloop
  endfacet
  facet normal 0 0 1
    outer loop
      vertex 2.4 2 3
      vertex 100.39999999999999 2 3
      vertex 100.39999999999999 63.20000000000001 3
    endloop
  endfacet
  facet normal 0 0 -1
    outer loop
      vertex 0 0 0
      vertex 102.8 128 0
      vertex 102.8 0 0
    endloop
  endfacet
  facet normal 0 0 1
    outer loop
      vertex 2.4 64.80000000000001 3
      vertex 100.39999999999999 64.80000000000001 3
      vertex 100.39999999999999 126 3
    endloop
  endfacet
  facet normal 0 1 0
    outer loop
      vertex 2.4 128 3
      vertex 100.39999999999999 128 3
      vertex 102.8 128 0
    endloop
  endfacet
  facet normal 0 1 0
    outer loop
      vertex 102.8 128 0
      vertex 100.39999999999999 128 3
      vertex 102.8 128 3
    endloop
  endfacet
  facet normal 0 -1 0
    outer loop
      vertex 2.4 0 3
      vertex 100.39999999999999 0 3
      vertex 2.4 0 38
    endloop
  endfacet
  facet normal 0 1 0
    outer loop
      vertex 2.4 2 3
      vertex 2.4 2 38
      vertex 100.39999999999999 2 38
    endloop
  endfacet
  facet normal 0 0 1
    outer loop
      vertex 2.4 0 38
      vertex 100.39999999999999 2 38
      vertex 2.4 2 38
    endloop
  endfacet
  facet normal 0 1 0
    outer loop
      vertex 2.4 2 3
      vertex 100.39999999999999 2 38
      vertex 100.39999999999999 2 3
    endloop
  endfacet
  facet normal 0 -1 0
    outer loop
      vertex 2.4 0 38
      vertex 100.39999999999999 0 3
      vertex 100.39999999999999 0 38
    endloop
  endfacet
  facet normal 0 0 1
    outer loop
      vertex 2.4 0 38
      vertex 100.39999999999999 0 38
      vertex 100.39999999999999 2 38
    endloop
  endfacet
  facet normal 0 -1 0
    outer loop
      vertex 2.4 126 3
      vertex 100.39999999999999 126 3
      vertex 2.4 126 38
    endloop
  endfacet
  facet normal 0 1 0
    outer loop
      vertex 2.4 128 3
      vertex 2.4 128 38
      vertex 100.39999999999999 128 38
    endloop
  endfacet
  facet normal 0 0 1
    outer loop
      vertex 2.4 126 38
      vertex 100.39999999999999 128 38
      vertex 2.4 128 38
    endloop
  endfacet
  facet normal 0 1 0
    outer loop
      vertex 2.4 128 3
      vertex 100.39999999999999 128 38
      vertex 100.39999999999999 128 3
    endloop
  endfacet
  facet normal 0 -1 0
    outer loop
      vertex 2.4 126 38
      vertex 100.39999999999999 126 3
      vertex 100.39999999999999 126 38
    endloop
  endfacet
  facet normal 0 0 1
    outer loop
      vertex 2.4 126 38
      vertex 100.39999999999999 126 38
      vertex 100.39999999999999 128 38
    endloop
  endfacet
  facet normal 1 0 0
    outer loop
      vertex 102.8 128 26.448
      vertex 102.8 128 38
      vertex 102.8 127.13987621573828 38
    endloop
  endfacet
  facet normal 0 -1 0
    outer loop
      vertex 2.4 63.20000000000001 3
      vertex 3.4000000000000004 63.20000000000001 17.643593542277813
      vertex 2.4 63.20000000000001 17.643593542277813
    endloop
  endfacet
  facet normal 0 -1 0
    outer loop
      vertex 2.4 63.20000000000001 31.5
      vertex 3.4000000000000004 63.20000000000001 31.5
      vertex 3.4000000000000004 63.20000000000001 34.5
    endloop
  endfacet
  facet normal 0 -1 0
    outer loop
      vertex 2.4 63.20000000000001 31.5
      vertex 3.4000000000000004 63.20000000000001 34.5
      vertex 2.4 63.20000000000001 34.5
    endloop
  endfacet
  facet normal 0 -1 0
    outer loop
      vertex 2.4 63.20000000000001 3
      vertex 100.39999999999999 63.20000000000001 3
      vertex 3.4000000000000004 63.20000000000001 17.643593542277813
    endloop
  endfacet
  facet normal 0 -1 0
    outer loop
      vertex 100.39999999999999 63.20000000000001 3
      vertex 3.4000000000000004 63.20000000000001 31.5
      vertex 3.4000000000000004 63.20000000000001 17.643593542277813
    endloop
  endfacet
  facet normal 0 -1 0
    outer loop
      vertex 100.39999999999999 63.20000000000001 3
      vertex 3.4000000000000004 63.20000000000001 34.5
      vertex 3.4000000000000004 63.20000000000001 31.5
    endloop
  endfacet
  facet normal 0 -1 0
    outer loop
      vertex 3.4000000000000004 63.20000000000001 34.5
      vertex 99.39999999999999 63.20000000000001 38
      vertex 3.4000000000000004 63.20000000000001 38
    endloop
  endfacet
  facet normal 0 1 0
    outer loop
      vertex 2.4 64.80000000000001 3
      vertex 2.4 64.80000000000001 17.643593542277813
      vertex 3.4000000000000004 64.80000000000001 17.643593542277813
    endloop
  endfacet
  facet normal 0 1 0
    outer loop
      vertex 2.4 64.80000000000001 31.5
      vertex 2.4 64.80000000000001 34.5
      vertex 3.4000000000000004 64.80000000000001 31.5
    endloop
  endfacet
  facet normal 0 1 0
    outer loop
      vertex 2.4 64.80000000000001 34.5
      vertex 3.4000000000000004 64.80000000000001 34.5
      vertex 3.4000000000000004 64.80000000000001 31.5
    endloop
  endfacet
  facet normal 0 1 0
    outer loop
      vertex 2.4 64.80000000000001 3
      vertex 3.4000000000000004 64.80000000000001 17.643593542277813
      vertex 99.39999999999999 64.80000000000001 34.5
    endloop
  endfacet
  facet normal 0 1 0
    outer loop
      vertex 99.39999999999999 64.80000000000001 34.5
      vertex 3.4000000000000004 64.80000000000001 17.643593542277813
      vertex 3.4000000000000004 64.80000000000001 31.5
    endloop
  endfacet
  facet normal 0 1 0
    outer loop
      vertex 99.39999999999999 64.80000000000001 34.5
      vertex 3.4000000000000004 64.80000000000001 31.5
      vertex 3.4000000000000004 64.80000000000001 34.5
    endloop
  endfacet
  facet normal 0 1 0
    outer loop
      vertex 3.4000000000000004 64.80000000000001 38
      vertex 99.39999999999999 64.80000000000001 34.5
      vertex 3.4000000000000004 64.80000000000001 34.5
    endloop
  endfacet
  facet normal 0 0 1
    outer loop
      vertex 3.4000000000000004 64.80000000000001 38
      vertex 3.4000000000000004 63.20000000000001 38
      vertex 99.39999999999999 64.80000000000001 38
    endloop
  endfacet
  facet normal 0 -1 0
    outer loop
      vertex 100.39999999999999 63.20000000000001 3
      vertex 99.39999999999999 63.20000000000001 17.643593542277813
      vertex 3.4000000000000004 63.20000000000001 34.5
    endloop
  endfacet
  facet normal 0 -1 0
    outer loop
      vertex 3.4000000000000004 63.20000000000001 34.5
      vertex 99.39999999999999 63.20000000000001 17.643593542277813
      vertex 99.39999999999999 63.20000000000001 31.5
    endloop
  endfacet
  facet normal 0 -1 0
    outer loop
      vertex 3.4000000000000004 63.20000000000001 34.5
      vertex 99.39999999999999 63.20000000000001 31.5
      vertex 99.39999999999999 63.20000000000001 34.5
    endloop
  endfacet
  facet normal 0 -1 0
    outer loop
      vertex 3.4000000000000004 63.20000000000001 34.5
      vertex 99.39999999999999 63.20000000000001 34.5
      vertex 99.39999999999999 63.20000000000001 38
    endloop
  endfacet
  facet normal 0 0 1
    outer loop
      vertex 3.4000000000000004 63.20000000000001 38
      vertex 99.39999999999999 63.20000000000001 38
      vertex 99.39999999999999 64.80000000000001 38
    endloop
  endfacet
  facet normal 0 -1 0
    outer loop
      vertex 100.39999999999999 63.20000000000001 3
      vertex 100.39999999999999 63.20000000000001 17.643593542277813
      vertex 99.39999999999999 63.20000000000001 17.643593542277813
    endloop
  endfacet
  facet normal 0 -1 0
    outer loop
      vertex 100.39999999999999 63.20000000000001 34.5
      vertex 99.39999999999999 63.20000000000001 31.5
      vertex 100.39999999999999 63.20000000000001 31.5
    endloop
  endfacet
  facet normal 0 -1 0
    outer loop
      vertex 100.39999999999999 63.20000000000001 34.5
      vertex 99.39999999999999 63.20000000000001 34.5
      vertex 99.39999999999999 63.20000000000001 31.5
    endloop
  endfacet
  facet normal 0 1 0
    outer loop
      vertex 2.4 64.80000000000001 3
      vertex 99.39999999999999 64.80000000000001 17.643593542277813
      vertex 100.39999999999999 64.80000000000001 3
    endloop
  endfacet
  facet normal 0 1 0
    outer loop
      vertex 2.4 64.80000000000001 3
      vertex 99.39999999999999 64.80000000000001 31.5
      vertex 99.39999999999999 64.80000000000001 17.643593542277813
    endloop
  endfacet
  facet normal 0 1 0
    outer loop
      vertex 2.4 64.80000000000001 3
      vertex 99.39999999999999 64.80000000000001 34.5
      vertex 99.39999999999999 64.80000000000001 31.5
    endloop
  endfacet
  facet normal 0 1 0
    outer loop
      vertex 3.4000000000000004 64.80000000000001 38
      vertex 99.39999999999999 64.80000000000001 38
      vertex 99.39999999999999 64.80000000000001 34.5
    endloop
  endfacet
  facet normal 0 1 0
    outer loop
      vertex 100.39999999999999 64.80000000000001 3
      vertex 99.39999999999999 64.80000000000001 17.643593542277813
      vertex 100.39999999999999 64.80000000000001 17.643593542277813
    endloop
  endfacet
  facet normal 0 1 0
    outer loop
      vertex 100.39999999999999 64.80000000000001 31.5
      vertex 99.39999999999999 64.80000000000001 31.5
      vertex 99.39999999999999 64.80000000000001 34.5
    endloop
  endfacet
  facet normal 0 1 0
    outer loop
      vertex 100.39999999999999 64.80000000000001 34.5
      vertex 100.39999999999999 64.80000000000001 31.5
      vertex 99.39999999999999 64.80000000000001 34.5
    endloop
  endfacet
  facet normal -1 0 0
    outer loop
      vertex 0 0 3
      vertex 0 12.20577136427164 16.143593542277813
      vertex 0 16.20577136427164 9.21539030969143
    endloop
  endfacet
  facet normal 1 0 0
    outer loop
      vertex 2.4 2 3
      vertex 2.4 16.20577136427164 9.21539030969143
      vertex 2.4 12.20577136427164 16.143593542277813
    endloop
  endfacet
  facet normal -1 0 0
    outer loop
      vertex 0 0 3
      vertex 0 16.20577136427164 9.21539030969143
      vertex 0 24.20577136427164 9.21539030969143
    endloop
  endfacet
  facet normal 1 0 0
    outer loop
      vertex 2.4 2 3
      vertex 2.4 24.20577136427164 9.21539030969143
      vertex 2.4 16.20577136427164 9.21539030969143
    endloop
  endfacet
  facet normal 1 0 0
    outer loop
      vertex 2.4 2 3
      vertex 2.4 12.20577136427164 16.143593542277813
      vertex 2.4 2 38
    endloop
  endfacet
  facet normal -1 0 0
    outer loop
      vertex 0 0 3
      vertex 0 12.20577136427164 33
      vertex 0 12.20577136427164 16.143593542277813
    endloop
  endfacet
  facet normal -1 0 0
    outer loop
      vertex 0 0 3
      vertex 0 24.20577136427164 9.21539030969143
      vertex 0 45.401923790574074 9.21539030969143
    endloop
  endfacet
  facet normal 1 0 0
    outer loop
      vertex 2.4 2 3
      vertex 2.4 63.20000000000001 3
      vertex 2.4 24.20577136427164 9.21539030969143
    endloop
  endfacet
  facet normal 1 0 0
    outer loop
      vertex 2.4 41.401923790574074 16.143593542277813
      vertex 2.4 28.20577136427164 16.143593542277813
      vertex 2.4 24.20577136427164 9.21539030969143
    endloop
  endfacet
  facet normal -1 0 0
    outer loop
      vertex 0 24.20577136427164 23.071796767413616
      vertex 0 30.803847573697567 17.643593542277813
      vertex 0 28.20577136427164 16.143593542277813
    endloop
  endfacet
  facet normal 1 0 0
    outer loop
      vertex 2.4 24.20577136427164 23.071796767413616
      vertex 2.4 28.20577136427164 16.143593542277813
      vertex 2.4 26.803847573697567 24.571796767413616
    endloop
  endfacet
  facet normal 1 0 0
    outer loop
      vertex 2.4 28.20577136427164 16.143593542277813
      vertex 2.4 30.803847573697567 17.643593542277813
      vertex 2.4 26.803847573697567 24.571796767413616
    endloop
  endfacet
  facet normal 0 -1 0
    outer loop
      vertex 0 0 3
      vertex 2.4 0 3
      vertex 0 0 75
    endloop
  endfacet
  facet normal 1 0 0
    outer loop
      vertex 2.4 2 38
      vertex 2.4 12.20577136427164 16.143593542277813
      vertex 2.4 16.20577136427164 23.071796767413616
    endloop
  endfacet
  facet normal -1 0 0
    outer loop
      vertex 0 12.20577136427164 16.143593542277813
      vertex 0 16.20577136427164 26.071796767413616
      vertex 0 16.20577136427164 23.071796767413616
    endloop
  endfacet
  facet normal -1 0 0
    outer loop
      vertex 0 12.20577136427164 16.143593542277813
      vertex 0 12.20577136427164 33
      vertex 0 16.20577136427164 26.071796767413616
    endloop
  endfacet
  facet normal 1 0 0
    outer loop
      vertex 2.4 2 38
      vertex 2.4 16.20577136427164 23.071796767413616
      vertex 2.4 12.20577136427164 33
    endloop
  endfacet
  facet normal 1 0 0
    outer loop
      vertex 2.4 16.20577136427164 23.071796767413616
      vertex 2.4 16.20577136427164 26.071796767413616
      vertex 2.4 12.20577136427164 33
    endloop
  endfacet
  facet normal -1 0 0
    outer loop
      vertex 0 0 3
      vertex 0 0 75
      vertex 0 12.20577136427164 33
    endloop
  endfacet
  facet normal 0 -1 0
    outer loop
      vertex 2.4 0 3
      vertex 2.4 0 38
      vertex 0 0 75
    endloop
  endfacet
  facet normal 1 0 0
    outer loop
      vertex 2.4 2 38
      vertex 2.4 12.20577136427164 33
      vertex 2.4 16.20577136427164 39.928203232586384
    endloop
  endfacet
  facet normal 1 0 0
    outer loop
      vertex 2.4 2 38
      vertex 2.4 16.20577136427164 39.928203232586384
      vertex 2.4 16.20577136427164 42.928203232586384
    endloop
  endfacet
  facet normal -1 0 0
    outer loop
      vertex 0 12.20577136427164 33
      vertex 0 16.20577136427164 42.928203232586384
      vertex 0 16.20577136427164 39.928203232586384
    endloop
  endfacet
  facet normal -1 0 0
    outer loop
      vertex 0 12.20577136427164 33
      vertex 0 12.20577136427164 49.85640645772219
      vertex 0 16.20577136427164 42.928203232586384
    endloop
  endfacet
  facet normal 1 0 0
    outer loop
      vertex 2.4 16.20577136427164 23.071796767413616
      vertex 2.4 24.20577136427164 23.071796767413616
      vertex 2.4 16.20577136427164 26.071796767413616
    endloop
  endfacet
  facet normal -1 0 0
    outer loop
      vertex 0 16.20577136427164 23.071796767413616
      vertex 0 16.20577136427164 26.071796767413616
      vertex 0 24.20577136427164 26.071796767413616
    endloop
  endfacet
  facet normal -1 0 0
    outer loop
      vertex 0 24.20577136427164 23.071796767413616
      vertex 0 16.20577136427164 23.071796767413616
      vertex 0 24.20577136427164 26.071796767413616
    endloop
  endfacet
  facet normal 1 0 0
    outer loop
      vertex 2.4 16.20577136427164 26.071796767413616
      vertex 2.4 24.20577136427164 23.071796767413616
      vertex 2.4 26.803847573697567 24.571796767413616
    endloop
  endfacet
  facet normal 1 0 0
    outer loop
      vertex 2.4 26.803847573697567 24.571796767413616
      vertex 2.4 24.20577136427164 26.071796767413616
      vertex 2.4 16.20577136427164 26.071796767413616
    endloop
  endfacet
  facet normal -1 0 0
    outer loop
      vertex 0 30.803847573697567 17.643593542277813
      vertex 0 24.20577136427164 23.071796767413616
      vertex 0 26.803847573697567 24.571796767413616
    endloop
  endfacet
  facet normal -1 0 0
    outer loop
      vertex 0 24.20577136427164 23.071796767413616
      vertex 0 24.20577136427164 26.071796767413616
      vertex 0 26.803847573697567 24.571796767413616
    endloop
  endfacet
  facet normal -1 0 0
    outer loop
      vertex 0 24.20577136427164 26.071796767413616
      vertex 0 28.20577136427164 33
      vertex 0 26.803847573697567 24.571796767413616
    endloop
  endfacet
  facet normal 1 0 0
    outer loop
      vertex 2.4 24.20577136427164 26.071796767413616
      vertex 2.4 26.803847573697567 24.571796767413616
      vertex 2.4 30.803847573697567 31.5
    endloop
  endfacet
  facet normal 1 0 0
    outer loop
      vertex 2.4 28.20577136427164 33
      vertex 2.4 24.20577136427164 26.071796767413616
      vertex 2.4 30.803847573697567 31.5
    endloop
  endfacet
  facet normal -1 0 0
    outer loop
      vertex 0 28.20577136427164 33
      vertex 0 30.803847573697567 31.5
      vertex 0 26.803847573697567 24.571796767413616
    endloop
  endfacet
  facet normal -1 0 0
    outer loop
      vertex 0 16.20577136427164 39.928203232586384
      vertex 0 16.20577136427164 42.928203232586384
      vertex 0 24.20577136427164 39.928203232586384
    endloop
  endfacet
  facet normal 1 0 0
    outer loop
      vertex 2.4 16.20577136427164 39.928203232586384
      vertex 2.4 24.20577136427164 39.928203232586384
      vertex 2.4 16.20577136427164 42.928203232586384
    endloop
  endfacet
  facet normal -1 0 0
    outer loop
      vertex 0 24.20577136427164 39.928203232586384
      vertex 0 16.20577136427164 42.928203232586384
      vertex 0 26.803847573697567 41.428203232586384
    endloop
  endfacet
  facet normal -1 0 0
    outer loop
      vertex 0 16.20577136427164 42.928203232586384
      vertex 0 24.20577136427164 42.928203232586384
      vertex 0 26.803847573697567 41.428203232586384
    endloop
  endfacet
  facet normal 1 0 0
    outer loop
      vertex 2.4 24.20577136427164 39.928203232586384
      vertex 2.4 24.20577136427164 42.928203232586384
      vertex 2.4 16.20577136427164 42.928203232586384
    endloop
  endfacet
  facet normal -1 0 0
    outer loop
      vertex 0 28.20577136427164 33
      vertex 0 24.20577136427164 39.928203232586384
      vertex 0 30.803847573697567 31.5
    endloop
  endfacet
  facet normal -1 0 0
    outer loop
      vertex 0 24.20577136427164 39.928203232586384
      vertex 0 30.803847573697567 34.5
      vertex 0 30.803847573697567 31.5
    endloop
  endfacet
  facet normal 1 0 0
    outer loop
      vertex 2.4 28.20577136427164 33
      vertex 2.4 30.803847573697567 31.5
      vertex 2.4 30.803847573697567 34.5
    endloop
  endfacet
  facet normal 1 0 0
    outer loop
      vertex 2.4 26.803847573697567 41.428203232586384
      vertex 2.4 28.20577136427164 33
      vertex 2.4 30.803847573697567 34.5
    endloop
  endfacet
  facet normal -1 0 0
    outer loop
      vertex 0 24.20577136427164 39.928203232586384
      vertex 0 26.803847573697567 41.428203232586384
      vertex 0 30.803847573697567 34.5
    endloop
  endfacet
  facet normal 1 0 0
    outer loop
      vertex 2.4 28.20577136427164 33
      vertex 2.4 26.803847573697567 41.428203232586384
      vertex 2.4 24.20577136427164 39.928203232586384
    endloop
  endfacet
  facet normal 1 0 0
    outer loop
      vertex 2.4 24.20577136427164 39.928203232586384
      vertex 2.4 26.803847573697567 41.428203232586384
      vertex 2.4 24.20577136427164 42.928203232586384
    endloop
  endfacet
  facet normal -1 0 0
    outer loop
      vertex 0 0 3
      vertex 0 45.401923790574074 9.21539030969143
      vertex 0 53.401923790574074 9.21539030969143
    endloop
  endfacet
  facet normal -1 0 0
    outer loop
      vertex 0 0 3
      vertex 0 53.401923790574074 9.21539030969143
      vertex 0 74.59807620942593 9.21539030969143
    endloop
  endfacet
  facet normal 1 0 0
    outer loop
      vertex 2.4 63.20000000000001 3
      vertex 2.4 45.401923790574074 9.21539030969143
      vertex 2.4 24.20577136427164 9.21539030969143
    endloop
  endfacet
  facet normal -1 0 0
    outer loop
      vertex 0 24.20577136427164 9.21539030969143
      vertex 0 28.20577136427164 16.143593542277813
      vertex 0 45.401923790574074 9.21539030969143
    endloop
  endfacet
  facet normal 1 0 0
    outer loop
      vertex 2.4 24.20577136427164 9.21539030969143
      vertex 2.4 45.401923790574074 9.21539030969143
      vertex 2.4 41.401923790574074 16.143593542277813
    endloop
  endfacet
  facet normal -1 0 0
    outer loop
      vertex 0 28.20577136427164 16.143593542277813
      vertex 0 41.401923790574074 16.143593542277813
      vertex 0 45.401923790574074 9.21539030969143
    endloop
  endfacet
  facet normal -1 0 0
    outer loop
      vertex 0 28.20577136427164 16.143593542277813
      vertex 0 30.803847573697567 17.643593542277813
      vertex 0 38.80384757369757 17.643593542277813
    endloop
  endfacet
  facet normal 1 0 0
    outer loop
      vertex 2.4 41.401923790574074 16.143593542277813
      vertex 2.4 30.803847573697567 17.643593542277813
      vertex 2.4 28.20577136427164 16.143593542277813
    endloop
  endfacet
  facet normal -1 0 0
    outer loop
      vertex 0 28.20577136427164 16.143593542277813
      vertex 0 38.80384757369757 17.643593542277813
      vertex 0 41.401923790574074 16.143593542277813
    endloop
  endfacet
  facet normal 1 0 0
    outer loop
      vertex 2.4 41.401923790574074 16.143593542277813
      vertex 2.4 38.80384757369757 17.643593542277813
      vertex 2.4 30.803847573697567 17.643593542277813
    endloop
  endfacet
  facet normal 1 0 0
    outer loop
      vertex 2.4 38.80384757369757 17.643593542277813
      vertex 2.4 41.401923790574074 16.143593542277813
      vertex 2.4 45.401923790574074 23.071796767413616
    endloop
  endfacet
  facet normal -1 0 0
    outer loop
      vertex 0 38.80384757369757 17.643593542277813
      vertex 0 42.80384757369757 24.571796767413616
      vertex 0 41.401923790574074 16.143593542277813
    endloop
  endfacet
  facet normal -1 0 0
    outer loop
      vertex 0 42.80384757369757 24.571796767413616
      vertex 0 45.401923790574074 23.071796767413616
      vertex 0 41.401923790574074 16.143593542277813
    endloop
  endfacet
  facet normal -1 0 0
    outer loop
      vertex 0 0 3
      vertex 0 74.59807620942593 9.21539030969143
      vertex 0 82.59807620942593 9.21539030969143
    endloop
  endfacet
  facet normal 1 0 0
    outer loop
      vertex 2.4 63.20000000000001 3
      vertex 2.4 53.401923790574074 9.21539030969143
      vertex 2.4 45.401923790574074 9.21539030969143
    endloop
  endfacet
  facet normal 1 0 0
    outer loop
      vertex 2.4 63.20000000000001 3
      vertex 2.4 57.401923790574074 16.143593542277813
      vertex 2.4 53.401923790574074 9.21539030969143
    endloop
  endfacet
  facet normal 1 0 0
    outer loop
      vertex 2.4 53.401923790574074 23.071796767413616
      vertex 2.4 57.401923790574074 16.143593542277813
      vertex 2.4 56 24.571796767413616
    endloop
  endfacet
  facet normal -1 0 0
    outer loop
      vertex 0 53.401923790574074 9.21539030969143
      vertex 0 57.401923790574074 16.143593542277813
      vertex 0 74.59807620942593 9.21539030969143
    endloop
  endfacet
  facet normal 1 0 0
    outer loop
      vertex 2.4 63.20000000000001 3
      vertex 2.4 60 17.643593542277813
      vertex 2.4 57.401923790574074 16.143593542277813
    endloop
  endfacet
  facet normal 1 0 0
    outer loop
      vertex 2.4 63.20000000000001 3
      vertex 2.4 63.20000000000001 17.643593542277813
      vertex 2.4 60 17.643593542277813
    endloop
  endfacet
  facet normal -1 0 0
    outer loop
      vertex 0 57.401923790574074 16.143593542277813
      vertex 0 53.401923790574074 23.071796767413616
      vertex 0 60 17.643593542277813
    endloop
  endfacet
  facet normal 1 0 0
    outer loop
      vertex 2.4 57.401923790574074 16.143593542277813
      vertex 2.4 60 17.643593542277813
      vertex 2.4 56 24.571796767413616
    endloop
  endfacet
  facet normal -1 0 0
    outer loop
      vertex 0 57.401923790574074 16.143593542277813
      vertex 0 60 17.643593542277813
      vertex 0 68 17.643593542277813
    endloop
  endfacet
  facet normal 1 0 0
    outer loop
      vertex 2.4 30.803847573697567 31.5
      vertex 2.4 38.80384757369757 31.5
      vertex 2.4 30.803847573697567 34.5
    endloop
  endfacet
  facet normal -1 0 0
    outer loop
      vertex 0 30.803847573697567 31.5
      vertex 0 41.401923790574074 33
      vertex 0 38.80384757369757 31.5
    endloop
  endfacet
  facet normal 1 0 0
    outer loop
      vertex 2.4 42.80384757369757 24.571796767413616
      vertex 2.4 38.80384757369757 17.643593542277813
      vertex 2.4 45.401923790574074 23.071796767413616
    endloop
  endfacet
  facet normal -1 0 0
    outer loop
      vertex 0 42.80384757369757 24.571796767413616
      vertex 0 45.401923790574074 26.071796767413616
      vertex 0 53.401923790574074 26.071796767413616
    endloop
  endfacet
  facet normal 1 0 0
    outer loop
      vertex 2.4 42.80384757369757 24.571796767413616
      vertex 2.4 45.401923790574074 23.071796767413616
      vertex 2.4 45.401923790574074 26.071796767413616
    endloop
  endfacet
  facet normal -1 0 0
    outer loop
      vertex 0 38.80384757369757 31.5
      vertex 0 45.401923790574074 26.071796767413616
      vertex 0 42.80384757369757 24.571796767413616
    endloop
  endfacet
  facet normal 1 0 0
    outer loop
      vertex 2.4 38.80384757369757 31.5
      vertex 2.4 42.80384757369757 24.571796767413616
      vertex 2.4 41.401923790574074 33
    endloop
  endfacet
  facet normal 1 0 0
    outer loop
      vertex 2.4 42.80384757369757 24.571796767413616
      vertex 2.4 45.401923790574074 26.071796767413616
      vertex 2.4 41.401923790574074 33
    endloop
  endfacet
  facet normal -1 0 0
    outer loop
      vertex 0 45.401923790574074 26.071796767413616
      vertex 0 38.80384757369757 31.5
      vertex 0 41.401923790574074 33
    endloop
  endfacet
  facet normal -1 0 0
    outer loop
      vertex 0 30.803847573697567 34.5
      vertex 0 38.80384757369757 34.5
      vertex 0 30.803847573697567 31.5
    endloop
  endfacet
  facet normal -1 0 0
    outer loop
      vertex 0 30.803847573697567 31.5
      vertex 0 38.80384757369757 34.5
      vertex 0 41.401923790574074 33
    endloop
  endfacet
  facet normal 1 0 0
    outer loop
      vertex 2.4 38.80384757369757 31.5
      vertex 2.4 38.80384757369757 34.5
      vertex 2.4 30.803847573697567 34.5
    endloop
  endfacet
  facet normal 1 0 0
    outer loop
      vertex 2.4 38.80384757369757 31.5
      vertex 2.4 41.401923790574074 33
      vertex 2.4 38.80384757369757 34.5
    endloop
  endfacet
  facet normal -1 0 0
    outer loop
      vertex 0 38.80384757369757 34.5
      vertex 0 42.80384757369757 41.428203232586384
      vertex 0 41.401923790574074 33
    endloop
  endfacet
  facet normal 1 0 0
    outer loop
      vertex 2.4 45.401923790574074 39.928203232586384
      vertex 2.4 38.80384757369757 34.5
      vertex 2.4 41.401923790574074 33
    endloop
  endfacet
  facet normal -1 0 0
    outer loop
      vertex 0 42.80384757369757 41.428203232586384
      vertex 0 45.401923790574074 39.928203232586384
      vertex 0 41.401923790574074 33
    endloop
  endfacet
  facet normal 1 0 0
    outer loop
      vertex 2.4 38.80384757369757 34.5
      vertex 2.4 45.401923790574074 39.928203232586384
      vertex 2.4 42.80384757369757 41.428203232586384
    endloop
  endfacet
  facet normal -1 0 0
    outer loop
      vertex 0 42.80384757369757 41.428203232586384
      vertex 0 53.401923790574074 42.928203232586384
      vertex 0 45.401923790574074 39.928203232586384
    endloop
  endfacet
  facet normal -1 0 0
    outer loop
      vertex 0 42.80384757369757 41.428203232586384
      vertex 0 45.401923790574074 42.928203232586384
      vertex 0 53.401923790574074 42.928203232586384
    endloop
  endfacet
  facet normal 1 0 0
    outer loop
      vertex 2.4 42.80384757369757 41.428203232586384
      vertex 2.4 45.401923790574074 39.928203232586384
      vertex 2.4 45.401923790574074 42.928203232586384
    endloop
  endfacet
  facet normal -1 0 0
    outer loop
      vertex 0 42.80384757369757 24.571796767413616
      vertex 0 56 24.571796767413616
      vertex 0 45.401923790574074 23.071796767413616
    endloop
  endfacet
  facet normal -1 0 0
    outer loop
      vertex 0 53.401923790574074 23.071796767413616
      vertex 0 45.401923790574074 23.071796767413616
      vertex 0 56 24.571796767413616
    endloop
  endfacet
  facet normal 1 0 0
    outer loop
      vertex 2.4 45.401923790574074 23.071796767413616
      vertex 2.4 53.401923790574074 23.071796767413616
      vertex 2.4 45.401923790574074 26.071796767413616
    endloop
  endfacet
  facet normal -1 0 0
    outer loop
      vertex 0 42.80384757369757 24.571796767413616
      vertex 0 53.401923790574074 26.071796767413616
      vertex 0 56 24.571796767413616
    endloop
  endfacet
  facet normal 1 0 0
    outer loop
      vertex 2.4 53.401923790574074 23.071796767413616
      vertex 2.4 53.401923790574074 26.071796767413616
      vertex 2.4 45.401923790574074 26.071796767413616
    endloop
  endfacet
  facet normal 1 0 0
    outer loop
      vertex 2.4 53.401923790574074 23.071796767413616
      vertex 2.4 56 24.571796767413616
      vertex 2.4 53.401923790574074 26.071796767413616
    endloop
  endfacet
  facet normal -1 0 0
    outer loop
      vertex 0 53.401923790574074 26.071796767413616
      vertex 0 57.401923790574074 33
      vertex 0 56 24.571796767413616
    endloop
  endfacet
  facet normal -1 0 0
    outer loop
      vertex 0 53.401923790574074 23.071796767413616
      vertex 0 56 24.571796767413616
      vertex 0 60 17.643593542277813
    endloop
  endfacet
  facet normal -1 0 0
    outer loop
      vertex 0 57.401923790574074 33
      vertex 0 60 31.5
      vertex 0 56 24.571796767413616
    endloop
  endfacet
  facet normal 1 0 0
    outer loop
      vertex 2.4 53.401923790574074 26.071796767413616
      vertex 2.4 56 24.571796767413616
      vertex 2.4 60 31.5
    endloop
  endfacet
  facet normal 1 0 0
    outer loop
      vertex 2.4 57.401923790574074 33
      vertex 2.4 53.401923790574074 26.071796767413616
      vertex 2.4 60 31.5
    endloop
  endfacet
  facet normal -1 0 0
    outer loop
      vertex 0 57.401923790574074 33
      vertex 0 70.59807620942593 33
      vertex 0 60 31.5
    endloop
  endfacet
  facet normal 1 0 0
    outer loop
      vertex 2.4 63.20000000000001 31.5
      vertex 2.4 60 34.5
      vertex 2.4 60 31.5
    endloop
  endfacet
  facet normal -1 0 0
    outer loop
      vertex 0 45.401923790574074 39.928203232586384
      vertex 0 56 41.428203232586384
      vertex 0 53.401923790574074 39.928203232586384
    endloop
  endfacet
  facet normal -1 0 0
    outer loop
      vertex 0 45.401923790574074 39.928203232586384
      vertex 0 53.401923790574074 42.928203232586384
      vertex 0 56 41.428203232586384
    endloop
  endfacet
  facet normal 1 0 0
    outer loop
      vertex 2.4 45.401923790574074 39.928203232586384
      vertex 2.4 53.401923790574074 39.928203232586384
      vertex 2.4 45.401923790574074 42.928203232586384
    endloop
  endfacet
  facet normal 1 0 0
    outer loop
      vertex 2.4 53.401923790574074 39.928203232586384
      vertex 2.4 53.401923790574074 42.928203232586384
      vertex 2.4 45.401923790574074 42.928203232586384
    endloop
  endfacet
  facet normal 1 0 0
    outer loop
      vertex 2.4 57.401923790574074 33
      vertex 2.4 56 41.428203232586384
      vertex 2.4 53.401923790574074 39.928203232586384
    endloop
  endfacet
  facet normal 1 0 0
    outer loop
      vertex 2.4 53.401923790574074 39.928203232586384
      vertex 2.4 56 41.428203232586384
      vertex 2.4 53.401923790574074 42.928203232586384
    endloop
  endfacet
  facet normal 1 0 0
    outer loop
      vertex 2.4 57.401923790574074 33
      vertex 2.4 60 31.5
      vertex 2.4 60 34.5
    endloop
  endfacet
  facet normal -1 0 0
    outer loop
      vertex 0 53.401923790574074 39.928203232586384
      vertex 0 60 34.5
      vertex 0 57.401923790574074 33
    endloop
  endfacet
  facet normal 1 0 0
    outer loop
      vertex 2.4 56 41.428203232586384
      vertex 2.4 57.401923790574074 33
      vertex 2.4 60 34.5
    endloop
  endfacet
  facet normal -1 0 0
    outer loop
      vertex 0 57.401923790574074 33
      vertex 0 60 34.5
      vertex 0 68 34.5
    endloop
  endfacet
  facet normal 1 0 0
    outer loop
      vertex 2.4 63.20000000000001 31.5
      vertex 2.4 63.20000000000001 34.5
      vertex 2.4 60 34.5
    endloop
  endfacet
  facet normal -1 0 0
    outer loop
      vertex 0 60 34.5
      vertex 0 53.401923790574074 39.928203232586384
      vertex 0 56 41.428203232586384
    endloop
  endfacet
  facet normal 1 0 0
    outer loop
      vertex 2.4 0 38
      vertex 2.4 2 38
      vertex 2.4 0 87
    endloop
  endfacet
  facet normal 1 0 0
    outer loop
      vertex 2.4 2 38
      vertex 2.4 16.20577136427164 42.928203232586384
      vertex 2.4 12.20577136427164 49.85640645772219
    endloop
  endfacet
  facet normal -1 0 0
    outer loop
      vertex 0 12.20577136427164 33
      vertex 0 6 61
      vertex 0 12.20577136427164 49.85640645772219
    endloop
  endfacet
  facet normal -1 0 0
    outer loop
      vertex 0 0 75
      vertex 0 6 61
      vertex 0 12.20577136427164 33
    endloop
  endfacet
  facet normal 1 0 0
    outer loop
      vertex 2.4 2 38
      vertex 2.4 12.20577136427164 49.85640645772219
      vertex 2.4 0 87
    endloop
  endfacet
  facet normal -1 0 0
    outer loop
      vertex 0 12.20577136427164 49.85640645772219
      vertex 0 6 61
      vertex 0 16.20577136427164 56.78460969030857
    endloop
  endfacet
  facet normal -1 0 0
    outer loop
      vertex 0 16.20577136427164 56.78460969030857
      vertex 0 6 61
      vertex 0 24.20577136427164 56.78460969030857
    endloop
  endfacet
  facet normal 1 0 0
    outer loop
      vertex 2.4 0 87
      vertex 2.4 12.20577136427164 49.85640645772219
      vertex 2.4 16.20577136427164 56.78460969030857
    endloop
  endfacet
  facet normal -1 0 0
    outer loop
      vertex 0 24.20577136427164 42.928203232586384
      vertex 0 28.20577136427164 49.85640645772219
      vertex 0 26.803847573697567 41.428203232586384
    endloop
  endfacet
  facet normal 1 0 0
    outer loop
      vertex 2.4 24.20577136427164 42.928203232586384
      vertex 2.4 26.803847573697567 41.428203232586384
      vertex 2.4 30.803847573697567 48.35640645772219
    endloop
  endfacet
  facet normal 1 0 0
    outer loop
      vertex 2.4 28.20577136427164 49.85640645772219
      vertex 2.4 24.20577136427164 42.928203232586384
      vertex 2.4 30.803847573697567 48.35640645772219
    endloop
  endfacet
  facet normal -1 0 0
    outer loop
      vertex 0 28.20577136427164 49.85640645772219
      vertex 0 30.803847573697567 48.35640645772219
      vertex 0 26.803847573697567 41.428203232586384
    endloop
  endfacet
  facet normal -1 0 0
    outer loop
      vertex 0 28.20577136427164 49.85640645772219
      vertex 0 24.20577136427164 56.78460969030857
      vertex 0 41.401923790574074 49.85640645772219
    endloop
  endfacet
  facet normal 1 0 0
    outer loop
      vertex 2.4 28.20577136427164 49.85640645772219
      vertex 2.4 41.401923790574074 49.85640645772219
      vertex 2.4 24.20577136427164 56.78460969030857
    endloop
  endfacet
  facet normal -1 0 0
    outer loop
      vertex 0 24.20577136427164 56.78460969030857
      vertex 0 6 61
      vertex 0 45.401923790574074 56.78460969030857
    endloop
  endfacet
  facet normal 0 -1 0
    outer loop
      vertex 2.4 0 38
      vertex 2.4 0 87
      vertex 0 0 75
    endloop
  endfacet
  facet normal -1 0 0
    outer loop
      vertex 0 0 75
      vertex 0 6 73
      vertex 0 6 61
    endloop
  endfacet
  facet normal 1 0 0
    outer loop
      vertex 2.4 0 87
      vertex 2.4 16.20577136427164 56.78460969030857
      vertex 2.4 24.20577136427164 56.78460969030857
    endloop
  endfacet
  facet normal 0 -1 0
    outer loop
      vertex 0 0 75
      vertex 2.4 0 87
      vertex 0 0 87
    endloop
  endfacet
  facet normal 1 0 0
    outer loop
      vertex 2.4 0 87
      vertex 2.4 24.20577136427164 56.78460969030857
      vertex 2.4 45.401923790574074 56.78460969030857
    endloop
  endfacet
  facet normal 0 0 1
    outer loop
      vertex 0 0 87
      vertex 2.4 0 87
      vertex 1 74.66666666666666 87
    endloop
  endfacet
  facet normal 1 0 0
    outer loop
      vertex 2.4 28.20577136427164 49.85640645772219
      vertex 2.4 30.803847573697567 48.35640645772219
      vertex 2.4 38.80384757369757 48.35640645772219
    endloop
  endfacet
  facet normal -1 0 0
    outer loop
      vertex 0 30.803847573697567 48.35640645772219
      vertex 0 41.401923790574074 49.85640645772219
      vertex 0 38.80384757369757 48.35640645772219
    endloop
  endfacet
  facet normal -1 0 0
    outer loop
      vertex 0 28.20577136427164 49.85640645772219
      vertex 0 41.401923790574074 49.85640645772219
      vertex 0 30.803847573697567 48.35640645772219
    endloop
  endfacet
  facet normal 1 0 0
    outer loop
      vertex 2.4 28.20577136427164 49.85640645772219
      vertex 2.4 38.80384757369757 48.35640645772219
      vertex 2.4 41.401923790574074 49.85640645772219
    endloop
  endfacet
  facet normal -1 0 0
    outer loop
      vertex 0 42.80384757369757 41.428203232586384
      vertex 0 38.80384757369757 48.35640645772219
      vertex 0 45.401923790574074 42.928203232586384
    endloop
  endfacet
  facet normal 1 0 0
    outer loop
      vertex 2.4 42.80384757369757 41.428203232586384
      vertex 2.4 45.401923790574074 42.928203232586384
      vertex 2.4 41.401923790574074 49.85640645772219
    endloop
  endfacet
  facet normal -1 0 0
    outer loop
      vertex 0 38.80384757369757 48.35640645772219
      vertex 0 41.401923790574074 49.85640645772219
      vertex 0 45.401923790574074 42.928203232586384
    endloop
  endfacet
  facet normal 1 0 0
    outer loop
      vertex 2.4 42.80384757369757 41.428203232586384
      vertex 2.4 41.401923790574074 49.85640645772219
      vertex 2.4 38.80384757369757 48.35640645772219
    endloop
  endfacet
  facet normal -1 0 0
    outer loop
      vertex 0 6 61
      vertex 0 53.401923790574074 56.78460969030857
      vertex 0 45.401923790574074 56.78460969030857
    endloop
  endfacet
  facet normal -1 0 0
    outer loop
      vertex 0 24.20577136427164 56.78460969030857
      vertex 0 45.401923790574074 56.78460969030857
      vertex 0 41.401923790574074 49.85640645772219
    endloop
  endfacet
  facet normal 1 0 0
    outer loop
      vertex 2.4 45.401923790574074 56.78460969030857
      vertex 2.4 24.20577136427164 56.78460969030857
      vertex 2.4 41.401923790574074 49.85640645772219
    endloop
  endfacet
  facet normal 1 0 0
    outer loop
      vertex 2.4 0 87
      vertex 2.4 53.401923790574074 56.78460969030857
      vertex 2.4 70.59807620942593 49.85640645772219
    endloop
  endfacet
  facet normal -1 0 0
    outer loop
      vertex 0 53.401923790574074 42.928203232586384
      vertex 0 57.401923790574074 49.85640645772219
      vertex 0 56 41.428203232586384
    endloop
  endfacet
  facet normal 1 0 0
    outer loop
      vertex 2.4 60 48.35640645772219
      vertex 2.4 53.401923790574074 42.928203232586384
      vertex 2.4 56 41.428203232586384
    endloop
  endfacet
  facet normal -1 0 0
    outer loop
      vertex 0 57.401923790574074 49.85640645772219
      vertex 0 60 48.35640645772219
      vertex 0 56 41.428203232586384
    endloop
  endfacet
  facet normal 1 0 0
    outer loop
      vertex 2.4 53.401923790574074 42.928203232586384
      vertex 2.4 60 48.35640645772219
      vertex 2.4 57.401923790574074 49.85640645772219
    endloop
  endfacet
  facet normal 1 0 0
    outer loop
      vertex 2.4 57.401923790574074 49.85640645772219
      vertex 2.4 60 48.35640645772219
      vertex 2.4 68 48.35640645772219
    endloop
  endfacet
  facet normal 1 0 0
    outer loop
      vertex 2.4 57.401923790574074 49.85640645772219
      vertex 2.4 68 48.35640645772219
      vertex 2.4 53.401923790574074 56.78460969030857
    endloop
  endfacet
  facet normal -1 0 0
    outer loop
      vertex 0 6 61
      vertex 0 103.11111111111111 61
      vertex 0 53.401923790574074 56.78460969030857
    endloop
  endfacet
  facet normal 1 0 0
    outer loop
      vertex 2.4 0 87
      vertex 2.4 70.59807620942593 49.85640645772219
      vertex 2.4 74.59807620942593 56.78460969030857
    endloop
  endfacet
  facet normal -1 0 0
    outer loop
      vertex 0 57.401923790574074 49.85640645772219
      vertex 0 53.401923790574074 56.78460969030857
      vertex 0 74.59807620942593 56.78460969030857
    endloop
  endfacet
  facet normal 1 0 0
    outer loop
      vertex 2.4 0 87
      vertex 2.4 45.401923790574074 56.78460969030857
      vertex 2.4 53.401923790574074 56.78460969030857
    endloop
  endfacet
  facet normal -1 0 0
    outer loop
      vertex 0 0 75
      vertex 0 128 75
      vertex 0 6 73
    endloop
  endfacet
  facet normal 1 0 0
    outer loop
      vertex 2.4 0 87
      vertex 2.4 74.59807620942593 56.78460969030857
      vertex 2.4 82.59807620942593 56.78460969030857
    endloop
  endfacet
  facet normal -1 0 0
    outer loop
      vertex 0 0 3
      vertex 0 82.59807620942593 9.21539030969143
      vertex 0 128 3
    endloop
  endfacet
  facet normal 1 0 0
    outer loop
      vertex 2.4 64.80000000000001 3
      vertex 2.4 74.59807620942593 9.21539030969143
      vertex 2.4 70.59807620942593 16.143593542277813
    endloop
  endfacet
  facet normal 1 0 0
    outer loop
      vertex 2.4 64.80000000000001 3
      vertex 2.4 82.59807620942593 9.21539030969143
      vertex 2.4 74.59807620942593 9.21539030969143
    endloop
  endfacet
  facet normal 1 0 0
    outer loop
      vertex 2.4 64.80000000000001 3
      vertex 2.4 68 17.643593542277813
      vertex 2.4 64.80000000000001 17.643593542277813
    endloop
  endfacet
  facet normal 1 0 0
    outer loop
      vertex 2.4 64.80000000000001 3
      vertex 2.4 70.59807620942593 16.143593542277813
      vertex 2.4 68 17.643593542277813
    endloop
  endfacet
  facet normal -1 0 0
    outer loop
      vertex 0 57.401923790574074 16.143593542277813
      vertex 0 70.59807620942593 16.143593542277813
      vertex 0 74.59807620942593 9.21539030969143
    endloop
  endfacet
  facet normal -1 0 0
    outer loop
      vertex 0 57.401923790574074 16.143593542277813
      vertex 0 68 17.643593542277813
      vertex 0 70.59807620942593 16.143593542277813
    endloop
  endfacet
  facet normal 1 0 0
    outer loop
      vertex 2.4 68 17.643593542277813
      vertex 2.4 70.59807620942593 16.143593542277813
      vertex 2.4 74.59807620942593 23.071796767413616
    endloop
  endfacet
  facet normal -1 0 0
    outer loop
      vertex 0 68 17.643593542277813
      vertex 0 72 24.571796767413616
      vertex 0 70.59807620942593 16.143593542277813
    endloop
  endfacet
  facet normal -1 0 0
    outer loop
      vertex 0 72 24.571796767413616
      vertex 0 74.59807620942593 23.071796767413616
      vertex 0 70.59807620942593 16.143593542277813
    endloop
  endfacet
  facet normal 1 0 0
    outer loop
      vertex 2.4 64.80000000000001 3
      vertex 2.4 103.79422863572836 9.21539030969143
      vertex 2.4 82.59807620942593 9.21539030969143
    endloop
  endfacet
  facet normal -1 0 0
    outer loop
      vertex 0 86.59807620942593 16.143593542277813
      vertex 0 82.59807620942593 23.071796767413616
      vertex 0 89.19615242630243 17.643593542277813
    endloop
  endfacet
  facet normal 1 0 0
    outer loop
      vertex 2.4 82.59807620942593 23.071796767413616
      vertex 2.4 86.59807620942593 16.143593542277813
      vertex 2.4 85.19615242630243 24.571796767413616
    endloop
  endfacet
  facet normal 1 0 0
    outer loop
      vertex 2.4 86.59807620942593 16.143593542277813
      vertex 2.4 89.19615242630243 17.643593542277813
      vertex 2.4 85.19615242630243 24.571796767413616
    endloop
  endfacet
  facet normal -1 0 0
    outer loop
      vertex 0 82.59807620942593 9.21539030969143
      vertex 0 86.59807620942593 16.143593542277813
      vertex 0 103.79422863572836 9.21539030969143
    endloop
  endfacet
  facet normal 1 0 0
    outer loop
      vertex 2.4 86.59807620942593 16.143593542277813
      vertex 2.4 82.59807620942593 9.21539030969143
      vertex 2.4 99.79422863572836 16.143593542277813
    endloop
  endfacet
  facet normal 1 0 0
    outer loop
      vertex 2.4 82.59807620942593 9.21539030969143
      vertex 2.4 103.79422863572836 9.21539030969143
      vertex 2.4 99.79422863572836 16.143593542277813
    endloop
  endfacet
  facet normal -1 0 0
    outer loop
      vertex 0 86.59807620942593 16.143593542277813
      vertex 0 89.19615242630243 17.643593542277813
      vertex 0 97.19615242630243 17.643593542277813
    endloop
  endfacet
  facet normal 1 0 0
    outer loop
      vertex 2.4 86.59807620942593 16.143593542277813
      vertex 2.4 99.79422863572836 16.143593542277813
      vertex 2.4 89.19615242630243 17.643593542277813
    endloop
  endfacet
  facet normal -1 0 0
    outer loop
      vertex 0 86.59807620942593 16.143593542277813
      vertex 0 97.19615242630243 17.643593542277813
      vertex 0 99.79422863572836 16.143593542277813
    endloop
  endfacet
  facet normal 1 0 0
    outer loop
      vertex 2.4 97.19615242630243 17.643593542277813
      vertex 2.4 89.19615242630243 17.643593542277813
      vertex 2.4 99.79422863572836 16.143593542277813
    endloop
  endfacet
  facet normal 1 0 0
    outer loop
      vertex 2.4 72 24.571796767413616
      vertex 2.4 68 17.643593542277813
      vertex 2.4 74.59807620942593 23.071796767413616
    endloop
  endfacet
  facet normal -1 0 0
    outer loop
      vertex 0 60 31.5
      vertex 0 70.59807620942593 33
      vertex 0 68 31.5
    endloop
  endfacet
  facet normal 1 0 0
    outer loop
      vertex 2.4 64.80000000000001 31.5
      vertex 2.4 68 31.5
      vertex 2.4 64.80000000000001 34.5
    endloop
  endfacet
  facet normal -1 0 0
    outer loop
      vertex 0 72 24.571796767413616
      vertex 0 68 31.5
      vertex 0 74.59807620942593 26.071796767413616
    endloop
  endfacet
  facet normal 1 0 0
    outer loop
      vertex 2.4 68 31.5
      vertex 2.4 72 24.571796767413616
      vertex 2.4 70.59807620942593 33
    endloop
  endfacet
  facet normal -1 0 0
    outer loop
      vertex 0 68 31.5
      vertex 0 70.59807620942593 33
      vertex 0 74.59807620942593 26.071796767413616
    endloop
  endfacet
  facet normal 1 0 0
    outer loop
      vertex 2.4 72 24.571796767413616
      vertex 2.4 74.59807620942593 23.071796767413616
      vertex 2.4 74.59807620942593 26.071796767413616
    endloop
  endfacet
  facet normal -1 0 0
    outer loop
      vertex 0 72 24.571796767413616
      vertex 0 85.19615242630243 24.571796767413616
      vertex 0 74.59807620942593 23.071796767413616
    endloop
  endfacet
  facet normal 1 0 0
    outer loop
      vertex 2.4 74.59807620942593 23.071796767413616
      vertex 2.4 82.59807620942593 23.071796767413616
      vertex 2.4 74.59807620942593 26.071796767413616
    endloop
  endfacet
  facet normal -1 0 0
    outer loop
      vertex 0 72 24.571796767413616
      vertex 0 74.59807620942593 26.071796767413616
      vertex 0 82.59807620942593 26.071796767413616
    endloop
  endfacet
  facet normal -1 0 0
    outer loop
      vertex 0 72 24.571796767413616
      vertex 0 82.59807620942593 26.071796767413616
      vertex 0 85.19615242630243 24.571796767413616
    endloop
  endfacet
  facet normal 1 0 0
    outer loop
      vertex 2.4 82.59807620942593 23.071796767413616
      vertex 2.4 82.59807620942593 26.071796767413616
      vertex 2.4 74.59807620942593 26.071796767413616
    endloop
  endfacet
  facet normal 1 0 0
    outer loop
      vertex 2.4 72 24.571796767413616
      vertex 2.4 74.59807620942593 26.071796767413616
      vertex 2.4 70.59807620942593 33
    endloop
  endfacet
  facet normal -1 0 0
    outer loop
      vertex 0 57.401923790574074 33
      vertex 0 68 34.5
      vertex 0 70.59807620942593 33
    endloop
  endfacet
  facet normal 1 0 0
    outer loop
      vertex 2.4 64.80000000000001 34.5
      vertex 2.4 68 31.5
      vertex 2.4 68 34.5
    endloop
  endfacet
  facet normal 1 0 0
    outer loop
      vertex 2.4 68 31.5
      vertex 2.4 70.59807620942593 33
      vertex 2.4 68 34.5
    endloop
  endfacet
  facet normal -1 0 0
    outer loop
      vertex 0 68 34.5
      vertex 0 72 41.428203232586384
      vertex 0 70.59807620942593 33
    endloop
  endfacet
  facet normal 1 0 0
    outer loop
      vertex 2.4 68 34.5
      vertex 2.4 70.59807620942593 33
      vertex 2.4 74.59807620942593 39.928203232586384
    endloop
  endfacet
  facet normal 1 0 0
    outer loop
      vertex 2.4 68 34.5
      vertex 2.4 74.59807620942593 39.928203232586384
      vertex 2.4 72 41.428203232586384
    endloop
  endfacet
  facet normal -1 0 0
    outer loop
      vertex 0 72 41.428203232586384
      vertex 0 74.59807620942593 39.928203232586384
      vertex 0 70.59807620942593 33
    endloop
  endfacet
  facet normal 1 0 0
    outer loop
      vertex 2.4 72 41.428203232586384
      vertex 2.4 74.59807620942593 39.928203232586384
      vertex 2.4 74.59807620942593 42.928203232586384
    endloop
  endfacet
  facet normal -1 0 0
    outer loop
      vertex 0 72 41.428203232586384
      vertex 0 85.19615242630243 41.428203232586384
      vertex 0 74.59807620942593 39.928203232586384
    endloop
  endfacet
  facet normal -1 0 0
    outer loop
      vertex 0 72 41.428203232586384
      vertex 0 74.59807620942593 42.928203232586384
      vertex 0 82.59807620942593 42.928203232586384
    endloop
  endfacet
  facet normal -1 0 0
    outer loop
      vertex 0 72 41.428203232586384
      vertex 0 82.59807620942593 42.928203232586384
      vertex 0 85.19615242630243 41.428203232586384
    endloop
  endfacet
  facet normal 1 0 0
    outer loop
      vertex 2.4 74.59807620942593 39.928203232586384
      vertex 2.4 82.59807620942593 39.928203232586384
      vertex 2.4 74.59807620942593 42.928203232586384
    endloop
  endfacet
  facet normal 1 0 0
    outer loop
      vertex 2.4 82.59807620942593 39.928203232586384
      vertex 2.4 82.59807620942593 42.928203232586384
      vertex 2.4 74.59807620942593 42.928203232586384
    endloop
  endfacet
  facet normal -1 0 0
    outer loop
      vertex 0 82.59807620942593 23.071796767413616
      vertex 0 74.59807620942593 23.071796767413616
      vertex 0 85.19615242630243 24.571796767413616
    endloop
  endfacet
  facet normal 1 0 0
    outer loop
      vertex 2.4 82.59807620942593 23.071796767413616
      vertex 2.4 85.19615242630243 24.571796767413616
      vertex 2.4 82.59807620942593 26.071796767413616
    endloop
  endfacet
  facet normal -1 0 0
    outer loop
      vertex 0 82.59807620942593 23.071796767413616
      vertex 0 85.19615242630243 24.571796767413616
      vertex 0 89.19615242630243 17.643593542277813
    endloop
  endfacet
  facet normal -1 0 0
    outer loop
      vertex 0 82.59807620942593 26.071796767413616
      vertex 0 86.59807620942593 33
      vertex 0 85.19615242630243 24.571796767413616
    endloop
  endfacet
  facet normal -1 0 0
    outer loop
      vertex 0 86.59807620942593 33
      vertex 0 89.19615242630243 31.5
      vertex 0 85.19615242630243 24.571796767413616
    endloop
  endfacet
  facet normal 1 0 0
    outer loop
      vertex 2.4 82.59807620942593 26.071796767413616
      vertex 2.4 85.19615242630243 24.571796767413616
      vertex 2.4 89.19615242630243 31.5
    endloop
  endfacet
  facet normal 1 0 0
    outer loop
      vertex 2.4 82.59807620942593 26.071796767413616
      vertex 2.4 89.19615242630243 31.5
      vertex 2.4 86.59807620942593 33
    endloop
  endfacet
  facet normal -1 0 0
    outer loop
      vertex 0 86.59807620942593 33
      vertex 0 99.79422863572836 33
      vertex 0 89.19615242630243 31.5
    endloop
  endfacet
  facet normal 1 0 0
    outer loop
      vertex 2.4 89.19615242630243 31.5
      vertex 2.4 97.19615242630243 31.5
      vertex 2.4 89.19615242630243 34.5
    endloop
  endfacet
  facet normal -1 0 0
    outer loop
      vertex 0 89.19615242630243 31.5
      vertex 0 99.79422863572836 33
      vertex 0 97.19615242630243 31.5
    endloop
  endfacet
  facet normal -1 0 0
    outer loop
      vertex 0 86.59807620942593 33
      vertex 0 82.59807620942593 39.928203232586384
      vertex 0 89.19615242630243 34.5
    endloop
  endfacet
  facet normal 1 0 0
    outer loop
      vertex 2.4 86.59807620942593 33
      vertex 2.4 89.19615242630243 34.5
      vertex 2.4 85.19615242630243 41.428203232586384
    endloop
  endfacet
  facet normal -1 0 0
    outer loop
      vertex 0 74.59807620942593 39.928203232586384
      vertex 0 85.19615242630243 41.428203232586384
      vertex 0 82.59807620942593 39.928203232586384
    endloop
  endfacet
  facet normal -1 0 0
    outer loop
      vertex 0 82.59807620942593 39.928203232586384
      vertex 0 85.19615242630243 41.428203232586384
      vertex 0 89.19615242630243 34.5
    endloop
  endfacet
  facet normal 1 0 0
    outer loop
      vertex 2.4 82.59807620942593 39.928203232586384
      vertex 2.4 86.59807620942593 33
      vertex 2.4 85.19615242630243 41.428203232586384
    endloop
  endfacet
  facet normal 1 0 0
    outer loop
      vertex 2.4 82.59807620942593 39.928203232586384
      vertex 2.4 85.19615242630243 41.428203232586384
      vertex 2.4 89.19615242630243 48.35640645772219
    endloop
  endfacet
  facet normal -1 0 0
    outer loop
      vertex 0 86.59807620942593 33
      vertex 0 89.19615242630243 34.5
      vertex 0 97.19615242630243 34.5
    endloop
  endfacet
  facet normal 1 0 0
    outer loop
      vertex 2.4 86.59807620942593 33
      vertex 2.4 89.19615242630243 31.5
      vertex 2.4 89.19615242630243 34.5
    endloop
  endfacet
  facet normal -1 0 0
    outer loop
      vertex 0 86.59807620942593 33
      vertex 0 97.19615242630243 34.5
      vertex 0 99.79422863572836 33
    endloop
  endfacet
  facet normal 1 0 0
    outer loop
      vertex 2.4 97.19615242630243 31.5
      vertex 2.4 97.19615242630243 34.5
      vertex 2.4 89.19615242630243 34.5
    endloop
  endfacet
  facet normal 1 0 0
    outer loop
      vertex 2.4 64.80000000000001 3
      vertex 2.4 126 3
      vertex 2.4 103.79422863572836 9.21539030969143
    endloop
  endfacet
  facet normal -1 0 0
    outer loop
      vertex 0 128 3
      vertex 0 82.59807620942593 9.21539030969143
      vertex 0 103.79422863572836 9.21539030969143
    endloop
  endfacet
  facet normal -1 0 0
    outer loop
      vertex 0 86.59807620942593 16.143593542277813
      vertex 0 99.79422863572836 16.143593542277813
      vertex 0 103.79422863572836 9.21539030969143
    endloop
  endfacet
  facet normal -1 0 0
    outer loop
      vertex 0 97.19615242630243 17.643593542277813
      vertex 0 101.19615242630243 24.571796767413616
      vertex 0 99.79422863572836 16.143593542277813
    endloop
  endfacet
  facet normal 1 0 0
    outer loop
      vertex 2.4 97.19615242630243 17.643593542277813
      vertex 2.4 99.79422863572836 16.143593542277813
      vertex 2.4 103.79422863572836 23.071796767413616
    endloop
  endfacet
  facet normal -1 0 0
    outer loop
      vertex 0 101.19615242630243 24.571796767413616
      vertex 0 103.79422863572836 23.071796767413616
      vertex 0 99.79422863572836 16.143593542277813
    endloop
  endfacet
  facet normal -1 0 0
    outer loop
      vertex 0 128 3
      vertex 0 103.79422863572836 9.21539030969143
      vertex 0 111.79422863572836 9.21539030969143
    endloop
  endfacet
  facet normal 1 0 0
    outer loop
      vertex 2.4 126 3
      vertex 2.4 111.79422863572836 9.21539030969143
      vertex 2.4 103.79422863572836 9.21539030969143
    endloop
  endfacet
  facet normal -1 0 0
    outer loop
      vertex 0 128 3
      vertex 0 111.79422863572836 9.21539030969143
      vertex 0 115.79422863572836 16.143593542277813
    endloop
  endfacet
  facet normal 1 0 0
    outer loop
      vertex 2.4 126 3
      vertex 2.4 115.79422863572836 16.143593542277813
      vertex 2.4 111.79422863572836 9.21539030969143
    endloop
  endfacet
  facet normal -1 0 0
    outer loop
      vertex 0 128 3
      vertex 0 115.79422863572836 16.143593542277813
      vertex 0 115.79422863572836 33
    endloop
  endfacet
  facet normal 0 1 0
    outer loop
      vertex 0 128 3
      vertex 2.4 128 38
      vertex 2.4 128 3
    endloop
  endfacet
  facet normal 1 0 0
    outer loop
      vertex 2.4 126 3
      vertex 2.4 126 38
      vertex 2.4 115.79422863572836 16.143593542277813
    endloop
  endfacet
  facet normal 1 0 0
    outer loop
      vertex 2.4 97.19615242630243 17.643593542277813
      vertex 2.4 103.79422863572836 23.071796767413616
      vertex 2.4 101.19615242630243 24.571796767413616
    endloop
  endfacet
  facet normal -1 0 0
    outer loop
      vertex 0 101.19615242630243 24.571796767413616
      vertex 0 103.79422863572836 26.071796767413616
      vertex 0 103.79422863572836 23.071796767413616
    endloop
  endfacet
  facet normal 1 0 0
    outer loop
      vertex 2.4 101.19615242630243 24.571796767413616
      vertex 2.4 103.79422863572836 23.071796767413616
      vertex 2.4 103.79422863572836 26.071796767413616
    endloop
  endfacet
  facet normal 1 0 0
    outer loop
      vertex 2.4 97.19615242630243 31.5
      vertex 2.4 101.19615242630243 24.571796767413616
      vertex 2.4 99.79422863572836 33
    endloop
  endfacet
  facet normal -1 0 0
    outer loop
      vertex 0 101.19615242630243 24.571796767413616
      vertex 0 97.19615242630243 31.5
      vertex 0 103.79422863572836 26.071796767413616
    endloop
  endfacet
  facet normal 1 0 0
    outer loop
      vertex 2.4 101.19615242630243 24.571796767413616
      vertex 2.4 103.79422863572836 26.071796767413616
      vertex 2.4 99.79422863572836 33
    endloop
  endfacet
  facet normal -1 0 0
    outer loop
      vertex 0 97.19615242630243 31.5
      vertex 0 99.79422863572836 33
      vertex 0 103.79422863572836 26.071796767413616
    endloop
  endfacet
  facet normal 1 0 0
    outer loop
      vertex 2.4 103.79422863572836 23.071796767413616
      vertex 2.4 111.79422863572836 23.071796767413616
      vertex 2.4 103.79422863572836 26.071796767413616
    endloop
  endfacet
  facet normal -1 0 0
    outer loop
      vertex 0 103.79422863572836 23.071796767413616
      vertex 0 103.79422863572836 26.071796767413616
      vertex 0 111.79422863572836 26.071796767413616
    endloop
  endfacet
  facet normal -1 0 0
    outer loop
      vertex 0 111.79422863572836 23.071796767413616
      vertex 0 103.79422863572836 23.071796767413616
      vertex 0 111.79422863572836 26.071796767413616
    endloop
  endfacet
  facet normal 1 0 0
    outer loop
      vertex 2.4 111.79422863572836 23.071796767413616
      vertex 2.4 111.79422863572836 26.071796767413616
      vertex 2.4 103.79422863572836 26.071796767413616
    endloop
  endfacet
  facet normal 1 0 0
    outer loop
      vertex 2.4 97.19615242630243 31.5
      vertex 2.4 99.79422863572836 33
      vertex 2.4 97.19615242630243 34.5
    endloop
  endfacet
  facet normal -1 0 0
    outer loop
      vertex 0 97.19615242630243 34.5
      vertex 0 101.19615242630243 41.428203232586384
      vertex 0 99.79422863572836 33
    endloop
  endfacet
  facet normal 1 0 0
    outer loop
      vertex 2.4 97.19615242630243 34.5
      vertex 2.4 99.79422863572836 33
      vertex 2.4 103.79422863572836 39.928203232586384
    endloop
  endfacet
  facet normal -1 0 0
    outer loop
      vertex 0 101.19615242630243 41.428203232586384
      vertex 0 103.79422863572836 39.928203232586384
      vertex 0 99.79422863572836 33
    endloop
  endfacet
  facet normal 1 0 0
    outer loop
      vertex 2.4 101.19615242630243 41.428203232586384
      vertex 2.4 97.19615242630243 34.5
      vertex 2.4 103.79422863572836 39.928203232586384
    endloop
  endfacet
  facet normal -1 0 0
    outer loop
      vertex 0 101.19615242630243 41.428203232586384
      vertex 0 111.79422863572836 42.928203232586384
      vertex 0 103.79422863572836 39.928203232586384
    endloop
  endfacet
  facet normal -1 0 0
    outer loop
      vertex 0 101.19615242630243 41.428203232586384
      vertex 0 103.79422863572836 42.928203232586384
      vertex 0 111.79422863572836 42.928203232586384
    endloop
  endfacet
  facet normal 1 0 0
    outer loop
      vertex 2.4 101.19615242630243 41.428203232586384
      vertex 2.4 103.79422863572836 39.928203232586384
      vertex 2.4 111.79422863572836 42.928203232586384
    endloop
  endfacet
  facet normal 1 0 0
    outer loop
      vertex 2.4 101.19615242630243 41.428203232586384
      vertex 2.4 111.79422863572836 42.928203232586384
      vertex 2.4 103.79422863572836 42.928203232586384
    endloop
  endfacet
  facet normal -1 0 0
    outer loop
      vertex 0 103.79422863572836 39.928203232586384
      vertex 0 111.79422863572836 42.928203232586384
      vertex 0 111.79422863572836 39.928203232586384
    endloop
  endfacet
  facet normal 1 0 0
    outer loop
      vertex 2.4 103.79422863572836 39.928203232586384
      vertex 2.4 111.79422863572836 39.928203232586384
      vertex 2.4 111.79422863572836 42.928203232586384
    endloop
  endfacet
  facet normal -1 0 0
    outer loop
      vertex 0 115.79422863572836 16.143593542277813
      vertex 0 111.79422863572836 23.071796767413616
      vertex 0 115.79422863572836 33
    endloop
  endfacet
  facet normal 1 0 0
    outer loop
      vertex 2.4 111.79422863572836 23.071796767413616
      vertex 2.4 115.79422863572836 16.143593542277813
      vertex 2.4 111.79422863572836 26.071796767413616
    endloop
  endfacet
  facet normal 1 0 0
    outer loop
      vertex 2.4 115.79422863572836 16.143593542277813
      vertex 2.4 115.79422863572836 33
      vertex 2.4 111.79422863572836 26.071796767413616
    endloop
  endfacet
  facet normal -1 0 0
    outer loop
      vertex 0 111.79422863572836 23.071796767413616
      vertex 0 111.79422863572836 26.071796767413616
      vertex 0 115.79422863572836 33
    endloop
  endfacet
  facet normal 1 0 0
    outer loop
      vertex 2.4 126 38
      vertex 2.4 115.79422863572836 33
      vertex 2.4 115.79422863572836 16.143593542277813
    endloop
  endfacet
  facet normal -1 0 0
    outer loop
      vertex 0 128 3
      vertex 0 115.79422863572836 33
      vertex 0 122 61
    endloop
  endfacet
  facet normal 1 0 0
    outer loop
      vertex 2.4 126 38
      vertex 2.4 111.79422863572836 39.928203232586384
      vertex 2.4 115.79422863572836 33
    endloop
  endfacet
  facet normal -1 0 0
    outer loop
      vertex 0 115.79422863572836 33
      vertex 0 111.79422863572836 39.928203232586384
      vertex 0 115.79422863572836 49.85640645772219
    endloop
  endfacet
  facet normal 1 0 0
    outer loop
      vertex 2.4 126 38
      vertex 2.4 111.79422863572836 42.928203232586384
      vertex 2.4 111.79422863572836 39.928203232586384
    endloop
  endfacet
  facet normal 0 1 0
    outer loop
      vertex 0 128 3
      vertex 0 128 87
      vertex 2.4 128 38
    endloop
  endfacet
  facet normal -1 0 0
    outer loop
      vertex 0 60 48.35640645772219
      vertex 0 70.59807620942593 49.85640645772219
      vertex 0 68 48.35640645772219
    endloop
  endfacet
  facet normal -1 0 0
    outer loop
      vertex 0 68 48.35640645772219
      vertex 0 74.59807620942593 42.928203232586384
      vertex 0 72 41.428203232586384
    endloop
  endfacet
  facet normal -1 0 0
    outer loop
      vertex 0 68 48.35640645772219
      vertex 0 70.59807620942593 49.85640645772219
      vertex 0 74.59807620942593 42.928203232586384
    endloop
  endfacet
  facet normal 1 0 0
    outer loop
      vertex 2.4 72 41.428203232586384
      vertex 2.4 70.59807620942593 49.85640645772219
      vertex 2.4 68 48.35640645772219
    endloop
  endfacet
  facet normal -1 0 0
    outer loop
      vertex 0 57.401923790574074 49.85640645772219
      vertex 0 74.59807620942593 56.78460969030857
      vertex 0 60 48.35640645772219
    endloop
  endfacet
  facet normal 1 0 0
    outer loop
      vertex 2.4 53.401923790574074 56.78460969030857
      vertex 2.4 68 48.35640645772219
      vertex 2.4 70.59807620942593 49.85640645772219
    endloop
  endfacet
  facet normal -1 0 0
    outer loop
      vertex 0 60 48.35640645772219
      vertex 0 74.59807620942593 56.78460969030857
      vertex 0 70.59807620942593 49.85640645772219
    endloop
  endfacet
  facet normal 1 0 0
    outer loop
      vertex 2.4 72 41.428203232586384
      vertex 2.4 74.59807620942593 42.928203232586384
      vertex 2.4 70.59807620942593 49.85640645772219
    endloop
  endfacet
  facet normal -1 0 0
    outer loop
      vertex 0 53.401923790574074 56.78460969030857
      vertex 0 103.11111111111111 61
      vertex 0 74.59807620942593 56.78460969030857
    endloop
  endfacet
  facet normal -1 0 0
    outer loop
      vertex 0 82.59807620942593 42.928203232586384
      vertex 0 86.59807620942593 49.85640645772219
      vertex 0 85.19615242630243 41.428203232586384
    endloop
  endfacet
  facet normal 1 0 0
    outer loop
      vertex 2.4 82.59807620942593 39.928203232586384
      vertex 2.4 89.19615242630243 48.35640645772219
      vertex 2.4 82.59807620942593 42.928203232586384
    endloop
  endfacet
  facet normal -1 0 0
    outer loop
      vertex 0 86.59807620942593 49.85640645772219
      vertex 0 89.19615242630243 48.35640645772219
      vertex 0 85.19615242630243 41.428203232586384
    endloop
  endfacet
  facet normal 1 0 0
    outer loop
      vertex 2.4 86.59807620942593 49.85640645772219
      vertex 2.4 82.59807620942593 42.928203232586384
      vertex 2.4 89.19615242630243 48.35640645772219
    endloop
  endfacet
  facet normal 1 0 0
    outer loop
      vertex 2.4 89.19615242630243 48.35640645772219
      vertex 2.4 97.19615242630243 48.35640645772219
      vertex 2.4 86.59807620942593 49.85640645772219
    endloop
  endfacet
  facet normal -1 0 0
    outer loop
      vertex 0 89.19615242630243 48.35640645772219
      vertex 0 99.79422863572836 49.85640645772219
      vertex 0 97.19615242630243 48.35640645772219
    endloop
  endfacet
  facet normal -1 0 0
    outer loop
      vertex 0 86.59807620942593 49.85640645772219
      vertex 0 99.79422863572836 49.85640645772219
      vertex 0 89.19615242630243 48.35640645772219
    endloop
  endfacet
  facet normal 1 0 0
    outer loop
      vertex 2.4 82.59807620942593 56.78460969030857
      vertex 2.4 86.59807620942593 49.85640645772219
      vertex 2.4 97.19615242630243 48.35640645772219
    endloop
  endfacet
  facet normal 1 0 0
    outer loop
      vertex 2.4 82.59807620942593 56.78460969030857
      vertex 2.4 97.19615242630243 48.35640645772219
      vertex 2.4 99.79422863572836 49.85640645772219
    endloop
  endfacet
  facet normal -1 0 0
    outer loop
      vertex 0 103.11111111111111 61
      vertex 0 82.59807620942593 56.78460969030857
      vertex 0 74.59807620942593 56.78460969030857
    endloop
  endfacet
  facet normal -1 0 0
    outer loop
      vertex 0 82.59807620942593 56.78460969030857
      vertex 0 103.11111111111111 61
      vertex 0 86.59807620942593 49.85640645772219
    endloop
  endfacet
  facet normal 1 0 0
    outer loop
      vertex 2.4 82.59807620942593 56.78460969030857
      vertex 2.4 99.79422863572836 49.85640645772219
      vertex 2.4 103.79422863572836 56.78460969030857
    endloop
  endfacet
  facet normal 1 0 0
    outer loop
      vertex 2.4 0 87
      vertex 2.4 82.59807620942593 56.78460969030857
      vertex 2.4 128 87
    endloop
  endfacet
  facet normal 0 0 1
    outer loop
      vertex 2.4 0 87
      vertex 2.4 128 87
      vertex 1 74.66666666666666 87
    endloop
  endfacet
  facet normal -1 0 0
    outer loop
      vertex 0 128 75
      vertex 0 122 73
      vertex 0 6 73
    endloop
  endfacet
  facet normal 1 0 0
    outer loop
      vertex 2.4 99.79422863572836 49.85640645772219
      vertex 2.4 97.19615242630243 48.35640645772219
      vertex 2.4 101.19615242630243 41.428203232586384
    endloop
  endfacet
  facet normal -1 0 0
    outer loop
      vertex 0 101.19615242630243 41.428203232586384
      vertex 0 97.19615242630243 48.35640645772219
      vertex 0 103.79422863572836 42.928203232586384
    endloop
  endfacet
  facet normal 1 0 0
    outer loop
      vertex 2.4 99.79422863572836 49.85640645772219
      vertex 2.4 101.19615242630243 41.428203232586384
      vertex 2.4 103.79422863572836 42.928203232586384
    endloop
  endfacet
  facet normal -1 0 0
    outer loop
      vertex 0 97.19615242630243 48.35640645772219
      vertex 0 99.79422863572836 49.85640645772219
      vertex 0 103.79422863572836 42.928203232586384
    endloop
  endfacet
  facet normal -1 0 0
    outer loop
      vertex 0 86.59807620942593 49.85640645772219
      vertex 0 103.79422863572836 56.78460969030857
      vertex 0 99.79422863572836 49.85640645772219
    endloop
  endfacet
  facet normal -1 0 0
    outer loop
      vertex 0 103.11111111111111 61
      vertex 0 103.79422863572836 56.78460969030857
      vertex 0 86.59807620942593 49.85640645772219
    endloop
  endfacet
  facet normal -1 0 0
    outer loop
      vertex 0 103.11111111111111 61
      vertex 0 111.79422863572836 56.78460969030857
      vertex 0 103.79422863572836 56.78460969030857
    endloop
  endfacet
  facet normal -1 0 0
    outer loop
      vertex 0 111.79422863572836 39.928203232586384
      vertex 0 111.79422863572836 42.928203232586384
      vertex 0 115.79422863572836 49.85640645772219
    endloop
  endfacet
  facet normal 1 0 0
    outer loop
      vertex 2.4 126 38
      vertex 2.4 115.79422863572836 49.85640645772219
      vertex 2.4 111.79422863572836 42.928203232586384
    endloop
  endfacet
  facet normal -1 0 0
    outer loop
      vertex 0 115.79422863572836 33
      vertex 0 115.79422863572836 49.85640645772219
      vertex 0 122 61
    endloop
  endfacet
  facet normal -1 0 0
    outer loop
      vertex 0 128 3
      vertex 0 122 61
      vertex 0 128 75
    endloop
  endfacet
  facet normal 1 0 0
    outer loop
      vertex 2.4 126 38
      vertex 2.4 128 38
      vertex 2.4 128 87
    endloop
  endfacet
  facet normal -1 0 0
    outer loop
      vertex 0 103.11111111111111 61
      vertex 0 122 61
      vertex 0 111.79422863572836 56.78460969030857
    endloop
  endfacet
  facet normal -1 0 0
    outer loop
      vertex 0 122 61
      vertex 0 115.79422863572836 49.85640645772219
      vertex 0 111.79422863572836 56.78460969030857
    endloop
  endfacet
  facet normal 1 0 0
    outer loop
      vertex 2.4 128 87
      vertex 2.4 111.79422863572836 56.78460969030857
      vertex 2.4 115.79422863572836 49.85640645772219
    endloop
  endfacet
  facet normal 1 0 0
    outer loop
      vertex 2.4 126 38
      vertex 2.4 128 87
      vertex 2.4 115.79422863572836 49.85640645772219
    endloop
  endfacet
  facet normal 0 0 0
    outer loop
      vertex 0 128 3
      vertex 0 128 75
      vertex 0 128 87
    endloop
  endfacet
  facet normal 1 0 0
    outer loop
      vertex 2.4 128 87
      vertex 2.4 82.59807620942593 56.78460969030857
      vertex 2.4 103.79422863572836 56.78460969030857
    endloop
  endfacet
  facet normal 0 0 1
    outer loop
      vertex 1 74.66666666666666 87
      vertex 2.4 128 87
      vertex 0 128 87
    endloop
  endfacet
  facet normal 1 0 0
    outer loop
      vertex 2.4 128 87
      vertex 2.4 103.79422863572836 56.78460969030857
      vertex 2.4 111.79422863572836 56.78460969030857
    endloop
  endfacet
  facet normal -1 0 0
    outer loop
      vertex 0 128 75
      vertex 0 122 61
      vertex 0 122 73
    endloop
  endfacet
  facet normal 0 1 0
    outer loop
      vertex 2.4 128 38
      vertex 0 128 87
      vertex 2.4 128 87
    endloop
  endfacet
  facet normal -1 0 0
    outer loop
      vertex 100.39999999999999 2 3
      vertex 100.39999999999999 12.20577136427164 16.143593542277813
      vertex 100.39999999999999 16.20577136427164 9.21539030969143
    endloop
  endfacet
  facet normal 1 0 0
    outer loop
      vertex 102.8 0 3
      vertex 102.8 16.20577136427164 9.21539030969143
      vertex 102.8 12.20577136427164 16.143593542277813
    endloop
  endfacet
  facet normal -1 0 0
    outer loop
      vertex 100.39999999999999 2 3
      vertex 100.39999999999999 16.20577136427164 9.21539030969143
      vertex 100.39999999999999 24.20577136427164 9.21539030969143
    endloop
  endfacet
  facet normal 1 0 0
    outer loop
      vertex 102.8 0 3
      vertex 102.8 24.20577136427164 9.21539030969143
      vertex 102.8 16.20577136427164 9.21539030969143
    endloop
  endfacet
  facet normal 0 -1 0
    outer loop
      vertex 100.39999999999999 0 3
      vertex 102.8 0 3
      vertex 100.39999999999999 0 38
    endloop
  endfacet
  facet normal -1 0 0
    outer loop
      vertex 100.39999999999999 2 3
      vertex 100.39999999999999 2 38
      vertex 100.39999999999999 12.20577136427164 16.143593542277813
    endloop
  endfacet
  facet normal 1 0 0
    outer loop
      vertex 102.8 0 3
      vertex 102.8 12.20577136427164 16.143593542277813
      vertex 102.8 12.20577136427164 33
    endloop
  endfacet
  facet normal 1 0 0
    outer loop
      vertex 102.8 0 3
      vertex 102.8 45.401923790574074 9.21539030969143
      vertex 102.8 24.20577136427164 9.21539030969143
    endloop
  endfacet
  facet normal -1 0 0
    outer loop
      vertex 100.39999999999999 2 3
      vertex 100.39999999999999 24.20577136427164 9.21539030969143
      vertex 100.39999999999999 63.20000000000001 3
    endloop
  endfacet
  facet normal 1 0 0
    outer loop
      vertex 102.8 28.20577136427164 16.143593542277813
      vertex 102.8 24.20577136427164 9.21539030969143
      vertex 102.8 41.401923790574074 16.143593542277813
    endloop
  endfacet
  facet normal -1 0 0
    outer loop
      vertex 100.39999999999999 24.20577136427164 23.071796767413616
      vertex 100.39999999999999 30.803847573697567 17.643593542277813
      vertex 100.39999999999999 28.20577136427164 16.143593542277813
    endloop
  endfacet
  facet normal 1 0 0
    outer loop
      vertex 102.8 24.20577136427164 23.071796767413616
      vertex 102.8 28.20577136427164 16.143593542277813
      vertex 102.8 26.803847573697567 24.571796767413616
    endloop
  endfacet
  facet normal 1 0 0
    outer loop
      vertex 102.8 28.20577136427164 16.143593542277813
      vertex 102.8 30.803847573697567 17.643593542277813
      vertex 102.8 26.803847573697567 24.571796767413616
    endloop
  endfacet
  facet normal 1 0 0
    outer loop
      vertex 102.8 0 3
      vertex 102.8 12.20577136427164 33
      vertex 102.8 6 61
    endloop
  endfacet
  facet normal -1 0 0
    outer loop
      vertex 100.39999999999999 12.20577136427164 16.143593542277813
      vertex 100.39999999999999 16.20577136427164 26.071796767413616
      vertex 100.39999999999999 16.20577136427164 23.071796767413616
    endloop
  endfacet
  facet normal 1 0 0
    outer loop
      vertex 102.8 12.20577136427164 16.143593542277813
      vertex 102.8 16.20577136427164 23.071796767413616
      vertex 102.8 12.20577136427164 33
    endloop
  endfacet
  facet normal -1 0 0
    outer loop
      vertex 100.39999999999999 12.20577136427164 16.143593542277813
      vertex 100.39999999999999 12.20577136427164 33
      vertex 100.39999999999999 16.20577136427164 26.071796767413616
    endloop
  endfacet
  facet normal -1 0 0
    outer loop
      vertex 100.39999999999999 2 38
      vertex 100.39999999999999 12.20577136427164 33
      vertex 100.39999999999999 12.20577136427164 16.143593542277813
    endloop
  endfacet
  facet normal 1 0 0
    outer loop
      vertex 102.8 16.20577136427164 23.071796767413616
      vertex 102.8 16.20577136427164 26.071796767413616
      vertex 102.8 12.20577136427164 33
    endloop
  endfacet
  facet normal 0 -1 0
    outer loop
      vertex 102.8 0 3
      vertex 102.8 0 75
      vertex 100.39999999999999 0 38
    endloop
  endfacet
  facet normal -1 0 0
    outer loop
      vertex 100.39999999999999 2 38
      vertex 100.39999999999999 16.20577136427164 39.928203232586384
      vertex 100.39999999999999 12.20577136427164 33
    endloop
  endfacet
  facet normal -1 0 0
    outer loop
      vertex 100.39999999999999 2 38
      vertex 100.39999999999999 16.20577136427164 42.928203232586384
      vertex 100.39999999999999 16.20577136427164 39.928203232586384
    endloop
  endfacet
  facet normal 1 0 0
    outer loop
      vertex 102.8 12.20577136427164 33
      vertex 102.8 16.20577136427164 39.928203232586384
      vertex 102.8 12.20577136427164 49.85640645772219
    endloop
  endfacet
  facet normal 1 0 0
    outer loop
      vertex 102.8 16.20577136427164 23.071796767413616
      vertex 102.8 24.20577136427164 23.071796767413616
      vertex 102.8 16.20577136427164 26.071796767413616
    endloop
  endfacet
  facet normal -1 0 0
    outer loop
      vertex 100.39999999999999 16.20577136427164 23.071796767413616
      vertex 100.39999999999999 16.20577136427164 26.071796767413616
      vertex 100.39999999999999 24.20577136427164 26.071796767413616
    endloop
  endfacet
  facet normal -1 0 0
    outer loop
      vertex 100.39999999999999 24.20577136427164 23.071796767413616
      vertex 100.39999999999999 16.20577136427164 23.071796767413616
      vertex 100.39999999999999 24.20577136427164 26.071796767413616
    endloop
  endfacet
  facet normal 1 0 0
    outer loop
      vertex 102.8 24.20577136427164 23.071796767413616
      vertex 102.8 26.803847573697567 24.571796767413616
      vertex 102.8 16.20577136427164 26.071796767413616
    endloop
  endfacet
  facet normal 1 0 0
    outer loop
      vertex 102.8 24.20577136427164 26.071796767413616
      vertex 102.8 16.20577136427164 26.071796767413616
      vertex 102.8 26.803847573697567 24.571796767413616
    endloop
  endfacet
  facet normal -1 0 0
    outer loop
      vertex 100.39999999999999 30.803847573697567 17.643593542277813
      vertex 100.39999999999999 24.20577136427164 23.071796767413616
      vertex 100.39999999999999 26.803847573697567 24.571796767413616
    endloop
  endfacet
  facet normal -1 0 0
    outer loop
      vertex 100.39999999999999 24.20577136427164 23.071796767413616
      vertex 100.39999999999999 24.20577136427164 26.071796767413616
      vertex 100.39999999999999 26.803847573697567 24.571796767413616
    endloop
  endfacet
  facet normal -1 0 0
    outer loop
      vertex 100.39999999999999 24.20577136427164 26.071796767413616
      vertex 100.39999999999999 28.20577136427164 33
      vertex 100.39999999999999 26.803847573697567 24.571796767413616
    endloop
  endfacet
  facet normal 1 0 0
    outer loop
      vertex 102.8 24.20577136427164 26.071796767413616
      vertex 102.8 26.803847573697567 24.571796767413616
      vertex 102.8 30.803847573697567 31.5
    endloop
  endfacet
  facet normal 1 0 0
    outer loop
      vertex 102.8 28.20577136427164 33
      vertex 102.8 24.20577136427164 26.071796767413616
      vertex 102.8 30.803847573697567 31.5
    endloop
  endfacet
  facet normal -1 0 0
    outer loop
      vertex 100.39999999999999 28.20577136427164 33
      vertex 100.39999999999999 30.803847573697567 31.5
      vertex 100.39999999999999 26.803847573697567 24.571796767413616
    endloop
  endfacet
  facet normal -1 0 0
    outer loop
      vertex 100.39999999999999 16.20577136427164 39.928203232586384
      vertex 100.39999999999999 16.20577136427164 42.928203232586384
      vertex 100.39999999999999 24.20577136427164 39.928203232586384
    endloop
  endfacet
  facet normal 1 0 0
    outer loop
      vertex 102.8 16.20577136427164 39.928203232586384
      vertex 102.8 24.20577136427164 39.928203232586384
      vertex 102.8 16.20577136427164 42.928203232586384
    endloop
  endfacet
  facet normal -1 0 0
    outer loop
      vertex 100.39999999999999 24.20577136427164 39.928203232586384
      vertex 100.39999999999999 16.20577136427164 42.928203232586384
      vertex 100.39999999999999 26.803847573697567 41.428203232586384
    endloop
  endfacet
  facet normal -1 0 0
    outer loop
      vertex 100.39999999999999 16.20577136427164 42.928203232586384
      vertex 100.39999999999999 24.20577136427164 42.928203232586384
      vertex 100.39999999999999 26.803847573697567 41.428203232586384
    endloop
  endfacet
  facet normal 1 0 0
    outer loop
      vertex 102.8 24.20577136427164 39.928203232586384
      vertex 102.8 26.803847573697567 41.428203232586384
      vertex 102.8 16.20577136427164 42.928203232586384
    endloop
  endfacet
  facet normal 1 0 0
    outer loop
      vertex 102.8 24.20577136427164 42.928203232586384
      vertex 102.8 16.20577136427164 42.928203232586384
      vertex 102.8 26.803847573697567 41.428203232586384
    endloop
  endfacet
  facet normal -1 0 0
    outer loop
      vertex 100.39999999999999 28.20577136427164 33
      vertex 100.39999999999999 24.20577136427164 39.928203232586384
      vertex 100.39999999999999 30.803847573697567 34.5
    endloop
  endfacet
  facet normal -1 0 0
    outer loop
      vertex 100.39999999999999 28.20577136427164 33
      vertex 100.39999999999999 30.803847573697567 34.5
      vertex 100.39999999999999 30.803847573697567 31.5
    endloop
  endfacet
  facet normal 1 0 0
    outer loop
      vertex 102.8 28.20577136427164 33
      vertex 102.8 30.803847573697567 34.5
      vertex 102.8 26.803847573697567 41.428203232586384
    endloop
  endfacet
  facet normal -1 0 0
    outer loop
      vertex 100.39999999999999 24.20577136427164 39.928203232586384
      vertex 100.39999999999999 26.803847573697567 41.428203232586384
      vertex 100.39999999999999 30.803847573697567 34.5
    endloop
  endfacet
  facet normal 1 0 0
    outer loop
      vertex 102.8 24.20577136427164 39.928203232586384
      vertex 102.8 28.20577136427164 33
      vertex 102.8 26.803847573697567 41.428203232586384
    endloop
  endfacet
  facet normal 1 0 0
    outer loop
      vertex 102.8 0 0
      vertex 102.8 128 0
      vertex 102.8 0 3
    endloop
  endfacet
  facet normal -1 0 0
    outer loop
      vertex 100.39999999999999 63.20000000000001 3
      vertex 100.39999999999999 24.20577136427164 9.21539030969143
      vertex 100.39999999999999 45.401923790574074 9.21539030969143
    endloop
  endfacet
  facet normal -1 0 0
    outer loop
      vertex 100.39999999999999 24.20577136427164 9.21539030969143
      vertex 100.39999999999999 28.20577136427164 16.143593542277813
      vertex 100.39999999999999 45.401923790574074 9.21539030969143
    endloop
  endfacet
  facet normal 1 0 0
    outer loop
      vertex 102.8 24.20577136427164 9.21539030969143
      vertex 102.8 45.401923790574074 9.21539030969143
      vertex 102.8 41.401923790574074 16.143593542277813
    endloop
  endfacet
  facet normal -1 0 0
    outer loop
      vertex 100.39999999999999 28.20577136427164 16.143593542277813
      vertex 100.39999999999999 41.401923790574074 16.143593542277813
      vertex 100.39999999999999 45.401923790574074 9.21539030969143
    endloop
  endfacet
  facet normal -1 0 0
    outer loop
      vertex 100.39999999999999 28.20577136427164 16.143593542277813
      vertex 100.39999999999999 30.803847573697567 17.643593542277813
      vertex 100.39999999999999 38.80384757369757 17.643593542277813
    endloop
  endfacet
  facet normal 1 0 0
    outer loop
      vertex 102.8 28.20577136427164 16.143593542277813
      vertex 102.8 41.401923790574074 16.143593542277813
      vertex 102.8 30.803847573697567 17.643593542277813
    endloop
  endfacet
  facet normal -1 0 0
    outer loop
      vertex 100.39999999999999 28.20577136427164 16.143593542277813
      vertex 100.39999999999999 38.80384757369757 17.643593542277813
      vertex 100.39999999999999 41.401923790574074 16.143593542277813
    endloop
  endfacet
  facet normal 1 0 0
    outer loop
      vertex 102.8 38.80384757369757 17.643593542277813
      vertex 102.8 30.803847573697567 17.643593542277813
      vertex 102.8 41.401923790574074 16.143593542277813
    endloop
  endfacet
  facet normal 1 0 0
    outer loop
      vertex 102.8 38.80384757369757 17.643593542277813
      vertex 102.8 41.401923790574074 16.143593542277813
      vertex 102.8 45.401923790574074 23.071796767413616
    endloop
  endfacet
  facet normal -1 0 0
    outer loop
      vertex 100.39999999999999 38.80384757369757 17.643593542277813
      vertex 100.39999999999999 42.80384757369757 24.571796767413616
      vertex 100.39999999999999 41.401923790574074 16.143593542277813
    endloop
  endfacet
  facet normal -1 0 0
    outer loop
      vertex 100.39999999999999 42.80384757369757 24.571796767413616
      vertex 100.39999999999999 45.401923790574074 23.071796767413616
      vertex 100.39999999999999 41.401923790574074 16.143593542277813
    endloop
  endfacet
  facet normal -1 0 0
    outer loop
      vertex 100.39999999999999 63.20000000000001 3
      vertex 100.39999999999999 45.401923790574074 9.21539030969143
      vertex 100.39999999999999 53.401923790574074 9.21539030969143
    endloop
  endfacet
  facet normal 1 0 0
    outer loop
      vertex 102.8 0 3
      vertex 102.8 128 0
      vertex 102.8 45.401923790574074 9.21539030969143
    endloop
  endfacet
  facet normal -1 0 0
    outer loop
      vertex 100.39999999999999 63.20000000000001 3
      vertex 100.39999999999999 53.401923790574074 9.21539030969143
      vertex 100.39999999999999 57.401923790574074 16.143593542277813
    endloop
  endfacet
  facet normal 1 0 0
    outer loop
      vertex 102.8 53.401923790574074 23.071796767413616
      vertex 102.8 57.401923790574074 16.143593542277813
      vertex 102.8 56 24.571796767413616
    endloop
  endfacet
  facet normal -1 0 0
    outer loop
      vertex 100.39999999999999 63.20000000000001 3
      vertex 100.39999999999999 57.401923790574074 16.143593542277813
      vertex 100.39999999999999 60 17.643593542277813
    endloop
  endfacet
  facet normal -1 0 0
    outer loop
      vertex 100.39999999999999 63.20000000000001 3
      vertex 100.39999999999999 60 17.643593542277813
      vertex 100.39999999999999 63.20000000000001 17.643593542277813
    endloop
  endfacet
  facet normal 1 0 0
    outer loop
      vertex 102.8 57.401923790574074 16.143593542277813
      vertex 102.8 53.401923790574074 9.21539030969143
      vertex 102.8 70.59807620942593 16.143593542277813
    endloop
  endfacet
  facet normal -1 0 0
    outer loop
      vertex 100.39999999999999 57.401923790574074 16.143593542277813
      vertex 100.39999999999999 53.401923790574074 23.071796767413616
      vertex 100.39999999999999 60 17.643593542277813
    endloop
  endfacet
  facet normal 1 0 0
    outer loop
      vertex 102.8 57.401923790574074 16.143593542277813
      vertex 102.8 60 17.643593542277813
      vertex 102.8 56 24.571796767413616
    endloop
  endfacet
  facet normal 1 0 0
    outer loop
      vertex 102.8 57.401923790574074 16.143593542277813
      vertex 102.8 70.59807620942593 16.143593542277813
      vertex 102.8 60 17.643593542277813
    endloop
  endfacet
  facet normal 1 0 0
    outer loop
      vertex 102.8 28.20577136427164 33
      vertex 102.8 30.803847573697567 31.5
      vertex 102.8 38.80384757369757 31.5
    endloop
  endfacet
  facet normal -1 0 0
    outer loop
      vertex 100.39999999999999 30.803847573697567 31.5
      vertex 100.39999999999999 38.80384757369757 34.5
      vertex 100.39999999999999 38.80384757369757 31.5
    endloop
  endfacet
  facet normal 1 0 0
    outer loop
      vertex 102.8 28.20577136427164 33
      vertex 102.8 38.80384757369757 31.5
      vertex 102.8 41.401923790574074 33
    endloop
  endfacet
  facet normal 1 0 0
    outer loop
      vertex 102.8 42.80384757369757 24.571796767413616
      vertex 102.8 38.80384757369757 17.643593542277813
      vertex 102.8 45.401923790574074 23.071796767413616
    endloop
  endfacet
  facet normal 1 0 0
    outer loop
      vertex 102.8 42.80384757369757 24.571796767413616
      vertex 102.8 45.401923790574074 23.071796767413616
      vertex 102.8 53.401923790574074 23.071796767413616
    endloop
  endfacet
  facet normal -1 0 0
    outer loop
      vertex 100.39999999999999 42.80384757369757 24.571796767413616
      vertex 100.39999999999999 45.401923790574074 26.071796767413616
      vertex 100.39999999999999 45.401923790574074 23.071796767413616
    endloop
  endfacet
  facet normal -1 0 0
    outer loop
      vertex 100.39999999999999 38.80384757369757 31.5
      vertex 100.39999999999999 45.401923790574074 26.071796767413616
      vertex 100.39999999999999 42.80384757369757 24.571796767413616
    endloop
  endfacet
  facet normal 1 0 0
    outer loop
      vertex 102.8 38.80384757369757 31.5
      vertex 102.8 42.80384757369757 24.571796767413616
      vertex 102.8 41.401923790574074 33
    endloop
  endfacet
  facet normal 1 0 0
    outer loop
      vertex 102.8 42.80384757369757 24.571796767413616
      vertex 102.8 45.401923790574074 26.071796767413616
      vertex 102.8 41.401923790574074 33
    endloop
  endfacet
  facet normal -1 0 0
    outer loop
      vertex 100.39999999999999 45.401923790574074 26.071796767413616
      vertex 100.39999999999999 38.80384757369757 31.5
      vertex 100.39999999999999 41.401923790574074 33
    endloop
  endfacet
  facet normal -1 0 0
    outer loop
      vertex 100.39999999999999 30.803847573697567 34.5
      vertex 100.39999999999999 38.80384757369757 34.5
      vertex 100.39999999999999 30.803847573697567 31.5
    endloop
  endfacet
  facet normal 1 0 0
    outer loop
      vertex 102.8 28.20577136427164 33
      vertex 102.8 41.401923790574074 33
      vertex 102.8 30.803847573697567 34.5
    endloop
  endfacet
  facet normal -1 0 0
    outer loop
      vertex 100.39999999999999 38.80384757369757 31.5
      vertex 100.39999999999999 38.80384757369757 34.5
      vertex 100.39999999999999 41.401923790574074 33
    endloop
  endfacet
  facet normal 1 0 0
    outer loop
      vertex 102.8 38.80384757369757 34.5
      vertex 102.8 30.803847573697567 34.5
      vertex 102.8 41.401923790574074 33
    endloop
  endfacet
  facet normal -1 0 0
    outer loop
      vertex 100.39999999999999 38.80384757369757 34.5
      vertex 100.39999999999999 42.80384757369757 41.428203232586384
      vertex 100.39999999999999 41.401923790574074 33
    endloop
  endfacet
  facet normal 1 0 0
    outer loop
      vertex 102.8 38.80384757369757 34.5
      vertex 102.8 41.401923790574074 33
      vertex 102.8 45.401923790574074 39.928203232586384
    endloop
  endfacet
  facet normal -1 0 0
    outer loop
      vertex 100.39999999999999 42.80384757369757 41.428203232586384
      vertex 100.39999999999999 45.401923790574074 39.928203232586384
      vertex 100.39999999999999 41.401923790574074 33
    endloop
  endfacet
  facet normal 1 0 0
    outer loop
      vertex 102.8 42.80384757369757 41.428203232586384
      vertex 102.8 38.80384757369757 34.5
      vertex 102.8 45.401923790574074 39.928203232586384
    endloop
  endfacet
  facet normal -1 0 0
    outer loop
      vertex 100.39999999999999 42.80384757369757 41.428203232586384
      vertex 100.39999999999999 38.80384757369757 48.35640645772219
      vertex 100.39999999999999 45.401923790574074 39.928203232586384
    endloop
  endfacet
  facet normal 1 0 0
    outer loop
      vertex 102.8 42.80384757369757 41.428203232586384
      vertex 102.8 45.401923790574074 39.928203232586384
      vertex 102.8 53.401923790574074 39.928203232586384
    endloop
  endfacet
  facet normal -1 0 0
    outer loop
      vertex 100.39999999999999 53.401923790574074 23.071796767413616
      vertex 100.39999999999999 45.401923790574074 23.071796767413616
      vertex 100.39999999999999 53.401923790574074 26.071796767413616
    endloop
  endfacet
  facet normal 1 0 0
    outer loop
      vertex 102.8 42.80384757369757 24.571796767413616
      vertex 102.8 53.401923790574074 23.071796767413616
      vertex 102.8 56 24.571796767413616
    endloop
  endfacet
  facet normal -1 0 0
    outer loop
      vertex 100.39999999999999 45.401923790574074 23.071796767413616
      vertex 100.39999999999999 45.401923790574074 26.071796767413616
      vertex 100.39999999999999 53.401923790574074 26.071796767413616
    endloop
  endfacet
  facet normal 1 0 0
    outer loop
      vertex 102.8 42.80384757369757 24.571796767413616
      vertex 102.8 56 24.571796767413616
      vertex 102.8 45.401923790574074 26.071796767413616
    endloop
  endfacet
  facet normal 1 0 0
    outer loop
      vertex 102.8 53.401923790574074 26.071796767413616
      vertex 102.8 45.401923790574074 26.071796767413616
      vertex 102.8 56 24.571796767413616
    endloop
  endfacet
  facet normal -1 0 0
    outer loop
      vertex 100.39999999999999 53.401923790574074 23.071796767413616
      vertex 100.39999999999999 53.401923790574074 26.071796767413616
      vertex 100.39999999999999 56 24.571796767413616
    endloop
  endfacet
  facet normal -1 0 0
    outer loop
      vertex 100.39999999999999 53.401923790574074 26.071796767413616
      vertex 100.39999999999999 57.401923790574074 33
      vertex 100.39999999999999 56 24.571796767413616
    endloop
  endfacet
  facet normal -1 0 0
    outer loop
      vertex 100.39999999999999 53.401923790574074 23.071796767413616
      vertex 100.39999999999999 56 24.571796767413616
      vertex 100.39999999999999 60 17.643593542277813
    endloop
  endfacet
  facet normal -1 0 0
    outer loop
      vertex 100.39999999999999 57.401923790574074 33
      vertex 100.39999999999999 60 31.5
      vertex 100.39999999999999 56 24.571796767413616
    endloop
  endfacet
  facet normal 1 0 0
    outer loop
      vertex 102.8 53.401923790574074 26.071796767413616
      vertex 102.8 56 24.571796767413616
      vertex 102.8 60 31.5
    endloop
  endfacet
  facet normal 1 0 0
    outer loop
      vertex 102.8 57.401923790574074 33
      vertex 102.8 53.401923790574074 26.071796767413616
      vertex 102.8 60 31.5
    endloop
  endfacet
  facet normal -1 0 0
    outer loop
      vertex 100.39999999999999 63.20000000000001 34.5
      vertex 100.39999999999999 63.20000000000001 31.5
      vertex 100.39999999999999 60 31.5
    endloop
  endfacet
  facet normal 1 0 0
    outer loop
      vertex 102.8 57.401923790574074 33
      vertex 102.8 60 31.5
      vertex 102.8 68 31.5
    endloop
  endfacet
  facet normal -1 0 0
    outer loop
      vertex 100.39999999999999 45.401923790574074 39.928203232586384
      vertex 100.39999999999999 45.401923790574074 42.928203232586384
      vertex 100.39999999999999 53.401923790574074 42.928203232586384
    endloop
  endfacet
  facet normal -1 0 0
    outer loop
      vertex 100.39999999999999 45.401923790574074 39.928203232586384
      vertex 100.39999999999999 53.401923790574074 42.928203232586384
      vertex 100.39999999999999 53.401923790574074 39.928203232586384
    endloop
  endfacet
  facet normal 1 0 0
    outer loop
      vertex 102.8 42.80384757369757 41.428203232586384
      vertex 102.8 56 41.428203232586384
      vertex 102.8 45.401923790574074 42.928203232586384
    endloop
  endfacet
  facet normal 1 0 0
    outer loop
      vertex 102.8 42.80384757369757 41.428203232586384
      vertex 102.8 53.401923790574074 39.928203232586384
      vertex 102.8 56 41.428203232586384
    endloop
  endfacet
  facet normal 1 0 0
    outer loop
      vertex 102.8 53.401923790574074 42.928203232586384
      vertex 102.8 45.401923790574074 42.928203232586384
      vertex 102.8 56 41.428203232586384
    endloop
  endfacet
  facet normal 1 0 0
    outer loop
      vertex 102.8 53.401923790574074 39.928203232586384
      vertex 102.8 57.401923790574074 33
      vertex 102.8 56 41.428203232586384
    endloop
  endfacet
  facet normal -1 0 0
    outer loop
      vertex 100.39999999999999 53.401923790574074 39.928203232586384
      vertex 100.39999999999999 53.401923790574074 42.928203232586384
      vertex 100.39999999999999 56 41.428203232586384
    endloop
  endfacet
  facet normal -1 0 0
    outer loop
      vertex 100.39999999999999 57.401923790574074 33
      vertex 100.39999999999999 60 34.5
      vertex 100.39999999999999 60 31.5
    endloop
  endfacet
  facet normal -1 0 0
    outer loop
      vertex 100.39999999999999 53.401923790574074 39.928203232586384
      vertex 100.39999999999999 60 34.5
      vertex 100.39999999999999 57.401923790574074 33
    endloop
  endfacet
  facet normal 1 0 0
    outer loop
      vertex 102.8 57.401923790574074 33
      vertex 102.8 60 34.5
      vertex 102.8 56 41.428203232586384
    endloop
  endfacet
  facet normal -1 0 0
    outer loop
      vertex 100.39999999999999 63.20000000000001 34.5
      vertex 100.39999999999999 60 31.5
      vertex 100.39999999999999 60 34.5
    endloop
  endfacet
  facet normal 1 0 0
    outer loop
      vertex 102.8 57.401923790574074 33
      vertex 102.8 70.59807620942593 33
      vertex 102.8 60 34.5
    endloop
  endfacet
  facet normal -1 0 0
    outer loop
      vertex 100.39999999999999 60 34.5
      vertex 100.39999999999999 53.401923790574074 39.928203232586384
      vertex 100.39999999999999 56 41.428203232586384
    endloop
  endfacet
  facet normal 1 0 0
    outer loop
      vertex 102.8 0 3
      vertex 102.8 6 61
      vertex 102.8 0 75
    endloop
  endfacet
  facet normal -1 0 0
    outer loop
      vertex 100.39999999999999 0 38
      vertex 100.39999999999999 0 87
      vertex 100.39999999999999 2 38
    endloop
  endfacet
  facet normal -1 0 0
    outer loop
      vertex 100.39999999999999 2 38
      vertex 100.39999999999999 12.20577136427164 49.85640645772219
      vertex 100.39999999999999 16.20577136427164 42.928203232586384
    endloop
  endfacet
  facet normal 1 0 0
    outer loop
      vertex 102.8 12.20577136427164 33
      vertex 102.8 12.20577136427164 49.85640645772219
      vertex 102.8 6 61
    endloop
  endfacet
  facet normal 1 0 0
    outer loop
      vertex 102.8 16.20577136427164 39.928203232586384
      vertex 102.8 16.20577136427164 42.928203232586384
      vertex 102.8 12.20577136427164 49.85640645772219
    endloop
  endfacet
  facet normal -1 0 0
    outer loop
      vertex 100.39999999999999 2 38
      vertex 100.39999999999999 0 87
      vertex 100.39999999999999 12.20577136427164 49.85640645772219
    endloop
  endfacet
  facet normal 1 0 0
    outer loop
      vertex 102.8 12.20577136427164 49.85640645772219
      vertex 102.8 16.20577136427164 56.78460969030857
      vertex 102.8 6 61
    endloop
  endfacet
  facet normal 1 0 0
    outer loop
      vertex 102.8 23.89333333333333 61
      vertex 102.8 6 61
      vertex 102.8 16.20577136427164 56.78460969030857
    endloop
  endfacet
  facet normal -1 0 0
    outer loop
      vertex 100.39999999999999 0 87
      vertex 100.39999999999999 16.20577136427164 56.78460969030857
      vertex 100.39999999999999 12.20577136427164 49.85640645772219
    endloop
  endfacet
  facet normal -1 0 0
    outer loop
      vertex 100.39999999999999 28.20577136427164 49.85640645772219
      vertex 100.39999999999999 26.803847573697567 41.428203232586384
      vertex 100.39999999999999 24.20577136427164 42.928203232586384
    endloop
  endfacet
  facet normal 1 0 0
    outer loop
      vertex 102.8 24.20577136427164 42.928203232586384
      vertex 102.8 26.803847573697567 41.428203232586384
      vertex 102.8 30.803847573697567 48.35640645772219
    endloop
  endfacet
  facet normal 1 0 0
    outer loop
      vertex 102.8 28.20577136427164 49.85640645772219
      vertex 102.8 24.20577136427164 42.928203232586384
      vertex 102.8 30.803847573697567 48.35640645772219
    endloop
  endfacet
  facet normal -1 0 0
    outer loop
      vertex 100.39999999999999 28.20577136427164 49.85640645772219
      vertex 100.39999999999999 30.803847573697567 48.35640645772219
      vertex 100.39999999999999 26.803847573697567 41.428203232586384
    endloop
  endfacet
  facet normal 1 0 0
    outer loop
      vertex 102.8 28.20577136427164 49.85640645772219
      vertex 102.8 41.401923790574074 49.85640645772219
      vertex 102.8 24.20577136427164 56.78460969030857
    endloop
  endfacet
  facet normal 1 0 0
    outer loop
      vertex 102.8 23.89333333333333 61
      vertex 102.8 16.20577136427164 56.78460969030857
      vertex 102.8 24.20577136427164 56.78460969030857
    endloop
  endfacet
  facet normal 1 0 0
    outer loop
      vertex 102.8 23.89333333333333 61
      vertex 102.8 24.20577136427164 56.78460969030857
      vertex 102.8 41.401923790574074 49.85640645772219
    endloop
  endfacet
  facet normal 0 -1 0
    outer loop
      vertex 100.39999999999999 0 38
      vertex 102.8 0 75
      vertex 102.8 0 87
    endloop
  endfacet
  facet normal 0 -1 0
    outer loop
      vertex 100.39999999999999 0 38
      vertex 102.8 0 87
      vertex 100.39999999999999 0 87
    endloop
  endfacet
  facet normal 1 0 0
    outer loop
      vertex 102.8 0 75
      vertex 102.8 6 61
      vertex 102.8 6 73
    endloop
  endfacet
  facet normal -1 0 0
    outer loop
      vertex 100.39999999999999 0 87
      vertex 100.39999999999999 24.20577136427164 56.78460969030857
      vertex 100.39999999999999 16.20577136427164 56.78460969030857
    endloop
  endfacet
  facet normal -1 0 0
    outer loop
      vertex 100.39999999999999 0 87
      vertex 100.39999999999999 45.401923790574074 56.78460969030857
      vertex 100.39999999999999 24.20577136427164 56.78460969030857
    endloop
  endfacet
  facet normal 0 0 1
    outer loop
      vertex 100.39999999999999 0 87
      vertex 102.8 0 87
      vertex 101.8 53.33333333333321 87
    endloop
  endfacet
  facet normal 1 0 0
    outer loop
      vertex 102.8 28.20577136427164 49.85640645772219
      vertex 102.8 30.803847573697567 48.35640645772219
      vertex 102.8 38.80384757369757 48.35640645772219
    endloop
  endfacet
  facet normal -1 0 0
    outer loop
      vertex 100.39999999999999 30.803847573697567 48.35640645772219
      vertex 100.39999999999999 41.401923790574074 49.85640645772219
      vertex 100.39999999999999 38.80384757369757 48.35640645772219
    endloop
  endfacet
  facet normal -1 0 0
    outer loop
      vertex 100.39999999999999 28.20577136427164 49.85640645772219
      vertex 100.39999999999999 45.401923790574074 56.78460969030857
      vertex 100.39999999999999 30.803847573697567 48.35640645772219
    endloop
  endfacet
  facet normal 1 0 0
    outer loop
      vertex 102.8 28.20577136427164 49.85640645772219
      vertex 102.8 38.80384757369757 48.35640645772219
      vertex 102.8 41.401923790574074 49.85640645772219
    endloop
  endfacet
  facet normal -1 0 0
    outer loop
      vertex 100.39999999999999 45.401923790574074 56.78460969030857
      vertex 100.39999999999999 41.401923790574074 49.85640645772219
      vertex 100.39999999999999 30.803847573697567 48.35640645772219
    endloop
  endfacet
  facet normal -1 0 0
    outer loop
      vertex 100.39999999999999 45.401923790574074 39.928203232586384
      vertex 100.39999999999999 38.80384757369757 48.35640645772219
      vertex 100.39999999999999 45.401923790574074 42.928203232586384
    endloop
  endfacet
  facet normal 1 0 0
    outer loop
      vertex 102.8 42.80384757369757 41.428203232586384
      vertex 102.8 45.401923790574074 42.928203232586384
      vertex 102.8 41.401923790574074 49.85640645772219
    endloop
  endfacet
  facet normal -1 0 0
    outer loop
      vertex 100.39999999999999 38.80384757369757 48.35640645772219
      vertex 100.39999999999999 41.401923790574074 49.85640645772219
      vertex 100.39999999999999 45.401923790574074 42.928203232586384
    endloop
  endfacet
  facet normal 1 0 0
    outer loop
      vertex 102.8 42.80384757369757 41.428203232586384
      vertex 102.8 41.401923790574074 49.85640645772219
      vertex 102.8 38.80384757369757 48.35640645772219
    endloop
  endfacet
  facet normal -1 0 0
    outer loop
      vertex 100.39999999999999 45.401923790574074 56.78460969030857
      vertex 100.39999999999999 28.20577136427164 49.85640645772219
      vertex 100.39999999999999 24.20577136427164 56.78460969030857
    endloop
  endfacet
  facet normal 1 0 0
    outer loop
      vertex 102.8 45.401923790574074 56.78460969030857
      vertex 102.8 23.89333333333333 61
      vertex 102.8 41.401923790574074 49.85640645772219
    endloop
  endfacet
  facet normal 1 0 0
    outer loop
      vertex 102.8 53.401923790574074 56.78460969030857
      vertex 102.8 23.89333333333333 61
      vertex 102.8 45.401923790574074 56.78460969030857
    endloop
  endfacet
  facet normal -1 0 0
    outer loop
      vertex 100.39999999999999 53.401923790574074 42.928203232586384
      vertex 100.39999999999999 57.401923790574074 49.85640645772219
      vertex 100.39999999999999 56 41.428203232586384
    endloop
  endfacet
  facet normal 1 0 0
    outer loop
      vertex 102.8 60 48.35640645772219
      vertex 102.8 53.401923790574074 42.928203232586384
      vertex 102.8 56 41.428203232586384
    endloop
  endfacet
  facet normal -1 0 0
    outer loop
      vertex 100.39999999999999 57.401923790574074 49.85640645772219
      vertex 100.39999999999999 60 48.35640645772219
      vertex 100.39999999999999 56 41.428203232586384
    endloop
  endfacet
  facet normal 1 0 0
    outer loop
      vertex 102.8 57.401923790574074 49.85640645772219
      vertex 102.8 53.401923790574074 42.928203232586384
      vertex 102.8 60 48.35640645772219
    endloop
  endfacet
  facet normal 1 0 0
    outer loop
      vertex 102.8 57.401923790574074 49.85640645772219
      vertex 102.8 60 48.35640645772219
      vertex 102.8 68 48.35640645772219
    endloop
  endfacet
  facet normal 1 0 0
    outer loop
      vertex 102.8 57.401923790574074 49.85640645772219
      vertex 102.8 68 48.35640645772219
      vertex 102.8 53.401923790574074 56.78460969030857
    endloop
  endfacet
  facet normal 1 0 0
    outer loop
      vertex 102.8 0 75
      vertex 102.8 6 73
      vertex 102.8 122 73
    endloop
  endfacet
  facet normal -1 0 0
    outer loop
      vertex 100.39999999999999 0 87
      vertex 100.39999999999999 128 87
      vertex 100.39999999999999 45.401923790574074 56.78460969030857
    endloop
  endfacet
  facet normal 0 0 1
    outer loop
      vertex 100.39999999999999 0 87
      vertex 101.8 53.33333333333321 87
      vertex 100.39999999999999 128 87
    endloop
  endfacet
  facet normal -1 0 0
    outer loop
      vertex 100.39999999999999 64.80000000000001 3
      vertex 100.39999999999999 70.59807620942593 16.143593542277813
      vertex 100.39999999999999 74.59807620942593 9.21539030969143
    endloop
  endfacet
  facet normal -1 0 0
    outer loop
      vertex 100.39999999999999 64.80000000000001 3
      vertex 100.39999999999999 74.59807620942593 9.21539030969143
      vertex 100.39999999999999 82.59807620942593 9.21539030969143
    endloop
  endfacet
  facet normal 1 0 0
    outer loop
      vertex 102.8 128 0
      vertex 102.8 53.401923790574074 9.21539030969143
      vertex 102.8 45.401923790574074 9.21539030969143
    endloop
  endfacet
  facet normal -1 0 0
    outer loop
      vertex 100.39999999999999 64.80000000000001 3
      vertex 100.39999999999999 64.80000000000001 17.643593542277813
      vertex 100.39999999999999 68 17.643593542277813
    endloop
  endfacet
  facet normal -1 0 0
    outer loop
      vertex 100.39999999999999 64.80000000000001 3
      vertex 100.39999999999999 68 17.643593542277813
      vertex 100.39999999999999 70.59807620942593 16.143593542277813
    endloop
  endfacet
  facet normal 1 0 0
    outer loop
      vertex 102.8 53.401923790574074 9.21539030969143
      vertex 102.8 74.59807620942593 9.21539030969143
      vertex 102.8 70.59807620942593 16.143593542277813
    endloop
  endfacet
  facet normal 1 0 0
    outer loop
      vertex 102.8 68 17.643593542277813
      vertex 102.8 60 17.643593542277813
      vertex 102.8 70.59807620942593 16.143593542277813
    endloop
  endfacet
  facet normal 1 0 0
    outer loop
      vertex 102.8 68 17.643593542277813
      vertex 102.8 70.59807620942593 16.143593542277813
      vertex 102.8 74.59807620942593 23.071796767413616
    endloop
  endfacet
  facet normal -1 0 0
    outer loop
      vertex 100.39999999999999 68 17.643593542277813
      vertex 100.39999999999999 72 24.571796767413616
      vertex 100.39999999999999 70.59807620942593 16.143593542277813
    endloop
  endfacet
  facet normal -1 0 0
    outer loop
      vertex 100.39999999999999 72 24.571796767413616
      vertex 100.39999999999999 74.59807620942593 23.071796767413616
      vertex 100.39999999999999 70.59807620942593 16.143593542277813
    endloop
  endfacet
  facet normal -1 0 0
    outer loop
      vertex 100.39999999999999 64.80000000000001 3
      vertex 100.39999999999999 82.59807620942593 9.21539030969143
      vertex 100.39999999999999 103.79422863572836 9.21539030969143
    endloop
  endfacet
  facet normal 1 0 0
    outer loop
      vertex 102.8 128 0
      vertex 102.8 74.59807620942593 9.21539030969143
      vertex 102.8 53.401923790574074 9.21539030969143
    endloop
  endfacet
  facet normal 1 0 0
    outer loop
      vertex 102.8 128 0
      vertex 102.8 82.59807620942593 9.21539030969143
      vertex 102.8 74.59807620942593 9.21539030969143
    endloop
  endfacet
  facet normal -1 0 0
    outer loop
      vertex 100.39999999999999 86.59807620942593 16.143593542277813
      vertex 100.39999999999999 82.59807620942593 23.071796767413616
      vertex 100.39999999999999 89.19615242630243 17.643593542277813
    endloop
  endfacet
  facet normal 1 0 0
    outer loop
      vertex 102.8 82.59807620942593 23.071796767413616
      vertex 102.8 86.59807620942593 16.143593542277813
      vertex 102.8 85.19615242630243 24.571796767413616
    endloop
  endfacet
  facet normal 1 0 0
    outer loop
      vertex 102.8 86.59807620942593 16.143593542277813
      vertex 102.8 89.19615242630243 17.643593542277813
      vertex 102.8 85.19615242630243 24.571796767413616
    endloop
  endfacet
  facet normal -1 0 0
    outer loop
      vertex 100.39999999999999 82.59807620942593 9.21539030969143
      vertex 100.39999999999999 86.59807620942593 16.143593542277813
      vertex 100.39999999999999 103.79422863572836 9.21539030969143
    endloop
  endfacet
  facet normal 1 0 0
    outer loop
      vertex 102.8 86.59807620942593 16.143593542277813
      vertex 102.8 82.59807620942593 9.21539030969143
      vertex 102.8 99.79422863572836 16.143593542277813
    endloop
  endfacet
  facet normal 1 0 0
    outer loop
      vertex 102.8 82.59807620942593 9.21539030969143
      vertex 102.8 103.79422863572836 9.21539030969143
      vertex 102.8 99.79422863572836 16.143593542277813
    endloop
  endfacet
  facet normal -1 0 0
    outer loop
      vertex 100.39999999999999 86.59807620942593 16.143593542277813
      vertex 100.39999999999999 89.19615242630243 17.643593542277813
      vertex 100.39999999999999 97.19615242630243 17.643593542277813
    endloop
  endfacet
  facet normal 1 0 0
    outer loop
      vertex 102.8 86.59807620942593 16.143593542277813
      vertex 102.8 99.79422863572836 16.143593542277813
      vertex 102.8 89.19615242630243 17.643593542277813
    endloop
  endfacet
  facet normal -1 0 0
    outer loop
      vertex 100.39999999999999 86.59807620942593 16.143593542277813
      vertex 100.39999999999999 97.19615242630243 17.643593542277813
      vertex 100.39999999999999 99.79422863572836 16.143593542277813
    endloop
  endfacet
  facet normal 1 0 0
    outer loop
      vertex 102.8 97.19615242630243 17.643593542277813
      vertex 102.8 89.19615242630243 17.643593542277813
      vertex 102.8 99.79422863572836 16.143593542277813
    endloop
  endfacet
  facet normal 1 0 0
    outer loop
      vertex 102.8 72 24.571796767413616
      vertex 102.8 68 17.643593542277813
      vertex 102.8 74.59807620942593 23.071796767413616
    endloop
  endfacet
  facet normal -1 0 0
    outer loop
      vertex 100.39999999999999 64.80000000000001 31.5
      vertex 100.39999999999999 68 34.5
      vertex 100.39999999999999 68 31.5
    endloop
  endfacet
  facet normal 1 0 0
    outer loop
      vertex 102.8 57.401923790574074 33
      vertex 102.8 68 31.5
      vertex 102.8 70.59807620942593 33
    endloop
  endfacet
  facet normal -1 0 0
    outer loop
      vertex 100.39999999999999 72 24.571796767413616
      vertex 100.39999999999999 68 31.5
      vertex 100.39999999999999 74.59807620942593 26.071796767413616
    endloop
  endfacet
  facet normal 1 0 0
    outer loop
      vertex 102.8 68 31.5
      vertex 102.8 72 24.571796767413616
      vertex 102.8 70.59807620942593 33
    endloop
  endfacet
  facet normal -1 0 0
    outer loop
      vertex 100.39999999999999 68 31.5
      vertex 100.39999999999999 70.59807620942593 33
      vertex 100.39999999999999 74.59807620942593 26.071796767413616
    endloop
  endfacet
  facet normal -1 0 0
    outer loop
      vertex 100.39999999999999 72 24.571796767413616
      vertex 100.39999999999999 74.59807620942593 26.071796767413616
      vertex 100.39999999999999 74.59807620942593 23.071796767413616
    endloop
  endfacet
  facet normal -1 0 0
    outer loop
      vertex 100.39999999999999 82.59807620942593 23.071796767413616
      vertex 100.39999999999999 74.59807620942593 23.071796767413616
      vertex 100.39999999999999 82.59807620942593 26.071796767413616
    endloop
  endfacet
  facet normal 1 0 0
    outer loop
      vertex 102.8 72 24.571796767413616
      vertex 102.8 74.59807620942593 23.071796767413616
      vertex 102.8 82.59807620942593 23.071796767413616
    endloop
  endfacet
  facet normal 1 0 0
    outer loop
      vertex 102.8 72 24.571796767413616
      vertex 102.8 82.59807620942593 23.071796767413616
      vertex 102.8 85.19615242630243 24.571796767413616
    endloop
  endfacet
  facet normal -1 0 0
    outer loop
      vertex 100.39999999999999 74.59807620942593 23.071796767413616
      vertex 100.39999999999999 74.59807620942593 26.071796767413616
      vertex 100.39999999999999 82.59807620942593 26.071796767413616
    endloop
  endfacet
  facet normal 1 0 0
    outer loop
      vertex 102.8 72 24.571796767413616
      vertex 102.8 85.19615242630243 24.571796767413616
      vertex 102.8 74.59807620942593 26.071796767413616
    endloop
  endfacet
  facet normal 1 0 0
    outer loop
      vertex 102.8 72 24.571796767413616
      vertex 102.8 74.59807620942593 26.071796767413616
      vertex 102.8 70.59807620942593 33
    endloop
  endfacet
  facet normal -1 0 0
    outer loop
      vertex 100.39999999999999 64.80000000000001 34.5
      vertex 100.39999999999999 68 34.5
      vertex 100.39999999999999 64.80000000000001 31.5
    endloop
  endfacet
  facet normal 1 0 0
    outer loop
      vertex 102.8 68 34.5
      vertex 102.8 60 34.5
      vertex 102.8 70.59807620942593 33
    endloop
  endfacet
  facet normal -1 0 0
    outer loop
      vertex 100.39999999999999 68 31.5
      vertex 100.39999999999999 68 34.5
      vertex 100.39999999999999 70.59807620942593 33
    endloop
  endfacet
  facet normal -1 0 0
    outer loop
      vertex 100.39999999999999 72 41.428203232586384
      vertex 100.39999999999999 70.59807620942593 33
      vertex 100.39999999999999 68 34.5
    endloop
  endfacet
  facet normal 1 0 0
    outer loop
      vertex 102.8 74.59807620942593 39.928203232586384
      vertex 102.8 68 34.5
      vertex 102.8 70.59807620942593 33
    endloop
  endfacet
  facet normal 1 0 0
    outer loop
      vertex 102.8 68 34.5
      vertex 102.8 74.59807620942593 39.928203232586384
      vertex 102.8 72 41.428203232586384
    endloop
  endfacet
  facet normal -1 0 0
    outer loop
      vertex 100.39999999999999 70.59807620942593 33
      vertex 100.39999999999999 72 41.428203232586384
      vertex 100.39999999999999 74.59807620942593 39.928203232586384
    endloop
  endfacet
  facet normal -1 0 0
    outer loop
      vertex 100.39999999999999 72 41.428203232586384
      vertex 100.39999999999999 74.59807620942593 42.928203232586384
      vertex 100.39999999999999 74.59807620942593 39.928203232586384
    endloop
  endfacet
  facet normal 1 0 0
    outer loop
      vertex 102.8 72 41.428203232586384
      vertex 102.8 74.59807620942593 39.928203232586384
      vertex 102.8 74.59807620942593 42.928203232586384
    endloop
  endfacet
  facet normal -1 0 0
    outer loop
      vertex 100.39999999999999 74.59807620942593 39.928203232586384
      vertex 100.39999999999999 74.59807620942593 42.928203232586384
      vertex 100.39999999999999 82.59807620942593 42.928203232586384
    endloop
  endfacet
  facet normal -1 0 0
    outer loop
      vertex 100.39999999999999 74.59807620942593 39.928203232586384
      vertex 100.39999999999999 82.59807620942593 42.928203232586384
      vertex 100.39999999999999 82.59807620942593 39.928203232586384
    endloop
  endfacet
  facet normal 1 0 0
    outer loop
      vertex 102.8 74.59807620942593 39.928203232586384
      vertex 102.8 82.59807620942593 39.928203232586384
      vertex 102.8 74.59807620942593 42.928203232586384
    endloop
  endfacet
  facet normal 1 0 0
    outer loop
      vertex 102.8 82.59807620942593 39.928203232586384
      vertex 102.8 82.59807620942593 42.928203232586384
      vertex 102.8 74.59807620942593 42.928203232586384
    endloop
  endfacet
  facet normal -1 0 0
    outer loop
      vertex 100.39999999999999 82.59807620942593 23.071796767413616
      vertex 100.39999999999999 82.59807620942593 26.071796767413616
      vertex 100.39999999999999 85.19615242630243 24.571796767413616
    endloop
  endfacet
  facet normal 1 0 0
    outer loop
      vertex 102.8 82.59807620942593 26.071796767413616
      vertex 102.8 74.59807620942593 26.071796767413616
      vertex 102.8 85.19615242630243 24.571796767413616
    endloop
  endfacet
  facet normal -1 0 0
    outer loop
      vertex 100.39999999999999 82.59807620942593 23.071796767413616
      vertex 100.39999999999999 85.19615242630243 24.571796767413616
      vertex 100.39999999999999 89.19615242630243 17.643593542277813
    endloop
  endfacet
  facet normal -1 0 0
    outer loop
      vertex 100.39999999999999 82.59807620942593 26.071796767413616
      vertex 100.39999999999999 86.59807620942593 33
      vertex 100.39999999999999 85.19615242630243 24.571796767413616
    endloop
  endfacet
  facet normal -1 0 0
    outer loop
      vertex 100.39999999999999 86.59807620942593 33
      vertex 100.39999999999999 89.19615242630243 31.5
      vertex 100.39999999999999 85.19615242630243 24.571796767413616
    endloop
  endfacet
  facet normal 1 0 0
    outer loop
      vertex 102.8 89.19615242630243 31.5
      vertex 102.8 82.59807620942593 26.071796767413616
      vertex 102.8 85.19615242630243 24.571796767413616
    endloop
  endfacet
  facet normal 1 0 0
    outer loop
      vertex 102.8 82.59807620942593 26.071796767413616
      vertex 102.8 89.19615242630243 31.5
      vertex 102.8 86.59807620942593 33
    endloop
  endfacet
  facet normal 1 0 0
    outer loop
      vertex 102.8 89.19615242630243 31.5
      vertex 102.8 97.19615242630243 31.5
      vertex 102.8 89.19615242630243 34.5
    endloop
  endfacet
  facet normal -1 0 0
    outer loop
      vertex 100.39999999999999 89.19615242630243 31.5
      vertex 100.39999999999999 97.19615242630243 34.5
      vertex 100.39999999999999 97.19615242630243 31.5
    endloop
  endfacet
  facet normal -1 0 0
    outer loop
      vertex 100.39999999999999 82.59807620942593 39.928203232586384
      vertex 100.39999999999999 89.19615242630243 34.5
      vertex 100.39999999999999 86.59807620942593 33
    endloop
  endfacet
  facet normal 1 0 0
    outer loop
      vertex 102.8 86.59807620942593 33
      vertex 102.8 89.19615242630243 34.5
      vertex 102.8 85.19615242630243 41.428203232586384
    endloop
  endfacet
  facet normal -1 0 0
    outer loop
      vertex 100.39999999999999 82.59807620942593 39.928203232586384
      vertex 100.39999999999999 82.59807620942593 42.928203232586384
      vertex 100.39999999999999 85.19615242630243 41.428203232586384
    endloop
  endfacet
  facet normal 1 0 0
    outer loop
      vertex 102.8 82.59807620942593 39.928203232586384
      vertex 102.8 85.19615242630243 41.428203232586384
      vertex 102.8 82.59807620942593 42.928203232586384
    endloop
  endfacet
  facet normal -1 0 0
    outer loop
      vertex 100.39999999999999 82.59807620942593 39.928203232586384
      vertex 100.39999999999999 85.19615242630243 41.428203232586384
      vertex 100.39999999999999 89.19615242630243 34.5
    endloop
  endfacet
  facet normal 1 0 0
    outer loop
      vertex 102.8 82.59807620942593 39.928203232586384
      vertex 102.8 86.59807620942593 33
      vertex 102.8 85.19615242630243 41.428203232586384
    endloop
  endfacet
  facet normal -1 0 0
    outer loop
      vertex 100.39999999999999 86.59807620942593 33
      vertex 100.39999999999999 89.19615242630243 34.5
      vertex 100.39999999999999 89.19615242630243 31.5
    endloop
  endfacet
  facet normal -1 0 0
    outer loop
      vertex 100.39999999999999 89.19615242630243 34.5
      vertex 100.39999999999999 97.19615242630243 34.5
      vertex 100.39999999999999 89.19615242630243 31.5
    endloop
  endfacet
  facet normal 1 0 0
    outer loop
      vertex 102.8 86.59807620942593 33
      vertex 102.8 89.19615242630243 31.5
      vertex 102.8 89.19615242630243 34.5
    endloop
  endfacet
  facet normal 1 0 0
    outer loop
      vertex 102.8 97.19615242630243 31.5
      vertex 102.8 97.19615242630243 34.5
      vertex 102.8 89.19615242630243 34.5
    endloop
  endfacet
  facet normal -1 0 0
    outer loop
      vertex 100.39999999999999 64.80000000000001 3
      vertex 100.39999999999999 103.79422863572836 9.21539030969143
      vertex 100.39999999999999 126 3
    endloop
  endfacet
  facet normal 1 0 0
    outer loop
      vertex 102.8 128 0
      vertex 102.8 103.79422863572836 9.21539030969143
      vertex 102.8 82.59807620942593 9.21539030969143
    endloop
  endfacet
  facet normal -1 0 0
    outer loop
      vertex 100.39999999999999 86.59807620942593 16.143593542277813
      vertex 100.39999999999999 99.79422863572836 16.143593542277813
      vertex 100.39999999999999 103.79422863572836 9.21539030969143
    endloop
  endfacet
  facet normal -1 0 0
    outer loop
      vertex 100.39999999999999 97.19615242630243 17.643593542277813
      vertex 100.39999999999999 101.19615242630243 24.571796767413616
      vertex 100.39999999999999 99.79422863572836 16.143593542277813
    endloop
  endfacet
  facet normal 1 0 0
    outer loop
      vertex 102.8 103.79422863572836 23.071796767413616
      vertex 102.8 97.19615242630243 17.643593542277813
      vertex 102.8 99.79422863572836 16.143593542277813
    endloop
  endfacet
  facet normal -1 0 0
    outer loop
      vertex 100.39999999999999 101.19615242630243 24.571796767413616
      vertex 100.39999999999999 103.79422863572836 23.071796767413616
      vertex 100.39999999999999 99.79422863572836 16.143593542277813
    endloop
  endfacet
  facet normal -1 0 0
    outer loop
      vertex 100.39999999999999 126 3
      vertex 100.39999999999999 103.79422863572836 9.21539030969143
      vertex 100.39999999999999 111.79422863572836 9.21539030969143
    endloop
  endfacet
  facet normal 1 0 0
    outer loop
      vertex 102.8 128 0
      vertex 102.8 111.79422863572836 9.21539030969143
      vertex 102.8 103.79422863572836 9.21539030969143
    endloop
  endfacet
  facet normal -1 0 0
    outer loop
      vertex 100.39999999999999 126 3
      vertex 100.39999999999999 111.79422863572836 9.21539030969143
      vertex 100.39999999999999 115.79422863572836 16.143593542277813
    endloop
  endfacet
  facet normal 1 0 0
    outer loop
      vertex 102.8 128 3
      vertex 102.8 115.79422863572836 16.143593542277813
      vertex 102.8 111.79422863572836 9.21539030969143
    endloop
  endfacet
  facet normal 1 0 0
    outer loop
      vertex 102.8 128 0
      vertex 102.8 128 3
      vertex 102.8 111.79422863572836 9.21539030969143
    endloop
  endfacet
  facet normal 0 1 0
    outer loop
      vertex 100.39999999999999 128 3
      vertex 102.8 128 26.448
      vertex 102.8 128 3
    endloop
  endfacet
  facet normal 1 0 0
    outer loop
      vertex 102.8 128 3
      vertex 102.8 128 26.448
      vertex 102.8 115.79422863572836 16.143593542277813
    endloop
  endfacet
  facet normal -1 0 0
    outer loop
      vertex 100.39999999999999 126 3
      vertex 100.39999999999999 115.79422863572836 16.143593542277813
      vertex 100.39999999999999 126 38
    endloop
  endfacet
  facet normal 1 0 0
    outer loop
      vertex 102.8 97.19615242630243 17.643593542277813
      vertex 102.8 103.79422863572836 23.071796767413616
      vertex 102.8 101.19615242630243 24.571796767413616
    endloop
  endfacet
  facet normal 1 0 0
    outer loop
      vertex 102.8 101.19615242630243 24.571796767413616
      vertex 102.8 103.79422863572836 23.071796767413616
      vertex 102.8 103.79422863572836 26.071796767413616
    endloop
  endfacet
  facet normal 1 0 0
    outer loop
      vertex 102.8 97.19615242630243 31.5
      vertex 102.8 101.19615242630243 24.571796767413616
      vertex 102.8 99.79422863572836 33
    endloop
  endfacet
  facet normal -1 0 0
    outer loop
      vertex 100.39999999999999 101.19615242630243 24.571796767413616
      vertex 100.39999999999999 97.19615242630243 31.5
      vertex 100.39999999999999 103.79422863572836 26.071796767413616
    endloop
  endfacet
  facet normal 1 0 0
    outer loop
      vertex 102.8 101.19615242630243 24.571796767413616
      vertex 102.8 103.79422863572836 26.071796767413616
      vertex 102.8 99.79422863572836 33
    endloop
  endfacet
  facet normal -1 0 0
    outer loop
      vertex 100.39999999999999 97.19615242630243 31.5
      vertex 100.39999999999999 99.79422863572836 33
      vertex 100.39999999999999 103.79422863572836 26.071796767413616
    endloop
  endfacet
  facet normal 1 0 0
    outer loop
      vertex 102.8 103.79422863572836 23.071796767413616
      vertex 102.8 111.79422863572836 23.071796767413616
      vertex 102.8 103.79422863572836 26.071796767413616
    endloop
  endfacet
  facet normal -1 0 0
    outer loop
      vertex 100.39999999999999 111.79422863572836 26.071796767413616
      vertex 100.39999999999999 103.79422863572836 23.071796767413616
      vertex 100.39999999999999 101.19615242630243 24.571796767413616
    endloop
  endfacet
  facet normal -1 0 0
    outer loop
      vertex 100.39999999999999 101.19615242630243 24.571796767413616
      vertex 100.39999999999999 103.79422863572836 26.071796767413616
      vertex 100.39999999999999 111.79422863572836 26.071796767413616
    endloop
  endfacet
  facet normal -1 0 0
    outer loop
      vertex 100.39999999999999 111.79422863572836 23.071796767413616
      vertex 100.39999999999999 103.79422863572836 23.071796767413616
      vertex 100.39999999999999 111.79422863572836 26.071796767413616
    endloop
  endfacet
  facet normal 1 0 0
    outer loop
      vertex 102.8 111.79422863572836 23.071796767413616
      vertex 102.8 111.79422863572836 26.071796767413616
      vertex 102.8 103.79422863572836 26.071796767413616
    endloop
  endfacet
  facet normal -1 0 0
    outer loop
      vertex 100.39999999999999 97.19615242630243 31.5
      vertex 100.39999999999999 97.19615242630243 34.5
      vertex 100.39999999999999 99.79422863572836 33
    endloop
  endfacet
  facet normal 1 0 0
    outer loop
      vertex 102.8 97.19615242630243 31.5
      vertex 102.8 99.79422863572836 33
      vertex 102.8 97.19615242630243 34.5
    endloop
  endfacet
  facet normal -1 0 0
    outer loop
      vertex 100.39999999999999 101.19615242630243 41.428203232586384
      vertex 100.39999999999999 99.79422863572836 33
      vertex 100.39999999999999 97.19615242630243 34.5
    endloop
  endfacet
  facet normal 1 0 0
    outer loop
      vertex 102.8 103.79422863572836 39.928203232586384
      vertex 102.8 97.19615242630243 34.5
      vertex 102.8 99.79422863572836 33
    endloop
  endfacet
  facet normal -1 0 0
    outer loop
      vertex 100.39999999999999 99.79422863572836 33
      vertex 100.39999999999999 101.19615242630243 41.428203232586384
      vertex 100.39999999999999 103.79422863572836 39.928203232586384
    endloop
  endfacet
  facet normal 1 0 0
    outer loop
      vertex 102.8 97.19615242630243 34.5
      vertex 102.8 103.79422863572836 39.928203232586384
      vertex 102.8 101.19615242630243 41.428203232586384
    endloop
  endfacet
  facet normal -1 0 0
    outer loop
      vertex 100.39999999999999 101.19615242630243 41.428203232586384
      vertex 100.39999999999999 103.79422863572836 42.928203232586384
      vertex 100.39999999999999 103.79422863572836 39.928203232586384
    endloop
  endfacet
  facet normal 1 0 0
    outer loop
      vertex 102.8 101.19615242630243 41.428203232586384
      vertex 102.8 103.79422863572836 39.928203232586384
      vertex 102.8 103.79422863572836 42.928203232586384
    endloop
  endfacet
  facet normal -1 0 0
    outer loop
      vertex 100.39999999999999 103.79422863572836 39.928203232586384
      vertex 100.39999999999999 103.79422863572836 42.928203232586384
      vertex 100.39999999999999 111.79422863572836 42.928203232586384
    endloop
  endfacet
  facet normal 1 0 0
    outer loop
      vertex 102.8 103.79422863572836 39.928203232586384
      vertex 102.8 111.79422863572836 39.928203232586384
      vertex 102.8 103.79422863572836 42.928203232586384
    endloop
  endfacet
  facet normal -1 0 0
    outer loop
      vertex 100.39999999999999 103.79422863572836 39.928203232586384
      vertex 100.39999999999999 111.79422863572836 42.928203232586384
      vertex 100.39999999999999 111.79422863572836 39.928203232586384
    endloop
  endfacet
  facet normal 1 0 0
    outer loop
      vertex 102.8 128 26.448
      vertex 102.8 111.79422863572836 23.071796767413616
      vertex 102.8 115.79422863572836 16.143593542277813
    endloop
  endfacet
  facet normal -1 0 0
    outer loop
      vertex 100.39999999999999 126 38
      vertex 100.39999999999999 115.79422863572836 16.143593542277813
      vertex 100.39999999999999 111.79422863572836 23.071796767413616
    endloop
  endfacet
  facet normal 1 0 0
    outer loop
      vertex 102.8 128 26.448
      vertex 102.8 111.79422863572836 26.071796767413616
      vertex 102.8 111.79422863572836 23.071796767413616
    endloop
  endfacet
  facet normal -1 0 0
    outer loop
      vertex 100.39999999999999 111.79422863572836 23.071796767413616
      vertex 100.39999999999999 111.79422863572836 26.071796767413616
      vertex 100.39999999999999 115.79422863572836 33
    endloop
  endfacet
  facet normal 1 0 0
    outer loop
      vertex 102.8 128 26.448
      vertex 102.8 115.79422863572836 33
      vertex 102.8 111.79422863572836 26.071796767413616
    endloop
  endfacet
  facet normal -1 0 0
    outer loop
      vertex 100.39999999999999 126 38
      vertex 100.39999999999999 111.79422863572836 23.071796767413616
      vertex 100.39999999999999 115.79422863572836 33
    endloop
  endfacet
  facet normal 0 1 0
    outer loop
      vertex 100.39999999999999 128 3
      vertex 100.39999999999999 128 38
      vertex 102.8 128 26.448
    endloop
  endfacet
  facet normal 1 0 0
    outer loop
      vertex 102.8 128 26.448
      vertex 102.8 127.13987621573828 38
      vertex 102.8 115.79422863572836 33
    endloop
  endfacet
  facet normal -1 0 0
    outer loop
      vertex 100.39999999999999 126 38
      vertex 100.39999999999999 115.79422863572836 33
      vertex 100.39999999999999 111.79422863572836 39.928203232586384
    endloop
  endfacet
  facet normal 1 0 0
    outer loop
      vertex 102.8 127.13987621573828 38
      vertex 102.8 111.79422863572836 39.928203232586384
      vertex 102.8 115.79422863572836 33
    endloop
  endfacet
  facet normal 1 0 0
    outer loop
      vertex 102.8 127.13987621573828 38
      vertex 102.8 103.79422863572836 42.928203232586384
      vertex 102.8 111.79422863572836 39.928203232586384
    endloop
  endfacet
  facet normal 1 0 0
    outer loop
      vertex 102.8 127.13987621573828 38
      vertex 102.8 111.79422863572836 42.928203232586384
      vertex 102.8 103.79422863572836 42.928203232586384
    endloop
  endfacet
  facet normal -1 0 0
    outer loop
      vertex 100.39999999999999 126 38
      vertex 100.39999999999999 111.79422863572836 39.928203232586384
      vertex 100.39999999999999 111.79422863572836 42.928203232586384
    endloop
  endfacet
  facet normal -1 0 0
    outer loop
      vertex 100.39999999999999 60 48.35640645772219
      vertex 100.39999999999999 70.59807620942593 49.85640645772219
      vertex 100.39999999999999 68 48.35640645772219
    endloop
  endfacet
  facet normal -1 0 0
    outer loop
      vertex 100.39999999999999 68 48.35640645772219
      vertex 100.39999999999999 74.59807620942593 42.928203232586384
      vertex 100.39999999999999 72 41.428203232586384
    endloop
  endfacet
  facet normal -1 0 0
    outer loop
      vertex 100.39999999999999 74.59807620942593 42.928203232586384
      vertex 100.39999999999999 68 48.35640645772219
      vertex 100.39999999999999 70.59807620942593 49.85640645772219
    endloop
  endfacet
  facet normal 1 0 0
    outer loop
      vertex 102.8 70.59807620942593 49.85640645772219
      vertex 102.8 68 48.35640645772219
      vertex 102.8 72 41.428203232586384
    endloop
  endfacet
  facet normal -1 0 0
    outer loop
      vertex 100.39999999999999 57.401923790574074 49.85640645772219
      vertex 100.39999999999999 74.59807620942593 56.78460969030857
      vertex 100.39999999999999 60 48.35640645772219
    endloop
  endfacet
  facet normal 1 0 0
    outer loop
      vertex 102.8 53.401923790574074 56.78460969030857
      vertex 102.8 68 48.35640645772219
      vertex 102.8 70.59807620942593 49.85640645772219
    endloop
  endfacet
  facet normal -1 0 0
    outer loop
      vertex 100.39999999999999 60 48.35640645772219
      vertex 100.39999999999999 74.59807620942593 56.78460969030857
      vertex 100.39999999999999 70.59807620942593 49.85640645772219
    endloop
  endfacet
  facet normal 1 0 0
    outer loop
      vertex 102.8 70.59807620942593 49.85640645772219
      vertex 102.8 72 41.428203232586384
      vertex 102.8 74.59807620942593 42.928203232586384
    endloop
  endfacet
  facet normal 1 0 0
    outer loop
      vertex 102.8 53.401923790574074 56.78460969030857
      vertex 102.8 70.59807620942593 49.85640645772219
      vertex 102.8 74.59807620942593 56.78460969030857
    endloop
  endfacet
  facet normal 1 0 0
    outer loop
      vertex 102.8 53.401923790574074 56.78460969030857
      vertex 102.8 122 61
      vertex 102.8 23.89333333333333 61
    endloop
  endfacet
  facet normal -1 0 0
    outer loop
      vertex 100.39999999999999 128 87
      vertex 100.39999999999999 57.401923790574074 49.85640645772219
      vertex 100.39999999999999 53.401923790574074 56.78460969030857
    endloop
  endfacet
  facet normal -1 0 0
    outer loop
      vertex 100.39999999999999 82.59807620942593 42.928203232586384
      vertex 100.39999999999999 86.59807620942593 49.85640645772219
      vertex 100.39999999999999 85.19615242630243 41.428203232586384
    endloop
  endfacet
  facet normal 1 0 0
    outer loop
      vertex 102.8 82.59807620942593 42.928203232586384
      vertex 102.8 85.19615242630243 41.428203232586384
      vertex 102.8 89.19615242630243 48.35640645772219
    endloop
  endfacet
  facet normal -1 0 0
    outer loop
      vertex 100.39999999999999 86.59807620942593 49.85640645772219
      vertex 100.39999999999999 89.19615242630243 48.35640645772219
      vertex 100.39999999999999 85.19615242630243 41.428203232586384
    endloop
  endfacet
  facet normal 1 0 0
    outer loop
      vertex 102.8 86.59807620942593 49.85640645772219
      vertex 102.8 82.59807620942593 42.928203232586384
      vertex 102.8 89.19615242630243 48.35640645772219
    endloop
  endfacet
  facet normal 1 0 0
    outer loop
      vertex 102.8 86.59807620942593 49.85640645772219
      vertex 102.8 89.19615242630243 48.35640645772219
      vertex 102.8 97.19615242630243 48.35640645772219
    endloop
  endfacet
  facet normal -1 0 0
    outer loop
      vertex 100.39999999999999 89.19615242630243 48.35640645772219
      vertex 100.39999999999999 99.79422863572836 49.85640645772219
      vertex 100.39999999999999 97.19615242630243 48.35640645772219
    endloop
  endfacet
  facet normal -1 0 0
    outer loop
      vertex 100.39999999999999 86.59807620942593 49.85640645772219
      vertex 100.39999999999999 99.79422863572836 49.85640645772219
      vertex 100.39999999999999 89.19615242630243 48.35640645772219
    endloop
  endfacet
  facet normal 1 0 0
    outer loop
      vertex 102.8 97.19615242630243 48.35640645772219
      vertex 102.8 82.59807620942593 56.78460969030857
      vertex 102.8 86.59807620942593 49.85640645772219
    endloop
  endfacet
  facet normal 1 0 0
    outer loop
      vertex 102.8 82.59807620942593 56.78460969030857
      vertex 102.8 97.19615242630243 48.35640645772219
      vertex 102.8 99.79422863572836 49.85640645772219
    endloop
  endfacet
  facet normal 1 0 0
    outer loop
      vertex 102.8 122 61
      vertex 102.8 53.401923790574074 56.78460969030857
      vertex 102.8 74.59807620942593 56.78460969030857
    endloop
  endfacet
  facet normal -1 0 0
    outer loop
      vertex 100.39999999999999 128 87
      vertex 100.39999999999999 74.59807620942593 56.78460969030857
      vertex 100.39999999999999 57.401923790574074 49.85640645772219
    endloop
  endfacet
  facet normal -1 0 0
    outer loop
      vertex 100.39999999999999 82.59807620942593 56.78460969030857
      vertex 100.39999999999999 103.79422863572836 56.78460969030857
      vertex 100.39999999999999 86.59807620942593 49.85640645772219
    endloop
  endfacet
  facet normal 1 0 0
    outer loop
      vertex 102.8 82.59807620942593 56.78460969030857
      vertex 102.8 99.79422863572836 49.85640645772219
      vertex 102.8 103.79422863572836 56.78460969030857
    endloop
  endfacet
  facet normal 1 0 0
    outer loop
      vertex 102.8 74.59807620942593 56.78460969030857
      vertex 102.8 82.59807620942593 56.78460969030857
      vertex 102.8 122 61
    endloop
  endfacet
  facet normal -1 0 0
    outer loop
      vertex 100.39999999999999 128 87
      vertex 100.39999999999999 53.401923790574074 56.78460969030857
      vertex 100.39999999999999 45.401923790574074 56.78460969030857
    endloop
  endfacet
  facet normal 1 0 0
    outer loop
      vertex 102.8 0 75
      vertex 102.8 122 73
      vertex 102.8 128 75
    endloop
  endfacet
  facet normal -1 0 0
    outer loop
      vertex 100.39999999999999 128 87
      vertex 100.39999999999999 82.59807620942593 56.78460969030857
      vertex 100.39999999999999 74.59807620942593 56.78460969030857
    endloop
  endfacet
  facet normal 1 0 0
    outer loop
      vertex 102.8 101.19615242630243 41.428203232586384
      vertex 102.8 99.79422863572836 49.85640645772219
      vertex 102.8 97.19615242630243 48.35640645772219
    endloop
  endfacet
  facet normal -1 0 0
    outer loop
      vertex 100.39999999999999 101.19615242630243 41.428203232586384
      vertex 100.39999999999999 97.19615242630243 48.35640645772219
      vertex 100.39999999999999 103.79422863572836 42.928203232586384
    endloop
  endfacet
  facet normal 1 0 0
    outer loop
      vertex 102.8 99.79422863572836 49.85640645772219
      vertex 102.8 101.19615242630243 41.428203232586384
      vertex 102.8 103.79422863572836 42.928203232586384
    endloop
  endfacet
  facet normal -1 0 0
    outer loop
      vertex 100.39999999999999 97.19615242630243 48.35640645772219
      vertex 100.39999999999999 99.79422863572836 49.85640645772219
      vertex 100.39999999999999 103.79422863572836 42.928203232586384
    endloop
  endfacet
  facet normal -1 0 0
    outer loop
      vertex 100.39999999999999 86.59807620942593 49.85640645772219
      vertex 100.39999999999999 103.79422863572836 56.78460969030857
      vertex 100.39999999999999 99.79422863572836 49.85640645772219
    endloop
  endfacet
  facet normal 1 0 0
    outer loop
      vertex 102.8 82.59807620942593 56.78460969030857
      vertex 102.8 103.79422863572836 56.78460969030857
      vertex 102.8 122 61
    endloop
  endfacet
  facet normal -1 0 0
    outer loop
      vertex 100.39999999999999 126 38
      vertex 100.39999999999999 111.79422863572836 42.928203232586384
      vertex 100.39999999999999 115.79422863572836 49.85640645772219
    endloop
  endfacet
  facet normal 1 0 0
    outer loop
      vertex 102.8 127.13987621573828 38
      vertex 102.8 115.79422863572836 49.85640645772219
      vertex 102.8 111.79422863572836 42.928203232586384
    endloop
  endfacet
  facet normal 1 0 0
    outer loop
      vertex 102.8 127.13987621573828 38
      vertex 102.8 122 61
      vertex 102.8 115.79422863572836 49.85640645772219
    endloop
  endfacet
  facet normal 0 1 0
    outer loop
      vertex 102.8 128 26.448
      vertex 100.39999999999999 128 38
      vertex 100.39999999999999 128 87
    endloop
  endfacet
  facet normal 0 1 0
    outer loop
      vertex 102.8 128 26.448
      vertex 100.39999999999999 128 87
      vertex 102.8 128 38
    endloop
  endfacet
  facet normal 1 0 0
    outer loop
      vertex 102.8 127.13987621573828 38
      vertex 102.8 128 38
      vertex 102.8 128 75
    endloop
  endfacet
  facet normal -1 0 0
    outer loop
      vertex 100.39999999999999 126 38
      vertex 100.39999999999999 128 87
      vertex 100.39999999999999 128 38
    endloop
  endfacet
  facet normal 1 0 0
    outer loop
      vertex 102.8 122 61
      vertex 102.8 103.79422863572836 56.78460969030857
      vertex 102.8 111.79422863572836 56.78460969030857
    endloop
  endfacet
  facet normal 1 0 0
    outer loop
      vertex 102.8 122 61
      vertex 102.8 111.79422863572836 56.78460969030857
      vertex 102.8 115.79422863572836 49.85640645772219
    endloop
  endfacet
  facet normal -1 0 0
    outer loop
      vertex 100.39999999999999 128 87
      vertex 100.39999999999999 115.79422863572836 49.85640645772219
      vertex 100.39999999999999 111.79422863572836 56.78460969030857
    endloop
  endfacet
  facet normal -1 0 0
    outer loop
      vertex 100.39999999999999 126 38
      vertex 100.39999999999999 115.79422863572836 49.85640645772219
      vertex 100.39999999999999 128 87
    endloop
  endfacet
  facet normal 1 0 0
    outer loop
      vertex 102.8 127.13987621573828 38
      vertex 102.8 128 75
      vertex 102.8 122 61
    endloop
  endfacet
  facet normal -1 0 0
    outer loop
      vertex 100.39999999999999 128 87
      vertex 100.39999999999999 103.79422863572836 56.78460969030857
      vertex 100.39999999999999 82.59807620942593 56.78460969030857
    endloop
  endfacet
  facet normal 0 0 1
    outer loop
      vertex 101.8 53.33333333333321 87
      vertex 102.8 128 87
      vertex 100.39999999999999 128 87
    endloop
  endfacet
  facet normal -1 0 0
    outer loop
      vertex 100.39999999999999 128 87
      vertex 100.39999999999999 111.79422863572836 56.78460969030857
      vertex 100.39999999999999 103.79422863572836 56.78460969030857
    endloop
  endfacet
  facet normal 0 1 0
    outer loop
      vertex 102.8 128 38
      vertex 100.39999999999999 128 87
      vertex 102.8 128 75
    endloop
  endfacet
  facet normal 1 0 0
    outer loop
      vertex 102.8 128 75
      vertex 102.8 122 73
      vertex 102.8 122 61
    endloop
  endfacet
  facet normal 0 1 0
    outer loop
      vertex 102.8 128 75
      vertex 100.39999999999999 128 87
      vertex 102.8 128 87
    endloop
  endfacet
  facet normal 0 0.8660254038566534 0.4999999998749202
    outer loop
      vertex 2.4 16.20577136427164 9.21539030969143
      vertex 0 16.20577136427164 9.21539030969143
      vertex 2.4 12.20577136427164 16.143593542277813
    endloop
  endfacet
  facet normal 0 0.8660254038566534 0.4999999998749202
    outer loop
      vertex 0 16.20577136427164 9.21539030969143
      vertex 0 12.20577136427164 16.143593542277813
      vertex 2.4 12.20577136427164 16.143593542277813
    endloop
  endfacet
  facet normal 0 0.866025403623823 -0.5000000002781948
    outer loop
      vertex 2.4 12.20577136427164 16.143593542277813
      vertex 0 12.20577136427164 16.143593542277813
      vertex 2.4 16.20577136427164 23.071796767413616
    endloop
  endfacet
  facet normal 0 0.866025403623823 -0.5000000002781948
    outer loop
      vertex 2.4 16.20577136427164 23.071796767413616
      vertex 0 12.20577136427164 16.143593542277813
      vertex 0 16.20577136427164 23.071796767413616
    endloop
  endfacet
  facet normal 0 0 1
    outer loop
      vertex 0 16.20577136427164 9.21539030969143
      vertex 2.4 16.20577136427164 9.21539030969143
      vertex 0 24.20577136427164 9.21539030969143
    endloop
  endfacet
  facet normal 0 0 1
    outer loop
      vertex 2.4 24.20577136427164 9.21539030969143
      vertex 0 24.20577136427164 9.21539030969143
      vertex 2.4 16.20577136427164 9.21539030969143
    endloop
  endfacet
  facet normal 0 -0.8660254038566534 0.4999999998749202
    outer loop
      vertex 0 24.20577136427164 9.21539030969143
      vertex 2.4 24.20577136427164 9.21539030969143
      vertex 0 28.20577136427164 16.143593542277813
    endloop
  endfacet
  facet normal 0 -0.8660254038566534 0.4999999998749202
    outer loop
      vertex 2.4 28.20577136427164 16.143593542277813
      vertex 0 28.20577136427164 16.143593542277813
      vertex 2.4 24.20577136427164 9.21539030969143
    endloop
  endfacet
  facet normal 0 -0.866025403623823 -0.5000000002781948
    outer loop
      vertex 0 24.20577136427164 23.071796767413616
      vertex 0 28.20577136427164 16.143593542277813
      vertex 2.4 28.20577136427164 16.143593542277813
    endloop
  endfacet
  facet normal 0 -0.866025403623823 -0.5000000002781948
    outer loop
      vertex 2.4 24.20577136427164 23.071796767413616
      vertex 0 24.20577136427164 23.071796767413616
      vertex 2.4 28.20577136427164 16.143593542277813
    endloop
  endfacet
  facet normal 0 0.866025403623823 0.5000000002781948
    outer loop
      vertex 2.4 30.803847573697567 17.643593542277813
      vertex 0 30.803847573697567 17.643593542277813
      vertex 2.4 26.803847573697567 24.571796767413616
    endloop
  endfacet
  facet normal 0 0.8660254038566534 0.4999999998749202
    outer loop
      vertex 2.4 16.20577136427164 26.071796767413616
      vertex 0 16.20577136427164 26.071796767413616
      vertex 2.4 12.20577136427164 33
    endloop
  endfacet
  facet normal 0 0.8660254038566534 0.4999999998749202
    outer loop
      vertex 2.4 12.20577136427164 33
      vertex 0 16.20577136427164 26.071796767413616
      vertex 0 12.20577136427164 33
    endloop
  endfacet
  facet normal 0 0.8660254038566534 -0.4999999998749202
    outer loop
      vertex 2.4 16.20577136427164 39.928203232586384
      vertex 2.4 12.20577136427164 33
      vertex 0 12.20577136427164 33
    endloop
  endfacet
  facet normal 0 0.8660254038566534 -0.4999999998749202
    outer loop
      vertex 2.4 16.20577136427164 39.928203232586384
      vertex 0 12.20577136427164 33
      vertex 0 16.20577136427164 39.928203232586384
    endloop
  endfacet
  facet normal 0 0 -1
    outer loop
      vertex 2.4 16.20577136427164 23.071796767413616
      vertex 0 16.20577136427164 23.071796767413616
      vertex 2.4 24.20577136427164 23.071796767413616
    endloop
  endfacet
  facet normal 0 0 1
    outer loop
      vertex 0 16.20577136427164 26.071796767413616
      vertex 2.4 16.20577136427164 26.071796767413616
      vertex 0 24.20577136427164 26.071796767413616
    endloop
  endfacet
  facet normal 0 0 -1
    outer loop
      vertex 0 24.20577136427164 23.071796767413616
      vertex 2.4 24.20577136427164 23.071796767413616
      vertex 0 16.20577136427164 23.071796767413616
    endloop
  endfacet
  facet normal 0 0 1
    outer loop
      vertex 2.4 16.20577136427164 26.071796767413616
      vertex 2.4 24.20577136427164 26.071796767413616
      vertex 0 24.20577136427164 26.071796767413616
    endloop
  endfacet
  facet normal 0 0.866025403623823 0.5000000002781948
    outer loop
      vertex 0 30.803847573697567 17.643593542277813
      vertex 0 26.803847573697567 24.571796767413616
      vertex 2.4 26.803847573697567 24.571796767413616
    endloop
  endfacet
  facet normal 0 0.8660254038566534 -0.4999999998749202
    outer loop
      vertex 2.4 26.803847573697567 24.571796767413616
      vertex 0 26.803847573697567 24.571796767413616
      vertex 2.4 30.803847573697567 31.5
    endloop
  endfacet
  facet normal 0 -0.8660254038566534 0.4999999998749202
    outer loop
      vertex 0 24.20577136427164 26.071796767413616
      vertex 2.4 24.20577136427164 26.071796767413616
      vertex 0 28.20577136427164 33
    endloop
  endfacet
  facet normal 0 -0.8660254038566534 0.4999999998749202
    outer loop
      vertex 2.4 28.20577136427164 33
      vertex 0 28.20577136427164 33
      vertex 2.4 24.20577136427164 26.071796767413616
    endloop
  endfacet
  facet normal 0 0.8660254038566534 -0.4999999998749202
    outer loop
      vertex 2.4 30.803847573697567 31.5
      vertex 0 26.803847573697567 24.571796767413616
      vertex 0 30.803847573697567 31.5
    endloop
  endfacet
  facet normal 0 0 -1
    outer loop
      vertex 2.4 16.20577136427164 39.928203232586384
      vertex 0 16.20577136427164 39.928203232586384
      vertex 2.4 24.20577136427164 39.928203232586384
    endloop
  endfacet
  facet normal 0 0 1
    outer loop
      vertex 0 16.20577136427164 42.928203232586384
      vertex 2.4 16.20577136427164 42.928203232586384
      vertex 0 24.20577136427164 42.928203232586384
    endloop
  endfacet
  facet normal 0 0 -1
    outer loop
      vertex 2.4 24.20577136427164 39.928203232586384
      vertex 0 16.20577136427164 39.928203232586384
      vertex 0 24.20577136427164 39.928203232586384
    endloop
  endfacet
  facet normal 0 0 1
    outer loop
      vertex 2.4 24.20577136427164 42.928203232586384
      vertex 0 24.20577136427164 42.928203232586384
      vertex 2.4 16.20577136427164 42.928203232586384
    endloop
  endfacet
  facet normal 0 -0.8660254038566534 -0.4999999998749202
    outer loop
      vertex 0 28.20577136427164 33
      vertex 2.4 28.20577136427164 33
      vertex 0 24.20577136427164 39.928203232586384
    endloop
  endfacet
  facet normal 0 -0.8660254038566534 -0.4999999998749202
    outer loop
      vertex 2.4 28.20577136427164 33
      vertex 2.4 24.20577136427164 39.928203232586384
      vertex 0 24.20577136427164 39.928203232586384
    endloop
  endfacet
  facet normal 0 0.8660254038566534 0.4999999998749202
    outer loop
      vertex 2.4 26.803847573697567 41.428203232586384
      vertex 2.4 30.803847573697567 34.5
      vertex 0 30.803847573697567 34.5
    endloop
  endfacet
  facet normal 0 0.8660254038566534 0.4999999998749202
    outer loop
      vertex 2.4 26.803847573697567 41.428203232586384
      vertex 0 30.803847573697567 34.5
      vertex 0 26.803847573697567 41.428203232586384
    endloop
  endfacet
  facet normal 0 0 1
    outer loop
      vertex 0 30.803847573697567 17.643593542277813
      vertex 2.4 30.803847573697567 17.643593542277813
      vertex 0 38.80384757369757 17.643593542277813
    endloop
  endfacet
  facet normal 0 0 1
    outer loop
      vertex 2.4 30.803847573697567 17.643593542277813
      vertex 2.4 38.80384757369757 17.643593542277813
      vertex 0 38.80384757369757 17.643593542277813
    endloop
  endfacet
  facet normal 0 0.8660254038566534 0.4999999998749202
    outer loop
      vertex 2.4 41.401923790574074 16.143593542277813
      vertex 0 45.401923790574074 9.21539030969143
      vertex 0 41.401923790574074 16.143593542277813
    endloop
  endfacet
  facet normal 0 0.8660254038566534 0.4999999998749202
    outer loop
      vertex 2.4 45.401923790574074 9.21539030969143
      vertex 0 45.401923790574074 9.21539030969143
      vertex 2.4 41.401923790574074 16.143593542277813
    endloop
  endfacet
  facet normal 0 0.866025403623823 -0.5000000002781948
    outer loop
      vertex 2.4 41.401923790574074 16.143593542277813
      vertex 0 41.401923790574074 16.143593542277813
      vertex 2.4 45.401923790574074 23.071796767413616
    endloop
  endfacet
  facet normal 0 -0.866025403623823 0.5000000002781948
    outer loop
      vertex 0 38.80384757369757 17.643593542277813
      vertex 2.4 38.80384757369757 17.643593542277813
      vertex 0 42.80384757369757 24.571796767413616
    endloop
  endfacet
  facet normal 0 0.866025403623823 -0.5000000002781948
    outer loop
      vertex 2.4 45.401923790574074 23.071796767413616
      vertex 0 41.401923790574074 16.143593542277813
      vertex 0 45.401923790574074 23.071796767413616
    endloop
  endfacet
  facet normal 0 0 1
    outer loop
      vertex 0 45.401923790574074 9.21539030969143
      vertex 2.4 45.401923790574074 9.21539030969143
      vertex 0 53.401923790574074 9.21539030969143
    endloop
  endfacet
  facet normal 0 0 1
    outer loop
      vertex 2.4 45.401923790574074 9.21539030969143
      vertex 2.4 53.401923790574074 9.21539030969143
      vertex 0 53.401923790574074 9.21539030969143
    endloop
  endfacet
  facet normal 0 -0.8660254038566534 0.4999999998749202
    outer loop
      vertex 0 53.401923790574074 9.21539030969143
      vertex 2.4 53.401923790574074 9.21539030969143
      vertex 0 57.401923790574074 16.143593542277813
    endloop
  endfacet
  facet normal 0 -0.866025403623823 -0.5000000002781948
    outer loop
      vertex 2.4 53.401923790574074 23.071796767413616
      vertex 0 53.401923790574074 23.071796767413616
      vertex 2.4 57.401923790574074 16.143593542277813
    endloop
  endfacet
  facet normal 0 -0.8660254038566534 0.4999999998749202
    outer loop
      vertex 2.4 57.401923790574074 16.143593542277813
      vertex 0 57.401923790574074 16.143593542277813
      vertex 2.4 53.401923790574074 9.21539030969143
    endloop
  endfacet
  facet normal 0 -0.866025403623823 -0.5000000002781948
    outer loop
      vertex 0 57.401923790574074 16.143593542277813
      vertex 2.4 57.401923790574074 16.143593542277813
      vertex 0 53.401923790574074 23.071796767413616
    endloop
  endfacet
  facet normal 0 0.866025403623823 0.5000000002781948
    outer loop
      vertex 2.4 60 17.643593542277813
      vertex 0 60 17.643593542277813
      vertex 2.4 56 24.571796767413616
    endloop
  endfacet
  facet normal 0 0 1
    outer loop
      vertex 0 60 17.643593542277813
      vertex 2.4 60 17.643593542277813
      vertex 0 68 17.643593542277813
    endloop
  endfacet
  facet normal 0 0 1
    outer loop
      vertex 2.4 63.20000000000001 17.643593542277813
      vertex 0 68 17.643593542277813
      vertex 2.4 60 17.643593542277813
    endloop
  endfacet
  facet normal 0 0 1
    outer loop
      vertex 2.4 63.20000000000001 17.643593542277813
      vertex 3.4000000000000004 63.20000000000001 17.643593542277813
      vertex 2.4 64.80000000000001 17.643593542277813
    endloop
  endfacet
  facet normal 0 0 -1
    outer loop
      vertex 2.4 30.803847573697567 31.5
      vertex 0 30.803847573697567 31.5
      vertex 2.4 38.80384757369757 31.5
    endloop
  endfacet
  facet normal 0 0 -1
    outer loop
      vertex 2.4 38.80384757369757 31.5
      vertex 0 30.803847573697567 31.5
      vertex 0 38.80384757369757 31.5
    endloop
  endfacet
  facet normal 0 -0.866025403623823 0.5000000002781948
    outer loop
      vertex 2.4 42.80384757369757 24.571796767413616
      vertex 0 42.80384757369757 24.571796767413616
      vertex 2.4 38.80384757369757 17.643593542277813
    endloop
  endfacet
  facet normal 0 -0.8660254038566534 -0.4999999998749202
    outer loop
      vertex 0 38.80384757369757 31.5
      vertex 0 42.80384757369757 24.571796767413616
      vertex 2.4 42.80384757369757 24.571796767413616
    endloop
  endfacet
  facet normal 0 -0.8660254038566534 -0.4999999998749202
    outer loop
      vertex 2.4 38.80384757369757 31.5
      vertex 0 38.80384757369757 31.5
      vertex 2.4 42.80384757369757 24.571796767413616
    endloop
  endfacet
  facet normal 0 0.8660254038566534 0.4999999998749202
    outer loop
      vertex 0 45.401923790574074 26.071796767413616
      vertex 0 41.401923790574074 33
      vertex 2.4 41.401923790574074 33
    endloop
  endfacet
  facet normal 0 0.8660254038566534 0.4999999998749202
    outer loop
      vertex 2.4 45.401923790574074 26.071796767413616
      vertex 0 45.401923790574074 26.071796767413616
      vertex 2.4 41.401923790574074 33
    endloop
  endfacet
  facet normal 0 0 1
    outer loop
      vertex 0 30.803847573697567 34.5
      vertex 2.4 30.803847573697567 34.5
      vertex 0 38.80384757369757 34.5
    endloop
  endfacet
  facet normal 0 0 1
    outer loop
      vertex 2.4 38.80384757369757 34.5
      vertex 0 38.80384757369757 34.5
      vertex 2.4 30.803847573697567 34.5
    endloop
  endfacet
  facet normal 0 0.8660254038566534 -0.4999999998749202
    outer loop
      vertex 2.4 45.401923790574074 39.928203232586384
      vertex 2.4 41.401923790574074 33
      vertex 0 41.401923790574074 33
    endloop
  endfacet
  facet normal 0 -0.8660254038566534 0.4999999998749202
    outer loop
      vertex 0 38.80384757369757 34.5
      vertex 2.4 38.80384757369757 34.5
      vertex 0 42.80384757369757 41.428203232586384
    endloop
  endfacet
  facet normal 0 0.8660254038566534 -0.4999999998749202
    outer loop
      vertex 2.4 45.401923790574074 39.928203232586384
      vertex 0 41.401923790574074 33
      vertex 0 45.401923790574074 39.928203232586384
    endloop
  endfacet
  facet normal 0 -0.8660254038566534 0.4999999998749202
    outer loop
      vertex 2.4 38.80384757369757 34.5
      vertex 2.4 42.80384757369757 41.428203232586384
      vertex 0 42.80384757369757 41.428203232586384
    endloop
  endfacet
  facet normal 0 0 -1
    outer loop
      vertex 0 53.401923790574074 23.071796767413616
      vertex 2.4 53.401923790574074 23.071796767413616
      vertex 0 45.401923790574074 23.071796767413616
    endloop
  endfacet
  facet normal 0 0 -1
    outer loop
      vertex 2.4 45.401923790574074 23.071796767413616
      vertex 0 45.401923790574074 23.071796767413616
      vertex 2.4 53.401923790574074 23.071796767413616
    endloop
  endfacet
  facet normal 0 0 1
    outer loop
      vertex 0 45.401923790574074 26.071796767413616
      vertex 2.4 45.401923790574074 26.071796767413616
      vertex 0 53.401923790574074 26.071796767413616
    endloop
  endfacet
  facet normal 0 0 1
    outer loop
      vertex 2.4 53.401923790574074 26.071796767413616
      vertex 0 53.401923790574074 26.071796767413616
      vertex 2.4 45.401923790574074 26.071796767413616
    endloop
  endfacet
  facet normal 0 -0.8660254038566534 0.4999999998749202
    outer loop
      vertex 0 53.401923790574074 26.071796767413616
      vertex 2.4 53.401923790574074 26.071796767413616
      vertex 0 57.401923790574074 33
    endloop
  endfacet
  facet normal 0 0.866025403623823 0.5000000002781948
    outer loop
      vertex 2.4 56 24.571796767413616
      vertex 0 60 17.643593542277813
      vertex 0 56 24.571796767413616
    endloop
  endfacet
  facet normal 0 0.8660254038566534 -0.4999999998749202
    outer loop
      vertex 2.4 56 24.571796767413616
      vertex 0 56 24.571796767413616
      vertex 2.4 60 31.5
    endloop
  endfacet
  facet normal -1 0 0
    outer loop
      vertex 3.4000000000000004 63.20000000000001 17.643593542277813
      vertex 3.4000000000000004 63.20000000000001 31.5
      vertex 3.4000000000000004 64.80000000000001 31.5
    endloop
  endfacet
  facet normal 0 0.8660254038566534 -0.4999999998749202
    outer loop
      vertex 2.4 60 31.5
      vertex 0 56 24.571796767413616
      vertex 0 60 31.5
    endloop
  endfacet
  facet normal 0 -0.8660254038566534 0.4999999998749202
    outer loop
      vertex 2.4 57.401923790574074 33
      vertex 0 57.401923790574074 33
      vertex 2.4 53.401923790574074 26.071796767413616
    endloop
  endfacet
  facet normal 0 0 -1
    outer loop
      vertex 2.4 63.20000000000001 31.5
      vertex 2.4 60 31.5
      vertex 0 60 31.5
    endloop
  endfacet
  facet normal 0 0 -1
    outer loop
      vertex 2.4 63.20000000000001 31.5
      vertex 0 60 31.5
      vertex 2.4 64.80000000000001 31.5
    endloop
  endfacet
  facet normal 0 0 -1
    outer loop
      vertex 2.4 63.20000000000001 31.5
      vertex 2.4 64.80000000000001 31.5
      vertex 3.4000000000000004 63.20000000000001 31.5
    endloop
  endfacet
  facet normal 0 -0.8660254038566534 -0.4999999998749202
    outer loop
      vertex 2.4 57.401923790574074 33
      vertex 2.4 53.401923790574074 39.928203232586384
      vertex 0 53.401923790574074 39.928203232586384
    endloop
  endfacet
  facet normal 0 0 -1
    outer loop
      vertex 2.4 53.401923790574074 39.928203232586384
      vertex 0 45.401923790574074 39.928203232586384
      vertex 0 53.401923790574074 39.928203232586384
    endloop
  endfacet
  facet normal 0 0 -1
    outer loop
      vertex 2.4 45.401923790574074 39.928203232586384
      vertex 0 45.401923790574074 39.928203232586384
      vertex 2.4 53.401923790574074 39.928203232586384
    endloop
  endfacet
  facet normal 0 0 1
    outer loop
      vertex 0 45.401923790574074 42.928203232586384
      vertex 2.4 45.401923790574074 42.928203232586384
      vertex 0 53.401923790574074 42.928203232586384
    endloop
  endfacet
  facet normal 0 0 1
    outer loop
      vertex 2.4 53.401923790574074 42.928203232586384
      vertex 0 53.401923790574074 42.928203232586384
      vertex 2.4 45.401923790574074 42.928203232586384
    endloop
  endfacet
  facet normal 0 -0.8660254038566534 -0.4999999998749202
    outer loop
      vertex 0 53.401923790574074 39.928203232586384
      vertex 0 57.401923790574074 33
      vertex 2.4 57.401923790574074 33
    endloop
  endfacet
  facet normal 0 0.8660254038566534 0.4999999998749202
    outer loop
      vertex 2.4 56 41.428203232586384
      vertex 2.4 60 34.5
      vertex 0 60 34.5
    endloop
  endfacet
  facet normal 0 0 1
    outer loop
      vertex 0 60 34.5
      vertex 2.4 60 34.5
      vertex 0 68 34.5
    endloop
  endfacet
  facet normal 0 0 1
    outer loop
      vertex 2.4 63.20000000000001 34.5
      vertex 0 68 34.5
      vertex 2.4 60 34.5
    endloop
  endfacet
  facet normal 0 0 1
    outer loop
      vertex 2.4 63.20000000000001 34.5
      vertex 3.4000000000000004 63.20000000000001 34.5
      vertex 2.4 64.80000000000001 34.5
    endloop
  endfacet
  facet normal -1 0 0
    outer loop
      vertex 3.4000000000000004 64.80000000000001 38
      vertex 3.4000000000000004 63.20000000000001 34.5
      vertex 3.4000000000000004 63.20000000000001 38
    endloop
  endfacet
  facet normal 0 0.8660254038566534 0.4999999998749202
    outer loop
      vertex 0 60 34.5
      vertex 0 56 41.428203232586384
      vertex 2.4 56 41.428203232586384
    endloop
  endfacet
  facet normal 0 0.866025403623823 0.5000000002781948
    outer loop
      vertex 2.4 16.20577136427164 42.928203232586384
      vertex 0 16.20577136427164 42.928203232586384
      vertex 2.4 12.20577136427164 49.85640645772219
    endloop
  endfacet
  facet normal 0 0.866025403623823 0.5000000002781948
    outer loop
      vertex 2.4 12.20577136427164 49.85640645772219
      vertex 0 16.20577136427164 42.928203232586384
      vertex 0 12.20577136427164 49.85640645772219
    endloop
  endfacet
  facet normal 0 0.8660254038566534 -0.4999999998749202
    outer loop
      vertex 2.4 12.20577136427164 49.85640645772219
      vertex 0 12.20577136427164 49.85640645772219
      vertex 2.4 16.20577136427164 56.78460969030857
    endloop
  endfacet
  facet normal 0 0.8660254038566534 -0.4999999998749202
    outer loop
      vertex 2.4 16.20577136427164 56.78460969030857
      vertex 0 12.20577136427164 49.85640645772219
      vertex 0 16.20577136427164 56.78460969030857
    endloop
  endfacet
  facet normal 0 -0.866025403623823 0.5000000002781948
    outer loop
      vertex 0 24.20577136427164 42.928203232586384
      vertex 2.4 24.20577136427164 42.928203232586384
      vertex 0 28.20577136427164 49.85640645772219
    endloop
  endfacet
  facet normal 0 -0.866025403623823 0.5000000002781948
    outer loop
      vertex 2.4 28.20577136427164 49.85640645772219
      vertex 0 28.20577136427164 49.85640645772219
      vertex 2.4 24.20577136427164 42.928203232586384
    endloop
  endfacet
  facet normal 0 0.866025403623823 -0.5000000002781948
    outer loop
      vertex 2.4 30.803847573697567 48.35640645772219
      vertex 0 26.803847573697567 41.428203232586384
      vertex 0 30.803847573697567 48.35640645772219
    endloop
  endfacet
  facet normal 0 0.866025403623823 -0.5000000002781948
    outer loop
      vertex 2.4 26.803847573697567 41.428203232586384
      vertex 0 26.803847573697567 41.428203232586384
      vertex 2.4 30.803847573697567 48.35640645772219
    endloop
  endfacet
  facet normal 0 -0.8660254038566534 -0.4999999998749202
    outer loop
      vertex 0 28.20577136427164 49.85640645772219
      vertex 2.4 28.20577136427164 49.85640645772219
      vertex 0 24.20577136427164 56.78460969030857
    endloop
  endfacet
  facet normal 0 0 -1
    outer loop
      vertex 2.4 16.20577136427164 56.78460969030857
      vertex 0 16.20577136427164 56.78460969030857
      vertex 2.4 24.20577136427164 56.78460969030857
    endloop
  endfacet
  facet normal 0 0 -1
    outer loop
      vertex 2.4 24.20577136427164 56.78460969030857
      vertex 0 16.20577136427164 56.78460969030857
      vertex 0 24.20577136427164 56.78460969030857
    endloop
  endfacet
  facet normal 0 -0.8660254038566534 -0.4999999998749202
    outer loop
      vertex 2.4 28.20577136427164 49.85640645772219
      vertex 2.4 24.20577136427164 56.78460969030857
      vertex 0 24.20577136427164 56.78460969030857
    endloop
  endfacet
  facet normal 0 0 -1
    outer loop
      vertex 2.4 30.803847573697567 48.35640645772219
      vertex 0 30.803847573697567 48.35640645772219
      vertex 2.4 38.80384757369757 48.35640645772219
    endloop
  endfacet
  facet normal 0 0 -1
    outer loop
      vertex 2.4 38.80384757369757 48.35640645772219
      vertex 0 30.803847573697567 48.35640645772219
      vertex 0 38.80384757369757 48.35640645772219
    endloop
  endfacet
  facet normal 0 -0.866025403623823 -0.5000000002781948
    outer loop
      vertex 0 42.80384757369757 41.428203232586384
      vertex 2.4 42.80384757369757 41.428203232586384
      vertex 0 38.80384757369757 48.35640645772219
    endloop
  endfacet
  facet normal 0 -0.866025403623823 -0.5000000002781948
    outer loop
      vertex 2.4 42.80384757369757 41.428203232586384
      vertex 2.4 38.80384757369757 48.35640645772219
      vertex 0 38.80384757369757 48.35640645772219
    endloop
  endfacet
  facet normal 0 0.866025403623823 0.5000000002781948
    outer loop
      vertex 2.4 41.401923790574074 49.85640645772219
      vertex 0 45.401923790574074 42.928203232586384
      vertex 0 41.401923790574074 49.85640645772219
    endloop
  endfacet
  facet normal 0 0.866025403623823 0.5000000002781948
    outer loop
      vertex 2.4 45.401923790574074 42.928203232586384
      vertex 0 45.401923790574074 42.928203232586384
      vertex 2.4 41.401923790574074 49.85640645772219
    endloop
  endfacet
  facet normal 0 0.8660254038566534 -0.4999999998749202
    outer loop
      vertex 2.4 45.401923790574074 56.78460969030857
      vertex 2.4 41.401923790574074 49.85640645772219
      vertex 0 41.401923790574074 49.85640645772219
    endloop
  endfacet
  facet normal 0 0.8660254038566534 -0.4999999998749202
    outer loop
      vertex 2.4 45.401923790574074 56.78460969030857
      vertex 0 41.401923790574074 49.85640645772219
      vertex 0 45.401923790574074 56.78460969030857
    endloop
  endfacet
  facet normal 0 -0.866025403623823 0.5000000002781948
    outer loop
      vertex 0 53.401923790574074 42.928203232586384
      vertex 2.4 53.401923790574074 42.928203232586384
      vertex 0 57.401923790574074 49.85640645772219
    endloop
  endfacet
  facet normal 0 0.866025403623823 -0.5000000002781948
    outer loop
      vertex 2.4 60 48.35640645772219
      vertex 0 56 41.428203232586384
      vertex 0 60 48.35640645772219
    endloop
  endfacet
  facet normal 0 0.866025403623823 -0.5000000002781948
    outer loop
      vertex 2.4 60 48.35640645772219
      vertex 2.4 56 41.428203232586384
      vertex 0 56 41.428203232586384
    endloop
  endfacet
  facet normal 0 -0.866025403623823 0.5000000002781948
    outer loop
      vertex 2.4 53.401923790574074 42.928203232586384
      vertex 2.4 57.401923790574074 49.85640645772219
      vertex 0 57.401923790574074 49.85640645772219
    endloop
  endfacet
  facet normal 0 0 -1
    outer loop
      vertex 2.4 60 48.35640645772219
      vertex 0 60 48.35640645772219
      vertex 2.4 68 48.35640645772219
    endloop
  endfacet
  facet normal 0 -0.8660254038566534 -0.4999999998749202
    outer loop
      vertex 0 57.401923790574074 49.85640645772219
      vertex 2.4 57.401923790574074 49.85640645772219
      vertex 0 53.401923790574074 56.78460969030857
    endloop
  endfacet
  facet normal 0 0 -1
    outer loop
      vertex 0 45.401923790574074 56.78460969030857
      vertex 0 53.401923790574074 56.78460969030857
      vertex 2.4 53.401923790574074 56.78460969030857
    endloop
  endfacet
  facet normal 0 0 -1
    outer loop
      vertex 2.4 45.401923790574074 56.78460969030857
      vertex 0 45.401923790574074 56.78460969030857
      vertex 2.4 53.401923790574074 56.78460969030857
    endloop
  endfacet
  facet normal 0 -0.8660254038566534 -0.4999999998749202
    outer loop
      vertex 0 53.401923790574074 56.78460969030857
      vertex 2.4 57.401923790574074 49.85640645772219
      vertex 2.4 53.401923790574074 56.78460969030857
    endloop
  endfacet
  facet normal 0 0 1
    outer loop
      vertex 0 74.59807620942593 9.21539030969143
      vertex 2.4 74.59807620942593 9.21539030969143
      vertex 0 82.59807620942593 9.21539030969143
    endloop
  endfacet
  facet normal 0 0 1
    outer loop
      vertex 2.4 82.59807620942593 9.21539030969143
      vertex 0 82.59807620942593 9.21539030969143
      vertex 2.4 74.59807620942593 9.21539030969143
    endloop
  endfacet
  facet normal 0 0.8660254038566534 0.4999999998749202
    outer loop
      vertex 2.4 70.59807620942593 16.143593542277813
      vertex 0 74.59807620942593 9.21539030969143
      vertex 0 70.59807620942593 16.143593542277813
    endloop
  endfacet
  facet normal 0 0 1
    outer loop
      vertex 2.4 63.20000000000001 17.643593542277813
      vertex 2.4 64.80000000000001 17.643593542277813
      vertex 0 68 17.643593542277813
    endloop
  endfacet
  facet normal 0 0 1
    outer loop
      vertex 2.4 64.80000000000001 17.643593542277813
      vertex 3.4000000000000004 63.20000000000001 17.643593542277813
      vertex 3.4000000000000004 64.80000000000001 17.643593542277813
    endloop
  endfacet
  facet normal 0 0 1
    outer loop
      vertex 2.4 64.80000000000001 17.643593542277813
      vertex 2.4 68 17.643593542277813
      vertex 0 68 17.643593542277813
    endloop
  endfacet
  facet normal 0 0.866025403623823 -0.5000000002781948
    outer loop
      vertex 2.4 70.59807620942593 16.143593542277813
      vertex 0 70.59807620942593 16.143593542277813
      vertex 2.4 74.59807620942593 23.071796767413616
    endloop
  endfacet
  facet normal 0 -0.866025403623823 0.5000000002781948
    outer loop
      vertex 0 68 17.643593542277813
      vertex 2.4 68 17.643593542277813
      vertex 0 72 24.571796767413616
    endloop
  endfacet
  facet normal 0 0.8660254038566534 0.4999999998749202
    outer loop
      vertex 2.4 74.59807620942593 9.21539030969143
      vertex 0 74.59807620942593 9.21539030969143
      vertex 2.4 70.59807620942593 16.143593542277813
    endloop
  endfacet
  facet normal 0 0.866025403623823 -0.5000000002781948
    outer loop
      vertex 2.4 74.59807620942593 23.071796767413616
      vertex 0 70.59807620942593 16.143593542277813
      vertex 0 74.59807620942593 23.071796767413616
    endloop
  endfacet
  facet normal 0 -0.8660254038566534 0.4999999998749202
    outer loop
      vertex 0 82.59807620942593 9.21539030969143
      vertex 2.4 82.59807620942593 9.21539030969143
      vertex 0 86.59807620942593 16.143593542277813
    endloop
  endfacet
  facet normal 0 -0.8660254038566534 0.4999999998749202
    outer loop
      vertex 2.4 86.59807620942593 16.143593542277813
      vertex 0 86.59807620942593 16.143593542277813
      vertex 2.4 82.59807620942593 9.21539030969143
    endloop
  endfacet
  facet normal 0 -0.866025403623823 -0.5000000002781948
    outer loop
      vertex 2.4 82.59807620942593 23.071796767413616
      vertex 0 82.59807620942593 23.071796767413616
      vertex 2.4 86.59807620942593 16.143593542277813
    endloop
  endfacet
  facet normal 0 -0.866025403623823 -0.5000000002781948
    outer loop
      vertex 0 86.59807620942593 16.143593542277813
      vertex 2.4 86.59807620942593 16.143593542277813
      vertex 0 82.59807620942593 23.071796767413616
    endloop
  endfacet
  facet normal 0 0.866025403623823 0.5000000002781948
    outer loop
      vertex 2.4 89.19615242630243 17.643593542277813
      vertex 0 89.19615242630243 17.643593542277813
      vertex 2.4 85.19615242630243 24.571796767413616
    endloop
  endfacet
  facet normal 0 0 1
    outer loop
      vertex 0 89.19615242630243 17.643593542277813
      vertex 2.4 89.19615242630243 17.643593542277813
      vertex 0 97.19615242630243 17.643593542277813
    endloop
  endfacet
  facet normal 0 0 1
    outer loop
      vertex 2.4 97.19615242630243 17.643593542277813
      vertex 0 97.19615242630243 17.643593542277813
      vertex 2.4 89.19615242630243 17.643593542277813
    endloop
  endfacet
  facet normal 0 -0.866025403623823 0.5000000002781948
    outer loop
      vertex 2.4 72 24.571796767413616
      vertex 0 72 24.571796767413616
      vertex 2.4 68 17.643593542277813
    endloop
  endfacet
  facet normal 0 -0.8660254038566534 -0.4999999998749202
    outer loop
      vertex 0 72 24.571796767413616
      vertex 2.4 72 24.571796767413616
      vertex 0 68 31.5
    endloop
  endfacet
  facet normal -1 0 0
    outer loop
      vertex 3.4000000000000004 63.20000000000001 17.643593542277813
      vertex 3.4000000000000004 64.80000000000001 31.5
      vertex 3.4000000000000004 64.80000000000001 17.643593542277813
    endloop
  endfacet
  facet normal 0 0 -1
    outer loop
      vertex 2.4 68 31.5
      vertex 0 60 31.5
      vertex 0 68 31.5
    endloop
  endfacet
  facet normal 0 0 -1
    outer loop
      vertex 2.4 64.80000000000001 31.5
      vertex 0 60 31.5
      vertex 2.4 68 31.5
    endloop
  endfacet
  facet normal 0 0 -1
    outer loop
      vertex 2.4 64.80000000000001 31.5
      vertex 3.4000000000000004 64.80000000000001 31.5
      vertex 3.4000000000000004 63.20000000000001 31.5
    endloop
  endfacet
  facet normal 0 -0.8660254038566534 -0.4999999998749202
    outer loop
      vertex 2.4 68 31.5
      vertex 0 68 31.5
      vertex 2.4 72 24.571796767413616
    endloop
  endfacet
  facet normal 0 0.8660254038566534 0.4999999998749202
    outer loop
      vertex 2.4 70.59807620942593 33
      vertex 0 74.59807620942593 26.071796767413616
      vertex 0 70.59807620942593 33
    endloop
  endfacet
  facet normal 0 0 -1
    outer loop
      vertex 0 82.59807620942593 23.071796767413616
      vertex 2.4 82.59807620942593 23.071796767413616
      vertex 0 74.59807620942593 23.071796767413616
    endloop
  endfacet
  facet normal 0 0 -1
    outer loop
      vertex 2.4 74.59807620942593 23.071796767413616
      vertex 0 74.59807620942593 23.071796767413616
      vertex 2.4 82.59807620942593 23.071796767413616
    endloop
  endfacet
  facet normal 0 0 1
    outer loop
      vertex 0 74.59807620942593 26.071796767413616
      vertex 2.4 74.59807620942593 26.071796767413616
      vertex 0 82.59807620942593 26.071796767413616
    endloop
  endfacet
  facet normal 0 0 1
    outer loop
      vertex 2.4 82.59807620942593 26.071796767413616
      vertex 0 82.59807620942593 26.071796767413616
      vertex 2.4 74.59807620942593 26.071796767413616
    endloop
  endfacet
  facet normal 0 0.8660254038566534 0.4999999998749202
    outer loop
      vertex 2.4 74.59807620942593 26.071796767413616
      vertex 0 74.59807620942593 26.071796767413616
      vertex 2.4 70.59807620942593 33
    endloop
  endfacet
  facet normal 0 0 1
    outer loop
      vertex 2.4 63.20000000000001 34.5
      vertex 2.4 64.80000000000001 34.5
      vertex 0 68 34.5
    endloop
  endfacet
  facet normal 0 0 1
    outer loop
      vertex 2.4 64.80000000000001 34.5
      vertex 3.4000000000000004 63.20000000000001 34.5
      vertex 3.4000000000000004 64.80000000000001 34.5
    endloop
  endfacet
  facet normal 0 0 1
    outer loop
      vertex 2.4 64.80000000000001 34.5
      vertex 2.4 68 34.5
      vertex 0 68 34.5
    endloop
  endfacet
  facet normal 0 0.8660254038566534 -0.4999999998749202
    outer loop
      vertex 2.4 74.59807620942593 39.928203232586384
      vertex 2.4 70.59807620942593 33
      vertex 0 70.59807620942593 33
    endloop
  endfacet
  facet normal 0 -0.8660254038566534 0.4999999998749202
    outer loop
      vertex 0 68 34.5
      vertex 2.4 68 34.5
      vertex 0 72 41.428203232586384
    endloop
  endfacet
  facet normal -1 0 0
    outer loop
      vertex 3.4000000000000004 64.80000000000001 38
      vertex 3.4000000000000004 64.80000000000001 34.5
      vertex 3.4000000000000004 63.20000000000001 34.5
    endloop
  endfacet
  facet normal 0 -0.8660254038566534 0.4999999998749202
    outer loop
      vertex 2.4 68 34.5
      vertex 2.4 72 41.428203232586384
      vertex 0 72 41.428203232586384
    endloop
  endfacet
  facet normal 0 0.8660254038566534 -0.4999999998749202
    outer loop
      vertex 0 70.59807620942593 33
      vertex 0 74.59807620942593 39.928203232586384
      vertex 2.4 74.59807620942593 39.928203232586384
    endloop
  endfacet
  facet normal 0 0 -1
    outer loop
      vertex 0 74.59807620942593 39.928203232586384
      vertex 0 82.59807620942593 39.928203232586384
      vertex 2.4 82.59807620942593 39.928203232586384
    endloop
  endfacet
  facet normal 0 0 -1
    outer loop
      vertex 2.4 74.59807620942593 39.928203232586384
      vertex 0 74.59807620942593 39.928203232586384
      vertex 2.4 82.59807620942593 39.928203232586384
    endloop
  endfacet
  facet normal 0 0 1
    outer loop
      vertex 0 74.59807620942593 42.928203232586384
      vertex 2.4 74.59807620942593 42.928203232586384
      vertex 0 82.59807620942593 42.928203232586384
    endloop
  endfacet
  facet normal 0 0 1
    outer loop
      vertex 2.4 82.59807620942593 42.928203232586384
      vertex 0 82.59807620942593 42.928203232586384
      vertex 2.4 74.59807620942593 42.928203232586384
    endloop
  endfacet
  facet normal 0 0.866025403623823 0.5000000002781948
    outer loop
      vertex 2.4 85.19615242630243 24.571796767413616
      vertex 0 89.19615242630243 17.643593542277813
      vertex 0 85.19615242630243 24.571796767413616
    endloop
  endfacet
  facet normal 0 0.8660254038566534 -0.4999999998749202
    outer loop
      vertex 2.4 89.19615242630243 31.5
      vertex 2.4 85.19615242630243 24.571796767413616
      vertex 0 85.19615242630243 24.571796767413616
    endloop
  endfacet
  facet normal 0 -0.8660254038566534 0.4999999998749202
    outer loop
      vertex 0 82.59807620942593 26.071796767413616
      vertex 2.4 82.59807620942593 26.071796767413616
      vertex 0 86.59807620942593 33
    endloop
  endfacet
  facet normal 0 0.8660254038566534 -0.4999999998749202
    outer loop
      vertex 0 85.19615242630243 24.571796767413616
      vertex 0 89.19615242630243 31.5
      vertex 2.4 89.19615242630243 31.5
    endloop
  endfacet
  facet normal 0 -0.8660254038566534 0.4999999998749202
    outer loop
      vertex 2.4 82.59807620942593 26.071796767413616
      vertex 2.4 86.59807620942593 33
      vertex 0 86.59807620942593 33
    endloop
  endfacet
  facet normal 0 0 -1
    outer loop
      vertex 2.4 89.19615242630243 31.5
      vertex 0 89.19615242630243 31.5
      vertex 2.4 97.19615242630243 31.5
    endloop
  endfacet
  facet normal 0 0 -1
    outer loop
      vertex 0 89.19615242630243 31.5
      vertex 0 97.19615242630243 31.5
      vertex 2.4 97.19615242630243 31.5
    endloop
  endfacet
  facet normal 0 -0.8660254038566534 -0.4999999998749202
    outer loop
      vertex 2.4 82.59807620942593 39.928203232586384
      vertex 0 82.59807620942593 39.928203232586384
      vertex 2.4 86.59807620942593 33
    endloop
  endfacet
  facet normal 0 -0.8660254038566534 -0.4999999998749202
    outer loop
      vertex 0 86.59807620942593 33
      vertex 2.4 86.59807620942593 33
      vertex 0 82.59807620942593 39.928203232586384
    endloop
  endfacet
  facet normal 0 0.8660254038566534 0.4999999998749202
    outer loop
      vertex 2.4 89.19615242630243 34.5
      vertex 0 89.19615242630243 34.5
      vertex 2.4 85.19615242630243 41.428203232586384
    endloop
  endfacet
  facet normal 0 0.8660254038566534 0.4999999998749202
    outer loop
      vertex 0 89.19615242630243 34.5
      vertex 0 85.19615242630243 41.428203232586384
      vertex 2.4 85.19615242630243 41.428203232586384
    endloop
  endfacet
  facet normal 0 0 1
    outer loop
      vertex 0 89.19615242630243 34.5
      vertex 2.4 89.19615242630243 34.5
      vertex 0 97.19615242630243 34.5
    endloop
  endfacet
  facet normal 0 0 1
    outer loop
      vertex 2.4 97.19615242630243 34.5
      vertex 0 97.19615242630243 34.5
      vertex 2.4 89.19615242630243 34.5
    endloop
  endfacet
  facet normal 0 0 1
    outer loop
      vertex 0 103.79422863572836 9.21539030969143
      vertex 2.4 103.79422863572836 9.21539030969143
      vertex 0 111.79422863572836 9.21539030969143
    endloop
  endfacet
  facet normal 0 0 1
    outer loop
      vertex 2.4 111.79422863572836 9.21539030969143
      vertex 0 111.79422863572836 9.21539030969143
      vertex 2.4 103.79422863572836 9.21539030969143
    endloop
  endfacet
  facet normal 0 0.8660254038566534 0.4999999998749202
    outer loop
      vertex 2.4 103.79422863572836 9.21539030969143
      vertex 0 103.79422863572836 9.21539030969143
      vertex 2.4 99.79422863572836 16.143593542277813
    endloop
  endfacet
  facet normal 0 0.8660254038566534 0.4999999998749202
    outer loop
      vertex 2.4 99.79422863572836 16.143593542277813
      vertex 0 103.79422863572836 9.21539030969143
      vertex 0 99.79422863572836 16.143593542277813
    endloop
  endfacet
  facet normal 0 -0.866025403623823 0.5000000002781948
    outer loop
      vertex 0 97.19615242630243 17.643593542277813
      vertex 2.4 97.19615242630243 17.643593542277813
      vertex 0 101.19615242630243 24.571796767413616
    endloop
  endfacet
  facet normal 0 0.866025403623823 -0.5000000002781948
    outer loop
      vertex 2.4 103.79422863572836 23.071796767413616
      vertex 2.4 99.79422863572836 16.143593542277813
      vertex 0 99.79422863572836 16.143593542277813
    endloop
  endfacet
  facet normal 0 0.866025403623823 -0.5000000002781948
    outer loop
      vertex 0 99.79422863572836 16.143593542277813
      vertex 0 103.79422863572836 23.071796767413616
      vertex 2.4 103.79422863572836 23.071796767413616
    endloop
  endfacet
  facet normal 0 -0.8660254038566534 0.4999999998749202
    outer loop
      vertex 0 111.79422863572836 9.21539030969143
      vertex 2.4 111.79422863572836 9.21539030969143
      vertex 0 115.79422863572836 16.143593542277813
    endloop
  endfacet
  facet normal 0 -0.8660254038566534 0.4999999998749202
    outer loop
      vertex 2.4 111.79422863572836 9.21539030969143
      vertex 2.4 115.79422863572836 16.143593542277813
      vertex 0 115.79422863572836 16.143593542277813
    endloop
  endfacet
  facet normal 0 -0.866025403623823 -0.5000000002781948
    outer loop
      vertex 0 115.79422863572836 16.143593542277813
      vertex 2.4 115.79422863572836 16.143593542277813
      vertex 0 111.79422863572836 23.071796767413616
    endloop
  endfacet
  facet normal 0 -0.866025403623823 -0.5000000002781948
    outer loop
      vertex 2.4 111.79422863572836 23.071796767413616
      vertex 0 111.79422863572836 23.071796767413616
      vertex 2.4 115.79422863572836 16.143593542277813
    endloop
  endfacet
  facet normal 0 -0.866025403623823 0.5000000002781948
    outer loop
      vertex 2.4 97.19615242630243 17.643593542277813
      vertex 2.4 101.19615242630243 24.571796767413616
      vertex 0 101.19615242630243 24.571796767413616
    endloop
  endfacet
  facet normal 0 -0.8660254038566534 -0.4999999998749202
    outer loop
      vertex 0 101.19615242630243 24.571796767413616
      vertex 2.4 101.19615242630243 24.571796767413616
      vertex 0 97.19615242630243 31.5
    endloop
  endfacet
  facet normal 0 -0.8660254038566534 -0.4999999998749202
    outer loop
      vertex 2.4 97.19615242630243 31.5
      vertex 0 97.19615242630243 31.5
      vertex 2.4 101.19615242630243 24.571796767413616
    endloop
  endfacet
  facet normal 0 0.8660254038566534 0.4999999998749202
    outer loop
      vertex 2.4 103.79422863572836 26.071796767413616
      vertex 0 103.79422863572836 26.071796767413616
      vertex 2.4 99.79422863572836 33
    endloop
  endfacet
  facet normal 0 0.8660254038566534 0.4999999998749202
    outer loop
      vertex 0 103.79422863572836 26.071796767413616
      vertex 0 99.79422863572836 33
      vertex 2.4 99.79422863572836 33
    endloop
  endfacet
  facet normal 0 0 -1
    outer loop
      vertex 2.4 103.79422863572836 23.071796767413616
      vertex 0 103.79422863572836 23.071796767413616
      vertex 2.4 111.79422863572836 23.071796767413616
    endloop
  endfacet
  facet normal 0 0 1
    outer loop
      vertex 0 103.79422863572836 26.071796767413616
      vertex 2.4 103.79422863572836 26.071796767413616
      vertex 0 111.79422863572836 26.071796767413616
    endloop
  endfacet
  facet normal 0 0 -1
    outer loop
      vertex 0 111.79422863572836 23.071796767413616
      vertex 2.4 111.79422863572836 23.071796767413616
      vertex 0 103.79422863572836 23.071796767413616
    endloop
  endfacet
  facet normal 0 0 1
    outer loop
      vertex 2.4 111.79422863572836 26.071796767413616
      vertex 0 111.79422863572836 26.071796767413616
      vertex 2.4 103.79422863572836 26.071796767413616
    endloop
  endfacet
  facet normal 0 -0.8660254038566534 0.4999999998749202
    outer loop
      vertex 0 97.19615242630243 34.5
      vertex 2.4 97.19615242630243 34.5
      vertex 0 101.19615242630243 41.428203232586384
    endloop
  endfacet
  facet normal 0 0.8660254038566534 -0.4999999998749202
    outer loop
      vertex 2.4 99.79422863572836 33
      vertex 0 99.79422863572836 33
      vertex 2.4 103.79422863572836 39.928203232586384
    endloop
  endfacet
  facet normal 0 0.8660254038566534 -0.4999999998749202
    outer loop
      vertex 0 99.79422863572836 33
      vertex 0 103.79422863572836 39.928203232586384
      vertex 2.4 103.79422863572836 39.928203232586384
    endloop
  endfacet
  facet normal 0 -0.8660254038566534 0.4999999998749202
    outer loop
      vertex 2.4 101.19615242630243 41.428203232586384
      vertex 0 101.19615242630243 41.428203232586384
      vertex 2.4 97.19615242630243 34.5
    endloop
  endfacet
  facet normal 0 0 -1
    outer loop
      vertex 2.4 103.79422863572836 39.928203232586384
      vertex 0 103.79422863572836 39.928203232586384
      vertex 2.4 111.79422863572836 39.928203232586384
    endloop
  endfacet
  facet normal 0 0 1
    outer loop
      vertex 0 103.79422863572836 42.928203232586384
      vertex 2.4 103.79422863572836 42.928203232586384
      vertex 0 111.79422863572836 42.928203232586384
    endloop
  endfacet
  facet normal 0 0 -1
    outer loop
      vertex 0 103.79422863572836 39.928203232586384
      vertex 0 111.79422863572836 39.928203232586384
      vertex 2.4 111.79422863572836 39.928203232586384
    endloop
  endfacet
  facet normal 0 0 1
    outer loop
      vertex 2.4 111.79422863572836 42.928203232586384
      vertex 0 111.79422863572836 42.928203232586384
      vertex 2.4 103.79422863572836 42.928203232586384
    endloop
  endfacet
  facet normal 0 -0.8660254038566534 0.4999999998749202
    outer loop
      vertex 0 111.79422863572836 26.071796767413616
      vertex 2.4 111.79422863572836 26.071796767413616
      vertex 0 115.79422863572836 33
    endloop
  endfacet
  facet normal 0 -0.8660254038566534 0.4999999998749202
    outer loop
      vertex 2.4 115.79422863572836 33
      vertex 0 115.79422863572836 33
      vertex 2.4 111.79422863572836 26.071796767413616
    endloop
  endfacet
  facet normal 0 -0.8660254038566534 -0.4999999998749202
    outer loop
      vertex 0 115.79422863572836 33
      vertex 2.4 115.79422863572836 33
      vertex 0 111.79422863572836 39.928203232586384
    endloop
  endfacet
  facet normal 0 -0.8660254038566534 -0.4999999998749202
    outer loop
      vertex 2.4 111.79422863572836 39.928203232586384
      vertex 0 111.79422863572836 39.928203232586384
      vertex 2.4 115.79422863572836 33
    endloop
  endfacet
  facet normal 0 0 -1
    outer loop
      vertex 0 60 48.35640645772219
      vertex 0 68 48.35640645772219
      vertex 2.4 68 48.35640645772219
    endloop
  endfacet
  facet normal 0 -0.866025403623823 -0.5000000002781948
    outer loop
      vertex 0 68 48.35640645772219
      vertex 0 72 41.428203232586384
      vertex 2.4 72 41.428203232586384
    endloop
  endfacet
  facet normal 0 -0.866025403623823 -0.5000000002781948
    outer loop
      vertex 0 68 48.35640645772219
      vertex 2.4 72 41.428203232586384
      vertex 2.4 68 48.35640645772219
    endloop
  endfacet
  facet normal 0 0.866025403623823 0.5000000002781948
    outer loop
      vertex 0 74.59807620942593 42.928203232586384
      vertex 0 70.59807620942593 49.85640645772219
      vertex 2.4 70.59807620942593 49.85640645772219
    endloop
  endfacet
  facet normal 0 0.8660254038566534 -0.4999999998749202
    outer loop
      vertex 2.4 70.59807620942593 49.85640645772219
      vertex 0 70.59807620942593 49.85640645772219
      vertex 2.4 74.59807620942593 56.78460969030857
    endloop
  endfacet
  facet normal 0 0.866025403623823 0.5000000002781948
    outer loop
      vertex 0 74.59807620942593 42.928203232586384
      vertex 2.4 70.59807620942593 49.85640645772219
      vertex 2.4 74.59807620942593 42.928203232586384
    endloop
  endfacet
  facet normal 0 0.8660254038566534 -0.4999999998749202
    outer loop
      vertex 0 70.59807620942593 49.85640645772219
      vertex 0 74.59807620942593 56.78460969030857
      vertex 2.4 74.59807620942593 56.78460969030857
    endloop
  endfacet
  facet normal 0 0 -1
    outer loop
      vertex 0 74.59807620942593 56.78460969030857
      vertex 0 82.59807620942593 56.78460969030857
      vertex 2.4 82.59807620942593 56.78460969030857
    endloop
  endfacet
  facet normal 0 0 -1
    outer loop
      vertex 2.4 82.59807620942593 56.78460969030857
      vertex 2.4 74.59807620942593 56.78460969030857
      vertex 0 74.59807620942593 56.78460969030857
    endloop
  endfacet
  facet normal 0 -0.866025403623823 0.5000000002781948
    outer loop
      vertex 0 82.59807620942593 42.928203232586384
      vertex 2.4 82.59807620942593 42.928203232586384
      vertex 0 86.59807620942593 49.85640645772219
    endloop
  endfacet
  facet normal 0 0.866025403623823 -0.5000000002781948
    outer loop
      vertex 0 85.19615242630243 41.428203232586384
      vertex 0 89.19615242630243 48.35640645772219
      vertex 2.4 89.19615242630243 48.35640645772219
    endloop
  endfacet
  facet normal 0 0.866025403623823 -0.5000000002781948
    outer loop
      vertex 2.4 85.19615242630243 41.428203232586384
      vertex 0 85.19615242630243 41.428203232586384
      vertex 2.4 89.19615242630243 48.35640645772219
    endloop
  endfacet
  facet normal 0 -0.866025403623823 0.5000000002781948
    outer loop
      vertex 2.4 86.59807620942593 49.85640645772219
      vertex 0 86.59807620942593 49.85640645772219
      vertex 2.4 82.59807620942593 42.928203232586384
    endloop
  endfacet
  facet normal 0 -0.8660254038566534 -0.4999999998749202
    outer loop
      vertex 0 82.59807620942593 56.78460969030857
      vertex 0 86.59807620942593 49.85640645772219
      vertex 2.4 86.59807620942593 49.85640645772219
    endloop
  endfacet
  facet normal 0 0 -1
    outer loop
      vertex 2.4 89.19615242630243 48.35640645772219
      vertex 0 89.19615242630243 48.35640645772219
      vertex 2.4 97.19615242630243 48.35640645772219
    endloop
  endfacet
  facet normal 0 0 -1
    outer loop
      vertex 0 89.19615242630243 48.35640645772219
      vertex 0 97.19615242630243 48.35640645772219
      vertex 2.4 97.19615242630243 48.35640645772219
    endloop
  endfacet
  facet normal 0 -0.8660254038566534 -0.4999999998749202
    outer loop
      vertex 2.4 82.59807620942593 56.78460969030857
      vertex 0 82.59807620942593 56.78460969030857
      vertex 2.4 86.59807620942593 49.85640645772219
    endloop
  endfacet
  facet normal 0 -0.866025403623823 -0.5000000002781948
    outer loop
      vertex 0 101.19615242630243 41.428203232586384
      vertex 2.4 101.19615242630243 41.428203232586384
      vertex 0 97.19615242630243 48.35640645772219
    endloop
  endfacet
  facet normal 0 -0.866025403623823 -0.5000000002781948
    outer loop
      vertex 0 97.19615242630243 48.35640645772219
      vertex 2.4 101.19615242630243 41.428203232586384
      vertex 2.4 97.19615242630243 48.35640645772219
    endloop
  endfacet
  facet normal 0 0.866025403623823 0.5000000002781948
    outer loop
      vertex 2.4 99.79422863572836 49.85640645772219
      vertex 2.4 103.79422863572836 42.928203232586384
      vertex 0 103.79422863572836 42.928203232586384
    endloop
  endfacet
  facet normal 0 0.866025403623823 0.5000000002781948
    outer loop
      vertex 0 103.79422863572836 42.928203232586384
      vertex 0 99.79422863572836 49.85640645772219
      vertex 2.4 99.79422863572836 49.85640645772219
    endloop
  endfacet
  facet normal 0 0.8660254038566534 -0.4999999998749202
    outer loop
      vertex 2.4 99.79422863572836 49.85640645772219
      vertex 0 99.79422863572836 49.85640645772219
      vertex 2.4 103.79422863572836 56.78460969030857
    endloop
  endfacet
  facet normal 0 0.8660254038566534 -0.4999999998749202
    outer loop
      vertex 0 99.79422863572836 49.85640645772219
      vertex 0 103.79422863572836 56.78460969030857
      vertex 2.4 103.79422863572836 56.78460969030857
    endloop
  endfacet
  facet normal 0 0 -1
    outer loop
      vertex 2.4 103.79422863572836 56.78460969030857
      vertex 0 103.79422863572836 56.78460969030857
      vertex 2.4 111.79422863572836 56.78460969030857
    endloop
  endfacet
  facet normal 0 0 -1
    outer loop
      vertex 0 103.79422863572836 56.78460969030857
      vertex 0 111.79422863572836 56.78460969030857
      vertex 2.4 111.79422863572836 56.78460969030857
    endloop
  endfacet
  facet normal 0 -0.866025403623823 0.5000000002781948
    outer loop
      vertex 0 111.79422863572836 42.928203232586384
      vertex 2.4 111.79422863572836 42.928203232586384
      vertex 0 115.79422863572836 49.85640645772219
    endloop
  endfacet
  facet normal 0 -0.866025403623823 0.5000000002781948
    outer loop
      vertex 2.4 115.79422863572836 49.85640645772219
      vertex 0 115.79422863572836 49.85640645772219
      vertex 2.4 111.79422863572836 42.928203232586384
    endloop
  endfacet
  facet normal 0 -0.8660254038566534 -0.4999999998749202
    outer loop
      vertex 0 115.79422863572836 49.85640645772219
      vertex 2.4 115.79422863572836 49.85640645772219
      vertex 0 111.79422863572836 56.78460969030857
    endloop
  endfacet
  facet normal 0 -0.8660254038566534 -0.4999999998749202
    outer loop
      vertex 0 111.79422863572836 56.78460969030857
      vertex 2.4 115.79422863572836 49.85640645772219
      vertex 2.4 111.79422863572836 56.78460969030857
    endloop
  endfacet
  facet normal 0 0.8660254038566535 0.4999999998749202
    outer loop
      vertex 102.8 16.20577136427164 9.21539030969143
      vertex 100.39999999999999 16.20577136427164 9.21539030969143
      vertex 102.8 12.20577136427164 16.143593542277813
    endloop
  endfacet
  facet normal 0 0.8660254038566535 0.4999999998749202
    outer loop
      vertex 100.39999999999999 16.20577136427164 9.21539030969143
      vertex 100.39999999999999 12.20577136427164 16.143593542277813
      vertex 102.8 12.20577136427164 16.143593542277813
    endloop
  endfacet
  facet normal 0 0.866025403623823 -0.5000000002781948
    outer loop
      vertex 102.8 12.20577136427164 16.143593542277813
      vertex 100.39999999999999 12.20577136427164 16.143593542277813
      vertex 102.8 16.20577136427164 23.071796767413616
    endloop
  endfacet
  facet normal 0 0.866025403623823 -0.5000000002781948
    outer loop
      vertex 102.8 16.20577136427164 23.071796767413616
      vertex 100.39999999999999 12.20577136427164 16.143593542277813
      vertex 100.39999999999999 16.20577136427164 23.071796767413616
    endloop
  endfacet
  facet normal 0 0 1
    outer loop
      vertex 100.39999999999999 16.20577136427164 9.21539030969143
      vertex 102.8 16.20577136427164 9.21539030969143
      vertex 100.39999999999999 24.20577136427164 9.21539030969143
    endloop
  endfacet
  facet normal 0 0 1
    outer loop
      vertex 102.8 24.20577136427164 9.21539030969143
      vertex 100.39999999999999 24.20577136427164 9.21539030969143
      vertex 102.8 16.20577136427164 9.21539030969143
    endloop
  endfacet
  facet normal 0 -0.8660254038566535 0.4999999998749202
    outer loop
      vertex 100.39999999999999 24.20577136427164 9.21539030969143
      vertex 102.8 24.20577136427164 9.21539030969143
      vertex 100.39999999999999 28.20577136427164 16.143593542277813
    endloop
  endfacet
  facet normal 0 -0.8660254038566535 0.4999999998749202
    outer loop
      vertex 102.8 28.20577136427164 16.143593542277813
      vertex 100.39999999999999 28.20577136427164 16.143593542277813
      vertex 102.8 24.20577136427164 9.21539030969143
    endloop
  endfacet
  facet normal 0 -0.866025403623823 -0.5000000002781948
    outer loop
      vertex 100.39999999999999 24.20577136427164 23.071796767413616
      vertex 100.39999999999999 28.20577136427164 16.143593542277813
      vertex 102.8 28.20577136427164 16.143593542277813
    endloop
  endfacet
  facet normal 0 -0.866025403623823 -0.5000000002781948
    outer loop
      vertex 102.8 24.20577136427164 23.071796767413616
      vertex 100.39999999999999 24.20577136427164 23.071796767413616
      vertex 102.8 28.20577136427164 16.143593542277813
    endloop
  endfacet
  facet normal 0 0.866025403623823 0.5000000002781948
    outer loop
      vertex 102.8 30.803847573697567 17.643593542277813
      vertex 100.39999999999999 30.803847573697567 17.643593542277813
      vertex 102.8 26.803847573697567 24.571796767413616
    endloop
  endfacet
  facet normal 0 0.8660254038566535 0.4999999998749202
    outer loop
      vertex 102.8 16.20577136427164 26.071796767413616
      vertex 100.39999999999999 16.20577136427164 26.071796767413616
      vertex 102.8 12.20577136427164 33
    endloop
  endfacet
  facet normal 0 0.8660254038566535 0.4999999998749202
    outer loop
      vertex 102.8 12.20577136427164 33
      vertex 100.39999999999999 16.20577136427164 26.071796767413616
      vertex 100.39999999999999 12.20577136427164 33
    endloop
  endfacet
  facet normal 0 0.8660254038566535 -0.4999999998749202
    outer loop
      vertex 102.8 12.20577136427164 33
      vertex 100.39999999999999 12.20577136427164 33
      vertex 102.8 16.20577136427164 39.928203232586384
    endloop
  endfacet
  facet normal 0 0.8660254038566535 -0.4999999998749202
    outer loop
      vertex 102.8 16.20577136427164 39.928203232586384
      vertex 100.39999999999999 12.20577136427164 33
      vertex 100.39999999999999 16.20577136427164 39.928203232586384
    endloop
  endfacet
  facet normal 0 0 -1
    outer loop
      vertex 102.8 16.20577136427164 23.071796767413616
      vertex 100.39999999999999 16.20577136427164 23.071796767413616
      vertex 102.8 24.20577136427164 23.071796767413616
    endloop
  endfacet
  facet normal 0 0 1
    outer loop
      vertex 100.39999999999999 16.20577136427164 26.071796767413616
      vertex 102.8 16.20577136427164 26.071796767413616
      vertex 100.39999999999999 24.20577136427164 26.071796767413616
    endloop
  endfacet
  facet normal 0 0 -1
    outer loop
      vertex 100.39999999999999 24.20577136427164 23.071796767413616
      vertex 102.8 24.20577136427164 23.071796767413616
      vertex 100.39999999999999 16.20577136427164 23.071796767413616
    endloop
  endfacet
  facet normal 0 0 1
    outer loop
      vertex 102.8 24.20577136427164 26.071796767413616
      vertex 100.39999999999999 24.20577136427164 26.071796767413616
      vertex 102.8 16.20577136427164 26.071796767413616
    endloop
  endfacet
  facet normal 0 0.866025403623823 0.5000000002781948
    outer loop
      vertex 100.39999999999999 30.803847573697567 17.643593542277813
      vertex 100.39999999999999 26.803847573697567 24.571796767413616
      vertex 102.8 26.803847573697567 24.571796767413616
    endloop
  endfacet
  facet normal 0 0.8660254038566535 -0.4999999998749202
    outer loop
      vertex 102.8 26.803847573697567 24.571796767413616
      vertex 100.39999999999999 26.803847573697567 24.571796767413616
      vertex 102.8 30.803847573697567 31.5
    endloop
  endfacet
  facet normal 0 -0.8660254038566535 0.4999999998749202
    outer loop
      vertex 100.39999999999999 24.20577136427164 26.071796767413616
      vertex 102.8 24.20577136427164 26.071796767413616
      vertex 100.39999999999999 28.20577136427164 33
    endloop
  endfacet
  facet normal 0 -0.8660254038566535 0.4999999998749202
    outer loop
      vertex 102.8 28.20577136427164 33
      vertex 100.39999999999999 28.20577136427164 33
      vertex 102.8 24.20577136427164 26.071796767413616
    endloop
  endfacet
  facet normal 0 0.8660254038566535 -0.4999999998749202
    outer loop
      vertex 102.8 30.803847573697567 31.5
      vertex 100.39999999999999 26.803847573697567 24.571796767413616
      vertex 100.39999999999999 30.803847573697567 31.5
    endloop
  endfacet
  facet normal 0 0 -1
    outer loop
      vertex 102.8 16.20577136427164 39.928203232586384
      vertex 100.39999999999999 16.20577136427164 39.928203232586384
      vertex 102.8 24.20577136427164 39.928203232586384
    endloop
  endfacet
  facet normal 0 0 1
    outer loop
      vertex 100.39999999999999 16.20577136427164 42.928203232586384
      vertex 102.8 16.20577136427164 42.928203232586384
      vertex 100.39999999999999 24.20577136427164 42.928203232586384
    endloop
  endfacet
  facet normal 0 0 -1
    outer loop
      vertex 102.8 24.20577136427164 39.928203232586384
      vertex 100.39999999999999 16.20577136427164 39.928203232586384
      vertex 100.39999999999999 24.20577136427164 39.928203232586384
    endloop
  endfacet
  facet normal 0 0 1
    outer loop
      vertex 102.8 24.20577136427164 42.928203232586384
      vertex 100.39999999999999 24.20577136427164 42.928203232586384
      vertex 102.8 16.20577136427164 42.928203232586384
    endloop
  endfacet
  facet normal 0 -0.8660254038566535 -0.4999999998749202
    outer loop
      vertex 100.39999999999999 28.20577136427164 33
      vertex 102.8 28.20577136427164 33
      vertex 100.39999999999999 24.20577136427164 39.928203232586384
    endloop
  endfacet
  facet normal 0 -0.8660254038566535 -0.4999999998749202
    outer loop
      vertex 102.8 24.20577136427164 39.928203232586384
      vertex 100.39999999999999 24.20577136427164 39.928203232586384
      vertex 102.8 28.20577136427164 33
    endloop
  endfacet
  facet normal 0 0.8660254038566535 0.4999999998749202
    outer loop
      vertex 102.8 30.803847573697567 34.5
      vertex 100.39999999999999 30.803847573697567 34.5
      vertex 102.8 26.803847573697567 41.428203232586384
    endloop
  endfacet
  facet normal 0 0.8660254038566535 0.4999999998749202
    outer loop
      vertex 102.8 26.803847573697567 41.428203232586384
      vertex 100.39999999999999 30.803847573697567 34.5
      vertex 100.39999999999999 26.803847573697567 41.428203232586384
    endloop
  endfacet
  facet normal 0 0 1
    outer loop
      vertex 100.39999999999999 30.803847573697567 17.643593542277813
      vertex 102.8 30.803847573697567 17.643593542277813
      vertex 100.39999999999999 38.80384757369757 17.643593542277813
    endloop
  endfacet
  facet normal 0 0 1
    outer loop
      vertex 102.8 38.80384757369757 17.643593542277813
      vertex 100.39999999999999 38.80384757369757 17.643593542277813
      vertex 102.8 30.803847573697567 17.643593542277813
    endloop
  endfacet
  facet normal 0 0.8660254038566535 0.4999999998749202
    outer loop
      vertex 100.39999999999999 45.401923790574074 9.21539030969143
      vertex 100.39999999999999 41.401923790574074 16.143593542277813
      vertex 102.8 41.401923790574074 16.143593542277813
    endloop
  endfacet
  facet normal 0 0.8660254038566535 0.4999999998749202
    outer loop
      vertex 102.8 45.401923790574074 9.21539030969143
      vertex 100.39999999999999 45.401923790574074 9.21539030969143
      vertex 102.8 41.401923790574074 16.143593542277813
    endloop
  endfacet
  facet normal 0 0.866025403623823 -0.5000000002781948
    outer loop
      vertex 102.8 41.401923790574074 16.143593542277813
      vertex 100.39999999999999 41.401923790574074 16.143593542277813
      vertex 102.8 45.401923790574074 23.071796767413616
    endloop
  endfacet
  facet normal 0 -0.866025403623823 0.5000000002781948
    outer loop
      vertex 100.39999999999999 38.80384757369757 17.643593542277813
      vertex 102.8 38.80384757369757 17.643593542277813
      vertex 100.39999999999999 42.80384757369757 24.571796767413616
    endloop
  endfacet
  facet normal 0 0.866025403623823 -0.5000000002781948
    outer loop
      vertex 100.39999999999999 41.401923790574074 16.143593542277813
      vertex 100.39999999999999 45.401923790574074 23.071796767413616
      vertex 102.8 45.401923790574074 23.071796767413616
    endloop
  endfacet
  facet normal 0 0 1
    outer loop
      vertex 100.39999999999999 45.401923790574074 9.21539030969143
      vertex 102.8 45.401923790574074 9.21539030969143
      vertex 100.39999999999999 53.401923790574074 9.21539030969143
    endloop
  endfacet
  facet normal 0 0 1
    outer loop
      vertex 102.8 53.401923790574074 9.21539030969143
      vertex 100.39999999999999 53.401923790574074 9.21539030969143
      vertex 102.8 45.401923790574074 9.21539030969143
    endloop
  endfacet
  facet normal 0 -0.8660254038566535 0.4999999998749202
    outer loop
      vertex 100.39999999999999 53.401923790574074 9.21539030969143
      vertex 102.8 53.401923790574074 9.21539030969143
      vertex 100.39999999999999 57.401923790574074 16.143593542277813
    endloop
  endfacet
  facet normal 0 -0.866025403623823 -0.5000000002781948
    outer loop
      vertex 102.8 53.401923790574074 23.071796767413616
      vertex 100.39999999999999 53.401923790574074 23.071796767413616
      vertex 102.8 57.401923790574074 16.143593542277813
    endloop
  endfacet
  facet normal 0 -0.8660254038566535 0.4999999998749202
    outer loop
      vertex 102.8 57.401923790574074 16.143593542277813
      vertex 100.39999999999999 57.401923790574074 16.143593542277813
      vertex 102.8 53.401923790574074 9.21539030969143
    endloop
  endfacet
  facet normal 0 -0.866025403623823 -0.5000000002781948
    outer loop
      vertex 100.39999999999999 57.401923790574074 16.143593542277813
      vertex 102.8 57.401923790574074 16.143593542277813
      vertex 100.39999999999999 53.401923790574074 23.071796767413616
    endloop
  endfacet
  facet normal 0 0.866025403623823 0.5000000002781948
    outer loop
      vertex 102.8 60 17.643593542277813
      vertex 100.39999999999999 60 17.643593542277813
      vertex 102.8 56 24.571796767413616
    endloop
  endfacet
  facet normal 0 0 1
    outer loop
      vertex 100.39999999999999 63.20000000000001 17.643593542277813
      vertex 100.39999999999999 60 17.643593542277813
      vertex 102.8 60 17.643593542277813
    endloop
  endfacet
  facet normal 0 0 1
    outer loop
      vertex 100.39999999999999 63.20000000000001 17.643593542277813
      vertex 100.39999999999999 64.80000000000001 17.643593542277813
      vertex 99.39999999999999 63.20000000000001 17.643593542277813
    endloop
  endfacet
  facet normal 0 0 1
    outer loop
      vertex 100.39999999999999 63.20000000000001 17.643593542277813
      vertex 102.8 60 17.643593542277813
      vertex 100.39999999999999 64.80000000000001 17.643593542277813
    endloop
  endfacet
  facet normal 0 0 -1
    outer loop
      vertex 102.8 30.803847573697567 31.5
      vertex 100.39999999999999 30.803847573697567 31.5
      vertex 102.8 38.80384757369757 31.5
    endloop
  endfacet
  facet normal 0 0 -1
    outer loop
      vertex 102.8 38.80384757369757 31.5
      vertex 100.39999999999999 30.803847573697567 31.5
      vertex 100.39999999999999 38.80384757369757 31.5
    endloop
  endfacet
  facet normal 0 -0.866025403623823 0.5000000002781948
    outer loop
      vertex 102.8 42.80384757369757 24.571796767413616
      vertex 100.39999999999999 42.80384757369757 24.571796767413616
      vertex 102.8 38.80384757369757 17.643593542277813
    endloop
  endfacet
  facet normal 0 -0.8660254038566535 -0.4999999998749202
    outer loop
      vertex 100.39999999999999 38.80384757369757 31.5
      vertex 100.39999999999999 42.80384757369757 24.571796767413616
      vertex 102.8 42.80384757369757 24.571796767413616
    endloop
  endfacet
  facet normal 0 -0.8660254038566535 -0.4999999998749202
    outer loop
      vertex 102.8 38.80384757369757 31.5
      vertex 100.39999999999999 38.80384757369757 31.5
      vertex 102.8 42.80384757369757 24.571796767413616
    endloop
  endfacet
  facet normal 0 0.8660254038566535 0.4999999998749202
    outer loop
      vertex 100.39999999999999 45.401923790574074 26.071796767413616
      vertex 100.39999999999999 41.401923790574074 33
      vertex 102.8 41.401923790574074 33
    endloop
  endfacet
  facet normal 0 0.8660254038566535 0.4999999998749202
    outer loop
      vertex 102.8 45.401923790574074 26.071796767413616
      vertex 100.39999999999999 45.401923790574074 26.071796767413616
      vertex 102.8 41.401923790574074 33
    endloop
  endfacet
  facet normal 0 0 1
    outer loop
      vertex 100.39999999999999 30.803847573697567 34.5
      vertex 102.8 30.803847573697567 34.5
      vertex 100.39999999999999 38.80384757369757 34.5
    endloop
  endfacet
  facet normal 0 0 1
    outer loop
      vertex 102.8 38.80384757369757 34.5
      vertex 100.39999999999999 38.80384757369757 34.5
      vertex 102.8 30.803847573697567 34.5
    endloop
  endfacet
  facet normal 0 0.8660254038566535 -0.4999999998749202
    outer loop
      vertex 102.8 41.401923790574074 33
      vertex 100.39999999999999 41.401923790574074 33
      vertex 102.8 45.401923790574074 39.928203232586384
    endloop
  endfacet
  facet normal 0 -0.8660254038566535 0.4999999998749202
    outer loop
      vertex 100.39999999999999 38.80384757369757 34.5
      vertex 102.8 38.80384757369757 34.5
      vertex 100.39999999999999 42.80384757369757 41.428203232586384
    endloop
  endfacet
  facet normal 0 0.8660254038566535 -0.4999999998749202
    outer loop
      vertex 102.8 45.401923790574074 39.928203232586384
      vertex 100.39999999999999 41.401923790574074 33
      vertex 100.39999999999999 45.401923790574074 39.928203232586384
    endloop
  endfacet
  facet normal 0 -0.8660254038566535 0.4999999998749202
    outer loop
      vertex 102.8 42.80384757369757 41.428203232586384
      vertex 100.39999999999999 42.80384757369757 41.428203232586384
      vertex 102.8 38.80384757369757 34.5
    endloop
  endfacet
  facet normal 0 0 -1
    outer loop
      vertex 100.39999999999999 53.401923790574074 23.071796767413616
      vertex 102.8 53.401923790574074 23.071796767413616
      vertex 100.39999999999999 45.401923790574074 23.071796767413616
    endloop
  endfacet
  facet normal 0 0 -1
    outer loop
      vertex 102.8 45.401923790574074 23.071796767413616
      vertex 100.39999999999999 45.401923790574074 23.071796767413616
      vertex 102.8 53.401923790574074 23.071796767413616
    endloop
  endfacet
  facet normal 0 0 1
    outer loop
      vertex 100.39999999999999 45.401923790574074 26.071796767413616
      vertex 102.8 45.401923790574074 26.071796767413616
      vertex 100.39999999999999 53.401923790574074 26.071796767413616
    endloop
  endfacet
  facet normal 0 0 1
    outer loop
      vertex 102.8 53.401923790574074 26.071796767413616
      vertex 100.39999999999999 53.401923790574074 26.071796767413616
      vertex 102.8 45.401923790574074 26.071796767413616
    endloop
  endfacet
  facet normal 0 -0.8660254038566535 0.4999999998749202
    outer loop
      vertex 100.39999999999999 53.401923790574074 26.071796767413616
      vertex 102.8 53.401923790574074 26.071796767413616
      vertex 100.39999999999999 57.401923790574074 33
    endloop
  endfacet
  facet normal 1 0 0
    outer loop
      vertex 99.39999999999999 63.20000000000001 17.643593542277813
      vertex 99.39999999999999 64.80000000000001 17.643593542277813
      vertex 99.39999999999999 63.20000000000001 31.5
    endloop
  endfacet
  facet normal 0 0.866025403623823 0.5000000002781948
    outer loop
      vertex 100.39999999999999 60 17.643593542277813
      vertex 100.39999999999999 56 24.571796767413616
      vertex 102.8 56 24.571796767413616
    endloop
  endfacet
  facet normal 0 0.8660254038566535 -0.4999999998749202
    outer loop
      vertex 102.8 56 24.571796767413616
      vertex 100.39999999999999 56 24.571796767413616
      vertex 102.8 60 31.5
    endloop
  endfacet
  facet normal 0 0.8660254038566535 -0.4999999998749202
    outer loop
      vertex 100.39999999999999 56 24.571796767413616
      vertex 100.39999999999999 60 31.5
      vertex 102.8 60 31.5
    endloop
  endfacet
  facet normal 0 -0.8660254038566535 0.4999999998749202
    outer loop
      vertex 102.8 57.401923790574074 33
      vertex 100.39999999999999 57.401923790574074 33
      vertex 102.8 53.401923790574074 26.071796767413616
    endloop
  endfacet
  facet normal 0 0 -1
    outer loop
      vertex 100.39999999999999 63.20000000000001 31.5
      vertex 99.39999999999999 63.20000000000001 31.5
      vertex 100.39999999999999 64.80000000000001 31.5
    endloop
  endfacet
  facet normal 0 0 -1
    outer loop
      vertex 100.39999999999999 63.20000000000001 31.5
      vertex 102.8 68 31.5
      vertex 100.39999999999999 60 31.5
    endloop
  endfacet
  facet normal 0 0 -1
    outer loop
      vertex 102.8 60 31.5
      vertex 100.39999999999999 60 31.5
      vertex 102.8 68 31.5
    endloop
  endfacet
  facet normal 0 -0.8660254038566535 -0.4999999998749202
    outer loop
      vertex 102.8 53.401923790574074 39.928203232586384
      vertex 100.39999999999999 53.401923790574074 39.928203232586384
      vertex 102.8 57.401923790574074 33
    endloop
  endfacet
  facet normal 0 0 -1
    outer loop
      vertex 102.8 53.401923790574074 39.928203232586384
      vertex 100.39999999999999 45.401923790574074 39.928203232586384
      vertex 100.39999999999999 53.401923790574074 39.928203232586384
    endloop
  endfacet
  facet normal 0 0 -1
    outer loop
      vertex 102.8 45.401923790574074 39.928203232586384
      vertex 100.39999999999999 45.401923790574074 39.928203232586384
      vertex 102.8 53.401923790574074 39.928203232586384
    endloop
  endfacet
  facet normal 0 0 1
    outer loop
      vertex 100.39999999999999 45.401923790574074 42.928203232586384
      vertex 102.8 45.401923790574074 42.928203232586384
      vertex 100.39999999999999 53.401923790574074 42.928203232586384
    endloop
  endfacet
  facet normal 0 0 1
    outer loop
      vertex 102.8 53.401923790574074 42.928203232586384
      vertex 100.39999999999999 53.401923790574074 42.928203232586384
      vertex 102.8 45.401923790574074 42.928203232586384
    endloop
  endfacet
  facet normal 1 0 0
    outer loop
      vertex 99.39999999999999 63.20000000000001 38
      vertex 99.39999999999999 63.20000000000001 34.5
      vertex 99.39999999999999 64.80000000000001 34.5
    endloop
  endfacet
  facet normal 0 -0.8660254038566535 -0.4999999998749202
    outer loop
      vertex 100.39999999999999 53.401923790574074 39.928203232586384
      vertex 100.39999999999999 57.401923790574074 33
      vertex 102.8 57.401923790574074 33
    endloop
  endfacet
  facet normal 0 0.8660254038566535 0.4999999998749202
    outer loop
      vertex 102.8 60 34.5
      vertex 100.39999999999999 60 34.5
      vertex 102.8 56 41.428203232586384
    endloop
  endfacet
  facet normal 0 0 1
    outer loop
      vertex 100.39999999999999 63.20000000000001 34.5
      vertex 100.39999999999999 60 34.5
      vertex 102.8 60 34.5
    endloop
  endfacet
  facet normal 0 0 1
    outer loop
      vertex 100.39999999999999 63.20000000000001 34.5
      vertex 100.39999999999999 64.80000000000001 34.5
      vertex 99.39999999999999 63.20000000000001 34.5
    endloop
  endfacet
  facet normal 0 0 1
    outer loop
      vertex 100.39999999999999 63.20000000000001 34.5
      vertex 102.8 60 34.5
      vertex 100.39999999999999 64.80000000000001 34.5
    endloop
  endfacet
  facet normal 0 0.8660254038566535 0.4999999998749202
    outer loop
      vertex 100.39999999999999 60 34.5
      vertex 100.39999999999999 56 41.428203232586384
      vertex 102.8 56 41.428203232586384
    endloop
  endfacet
  facet normal 0 0.866025403623823 0.5000000002781948
    outer loop
      vertex 102.8 16.20577136427164 42.928203232586384
      vertex 100.39999999999999 16.20577136427164 42.928203232586384
      vertex 102.8 12.20577136427164 49.85640645772219
    endloop
  endfacet
  facet normal 0 0.866025403623823 0.5000000002781948
    outer loop
      vertex 102.8 12.20577136427164 49.85640645772219
      vertex 100.39999999999999 16.20577136427164 42.928203232586384
      vertex 100.39999999999999 12.20577136427164 49.85640645772219
    endloop
  endfacet
  facet normal 0 0.8660254038566535 -0.4999999998749202
    outer loop
      vertex 102.8 12.20577136427164 49.85640645772219
      vertex 100.39999999999999 12.20577136427164 49.85640645772219
      vertex 102.8 16.20577136427164 56.78460969030857
    endloop
  endfacet
  facet normal 0 0.8660254038566535 -0.4999999998749202
    outer loop
      vertex 102.8 16.20577136427164 56.78460969030857
      vertex 100.39999999999999 12.20577136427164 49.85640645772219
      vertex 100.39999999999999 16.20577136427164 56.78460969030857
    endloop
  endfacet
  facet normal 0 -0.866025403623823 0.5000000002781948
    outer loop
      vertex 100.39999999999999 28.20577136427164 49.85640645772219
      vertex 100.39999999999999 24.20577136427164 42.928203232586384
      vertex 102.8 24.20577136427164 42.928203232586384
    endloop
  endfacet
  facet normal 0 -0.866025403623823 0.5000000002781948
    outer loop
      vertex 102.8 28.20577136427164 49.85640645772219
      vertex 100.39999999999999 28.20577136427164 49.85640645772219
      vertex 102.8 24.20577136427164 42.928203232586384
    endloop
  endfacet
  facet normal 0 0.866025403623823 -0.5000000002781948
    outer loop
      vertex 102.8 30.803847573697567 48.35640645772219
      vertex 100.39999999999999 26.803847573697567 41.428203232586384
      vertex 100.39999999999999 30.803847573697567 48.35640645772219
    endloop
  endfacet
  facet normal 0 0.866025403623823 -0.5000000002781948
    outer loop
      vertex 102.8 26.803847573697567 41.428203232586384
      vertex 100.39999999999999 26.803847573697567 41.428203232586384
      vertex 102.8 30.803847573697567 48.35640645772219
    endloop
  endfacet
  facet normal 0 -0.8660254038566535 -0.4999999998749202
    outer loop
      vertex 100.39999999999999 28.20577136427164 49.85640645772219
      vertex 102.8 28.20577136427164 49.85640645772219
      vertex 100.39999999999999 24.20577136427164 56.78460969030857
    endloop
  endfacet
  facet normal 0 0 -1
    outer loop
      vertex 102.8 16.20577136427164 56.78460969030857
      vertex 100.39999999999999 16.20577136427164 56.78460969030857
      vertex 102.8 24.20577136427164 56.78460969030857
    endloop
  endfacet
  facet normal 0 0 -1
    outer loop
      vertex 102.8 24.20577136427164 56.78460969030857
      vertex 100.39999999999999 16.20577136427164 56.78460969030857
      vertex 100.39999999999999 24.20577136427164 56.78460969030857
    endloop
  endfacet
  facet normal 0 -0.8660254038566535 -0.4999999998749202
    outer loop
      vertex 102.8 28.20577136427164 49.85640645772219
      vertex 102.8 24.20577136427164 56.78460969030857
      vertex 100.39999999999999 24.20577136427164 56.78460969030857
    endloop
  endfacet
  facet normal 0 0 -1
    outer loop
      vertex 102.8 30.803847573697567 48.35640645772219
      vertex 100.39999999999999 30.803847573697567 48.35640645772219
      vertex 102.8 38.80384757369757 48.35640645772219
    endloop
  endfacet
  facet normal 0 0 -1
    outer loop
      vertex 102.8 38.80384757369757 48.35640645772219
      vertex 100.39999999999999 30.803847573697567 48.35640645772219
      vertex 100.39999999999999 38.80384757369757 48.35640645772219
    endloop
  endfacet
  facet normal 0 -0.866025403623823 -0.5000000002781948
    outer loop
      vertex 100.39999999999999 42.80384757369757 41.428203232586384
      vertex 102.8 42.80384757369757 41.428203232586384
      vertex 100.39999999999999 38.80384757369757 48.35640645772219
    endloop
  endfacet
  facet normal 0 -0.866025403623823 -0.5000000002781948
    outer loop
      vertex 102.8 42.80384757369757 41.428203232586384
      vertex 102.8 38.80384757369757 48.35640645772219
      vertex 100.39999999999999 38.80384757369757 48.35640645772219
    endloop
  endfacet
  facet normal 0 0.866025403623823 0.5000000002781948
    outer loop
      vertex 102.8 41.401923790574074 49.85640645772219
      vertex 100.39999999999999 45.401923790574074 42.928203232586384
      vertex 100.39999999999999 41.401923790574074 49.85640645772219
    endloop
  endfacet
  facet normal 0 0.866025403623823 0.5000000002781948
    outer loop
      vertex 102.8 45.401923790574074 42.928203232586384
      vertex 100.39999999999999 45.401923790574074 42.928203232586384
      vertex 102.8 41.401923790574074 49.85640645772219
    endloop
  endfacet
  facet normal 0 0.8660254038566535 -0.4999999998749202
    outer loop
      vertex 102.8 45.401923790574074 56.78460969030857
      vertex 102.8 41.401923790574074 49.85640645772219
      vertex 100.39999999999999 41.401923790574074 49.85640645772219
    endloop
  endfacet
  facet normal 0 0.8660254038566535 -0.4999999998749202
    outer loop
      vertex 100.39999999999999 45.401923790574074 56.78460969030857
      vertex 102.8 45.401923790574074 56.78460969030857
      vertex 100.39999999999999 41.401923790574074 49.85640645772219
    endloop
  endfacet
  facet normal 0 -0.866025403623823 0.5000000002781948
    outer loop
      vertex 102.8 53.401923790574074 42.928203232586384
      vertex 100.39999999999999 57.401923790574074 49.85640645772219
      vertex 100.39999999999999 53.401923790574074 42.928203232586384
    endloop
  endfacet
  facet normal 0 0.866025403623823 -0.5000000002781948
    outer loop
      vertex 100.39999999999999 56 41.428203232586384
      vertex 100.39999999999999 60 48.35640645772219
      vertex 102.8 60 48.35640645772219
    endloop
  endfacet
  facet normal 0 0.866025403623823 -0.5000000002781948
    outer loop
      vertex 102.8 60 48.35640645772219
      vertex 102.8 56 41.428203232586384
      vertex 100.39999999999999 56 41.428203232586384
    endloop
  endfacet
  facet normal 0 -0.866025403623823 0.5000000002781948
    outer loop
      vertex 102.8 57.401923790574074 49.85640645772219
      vertex 100.39999999999999 57.401923790574074 49.85640645772219
      vertex 102.8 53.401923790574074 42.928203232586384
    endloop
  endfacet
  facet normal 0 0 -1
    outer loop
      vertex 102.8 60 48.35640645772219
      vertex 100.39999999999999 60 48.35640645772219
      vertex 102.8 68 48.35640645772219
    endloop
  endfacet
  facet normal 0 -0.8660254038566535 -0.4999999998749202
    outer loop
      vertex 100.39999999999999 57.401923790574074 49.85640645772219
      vertex 102.8 57.401923790574074 49.85640645772219
      vertex 102.8 53.401923790574074 56.78460969030857
    endloop
  endfacet
  facet normal 0 0 -1
    outer loop
      vertex 100.39999999999999 45.401923790574074 56.78460969030857
      vertex 100.39999999999999 53.401923790574074 56.78460969030857
      vertex 102.8 53.401923790574074 56.78460969030857
    endloop
  endfacet
  facet normal 0 0 -1
    outer loop
      vertex 102.8 53.401923790574074 56.78460969030857
      vertex 102.8 45.401923790574074 56.78460969030857
      vertex 100.39999999999999 45.401923790574074 56.78460969030857
    endloop
  endfacet
  facet normal 0 -0.8660254038566535 -0.4999999998749202
    outer loop
      vertex 100.39999999999999 57.401923790574074 49.85640645772219
      vertex 102.8 53.401923790574074 56.78460969030857
      vertex 100.39999999999999 53.401923790574074 56.78460969030857
    endloop
  endfacet
  facet normal 0 0 1
    outer loop
      vertex 100.39999999999999 82.59807620942593 9.21539030969143
      vertex 100.39999999999999 74.59807620942593 9.21539030969143
      vertex 102.8 74.59807620942593 9.21539030969143
    endloop
  endfacet
  facet normal 0 0 1
    outer loop
      vertex 102.8 82.59807620942593 9.21539030969143
      vertex 100.39999999999999 82.59807620942593 9.21539030969143
      vertex 102.8 74.59807620942593 9.21539030969143
    endloop
  endfacet
  facet normal 0 0.8660254038566535 0.4999999998749202
    outer loop
      vertex 102.8 70.59807620942593 16.143593542277813
      vertex 100.39999999999999 74.59807620942593 9.21539030969143
      vertex 100.39999999999999 70.59807620942593 16.143593542277813
    endloop
  endfacet
  facet normal 0 0 1
    outer loop
      vertex 100.39999999999999 64.80000000000001 17.643593542277813
      vertex 99.39999999999999 64.80000000000001 17.643593542277813
      vertex 99.39999999999999 63.20000000000001 17.643593542277813
    endloop
  endfacet
  facet normal 0 0 1
    outer loop
      vertex 100.39999999999999 64.80000000000001 17.643593542277813
      vertex 102.8 60 17.643593542277813
      vertex 100.39999999999999 68 17.643593542277813
    endloop
  endfacet
  facet normal 0 0 1
    outer loop
      vertex 102.8 68 17.643593542277813
      vertex 100.39999999999999 68 17.643593542277813
      vertex 102.8 60 17.643593542277813
    endloop
  endfacet
  facet normal 0 0.866025403623823 -0.5000000002781948
    outer loop
      vertex 102.8 70.59807620942593 16.143593542277813
      vertex 100.39999999999999 70.59807620942593 16.143593542277813
      vertex 102.8 74.59807620942593 23.071796767413616
    endloop
  endfacet
  facet normal 0 -0.866025403623823 0.5000000002781948
    outer loop
      vertex 100.39999999999999 68 17.643593542277813
      vertex 102.8 68 17.643593542277813
      vertex 100.39999999999999 72 24.571796767413616
    endloop
  endfacet
  facet normal 0 0.8660254038566535 0.4999999998749202
    outer loop
      vertex 102.8 74.59807620942593 9.21539030969143
      vertex 100.39999999999999 74.59807620942593 9.21539030969143
      vertex 102.8 70.59807620942593 16.143593542277813
    endloop
  endfacet
  facet normal 0 0.866025403623823 -0.5000000002781948
    outer loop
      vertex 102.8 74.59807620942593 23.071796767413616
      vertex 100.39999999999999 70.59807620942593 16.143593542277813
      vertex 100.39999999999999 74.59807620942593 23.071796767413616
    endloop
  endfacet
  facet normal 0 -0.8660254038566535 0.4999999998749202
    outer loop
      vertex 100.39999999999999 82.59807620942593 9.21539030969143
      vertex 102.8 82.59807620942593 9.21539030969143
      vertex 100.39999999999999 86.59807620942593 16.143593542277813
    endloop
  endfacet
  facet normal 0 -0.8660254038566535 0.4999999998749202
    outer loop
      vertex 102.8 86.59807620942593 16.143593542277813
      vertex 100.39999999999999 86.59807620942593 16.143593542277813
      vertex 102.8 82.59807620942593 9.21539030969143
    endloop
  endfacet
  facet normal 0 -0.866025403623823 -0.5000000002781948
    outer loop
      vertex 102.8 82.59807620942593 23.071796767413616
      vertex 100.39999999999999 82.59807620942593 23.071796767413616
      vertex 102.8 86.59807620942593 16.143593542277813
    endloop
  endfacet
  facet normal 0 -0.866025403623823 -0.5000000002781948
    outer loop
      vertex 100.39999999999999 86.59807620942593 16.143593542277813
      vertex 102.8 86.59807620942593 16.143593542277813
      vertex 100.39999999999999 82.59807620942593 23.071796767413616
    endloop
  endfacet
  facet normal 0 0.866025403623823 0.5000000002781948
    outer loop
      vertex 102.8 89.19615242630243 17.643593542277813
      vertex 100.39999999999999 89.19615242630243 17.643593542277813
      vertex 102.8 85.19615242630243 24.571796767413616
    endloop
  endfacet
  facet normal 0 0 1
    outer loop
      vertex 100.39999999999999 97.19615242630243 17.643593542277813
      vertex 100.39999999999999 89.19615242630243 17.643593542277813
      vertex 102.8 89.19615242630243 17.643593542277813
    endloop
  endfacet
  facet normal 0 0 1
    outer loop
      vertex 102.8 97.19615242630243 17.643593542277813
      vertex 100.39999999999999 97.19615242630243 17.643593542277813
      vertex 102.8 89.19615242630243 17.643593542277813
    endloop
  endfacet
  facet normal 1 0 0
    outer loop
      vertex 99.39999999999999 63.20000000000001 31.5
      vertex 99.39999999999999 64.80000000000001 17.643593542277813
      vertex 99.39999999999999 64.80000000000001 31.5
    endloop
  endfacet
  facet normal 0 -0.866025403623823 0.5000000002781948
    outer loop
      vertex 102.8 72 24.571796767413616
      vertex 100.39999999999999 72 24.571796767413616
      vertex 102.8 68 17.643593542277813
    endloop
  endfacet
  facet normal 0 -0.8660254038566535 -0.4999999998749202
    outer loop
      vertex 100.39999999999999 72 24.571796767413616
      vertex 102.8 72 24.571796767413616
      vertex 100.39999999999999 68 31.5
    endloop
  endfacet
  facet normal 0 0 -1
    outer loop
      vertex 100.39999999999999 64.80000000000001 31.5
      vertex 99.39999999999999 63.20000000000001 31.5
      vertex 99.39999999999999 64.80000000000001 31.5
    endloop
  endfacet
  facet normal 0 0 -1
    outer loop
      vertex 100.39999999999999 63.20000000000001 31.5
      vertex 100.39999999999999 64.80000000000001 31.5
      vertex 102.8 68 31.5
    endloop
  endfacet
  facet normal 0 0 -1
    outer loop
      vertex 100.39999999999999 64.80000000000001 31.5
      vertex 100.39999999999999 68 31.5
      vertex 102.8 68 31.5
    endloop
  endfacet
  facet normal 0 -0.8660254038566535 -0.4999999998749202
    outer loop
      vertex 102.8 68 31.5
      vertex 100.39999999999999 68 31.5
      vertex 102.8 72 24.571796767413616
    endloop
  endfacet
  facet normal 0 0.8660254038566535 0.4999999998749202
    outer loop
      vertex 102.8 70.59807620942593 33
      vertex 100.39999999999999 74.59807620942593 26.071796767413616
      vertex 100.39999999999999 70.59807620942593 33
    endloop
  endfacet
  facet normal 0 0 -1
    outer loop
      vertex 100.39999999999999 82.59807620942593 23.071796767413616
      vertex 102.8 82.59807620942593 23.071796767413616
      vertex 100.39999999999999 74.59807620942593 23.071796767413616
    endloop
  endfacet
  facet normal 0 0 -1
    outer loop
      vertex 102.8 74.59807620942593 23.071796767413616
      vertex 100.39999999999999 74.59807620942593 23.071796767413616
      vertex 102.8 82.59807620942593 23.071796767413616
    endloop
  endfacet
  facet normal 0 0 1
    outer loop
      vertex 100.39999999999999 74.59807620942593 26.071796767413616
      vertex 102.8 74.59807620942593 26.071796767413616
      vertex 100.39999999999999 82.59807620942593 26.071796767413616
    endloop
  endfacet
  facet normal 0 0 1
    outer loop
      vertex 102.8 82.59807620942593 26.071796767413616
      vertex 100.39999999999999 82.59807620942593 26.071796767413616
      vertex 102.8 74.59807620942593 26.071796767413616
    endloop
  endfacet
  facet normal 0 0.8660254038566535 0.4999999998749202
    outer loop
      vertex 102.8 74.59807620942593 26.071796767413616
      vertex 100.39999999999999 74.59807620942593 26.071796767413616
      vertex 102.8 70.59807620942593 33
    endloop
  endfacet
  facet normal 1 0 0
    outer loop
      vertex 99.39999999999999 64.80000000000001 38
      vertex 99.39999999999999 63.20000000000001 38
      vertex 99.39999999999999 64.80000000000001 34.5
    endloop
  endfacet
  facet normal 0 0 1
    outer loop
      vertex 100.39999999999999 64.80000000000001 34.5
      vertex 99.39999999999999 64.80000000000001 34.5
      vertex 99.39999999999999 63.20000000000001 34.5
    endloop
  endfacet
  facet normal 0 0 1
    outer loop
      vertex 100.39999999999999 64.80000000000001 34.5
      vertex 102.8 60 34.5
      vertex 100.39999999999999 68 34.5
    endloop
  endfacet
  facet normal 0 0 1
    outer loop
      vertex 102.8 68 34.5
      vertex 100.39999999999999 68 34.5
      vertex 102.8 60 34.5
    endloop
  endfacet
  facet normal 0 0.8660254038566535 -0.4999999998749202
    outer loop
      vertex 102.8 74.59807620942593 39.928203232586384
      vertex 102.8 70.59807620942593 33
      vertex 100.39999999999999 70.59807620942593 33
    endloop
  endfacet
  facet normal 0 -0.8660254038566535 0.4999999998749202
    outer loop
      vertex 100.39999999999999 72 41.428203232586384
      vertex 100.39999999999999 68 34.5
      vertex 102.8 68 34.5
    endloop
  endfacet
  facet normal 0 -0.8660254038566535 0.4999999998749202
    outer loop
      vertex 102.8 68 34.5
      vertex 102.8 72 41.428203232586384
      vertex 100.39999999999999 72 41.428203232586384
    endloop
  endfacet
  facet normal 0 0.8660254038566535 -0.4999999998749202
    outer loop
      vertex 100.39999999999999 70.59807620942593 33
      vertex 100.39999999999999 74.59807620942593 39.928203232586384
      vertex 102.8 74.59807620942593 39.928203232586384
    endloop
  endfacet
  facet normal 0 0 -1
    outer loop
      vertex 102.8 82.59807620942593 39.928203232586384
      vertex 100.39999999999999 74.59807620942593 39.928203232586384
      vertex 100.39999999999999 82.59807620942593 39.928203232586384
    endloop
  endfacet
  facet normal 0 0 -1
    outer loop
      vertex 102.8 74.59807620942593 39.928203232586384
      vertex 100.39999999999999 74.59807620942593 39.928203232586384
      vertex 102.8 82.59807620942593 39.928203232586384
    endloop
  endfacet
  facet normal 0 0 1
    outer loop
      vertex 100.39999999999999 74.59807620942593 42.928203232586384
      vertex 102.8 74.59807620942593 42.928203232586384
      vertex 100.39999999999999 82.59807620942593 42.928203232586384
    endloop
  endfacet
  facet normal 0 0 1
    outer loop
      vertex 102.8 82.59807620942593 42.928203232586384
      vertex 100.39999999999999 82.59807620942593 42.928203232586384
      vertex 102.8 74.59807620942593 42.928203232586384
    endloop
  endfacet
  facet normal 0 0.866025403623823 0.5000000002781948
    outer loop
      vertex 102.8 85.19615242630243 24.571796767413616
      vertex 100.39999999999999 89.19615242630243 17.643593542277813
      vertex 100.39999999999999 85.19615242630243 24.571796767413616
    endloop
  endfacet
  facet normal 0 0.8660254038566535 -0.4999999998749202
    outer loop
      vertex 102.8 89.19615242630243 31.5
      vertex 102.8 85.19615242630243 24.571796767413616
      vertex 100.39999999999999 85.19615242630243 24.571796767413616
    endloop
  endfacet
  facet normal 0 -0.8660254038566535 0.4999999998749202
    outer loop
      vertex 100.39999999999999 82.59807620942593 26.071796767413616
      vertex 102.8 82.59807620942593 26.071796767413616
      vertex 100.39999999999999 86.59807620942593 33
    endloop
  endfacet
  facet normal 0 0.8660254038566535 -0.4999999998749202
    outer loop
      vertex 100.39999999999999 85.19615242630243 24.571796767413616
      vertex 100.39999999999999 89.19615242630243 31.5
      vertex 102.8 89.19615242630243 31.5
    endloop
  endfacet
  facet normal 0 -0.8660254038566535 0.4999999998749202
    outer loop
      vertex 102.8 82.59807620942593 26.071796767413616
      vertex 102.8 86.59807620942593 33
      vertex 100.39999999999999 86.59807620942593 33
    endloop
  endfacet
  facet normal 0 0 -1
    outer loop
      vertex 102.8 89.19615242630243 31.5
      vertex 100.39999999999999 89.19615242630243 31.5
      vertex 102.8 97.19615242630243 31.5
    endloop
  endfacet
  facet normal 0 0 -1
    outer loop
      vertex 100.39999999999999 89.19615242630243 31.5
      vertex 100.39999999999999 97.19615242630243 31.5
      vertex 102.8 97.19615242630243 31.5
    endloop
  endfacet
  facet normal 0 -0.8660254038566535 -0.4999999998749202
    outer loop
      vertex 102.8 82.59807620942593 39.928203232586384
      vertex 100.39999999999999 82.59807620942593 39.928203232586384
      vertex 102.8 86.59807620942593 33
    endloop
  endfacet
  facet normal 0 -0.8660254038566535 -0.4999999998749202
    outer loop
      vertex 100.39999999999999 82.59807620942593 39.928203232586384
      vertex 100.39999999999999 86.59807620942593 33
      vertex 102.8 86.59807620942593 33
    endloop
  endfacet
  facet normal 0 0.8660254038566535 0.4999999998749202
    outer loop
      vertex 102.8 89.19615242630243 34.5
      vertex 100.39999999999999 89.19615242630243 34.5
      vertex 102.8 85.19615242630243 41.428203232586384
    endloop
  endfacet
  facet normal 0 0.8660254038566535 0.4999999998749202
    outer loop
      vertex 100.39999999999999 89.19615242630243 34.5
      vertex 100.39999999999999 85.19615242630243 41.428203232586384
      vertex 102.8 85.19615242630243 41.428203232586384
    endloop
  endfacet
  facet normal 0 0 1
    outer loop
      vertex 100.39999999999999 89.19615242630243 34.5
      vertex 102.8 89.19615242630243 34.5
      vertex 100.39999999999999 97.19615242630243 34.5
    endloop
  endfacet
  facet normal 0 0 1
    outer loop
      vertex 102.8 97.19615242630243 34.5
      vertex 100.39999999999999 97.19615242630243 34.5
      vertex 102.8 89.19615242630243 34.5
    endloop
  endfacet
  facet normal 0 0 1
    outer loop
      vertex 100.39999999999999 103.79422863572836 9.21539030969143
      vertex 102.8 103.79422863572836 9.21539030969143
      vertex 100.39999999999999 111.79422863572836 9.21539030969143
    endloop
  endfacet
  facet normal 0 0 1
    outer loop
      vertex 102.8 111.79422863572836 9.21539030969143
      vertex 100.39999999999999 111.79422863572836 9.21539030969143
      vertex 102.8 103.79422863572836 9.21539030969143
    endloop
  endfacet
  facet normal 0 0.8660254038566535 0.4999999998749202
    outer loop
      vertex 102.8 103.79422863572836 9.21539030969143
      vertex 100.39999999999999 103.79422863572836 9.21539030969143
      vertex 102.8 99.79422863572836 16.143593542277813
    endloop
  endfacet
  facet normal 0 0.8660254038566535 0.4999999998749202
    outer loop
      vertex 102.8 99.79422863572836 16.143593542277813
      vertex 100.39999999999999 103.79422863572836 9.21539030969143
      vertex 100.39999999999999 99.79422863572836 16.143593542277813
    endloop
  endfacet
  facet normal 0 -0.866025403623823 0.5000000002781948
    outer loop
      vertex 100.39999999999999 97.19615242630243 17.643593542277813
      vertex 102.8 97.19615242630243 17.643593542277813
      vertex 100.39999999999999 101.19615242630243 24.571796767413616
    endloop
  endfacet
  facet normal 0 0.866025403623823 -0.5000000002781948
    outer loop
      vertex 102.8 103.79422863572836 23.071796767413616
      vertex 102.8 99.79422863572836 16.143593542277813
      vertex 100.39999999999999 99.79422863572836 16.143593542277813
    endloop
  endfacet
  facet normal 0 0.866025403623823 -0.5000000002781948
    outer loop
      vertex 102.8 103.79422863572836 23.071796767413616
      vertex 100.39999999999999 99.79422863572836 16.143593542277813
      vertex 100.39999999999999 103.79422863572836 23.071796767413616
    endloop
  endfacet
  facet normal 0 -0.8660254038566535 0.4999999998749202
    outer loop
      vertex 100.39999999999999 111.79422863572836 9.21539030969143
      vertex 102.8 111.79422863572836 9.21539030969143
      vertex 100.39999999999999 115.79422863572836 16.143593542277813
    endloop
  endfacet
  facet normal 0 -0.8660254038566535 0.4999999998749202
    outer loop
      vertex 102.8 111.79422863572836 9.21539030969143
      vertex 102.8 115.79422863572836 16.143593542277813
      vertex 100.39999999999999 115.79422863572836 16.143593542277813
    endloop
  endfacet
  facet normal 0 -0.866025403623823 -0.5000000002781948
    outer loop
      vertex 100.39999999999999 115.79422863572836 16.143593542277813
      vertex 102.8 115.79422863572836 16.143593542277813
      vertex 100.39999999999999 111.79422863572836 23.071796767413616
    endloop
  endfacet
  facet normal 0 -0.866025403623823 -0.5000000002781948
    outer loop
      vertex 102.8 111.79422863572836 23.071796767413616
      vertex 100.39999999999999 111.79422863572836 23.071796767413616
      vertex 102.8 115.79422863572836 16.143593542277813
    endloop
  endfacet
  facet normal 0 -0.866025403623823 0.5000000002781948
    outer loop
      vertex 102.8 97.19615242630243 17.643593542277813
      vertex 102.8 101.19615242630243 24.571796767413616
      vertex 100.39999999999999 101.19615242630243 24.571796767413616
    endloop
  endfacet
  facet normal 0 -0.8660254038566535 -0.4999999998749202
    outer loop
      vertex 100.39999999999999 101.19615242630243 24.571796767413616
      vertex 102.8 101.19615242630243 24.571796767413616
      vertex 100.39999999999999 97.19615242630243 31.5
    endloop
  endfacet
  facet normal 0 -0.8660254038566535 -0.4999999998749202
    outer loop
      vertex 102.8 97.19615242630243 31.5
      vertex 100.39999999999999 97.19615242630243 31.5
      vertex 102.8 101.19615242630243 24.571796767413616
    endloop
  endfacet
  facet normal 0 0.8660254038566535 0.4999999998749202
    outer loop
      vertex 102.8 103.79422863572836 26.071796767413616
      vertex 100.39999999999999 103.79422863572836 26.071796767413616
      vertex 102.8 99.79422863572836 33
    endloop
  endfacet
  facet normal 0 0.8660254038566535 0.4999999998749202
    outer loop
      vertex 100.39999999999999 103.79422863572836 26.071796767413616
      vertex 100.39999999999999 99.79422863572836 33
      vertex 102.8 99.79422863572836 33
    endloop
  endfacet
  facet normal 0 0 -1
    outer loop
      vertex 102.8 103.79422863572836 23.071796767413616
      vertex 100.39999999999999 103.79422863572836 23.071796767413616
      vertex 102.8 111.79422863572836 23.071796767413616
    endloop
  endfacet
  facet normal 0 0 1
    outer loop
      vertex 100.39999999999999 111.79422863572836 26.071796767413616
      vertex 100.39999999999999 103.79422863572836 26.071796767413616
      vertex 102.8 103.79422863572836 26.071796767413616
    endloop
  endfacet
  facet normal 0 0 -1
    outer loop
      vertex 100.39999999999999 111.79422863572836 23.071796767413616
      vertex 102.8 111.79422863572836 23.071796767413616
      vertex 100.39999999999999 103.79422863572836 23.071796767413616
    endloop
  endfacet
  facet normal 0 0 1
    outer loop
      vertex 102.8 111.79422863572836 26.071796767413616
      vertex 100.39999999999999 111.79422863572836 26.071796767413616
      vertex 102.8 103.79422863572836 26.071796767413616
    endloop
  endfacet
  facet normal 0 -0.8660254038566535 0.4999999998749202
    outer loop
      vertex 100.39999999999999 101.19615242630243 41.428203232586384
      vertex 100.39999999999999 97.19615242630243 34.5
      vertex 102.8 97.19615242630243 34.5
    endloop
  endfacet
  facet normal 0 0.8660254038566535 -0.4999999998749202
    outer loop
      vertex 102.8 103.79422863572836 39.928203232586384
      vertex 102.8 99.79422863572836 33
      vertex 100.39999999999999 99.79422863572836 33
    endloop
  endfacet
  facet normal 0 0.8660254038566535 -0.4999999998749202
    outer loop
      vertex 100.39999999999999 99.79422863572836 33
      vertex 100.39999999999999 103.79422863572836 39.928203232586384
      vertex 102.8 103.79422863572836 39.928203232586384
    endloop
  endfacet
  facet normal 0 -0.8660254038566535 0.4999999998749202
    outer loop
      vertex 102.8 97.19615242630243 34.5
      vertex 102.8 101.19615242630243 41.428203232586384
      vertex 100.39999999999999 101.19615242630243 41.428203232586384
    endloop
  endfacet
  facet normal 0 0 -1
    outer loop
      vertex 102.8 103.79422863572836 39.928203232586384
      vertex 100.39999999999999 103.79422863572836 39.928203232586384
      vertex 102.8 111.79422863572836 39.928203232586384
    endloop
  endfacet
  facet normal 0 0 1
    outer loop
      vertex 100.39999999999999 103.79422863572836 42.928203232586384
      vertex 102.8 103.79422863572836 42.928203232586384
      vertex 100.39999999999999 111.79422863572836 42.928203232586384
    endloop
  endfacet
  facet normal 0 0 -1
    outer loop
      vertex 102.8 111.79422863572836 39.928203232586384
      vertex 100.39999999999999 103.79422863572836 39.928203232586384
      vertex 100.39999999999999 111.79422863572836 39.928203232586384
    endloop
  endfacet
  facet normal 0 0 1
    outer loop
      vertex 102.8 103.79422863572836 42.928203232586384
      vertex 102.8 111.79422863572836 42.928203232586384
      vertex 100.39999999999999 111.79422863572836 42.928203232586384
    endloop
  endfacet
  facet normal 0 -0.8660254038566535 0.4999999998749202
    outer loop
      vertex 100.39999999999999 111.79422863572836 26.071796767413616
      vertex 102.8 111.79422863572836 26.071796767413616
      vertex 100.39999999999999 115.79422863572836 33
    endloop
  endfacet
  facet normal 0 -0.8660254038566535 0.4999999998749202
    outer loop
      vertex 100.39999999999999 115.79422863572836 33
      vertex 102.8 111.79422863572836 26.071796767413616
      vertex 102.8 115.79422863572836 33
    endloop
  endfacet
  facet normal 0 -0.8660254038566535 -0.4999999998749202
    outer loop
      vertex 100.39999999999999 111.79422863572836 39.928203232586384
      vertex 100.39999999999999 115.79422863572836 33
      vertex 102.8 115.79422863572836 33
    endloop
  endfacet
  facet normal 0 -0.8660254038566535 -0.4999999998749202
    outer loop
      vertex 102.8 111.79422863572836 39.928203232586384
      vertex 100.39999999999999 111.79422863572836 39.928203232586384
      vertex 102.8 115.79422863572836 33
    endloop
  endfacet
  facet normal 0 0 -1
    outer loop
      vertex 100.39999999999999 60 48.35640645772219
      vertex 100.39999999999999 68 48.35640645772219
      vertex 102.8 68 48.35640645772219
    endloop
  endfacet
  facet normal 0 -0.866025403623823 -0.5000000002781948
    outer loop
      vertex 100.39999999999999 68 48.35640645772219
      vertex 100.39999999999999 72 41.428203232586384
      vertex 102.8 72 41.428203232586384
    endloop
  endfacet
  facet normal 0 -0.866025403623823 -0.5000000002781948
    outer loop
      vertex 100.39999999999999 68 48.35640645772219
      vertex 102.8 72 41.428203232586384
      vertex 102.8 68 48.35640645772219
    endloop
  endfacet
  facet normal 0 0.866025403623823 0.5000000002781948
    outer loop
      vertex 100.39999999999999 74.59807620942593 42.928203232586384
      vertex 100.39999999999999 70.59807620942593 49.85640645772219
      vertex 102.8 70.59807620942593 49.85640645772219
    endloop
  endfacet
  facet normal 0 0.8660254038566535 -0.4999999998749202
    outer loop
      vertex 102.8 74.59807620942593 56.78460969030857
      vertex 102.8 70.59807620942593 49.85640645772219
      vertex 100.39999999999999 70.59807620942593 49.85640645772219
    endloop
  endfacet
  facet normal 0 0.866025403623823 0.5000000002781948
    outer loop
      vertex 102.8 70.59807620942593 49.85640645772219
      vertex 102.8 74.59807620942593 42.928203232586384
      vertex 100.39999999999999 74.59807620942593 42.928203232586384
    endloop
  endfacet
  facet normal 0 0.8660254038566535 -0.4999999998749202
    outer loop
      vertex 100.39999999999999 70.59807620942593 49.85640645772219
      vertex 100.39999999999999 74.59807620942593 56.78460969030857
      vertex 102.8 74.59807620942593 56.78460969030857
    endloop
  endfacet
  facet normal 0 0 -1
    outer loop
      vertex 100.39999999999999 74.59807620942593 56.78460969030857
      vertex 100.39999999999999 82.59807620942593 56.78460969030857
      vertex 102.8 82.59807620942593 56.78460969030857
    endloop
  endfacet
  facet normal 0 0 -1
    outer loop
      vertex 102.8 74.59807620942593 56.78460969030857
      vertex 100.39999999999999 74.59807620942593 56.78460969030857
      vertex 102.8 82.59807620942593 56.78460969030857
    endloop
  endfacet
  facet normal 0 -0.866025403623823 0.5000000002781948
    outer loop
      vertex 100.39999999999999 82.59807620942593 42.928203232586384
      vertex 102.8 82.59807620942593 42.928203232586384
      vertex 100.39999999999999 86.59807620942593 49.85640645772219
    endloop
  endfacet
  facet normal 0 0.866025403623823 -0.5000000002781948
    outer loop
      vertex 102.8 89.19615242630243 48.35640645772219
      vertex 100.39999999999999 85.19615242630243 41.428203232586384
      vertex 100.39999999999999 89.19615242630243 48.35640645772219
    endloop
  endfacet
  facet normal 0 0.866025403623823 -0.5000000002781948
    outer loop
      vertex 102.8 89.19615242630243 48.35640645772219
      vertex 102.8 85.19615242630243 41.428203232586384
      vertex 100.39999999999999 85.19615242630243 41.428203232586384
    endloop
  endfacet
  facet normal 0 -0.866025403623823 0.5000000002781948
    outer loop
      vertex 102.8 86.59807620942593 49.85640645772219
      vertex 100.39999999999999 86.59807620942593 49.85640645772219
      vertex 102.8 82.59807620942593 42.928203232586384
    endloop
  endfacet
  facet normal 0 -0.8660254038566535 -0.4999999998749202
    outer loop
      vertex 100.39999999999999 82.59807620942593 56.78460969030857
      vertex 100.39999999999999 86.59807620942593 49.85640645772219
      vertex 102.8 86.59807620942593 49.85640645772219
    endloop
  endfacet
  facet normal 0 0 -1
    outer loop
      vertex 102.8 97.19615242630243 48.35640645772219
      vertex 102.8 89.19615242630243 48.35640645772219
      vertex 100.39999999999999 89.19615242630243 48.35640645772219
    endloop
  endfacet
  facet normal 0 0 -1
    outer loop
      vertex 102.8 97.19615242630243 48.35640645772219
      vertex 100.39999999999999 89.19615242630243 48.35640645772219
      vertex 100.39999999999999 97.19615242630243 48.35640645772219
    endloop
  endfacet
  facet normal 0 -0.8660254038566535 -0.4999999998749202
    outer loop
      vertex 100.39999999999999 82.59807620942593 56.78460969030857
      vertex 102.8 86.59807620942593 49.85640645772219
      vertex 102.8 82.59807620942593 56.78460969030857
    endloop
  endfacet
  facet normal 0 -0.866025403623823 -0.5000000002781948
    outer loop
      vertex 100.39999999999999 101.19615242630243 41.428203232586384
      vertex 102.8 101.19615242630243 41.428203232586384
      vertex 100.39999999999999 97.19615242630243 48.35640645772219
    endloop
  endfacet
  facet normal 0 -0.866025403623823 -0.5000000002781948
    outer loop
      vertex 102.8 101.19615242630243 41.428203232586384
      vertex 102.8 97.19615242630243 48.35640645772219
      vertex 100.39999999999999 97.19615242630243 48.35640645772219
    endloop
  endfacet
  facet normal 0 0.866025403623823 0.5000000002781948
    outer loop
      vertex 102.8 99.79422863572836 49.85640645772219
      vertex 102.8 103.79422863572836 42.928203232586384
      vertex 100.39999999999999 103.79422863572836 42.928203232586384
    endloop
  endfacet
  facet normal 0 0.866025403623823 0.5000000002781948
    outer loop
      vertex 102.8 99.79422863572836 49.85640645772219
      vertex 100.39999999999999 103.79422863572836 42.928203232586384
      vertex 100.39999999999999 99.79422863572836 49.85640645772219
    endloop
  endfacet
  facet normal 0 0.8660254038566535 -0.4999999998749202
    outer loop
      vertex 102.8 99.79422863572836 49.85640645772219
      vertex 100.39999999999999 99.79422863572836 49.85640645772219
      vertex 102.8 103.79422863572836 56.78460969030857
    endloop
  endfacet
  facet normal 0 0.8660254038566535 -0.4999999998749202
    outer loop
      vertex 102.8 103.79422863572836 56.78460969030857
      vertex 100.39999999999999 99.79422863572836 49.85640645772219
      vertex 100.39999999999999 103.79422863572836 56.78460969030857
    endloop
  endfacet
  facet normal 0 0 -1
    outer loop
      vertex 102.8 103.79422863572836 56.78460969030857
      vertex 100.39999999999999 103.79422863572836 56.78460969030857
      vertex 102.8 111.79422863572836 56.78460969030857
    endloop
  endfacet
  facet normal 0 0 -1
    outer loop
      vertex 102.8 111.79422863572836 56.78460969030857
      vertex 100.39999999999999 103.79422863572836 56.78460969030857
      vertex 100.39999999999999 111.79422863572836 56.78460969030857
    endloop
  endfacet
  facet normal 0 -0.866025403623823 0.5000000002781948
    outer loop
      vertex 100.39999999999999 111.79422863572836 42.928203232586384
      vertex 102.8 111.79422863572836 42.928203232586384
      vertex 100.39999999999999 115.79422863572836 49.85640645772219
    endloop
  endfacet
  facet normal 0 -0.866025403623823 0.5000000002781948
    outer loop
      vertex 102.8 115.79422863572836 49.85640645772219
      vertex 100.39999999999999 115.79422863572836 49.85640645772219
      vertex 102.8 111.79422863572836 42.928203232586384
    endloop
  endfacet
  facet normal 0 -0.8660254038566535 -0.4999999998749202
    outer loop
      vertex 100.39999999999999 115.79422863572836 49.85640645772219
      vertex 102.8 115.79422863572836 49.85640645772219
      vertex 100.39999999999999 111.79422863572836 56.78460969030857
    endloop
  endfacet
  facet normal 0 -0.8660254038566535 -0.4999999998749202
    outer loop
      vertex 102.8 115.79422863572836 49.85640645772219
      vertex 102.8 111.79422863572836 56.78460969030857
      vertex 100.39999999999999 111.79422863572836 56.78460969030857
    endloop
  endfacet
  facet normal 0 1 0
    outer loop
      vertex 0.6000000000000001 6 61
      vertex 0 6 61
      vertex 0.6000000000000001 6 73
    endloop
  endfacet
  facet normal 0 1 0
    outer loop
      vertex 0.6000000000000001 6 73
      vertex 0 6 61
      vertex 0 6 73
    endloop
  endfacet
  facet normal 0 0 1
    outer loop
      vertex 0.6000000000000001 6 61
      vertex 0 103.11111111111111 61
      vertex 0 6 61
    endloop
  endfacet
  facet normal -1 0 0
    outer loop
      vertex 0.6000000000000001 6 61
      vertex 0.6000000000000001 6 73
      vertex 0.6000000000000001 122 61
    endloop
  endfacet
  facet normal 0 0 -1
    outer loop
      vertex 0.6000000000000001 6 73
      vertex 0 6 73
      vertex 0.6000000000000001 122 73
    endloop
  endfacet
  facet normal 0 0 1
    outer loop
      vertex 0.6000000000000001 6 61
      vertex 0.6000000000000001 122 61
      vertex 0 103.11111111111111 61
    endloop
  endfacet
  facet normal -1 0 0
    outer loop
      vertex 0.6000000000000001 6 73
      vertex 0.6000000000000001 122 73
      vertex 0.6000000000000001 122 61
    endloop
  endfacet
  facet normal 0 0 -1
    outer loop
      vertex 0.6000000000000001 122 73
      vertex 0 6 73
      vertex 0 122 73
    endloop
  endfacet
  facet normal 0 0 1
    outer loop
      vertex 0.6000000000000001 122 61
      vertex 0 122 61
      vertex 0 103.11111111111111 61
    endloop
  endfacet
  facet normal 0 -1 0
    outer loop
      vertex 0.6000000000000001 122 61
      vertex 0 122 73
      vertex 0 122 61
    endloop
  endfacet
  facet normal 0 -1 0
    outer loop
      vertex 0.6000000000000001 122 61
      vertex 0.6000000000000001 122 73
      vertex 0 122 73
    endloop
  endfacet
  facet normal 0 1 0
    outer loop
      vertex 102.2 6 61
      vertex 102.8 6 73
      vertex 102.8 6 61
    endloop
  endfacet
  facet normal 0 0 1
    outer loop
      vertex 102.2 6 61
      vertex 102.8 6 61
      vertex 102.8 23.89333333333333 61
    endloop
  endfacet
  facet normal 0 1 0
    outer loop
      vertex 102.2 6 61
      vertex 102.2 6 73
      vertex 102.8 6 73
    endloop
  endfacet
  facet normal 0 0 1
    outer loop
      vertex 102.2 6 61
      vertex 102.8 23.89333333333333 61
      vertex 102.8 122 61
    endloop
  endfacet
  facet normal 1 0 0
    outer loop
      vertex 102.2 6 61
      vertex 102.2 122 73
      vertex 102.2 6 73
    endloop
  endfacet
  facet normal 0 0 -1
    outer loop
      vertex 102.2 6 73
      vertex 102.8 122 73
      vertex 102.8 6 73
    endloop
  endfacet
  facet normal 0 0 1
    outer loop
      vertex 102.2 6 61
      vertex 102.8 122 61
      vertex 102.2 122 61
    endloop
  endfacet
  facet normal 1 0 0
    outer loop
      vertex 102.2 6 61
      vertex 102.2 122 61
      vertex 102.2 122 73
    endloop
  endfacet
  facet normal 0 0 -1
    outer loop
      vertex 102.2 6 73
      vertex 102.2 122 73
      vertex 102.8 122 73
    endloop
  endfacet
  facet normal 0 -1 0
    outer loop
      vertex 102.2 122 61
      vertex 102.8 122 61
      vertex 102.2 122 73
    endloop
  endfacet
  facet normal 0 -1 0
    outer loop
      vertex 102.2 122 73
      vertex 102.8 122 61
      vertex 102.8 122 73
    endloop
  endfacet
endsolid OpenSCAD_Model
